cartridge,bullet_diameter,bullet_type,bullet_weight,powder_type,burn_rate_index,charge_weight,velocity_fps,barrel_length,twist_rate,coal,compressed_load
223_rem,0.2245,hpfb,36.0000,vihtavuori_n130,84,24.1000,3786,25.000,12.0000,2.1810,yes
223_rem,0.2245,hpfb,36.0000,vihtavuori_n133,89,25.9000,3842,25.000,12.0000,2.1810,yes
223_rem,0.2245,hpfb,36.0000,vihtavuori_n135,102,26.2000,3717,25.000,12.0000,2.1810,yes
223_rem,0.2245,hpfb,36.0000,vihtavuori_n140,112,27.0000,3514,25.000,12.0000,2.1810,yes
223_rem,0.2245,hpfb,36.0000,vihtavuori_n540,117,27.8000,3576,25.000,12.0000,2.1810,yes
223_rem,0.2245,varmint_grenade,50.0000,vihtavuori_n135,102,24.5000,3297,25.000,12.0000,2.2010,yes
223_rem,0.2245,varmint_grenade,50.0000,vihtavuori_n140,112,26.9000,3317,25.000,12.0000,2.2010,yes
223_rem,0.2245,varmint_grenade,50.0000,vihtavuori_n540,117,26.2000,3278,25.000,12.0000,2.2010,yes
223_rem,0.2245,mpg_fb,55.0000,vihtavuori_n130,84,21.6000,3068,25.000,12.0000,2.1650,yes
223_rem,0.2245,mpg_fb,55.0000,vihtavuori_n135,102,21.9000,3048,25.000,12.0000,2.1650,yes
223_rem,0.2245,mpg_fb,55.0000,vihtavuori_n140,112,25.5000,3035,25.000,12.0000,2.1650,yes
223_rem,0.2245,mpg_fb,55.0000,vihtavuori_n540,117,27.8000,3196,25.000,12.0000,2.1650,yes
223_rem,0.2245,ttsx_bt,55.0000,vihtavuori_n135,102,25.0000,3228,25.000,12.0000,2.2050,yes
223_rem,0.2245,ttsx_bt,55.0000,vihtavuori_n140,112,27.0000,3169,25.000,12.0000,2.2050,yes
223_rem,0.2245,ttsx_bt,55.0000,vihtavuori_n540,117,27.8000,3232,25.000,12.0000,2.2050,yes
223_rem,0.2245,ttsx_bt,62.0000,vihtavuori_n530,100,23.3000,3035,25.000,12.0000,2.2440,yes
223_rem,0.2245,ttsx_bt,62.0000,vihtavuori_n135,102,23.3000,3022,25.000,12.0000,2.2440,yes
223_rem,0.2245,ttsx_bt,62.0000,vihtavuori_n140,112,26.2000,2976,25.000,12.0000,2.2440,yes
223_rem,0.2245,ttsx_bt,62.0000,vihtavuori_n540,117,26.9000,3146,25.000,12.0000,2.2440,yes
223_rem,0.2245,lrx_bt,77.0000,vihtavuori_n140,112,24.7000,2674,25.000,12.0000,2.2600,yes
223_rem,0.2245,lrx_bt,77.0000,vihtavuori_n540,117,24.8000,2776,25.000,12.0000,2.2600,yes
223_rem,0.2245,bt_match,85.0000,vihtavuori_n140,112,23.6000,2641,25.000,12.0000,2.2280,yes
223_rem,0.2245,bt_match,85.0000,vihtavuori_n150,124,23.8000,2648,25.000,12.0000,2.2280,yes
223_rem,0.2245,otm_tactical,77.0000,vihtavuori_n140,112,25.0000,2815,25.000,12.0000,2.2600,yes
223_rem,0.2245,otm_tactical,77.0000,vihtavuori_n540,117,24.8000,2841,25.000,12.0000,2.2600,yes
223_rem,0.2245,otm_tactical,77.0000,vihtavuori_n150,124,25.2000,2812,25.000,12.0000,2.2600,yes
223_rem,0.2245,otm_tactical,77.0000,vihtavuori_n550,129,27.0000,2881,25.000,12.0000,2.2600,yes
223_rem,0.2245,fullbore_target,80.5000,vihtavuori_n140,112,24.4000,2753,25.000,12.0000,2.2440,yes
223_rem,0.2245,fullbore_target,80.5000,vihtavuori_n550,129,26.9000,2799,25.000,12.0000,2.2440,yes
223_rem,0.2245,long_range_hybrid_target,85.5000,vihtavuori_n150,124,24.7000,2700,25.000,12.0000,2.3230,yes
223_rem,0.2245,spitzer_bt_fmj,55.0000,vihtavuori_n133,89,25.5000,3314,25.000,12.0000,2.2440,yes
223_rem,0.2245,spitzer_bt_fmj,55.0000,vihtavuori_n135,102,25.9000,3271,25.000,12.0000,2.2440,yes
223_rem,0.2245,spitzer_bt_fmj,62.0000,vihtavuori_n133,89,23.3000,3058,25.000,12.0000,2.2440,yes
223_rem,0.2245,spitzer_bt_fmj,62.0000,vihtavuori_n135,102,24.2000,3091,25.000,12.0000,2.2440,yes
223_rem,0.2245,spitzer_bt_fmj,62.0000,vihtavuori_n140,112,26.2000,3031,25.000,12.0000,2.2440,yes
223_rem,0.2245,spitzer_bt_fmj,62.0000,vihtavuori_n540,117,27.3000,3173,25.000,12.0000,2.2440,yes
223_rem,0.2245,mth,65.0000,vihtavuori_n135,102,21.3000,2805,25.000,12.0000,2.2520,yes
223_rem,0.2245,mth,65.0000,vihtavuori_n140,112,24.4000,2897,25.000,12.0000,2.2520,yes
223_rem,0.2245,mth,65.0000,vihtavuori_n540,117,24.7000,2956,25.000,12.0000,2.2520,yes
223_rem,0.2245,ntx,35.0000,vihtavuori_n130,84,25.9000,3911,25.000,12.0000,2.2050,yes
223_rem,0.2245,ntx,35.0000,vihtavuori_n133,89,25.9000,3809,25.000,12.0000,2.2050,yes
223_rem,0.2245,ntx,35.0000,vihtavuori_n135,102,26.2000,3727,25.000,12.0000,2.2050,yes
223_rem,0.2245,ecx,50.0000,vihtavuori_n135,102,24.2000,3294,25.000,12.0000,2.2050,yes
223_rem,0.2245,ecx,50.0000,vihtavuori_n140,112,26.9000,3317,25.000,12.0000,2.2050,yes
223_rem,0.2245,ecx,50.0000,vihtavuori_n540,117,26.7000,3327,25.000,12.0000,2.2050,yes
223_rem,0.2245,hp,60.0000,vihtavuori_n140,112,26.8000,3166,25.000,12.0000,2.2440,yes
223_rem,0.2245,eld_vt,62.0000,vihtavuori_n130,84,23.0000,3061,25.000,12.0000,2.2600,yes
223_rem,0.2245,eld_vt,62.0000,vihtavuori_n133,89,24.1000,3094,25.000,12.0000,2.2600,yes
223_rem,0.2245,eld_vt,62.0000,vihtavuori_n135,102,25.9000,3169,25.000,12.0000,2.2600,yes
223_rem,0.2245,eld_vt,62.0000,vihtavuori_n140,112,27.0000,3110,25.000,12.0000,2.2600,yes
223_rem,0.2245,eld_vt,62.0000,vihtavuori_n540,117,27.6000,3199,25.000,12.0000,2.2600,yes
223_rem,0.2245,eld_match,75.0000,vihtavuori_n140,112,26.2000,2917,25.000,12.0000,2.2600,yes
223_rem,0.2245,eld_match,75.0000,vihtavuori_n540,117,25.8000,2956,25.000,12.0000,2.2600,yes
223_rem,0.2245,eld_match,88.0000,vihtavuori_n140,112,23.5000,2631,25.000,12.0000,2.3230,yes
223_rem,0.2245,eld_match,88.0000,vihtavuori_n150,124,23.1000,2539,25.000,12.0000,2.3230,yes
223_rem,0.2245,target_line,53.0000,vihtavuori_n130,84,23.8000,3323,25.000,12.0000,2.2200,yes
223_rem,0.2245,target_line,53.0000,vihtavuori_n133,89,25.2000,3386,25.000,12.0000,2.2200,yes
223_rem,0.2245,target_line,53.0000,vihtavuori_n135,102,26.2000,3327,25.000,12.0000,2.2200,yes
223_rem,0.2245,hpce,51.0000,vihtavuori_n135,102,25.9000,3392,25.000,12.0000,2.2440,yes
223_rem,0.2245,fmj,55.0000,vihtavuori_n135,102,25.9000,3278,25.000,12.0000,2.2440,yes
223_rem,0.2245,fmj,55.0000,vihtavuori_n140,112,27.3000,3294,25.000,12.0000,2.2440,yes
223_rem,0.2245,fmjbt_s569,55.0000,vihtavuori_n135,102,25.5000,3291,25.000,12.0000,2.2440,yes
223_rem,0.2245,fmjbt_s569,55.0000,vihtavuori_n140,112,26.7000,3241,25.000,12.0000,2.2440,yes
223_rem,0.2245,fmjbt_s569,55.0000,vihtavuori_n540,117,27.3000,3310,25.000,12.0000,2.2440,yes
223_rem,0.2245,soft_point,55.0000,vihtavuori_n135,102,25.3000,3294,25.000,12.0000,2.2240,yes
223_rem,0.2245,soft_point,55.0000,vihtavuori_n140,112,26.9000,3327,25.000,12.0000,2.2240,yes
223_rem,0.2245,controlled_chaos,55.0000,vihtavuori_n135,102,23.8000,3179,25.000,12.0000,2.2600,yes
223_rem,0.2245,controlled_chaos,55.0000,vihtavuori_n140,112,26.5000,3192,25.000,12.0000,2.2600,yes
223_rem,0.2245,controlled_chaos,55.0000,vihtavuori_n540,117,26.4000,3219,25.000,12.0000,2.2600,yes
223_rem,0.2245,tactic,52.0000,vihtavuori_n133,89,24.4000,3383,25.000,12.0000,2.1930,yes
223_rem,0.2245,tactic,52.0000,vihtavuori_n135,102,25.5000,3386,25.000,12.0000,2.1930,yes
223_rem,0.2245,btlf,40.0000,vihtavuori_n130,84,25.2000,3711,25.000,12.0000,2.2600,yes
223_rem,0.2245,btlf,40.0000,vihtavuori_n133,89,25.9000,3724,25.000,12.0000,2.2600,yes
223_rem,0.2245,btlf,40.0000,vihtavuori_n135,102,25.9000,3612,25.000,12.0000,2.2600,yes
223_rem,0.2245,btlf,40.0000,vihtavuori_n140,112,26.9000,3360,25.000,12.0000,2.2600,yes
223_rem,0.2245,hpbt_custom_comp,52.0000,vihtavuori_n133,89,24.7000,3323,25.000,12.0000,2.2600,yes
223_rem,0.2245,hpbt_custom_comp,52.0000,vihtavuori_n135,102,26.1000,3383,25.000,12.0000,2.2600,yes
223_rem,0.2245,hpbt_custom_comp,52.0000,vihtavuori_n140,112,27.0000,3205,25.000,12.0000,2.2600,yes
223_rem,0.2245,hpbt_custom_comp,52.0000,vihtavuori_n540,117,28.2000,3415,25.000,12.0000,2.2600,yes
223_rem,0.2245,fb_varmageddon,53.0000,vihtavuori_n133,89,24.8000,3320,25.000,12.0000,2.2600,yes
223_rem,0.2245,fb_varmageddon,53.0000,vihtavuori_n135,102,25.9000,3340,25.000,12.0000,2.2600,yes
223_rem,0.2245,fb_varmageddon,53.0000,vihtavuori_n140,112,27.0000,3166,25.000,12.0000,2.2600,yes
223_rem,0.2245,fb_varmageddon,53.0000,vihtavuori_n540,117,27.9000,3389,25.000,12.0000,2.2600,yes
223_rem,0.2245,ballistic_tip_varmint,55.0000,vihtavuori_n135,102,25.9000,3264,25.000,12.0000,2.2600,yes
223_rem,0.2245,ballistic_tip_varmint,55.0000,vihtavuori_n140,112,27.0000,3130,25.000,12.0000,2.2600,yes
223_rem,0.2245,ballistic_tip_varmint,55.0000,vihtavuori_n540,117,27.9000,3333,25.000,12.0000,2.2600,yes
223_rem,0.2245,fb_varmageddon,55.0000,vihtavuori_n133,89,24.7000,3255,25.000,12.0000,2.2600,yes
223_rem,0.2245,fb_varmageddon,55.0000,vihtavuori_n135,102,25.9000,3281,25.000,12.0000,2.2600,yes
223_rem,0.2245,fb_varmageddon,55.0000,vihtavuori_n140,112,27.0000,3159,25.000,12.0000,2.2600,yes
223_rem,0.2245,fb_varmageddon,55.0000,vihtavuori_n540,117,27.8000,3317,25.000,12.0000,2.2600,yes
223_rem,0.2245,ballistic_tip_varmint,60.0000,vihtavuori_n133,89,23.5000,3068,25.000,12.0000,2.2600,yes
223_rem,0.2245,ballistic_tip_varmint,60.0000,vihtavuori_n135,102,24.5000,3107,25.000,12.0000,2.2600,yes
223_rem,0.2245,ballistic_tip_varmint,60.0000,vihtavuori_n140,112,27.0000,3104,25.000,12.0000,2.2600,yes
223_rem,0.2245,ballistic_tip_varmint,60.0000,vihtavuori_n540,117,26.9000,3189,25.000,12.0000,2.2600,yes
223_rem,0.2245,fbhp_varmageddon,62.0000,vihtavuori_n135,102,24.2000,3028,25.000,12.0000,2.1970,yes
223_rem,0.2245,fbhp_varmageddon,62.0000,vihtavuori_n140,112,26.4000,3091,25.000,12.0000,2.1970,yes
223_rem,0.2245,fbhp_varmageddon,62.0000,vihtavuori_n540,117,26.4000,3120,25.000,12.0000,2.1970,yes
223_rem,0.2245,rdf,70.0000,vihtavuori_n140,112,26.1000,3005,25.000,12.0000,2.2600,yes
223_rem,0.2245,custom_competition,77.0000,vihtavuori_n140,112,25.0000,2828,25.000,12.0000,2.2600,yes
223_rem,0.2245,custom_competition,77.0000,vihtavuori_n150,124,25.6000,2838,25.000,12.0000,2.2600,yes
223_rem,0.2245,custom_competition,77.0000,vihtavuori_n550,129,27.0000,2884,25.000,12.0000,2.2600,yes
223_rem,0.2245,blade_648g,55.0000,vihtavuori_n130,84,23.8000,3176,25.000,12.0000,2.2480,yes
223_rem,0.2245,blade_648g,55.0000,vihtavuori_n133,89,24.7000,3209,25.000,12.0000,2.2480,yes
223_rem,0.2245,blade_648g,55.0000,vihtavuori_n135,102,25.9000,3241,25.000,12.0000,2.2480,yes
223_rem,0.2245,blade_648g,55.0000,vihtavuori_n140,112,26.9000,3077,25.000,12.0000,2.2480,yes
223_rem,0.2245,blitzking,50.0000,vihtavuori_n140,112,27.0000,3333,25.000,12.0000,2.2600,yes
223_rem,0.2245,spitzer,50.0000,vihtavuori_n135,102,25.9000,3379,25.000,12.0000,2.2480,yes
223_rem,0.2245,spitzer,50.0000,vihtavuori_n140,112,27.0000,3264,25.000,12.0000,2.2480,yes
223_rem,0.2245,spitzer,50.0000,vihtavuori_n540,117,28.5000,3442,25.000,12.0000,2.2480,yes
223_rem,0.2245,hpbt,52.0000,vihtavuori_n135,102,25.6000,3409,25.000,12.0000,2.2440,yes
223_rem,0.2245,varminter_hp,60.0000,vihtavuori_n135,102,24.5000,3133,25.000,12.0000,2.2360,yes
223_rem,0.2245,varminter_hp,60.0000,vihtavuori_n140,112,26.9000,3176,25.000,12.0000,2.2360,yes
223_rem,0.2245,varminter_hp,60.0000,vihtavuori_n540,117,27.2000,3196,25.000,12.0000,2.2360,yes
223_rem,0.2245,spire_point,40.0000,vihtavuori_n133,89,25.9000,3625,25.000,12.0000,2.0750,yes
223_rem,0.2245,spitzer,45.0000,vihtavuori_n133,89,25.9000,3579,25.000,12.0000,2.1260,yes
223_rem,0.2245,spitzer,45.0000,vihtavuori_n135,102,25.9000,3392,25.000,12.0000,2.1260,yes
223_rem,0.2245,tnt_hp,50.0000,vihtavuori_n133,89,25.9000,3533,25.000,12.0000,2.2440,yes
223_rem,0.2245,tnt_hp,50.0000,vihtavuori_n135,102,25.9000,3340,25.000,12.0000,2.2440,yes
223_rem,0.2245,fmjbt,62.0000,vihtavuori_n140,112,26.2000,3094,25.000,12.0000,2.2600,yes
223_rem,0.2245,hpfb,36.0000,vihtavuori_n130,84,21.1000,3402,25.000,12.0000,2.1810,no
223_rem,0.2245,hpfb,36.0000,vihtavuori_n133,89,22.8000,3481,25.000,12.0000,2.1810,no
223_rem,0.2245,hpfb,36.0000,vihtavuori_n135,102,24.7000,3514,25.000,12.0000,2.1810,no
223_rem,0.2245,hpfb,36.0000,vihtavuori_n140,112,26.2000,3425,25.000,12.0000,2.1810,no
223_rem,0.2245,hpfb,36.0000,vihtavuori_n540,117,25.8000,3301,25.000,12.0000,2.1810,no
223_rem,0.2245,varmint_grenade,50.0000,vihtavuori_n130,84,19.1000,2877,25.000,12.0000,2.2010,no
223_rem,0.2245,varmint_grenade,50.0000,vihtavuori_n133,89,20.8000,2959,25.000,12.0000,2.2010,no
223_rem,0.2245,varmint_grenade,50.0000,vihtavuori_n135,102,21.9000,2976,25.000,12.0000,2.2010,no
223_rem,0.2245,varmint_grenade,50.0000,vihtavuori_n140,112,23.5000,2963,25.000,12.0000,2.2010,no
223_rem,0.2245,varmint_grenade,50.0000,vihtavuori_n540,117,23.6000,2920,25.000,12.0000,2.2010,no
223_rem,0.2245,mpg_fb,55.0000,vihtavuori_n130,84,19.3000,2785,25.000,12.0000,2.1650,no
223_rem,0.2245,mpg_fb,55.0000,vihtavuori_n133,89,18.5000,2726,25.000,12.0000,2.1650,no
223_rem,0.2245,mpg_fb,55.0000,vihtavuori_n135,102,19.3000,2746,25.000,12.0000,2.1650,no
223_rem,0.2245,mpg_fb,55.0000,vihtavuori_n140,112,24.2000,2910,25.000,12.0000,2.1650,no
223_rem,0.2245,mpg_fb,55.0000,vihtavuori_n540,117,25.2000,2920,25.000,12.0000,2.1650,no
223_rem,0.2245,ttsx_bt,55.0000,vihtavuori_n130,84,20.7000,2881,25.000,12.0000,2.2050,no
223_rem,0.2245,ttsx_bt,55.0000,vihtavuori_n133,89,19.3000,2818,25.000,12.0000,2.2050,no
223_rem,0.2245,ttsx_bt,55.0000,vihtavuori_n135,102,21.3000,2877,25.000,12.0000,2.2050,no
223_rem,0.2245,ttsx_bt,55.0000,vihtavuori_n140,112,25.0000,2966,25.000,12.0000,2.2050,no
223_rem,0.2245,ttsx_bt,55.0000,vihtavuori_n540,117,25.2000,2963,25.000,12.0000,2.2050,no
223_rem,0.2245,tac_x_bt,62.0000,vihtavuori_n133,89,20.7000,2730,25.000,12.0000,2.2600,no
223_rem,0.2245,tac_x_bt,62.0000,vihtavuori_n530,100,21.6000,2694,25.000,12.0000,2.2600,no
223_rem,0.2245,tac_x_bt,62.0000,vihtavuori_n135,102,21.0000,2618,25.000,12.0000,2.2600,no
223_rem,0.2245,tac_x_bt,62.0000,vihtavuori_n140,112,23.5000,2694,25.000,12.0000,2.2600,no
223_rem,0.2245,tac_x_bt,62.0000,vihtavuori_n540,117,23.9000,2756,25.000,12.0000,2.2600,no
223_rem,0.2245,ttsx_bt,62.0000,vihtavuori_n133,89,19.9000,2694,25.000,12.0000,2.2440,no
223_rem,0.2245,ttsx_bt,62.0000,vihtavuori_n530,100,21.5000,2746,25.000,12.0000,2.2440,no
223_rem,0.2245,ttsx_bt,62.0000,vihtavuori_n135,102,21.1000,2736,25.000,12.0000,2.2440,no
223_rem,0.2245,ttsx_bt,62.0000,vihtavuori_n140,112,24.2000,2779,25.000,12.0000,2.2440,no
223_rem,0.2245,ttsx_bt,62.0000,vihtavuori_n540,117,23.9000,2805,25.000,12.0000,2.2440,no
223_rem,0.2245,lrx_bt,77.0000,vihtavuori_n140,112,21.6000,2339,25.000,12.0000,2.2600,no
223_rem,0.2245,lrx_bt,77.0000,vihtavuori_n540,117,21.6000,2425,25.000,12.0000,2.2600,no
223_rem,0.2245,bt_match,85.0000,vihtavuori_n135,102,18.8000,2310,25.000,12.0000,2.2280,no
223_rem,0.2245,bt_match,85.0000,vihtavuori_n140,112,20.8000,2375,25.000,12.0000,2.2280,no
223_rem,0.2245,bt_match,85.0000,vihtavuori_n540,117,22.1000,2470,25.000,12.0000,2.2280,no
223_rem,0.2245,bt_match,85.0000,vihtavuori_n150,124,21.5000,2418,25.000,12.0000,2.2280,no
223_rem,0.2245,varmint_grenade,50.0000,vihtavuori_n130,84,21.5000,3179,25.000,12.0000,2.2010,no
223_rem,0.2245,varmint_grenade,50.0000,vihtavuori_n133,89,23.1000,3255,25.000,12.0000,2.2010,no
223_rem,0.2245,mpg_fb,55.0000,vihtavuori_n133,89,20.8000,3028,25.000,12.0000,2.1650,no
223_rem,0.2245,ttsx_bt,55.0000,vihtavuori_n130,84,23.1000,3176,25.000,12.0000,2.2050,no
223_rem,0.2245,ttsx_bt,55.0000,vihtavuori_n133,89,23.5000,3196,25.000,12.0000,2.2050,no
223_rem,0.2245,tac_x_bt,62.0000,vihtavuori_n133,89,23.1000,2966,25.000,12.0000,2.2600,no
223_rem,0.2245,tac_x_bt,62.0000,vihtavuori_n530,100,24.4000,3100,25.000,12.0000,2.2600,no
223_rem,0.2245,tac_x_bt,62.0000,vihtavuori_n135,102,25.2000,3054,25.000,12.0000,2.2600,no
223_rem,0.2245,tac_x_bt,62.0000,vihtavuori_n140,112,26.2000,3031,25.000,12.0000,2.2600,no
223_rem,0.2245,tac_x_bt,62.0000,vihtavuori_n540,117,27.2000,3159,25.000,12.0000,2.2600,no
223_rem,0.2245,ttsx_bt,62.0000,vihtavuori_n133,89,22.2000,2966,25.000,12.0000,2.2440,no
223_rem,0.2245,bt_match,85.0000,vihtavuori_n135,102,20.8000,2493,25.000,12.0000,2.2280,no
223_rem,0.2245,bt_match,85.0000,vihtavuori_n540,117,23.6000,2687,25.000,12.0000,2.2280,no
223_rem,0.2245,fb_target,52.0000,vihtavuori_n120,81,18.5000,2940,25.000,12.0000,2.2600,no
223_rem,0.2245,fb_target,52.0000,vihtavuori_n130,84,20.8000,3022,25.000,12.0000,2.2600,no
223_rem,0.2245,fb_target,52.0000,vihtavuori_n133,89,22.5000,3077,25.000,12.0000,2.2600,no
223_rem,0.2245,fb_target,52.0000,vihtavuori_n530,100,22.7000,3041,25.000,12.0000,2.2600,no
223_rem,0.2245,fb_target,52.0000,vihtavuori_n135,102,23.9000,3136,25.000,12.0000,2.2600,no
223_rem,0.2245,fb_varmint,52.0000,vihtavuori_n130,84,21.1000,2972,25.000,12.0000,2.2600,no
223_rem,0.2245,fb_varmint,52.0000,vihtavuori_n133,89,23.0000,3048,25.000,12.0000,2.2600,no
223_rem,0.2245,fb_varmint,52.0000,vihtavuori_n530,100,23.6000,3068,25.000,12.0000,2.2600,no
223_rem,0.2245,fb_varmint,52.0000,vihtavuori_n135,102,24.1000,3054,25.000,12.0000,2.2600,no
223_rem,0.2245,fb_varmint,52.0000,vihtavuori_n140,112,25.0000,2982,25.000,12.0000,2.2600,no
223_rem,0.2245,fb_varmint,55.0000,vihtavuori_n130,84,20.7000,2877,25.000,12.0000,2.2600,no
223_rem,0.2245,fb_varmint,55.0000,vihtavuori_n133,89,22.4000,2933,25.000,12.0000,2.2600,no
223_rem,0.2245,fb_varmint,55.0000,vihtavuori_n530,100,23.1000,2969,25.000,12.0000,2.2600,no
223_rem,0.2245,fb_varmint,55.0000,vihtavuori_n135,102,23.8000,2956,25.000,12.0000,2.2600,no
223_rem,0.2245,fb_varmint,55.0000,vihtavuori_n140,112,24.7000,2917,25.000,12.0000,2.2600,no
223_rem,0.2245,fb_varmint,60.0000,vihtavuori_n133,89,21.5000,2782,25.000,12.0000,2.2600,no
223_rem,0.2245,fb_varmint,60.0000,vihtavuori_n530,100,22.4000,2822,25.000,12.0000,2.2600,no
223_rem,0.2245,fb_varmint,60.0000,vihtavuori_n135,102,23.0000,2822,25.000,12.0000,2.2600,no
223_rem,0.2245,fb_varmint,60.0000,vihtavuori_n140,112,23.9000,2818,25.000,12.0000,2.2600,no
223_rem,0.2245,fb_varmint,60.0000,vihtavuori_n540,117,24.8000,2897,25.000,12.0000,2.2600,no
223_rem,0.2245,bt_target,73.0000,vihtavuori_n133,89,18.5000,2451,25.000,12.0000,2.2600,no
223_rem,0.2245,bt_target,73.0000,vihtavuori_n530,100,20.5000,2533,25.000,12.0000,2.2600,no
223_rem,0.2245,bt_target,73.0000,vihtavuori_n135,102,20.2000,2438,25.000,12.0000,2.2600,no
223_rem,0.2245,bt_target,73.0000,vihtavuori_n140,112,21.9000,2503,25.000,12.0000,2.2600,no
223_rem,0.2245,bt_target,73.0000,vihtavuori_n540,117,22.7000,2582,25.000,12.0000,2.2600,no
223_rem,0.2245,vld_target,75.0000,vihtavuori_n133,89,18.7000,2402,25.000,12.0000,2.2600,no
223_rem,0.2245,vld_target,75.0000,vihtavuori_n530,100,20.8000,2546,25.000,12.0000,2.2600,no
223_rem,0.2245,vld_target,75.0000,vihtavuori_n135,102,20.8000,2503,25.000,12.0000,2.2600,no
223_rem,0.2245,vld_target,75.0000,vihtavuori_n140,112,22.2000,2530,25.000,12.0000,2.2600,no
223_rem,0.2245,vld_target,75.0000,vihtavuori_n540,117,22.7000,786,25.000,12.0000,2.2600,no
223_rem,0.2245,otm_tactical,77.0000,vihtavuori_n133,89,17.7000,2402,25.000,12.0000,2.2600,no
223_rem,0.2245,otm_tactical,77.0000,vihtavuori_n135,102,17.7000,2336,25.000,12.0000,2.2600,no
223_rem,0.2245,otm_tactical,77.0000,vihtavuori_n140,112,22.1000,2533,25.000,12.0000,2.2600,no
223_rem,0.2245,otm_tactical,77.0000,vihtavuori_n540,117,22.4000,2543,25.000,12.0000,2.2600,no
223_rem,0.2245,otm_tactical,77.0000,vihtavuori_n150,124,21.6000,2575,25.000,12.0000,2.2600,no
223_rem,0.2245,otm_tactical,77.0000,vihtavuori_n550,129,23.9000,2549,25.000,12.0000,2.2600,no
223_rem,0.2245,fullbore_target,80.5000,vihtavuori_n133,89,19.3000,2444,25.000,12.0000,2.2440,no
223_rem,0.2245,fullbore_target,80.5000,vihtavuori_n530,100,20.5000,2500,25.000,12.0000,2.2440,no
223_rem,0.2245,fullbore_target,80.5000,vihtavuori_n135,102,19.6000,2428,25.000,12.0000,2.2440,no
223_rem,0.2245,fullbore_target,80.5000,vihtavuori_n140,112,21.9000,2500,25.000,12.0000,2.2440,no
223_rem,0.2245,fullbore_target,80.5000,vihtavuori_n540,117,22.5000,2556,25.000,12.0000,2.2440,no
223_rem,0.2245,fullbore_target,80.5000,vihtavuori_n150,124,22.2000,2543,25.000,12.0000,2.2440,no
223_rem,0.2245,fullbore_target,80.5000,vihtavuori_n550,129,24.1000,2523,25.000,12.0000,2.2440,no
223_rem,0.2245,long_range_hybrid_target,85.5000,vihtavuori_n133,89,19.3000,2375,25.000,12.0000,2.3230,no
223_rem,0.2245,long_range_hybrid_target,85.5000,vihtavuori_n135,102,20.1000,2408,25.000,12.0000,2.3230,no
223_rem,0.2245,long_range_hybrid_target,85.5000,vihtavuori_n140,112,21.9000,2477,25.000,12.0000,2.3230,no
223_rem,0.2245,long_range_hybrid_target,85.5000,vihtavuori_n540,117,22.8000,2523,25.000,12.0000,2.3230,no
223_rem,0.2245,long_range_hybrid_target,85.5000,vihtavuori_n150,124,22.4000,2487,25.000,12.0000,2.3230,no
223_rem,0.2245,hpbt,90.0000,vihtavuori_n140,112,19.3000,2119,25.000,12.0000,2.4570,no
223_rem,0.2245,hpbt,90.0000,vihtavuori_n540,117,20.7000,2238,25.000,12.0000,2.4570,no
223_rem,0.2245,hpbt,90.0000,vihtavuori_n150,124,19.4000,2136,25.000,12.0000,2.4570,no
223_rem,0.2245,fb_target,52.0000,vihtavuori_n120,81,20.4000,3189,25.000,12.0000,2.2600,no
223_rem,0.2245,fb_target,52.0000,vihtavuori_n130,84,22.5000,3271,25.000,12.0000,2.2600,no
223_rem,0.2245,fb_target,52.0000,vihtavuori_n133,89,24.8000,3360,25.000,12.0000,2.2600,no
223_rem,0.2245,fb_target,52.0000,vihtavuori_n530,100,25.3000,3369,25.000,12.0000,2.2600,no
223_rem,0.2245,fb_target,52.0000,vihtavuori_n135,102,26.1000,3402,25.000,12.0000,2.2600,no
223_rem,0.2245,fb_varmint,52.0000,vihtavuori_n130,84,23.5000,3310,25.000,12.0000,2.2600,no
223_rem,0.2245,fb_varmint,52.0000,vihtavuori_n133,89,25.0000,3343,25.000,12.0000,2.2600,no
223_rem,0.2245,fb_varmint,52.0000,vihtavuori_n530,100,25.8000,3369,25.000,12.0000,2.2600,no
223_rem,0.2245,fb_varmint,52.0000,vihtavuori_n135,102,26.7000,3373,25.000,12.0000,2.2600,no
223_rem,0.2245,fb_varmint,52.0000,vihtavuori_n140,112,26.2000,3146,25.000,12.0000,2.2600,no
223_rem,0.2245,fb_varmint,55.0000,vihtavuori_n130,84,23.0000,3196,25.000,12.0000,2.2600,no
223_rem,0.2245,fb_varmint,55.0000,vihtavuori_n133,89,24.7000,3251,25.000,12.0000,2.2600,no
223_rem,0.2245,fb_varmint,55.0000,vihtavuori_n530,100,25.2000,3268,25.000,12.0000,2.2600,no
223_rem,0.2245,fb_varmint,55.0000,vihtavuori_n135,102,26.2000,3271,25.000,12.0000,2.2600,no
223_rem,0.2245,fb_varmint,55.0000,vihtavuori_n140,112,26.5000,3166,25.000,12.0000,2.2600,no
223_rem,0.2245,fb_varmint,60.0000,vihtavuori_n133,89,24.2000,3107,25.000,12.0000,2.2600,no
223_rem,0.2245,fb_varmint,60.0000,vihtavuori_n530,100,24.4000,3156,25.000,12.0000,2.2600,no
223_rem,0.2245,fb_varmint,60.0000,vihtavuori_n135,102,25.8000,3140,25.000,12.0000,2.2600,no
223_rem,0.2245,fb_varmint,60.0000,vihtavuori_n140,112,26.2000,3068,25.000,12.0000,2.2600,no
223_rem,0.2245,fb_varmint,60.0000,vihtavuori_n540,117,27.2000,3219,25.000,12.0000,2.2600,no
223_rem,0.2245,bt_target,73.0000,vihtavuori_n133,89,21.8000,2697,25.000,12.0000,2.2600,no
223_rem,0.2245,bt_target,73.0000,vihtavuori_n530,100,23.1000,2910,25.000,12.0000,2.2600,no
223_rem,0.2245,bt_target,73.0000,vihtavuori_n135,102,23.3000,2805,25.000,12.0000,2.2600,no
223_rem,0.2245,bt_target,73.0000,vihtavuori_n140,112,25.3000,2871,25.000,12.0000,2.2600,no
223_rem,0.2245,bt_target,73.0000,vihtavuori_n540,117,25.5000,2949,25.000,12.0000,2.2600,no
223_rem,0.2245,vld_target,75.0000,vihtavuori_n133,89,21.9000,2746,25.000,12.0000,2.2600,no
223_rem,0.2245,vld_target,75.0000,vihtavuori_n530,100,23.1000,2894,25.000,12.0000,2.2600,no
223_rem,0.2245,vld_target,75.0000,vihtavuori_n135,102,23.8000,2835,25.000,12.0000,2.2600,no
223_rem,0.2245,vld_target,75.0000,vihtavuori_n140,112,25.5000,2877,25.000,12.0000,2.2600,no
223_rem,0.2245,vld_target,75.0000,vihtavuori_n540,117,25.9000,2963,25.000,12.0000,2.2600,no
223_rem,0.2245,otm_tactical,77.0000,vihtavuori_n133,89,20.1000,2595,25.000,12.0000,2.2600,no
223_rem,0.2245,otm_tactical,77.0000,vihtavuori_n135,102,21.3000,2661,25.000,12.0000,2.2600,no
223_rem,0.2245,fullbore_target,80.5000,vihtavuori_n133,89,21.0000,2638,25.000,12.0000,2.2440,no
223_rem,0.2245,fullbore_target,80.5000,vihtavuori_n530,100,22.5000,2740,25.000,12.0000,2.2440,no
223_rem,0.2245,fullbore_target,80.5000,vihtavuori_n135,102,22.1000,2690,25.000,12.0000,2.2440,no
223_rem,0.2245,fullbore_target,80.5000,vihtavuori_n540,117,24.8000,2828,25.000,12.0000,2.2440,no
223_rem,0.2245,fullbore_target,80.5000,vihtavuori_n150,124,24.7000,2792,25.000,12.0000,2.2440,no
223_rem,0.2245,long_range_hybrid_target,85.5000,vihtavuori_n133,89,21.3000,2602,25.000,12.0000,2.3230,no
223_rem,0.2245,long_range_hybrid_target,85.5000,vihtavuori_n135,102,22.1000,2638,25.000,12.0000,2.3230,no
223_rem,0.2245,long_range_hybrid_target,85.5000,vihtavuori_n140,112,23.9000,2710,25.000,12.0000,2.3230,no
223_rem,0.2245,long_range_hybrid_target,85.5000,vihtavuori_n540,117,24.7000,2746,25.000,12.0000,2.3230,no
223_rem,0.2245,hpbt,90.0000,vihtavuori_n140,112,21.8000,2411,25.000,12.0000,2.4570,no
223_rem,0.2245,hpbt,90.0000,vihtavuori_n540,117,23.0000,2490,25.000,12.0000,2.4570,no
223_rem,0.2245,hpbt,90.0000,vihtavuori_n150,124,22.5000,2431,25.000,12.0000,2.4570,no
223_rem,0.2245,spitzer_bt_fmj,55.0000,vihtavuori_n120,81,18.7000,2881,25.000,12.0000,2.2440,no
223_rem,0.2245,spitzer_bt_fmj,55.0000,vihtavuori_n130,84,21.1000,2969,25.000,12.0000,2.2440,no
223_rem,0.2245,spitzer_bt_fmj,55.0000,vihtavuori_n133,89,22.4000,2982,25.000,12.0000,2.2440,no
223_rem,0.2245,spitzer_bt_fmj,55.0000,vihtavuori_n135,102,23.9000,3071,25.000,12.0000,2.2440,no
223_rem,0.2245,spitzer_bt_fmj,62.0000,vihtavuori_n130,84,18.5000,2703,25.000,12.0000,2.2440,no
223_rem,0.2245,spitzer_bt_fmj,62.0000,vihtavuori_n133,89,18.5000,2690,25.000,12.0000,2.2440,no
223_rem,0.2245,spitzer_bt_fmj,62.0000,vihtavuori_n135,102,19.3000,2700,25.000,12.0000,2.2440,no
223_rem,0.2245,spitzer_bt_fmj,62.0000,vihtavuori_n140,112,23.9000,2792,25.000,12.0000,2.2440,no
223_rem,0.2245,spitzer_bt_fmj,62.0000,vihtavuori_n540,117,24.7000,2861,25.000,12.0000,2.2440,no
223_rem,0.2245,spitzer_bt_fmj,55.0000,vihtavuori_n120,81,20.7000,3130,25.000,12.0000,2.2440,no
223_rem,0.2245,spitzer_bt_fmj,55.0000,vihtavuori_n130,84,23.6000,3245,25.000,12.0000,2.2440,no
223_rem,0.2245,spitzer_bt_fmj,62.0000,vihtavuori_n130,84,21.6000,2992,25.000,12.0000,2.2440,no
223_rem,0.2245,mth,65.0000,vihtavuori_n135,102,18.5000,2507,25.000,12.0000,2.2520,no
223_rem,0.2245,mth,65.0000,vihtavuori_n140,112,20.5000,2526,25.000,12.0000,2.2520,no
223_rem,0.2245,mth,65.0000,vihtavuori_n540,117,21.6000,2615,25.000,12.0000,2.2520,no
223_rem,0.2245,classic_hunter,50.0000,vihtavuori_n130,84,19.9000,2972,25.000,12.0000,2.1650,no
223_rem,0.2245,classic_hunter,50.0000,vihtavuori_n133,89,20.8000,3005,25.000,12.0000,2.1650,no
223_rem,0.2245,classic_hunter,50.0000,vihtavuori_n530,100,22.2000,3048,25.000,12.0000,2.1650,no
223_rem,0.2245,classic_hunter,50.0000,vihtavuori_n135,102,23.1000,3120,25.000,12.0000,2.1650,no
223_rem,0.2245,classic_hunter,55.0000,vihtavuori_n130,84,18.2000,2772,25.000,12.0000,2.1650,no
223_rem,0.2245,classic_hunter,55.0000,vihtavuori_n133,89,20.1000,2864,25.000,12.0000,2.1650,no
223_rem,0.2245,classic_hunter,55.0000,vihtavuori_n530,100,20.8000,2867,25.000,12.0000,2.1650,no
223_rem,0.2245,classic_hunter,55.0000,vihtavuori_n135,102,20.8000,2884,25.000,12.0000,2.1650,no
223_rem,0.2245,classic_hunter,50.0000,vihtavuori_n130,84,21.8000,3261,25.000,12.0000,2.1650,no
223_rem,0.2245,classic_hunter,50.0000,vihtavuori_n133,89,23.8000,3343,25.000,12.0000,2.1650,no
223_rem,0.2245,classic_hunter,50.0000,vihtavuori_n530,100,24.8000,3399,25.000,12.0000,2.1650,no
223_rem,0.2245,classic_hunter,50.0000,vihtavuori_n135,102,25.6000,3422,25.000,12.0000,2.1650,no
223_rem,0.2245,classic_hunter,55.0000,vihtavuori_n130,84,20.5000,3068,25.000,12.0000,2.1650,no
223_rem,0.2245,classic_hunter,55.0000,vihtavuori_n133,89,22.5000,3163,25.000,12.0000,2.1650,no
223_rem,0.2245,classic_hunter,55.0000,vihtavuori_n530,100,23.3000,3199,25.000,12.0000,2.1650,no
223_rem,0.2245,classic_hunter,55.0000,vihtavuori_n135,102,23.9000,3219,25.000,12.0000,2.1650,no
223_rem,0.2245,ntx,35.0000,vihtavuori_n120,81,19.6000,3458,25.000,12.0000,2.2050,no
223_rem,0.2245,ntx,35.0000,vihtavuori_n130,84,23.1000,3543,25.000,12.0000,2.2050,no
223_rem,0.2245,ntx,35.0000,vihtavuori_n133,89,24.7000,3632,25.000,12.0000,2.2050,no
223_rem,0.2245,ntx,35.0000,vihtavuori_n135,102,25.8000,3665,25.000,12.0000,2.2050,no
223_rem,0.2245,v_max,40.0000,vihtavuori_n120,81,19.8000,3346,25.000,12.0000,2.2240,no
223_rem,0.2245,v_max,40.0000,vihtavuori_n130,84,21.8000,3396,25.000,12.0000,2.2240,no
223_rem,0.2245,v_max,40.0000,vihtavuori_n133,89,24.7000,3517,25.000,12.0000,2.2240,no
223_rem,0.2245,v_max,40.0000,vihtavuori_n530,100,24.2000,3376,25.000,12.0000,2.2240,no
223_rem,0.2245,ecx,50.0000,vihtavuori_n133,89,19.8000,2861,25.000,12.0000,2.2050,no
223_rem,0.2245,ecx,50.0000,vihtavuori_n135,102,20.8000,2923,25.000,12.0000,2.2050,no
223_rem,0.2245,ecx,50.0000,vihtavuori_n140,112,23.5000,2946,25.000,12.0000,2.2050,no
223_rem,0.2245,ecx,50.0000,vihtavuori_n540,117,23.9000,2959,25.000,12.0000,2.2050,no
223_rem,0.2245,v_max,53.0000,vihtavuori_n130,84,20.8000,3025,25.000,12.0000,2.2560,no
223_rem,0.2245,v_max,53.0000,vihtavuori_n133,89,22.8000,3077,25.000,12.0000,2.2560,no
223_rem,0.2245,v_max,53.0000,vihtavuori_n530,100,22.8000,3084,25.000,12.0000,2.2560,no
223_rem,0.2245,v_max,53.0000,vihtavuori_n135,102,23.9000,3133,25.000,12.0000,2.2560,no
223_rem,0.2245,fmjbt,55.0000,vihtavuori_n120,81,18.7000,2917,25.000,12.0000,2.2440,no
223_rem,0.2245,fmjbt,55.0000,vihtavuori_n130,84,21.8000,3136,25.000,12.0000,2.2440,no
223_rem,0.2245,fmjbt,55.0000,vihtavuori_n133,89,22.1000,3045,25.000,12.0000,2.2440,no
223_rem,0.2245,fmjbt,55.0000,vihtavuori_n530,100,23.1000,3087,25.000,12.0000,2.2440,no
223_rem,0.2245,fmjbt,55.0000,vihtavuori_n135,102,23.3000,3077,25.000,12.0000,2.2440,no
223_rem,0.2245,fmjbt,55.0000,vihtavuori_n140,112,24.7000,3051,25.000,12.0000,2.2440,no
223_rem,0.2245,v_max,55.0000,vihtavuori_n130,84,20.4000,2812,25.000,12.0000,2.2600,no
223_rem,0.2245,v_max,55.0000,vihtavuori_n133,89,21.5000,2782,25.000,12.0000,2.2600,no
223_rem,0.2245,v_max,55.0000,vihtavuori_n530,100,23.0000,2927,25.000,12.0000,2.2600,no
223_rem,0.2245,v_max,55.0000,vihtavuori_n135,102,23.5000,2900,25.000,12.0000,2.2600,no
223_rem,0.2245,v_max,55.0000,vihtavuori_n140,112,25.3000,2900,25.000,12.0000,2.2600,no
223_rem,0.2245,hp,60.0000,vihtavuori_n130,84,20.5000,2867,25.000,12.0000,2.2440,no
223_rem,0.2245,hp,60.0000,vihtavuori_n133,89,22.1000,2913,25.000,12.0000,2.2440,no
223_rem,0.2245,hp,60.0000,vihtavuori_n135,102,23.1000,2930,25.000,12.0000,2.2440,no
223_rem,0.2245,hp,60.0000,vihtavuori_n140,112,25.0000,2936,25.000,12.0000,2.2440,no
223_rem,0.2245,eld_vt,62.0000,vihtavuori_n130,84,21.1000,2825,25.000,12.0000,2.2600,no
223_rem,0.2245,eld_vt,62.0000,vihtavuori_n133,89,22.2000,2864,25.000,12.0000,2.2600,no
223_rem,0.2245,eld_vt,62.0000,vihtavuori_n135,102,23.3000,2874,25.000,12.0000,2.2600,no
223_rem,0.2245,eld_vt,62.0000,vihtavuori_n140,112,25.5000,2904,25.000,12.0000,2.2600,no
223_rem,0.2245,eld_vt,62.0000,vihtavuori_n540,117,25.0000,2894,25.000,12.0000,2.2600,no
223_rem,0.2245,gmx,70.0000,vihtavuori_n133,89,19.3000,2552,25.000,12.0000,2.2400,no
223_rem,0.2245,gmx,70.0000,vihtavuori_n530,100,19.3000,2474,25.000,12.0000,2.2400,no
223_rem,0.2245,gmx,70.0000,vihtavuori_n135,102,19.3000,2467,25.000,12.0000,2.2400,no
223_rem,0.2245,gmx,70.0000,vihtavuori_n140,112,21.6000,2497,25.000,12.0000,2.2400,no
223_rem,0.2245,gmx,70.0000,vihtavuori_n540,117,21.9000,2523,25.000,12.0000,2.2400,no
223_rem,0.2245,bthp,75.0000,vihtavuori_n135,102,20.7000,2467,25.000,12.0000,2.2600,no
223_rem,0.2245,bthp,75.0000,vihtavuori_n140,112,22.1000,2474,25.000,12.0000,2.2600,no
223_rem,0.2245,bthp,75.0000,vihtavuori_n540,117,23.1000,2536,25.000,12.0000,2.2600,no
223_rem,0.2245,eld_match,75.0000,vihtavuori_n530,100,20.5000,2549,25.000,12.0000,2.2600,no
223_rem,0.2245,eld_match,75.0000,vihtavuori_n135,102,21.3000,2513,25.000,12.0000,2.2600,no
223_rem,0.2245,eld_match,75.0000,vihtavuori_n140,112,22.8000,2523,25.000,12.0000,2.2600,no
223_rem,0.2245,eld_match,75.0000,vihtavuori_n540,117,22.7000,2595,25.000,12.0000,2.2600,no
223_rem,0.2245,eld_match,88.0000,vihtavuori_n133,89,19.3000,2352,25.000,12.0000,2.3230,no
223_rem,0.2245,eld_match,88.0000,vihtavuori_n530,100,19.3000,2365,25.000,12.0000,2.3230,no
223_rem,0.2245,eld_match,88.0000,vihtavuori_n135,102,20.1000,2365,25.000,12.0000,2.3230,no
223_rem,0.2245,eld_match,88.0000,vihtavuori_n140,112,21.6000,2434,25.000,12.0000,2.3230,no
223_rem,0.2245,eld_match,88.0000,vihtavuori_n540,117,21.9000,2431,25.000,12.0000,2.3230,no
223_rem,0.2245,eld_match,88.0000,vihtavuori_n150,124,21.9000,2411,25.000,12.0000,2.3230,no
223_rem,0.2245,ntx,35.0000,vihtavuori_n120,81,22.1000,3783,25.000,12.0000,2.2050,no
223_rem,0.2245,v_max,40.0000,vihtavuori_n120,81,22.4000,3678,25.000,12.0000,2.2240,no
223_rem,0.2245,v_max,40.0000,vihtavuori_n130,84,24.2000,3711,25.000,12.0000,2.2240,no
223_rem,0.2245,v_max,40.0000,vihtavuori_n133,89,25.9000,3681,25.000,12.0000,2.2240,no
223_rem,0.2245,v_max,40.0000,vihtavuori_n530,100,26.9000,3747,25.000,12.0000,2.2240,no
223_rem,0.2245,ecx,50.0000,vihtavuori_n133,89,23.1000,3251,25.000,12.0000,2.2050,no
223_rem,0.2245,v_max,53.0000,vihtavuori_n130,84,22.7000,3274,25.000,12.0000,2.2560,no
223_rem,0.2245,v_max,53.0000,vihtavuori_n133,89,24.7000,3337,25.000,12.0000,2.2560,no
223_rem,0.2245,v_max,53.0000,vihtavuori_n530,100,24.7000,3314,25.000,12.0000,2.2560,no
223_rem,0.2245,v_max,53.0000,vihtavuori_n135,102,25.8000,3376,25.000,12.0000,2.2560,no
223_rem,0.2245,fmjbt,55.0000,vihtavuori_n120,81,20.7000,3150,25.000,12.0000,2.2440,no
223_rem,0.2245,fmjbt,55.0000,vihtavuori_n130,84,23.5000,3323,25.000,12.0000,2.2440,no
223_rem,0.2245,fmjbt,55.0000,vihtavuori_n133,89,24.5000,3301,25.000,12.0000,2.2440,no
223_rem,0.2245,fmjbt,55.0000,vihtavuori_n530,100,25.0000,3353,25.000,12.0000,2.2440,no
223_rem,0.2245,fmjbt,55.0000,vihtavuori_n135,102,25.6000,3337,25.000,12.0000,2.2440,no
223_rem,0.2245,fmjbt,55.0000,vihtavuori_n140,112,26.8000,3343,25.000,12.0000,2.2440,no
223_rem,0.2245,v_max,55.0000,vihtavuori_n130,84,23.0000,3166,25.000,12.0000,2.2600,no
223_rem,0.2245,v_max,55.0000,vihtavuori_n133,89,25.0000,3222,25.000,12.0000,2.2600,no
223_rem,0.2245,v_max,55.0000,vihtavuori_n530,100,25.3000,3261,25.000,12.0000,2.2600,no
223_rem,0.2245,v_max,55.0000,vihtavuori_n135,102,26.2000,3212,25.000,12.0000,2.2600,no
223_rem,0.2245,v_max,55.0000,vihtavuori_n140,112,26.5000,3045,25.000,12.0000,2.2600,no
223_rem,0.2245,hp,60.0000,vihtavuori_n130,84,23.1000,3173,25.000,12.0000,2.2440,no
223_rem,0.2245,hp,60.0000,vihtavuori_n133,89,24.7000,3209,25.000,12.0000,2.2440,no
223_rem,0.2245,hp,60.0000,vihtavuori_n135,102,25.8000,3202,25.000,12.0000,2.2440,no
223_rem,0.2245,gmx,70.0000,vihtavuori_n133,89,20.2000,2667,25.000,12.0000,2.2400,no
223_rem,0.2245,gmx,70.0000,vihtavuori_n530,100,21.1000,2736,25.000,12.0000,2.2400,no
223_rem,0.2245,gmx,70.0000,vihtavuori_n135,102,21.8000,2740,25.000,12.0000,2.2400,no
223_rem,0.2245,gmx,70.0000,vihtavuori_n140,112,24.5000,2828,25.000,12.0000,2.2400,no
223_rem,0.2245,gmx,70.0000,vihtavuori_n540,117,24.4000,2854,25.000,12.0000,2.2400,no
223_rem,0.2245,bthp,75.0000,vihtavuori_n135,102,23.3000,2723,25.000,12.0000,2.2600,no
223_rem,0.2245,bthp,75.0000,vihtavuori_n140,112,25.0000,2766,25.000,12.0000,2.2600,no
223_rem,0.2245,bthp,75.0000,vihtavuori_n540,117,25.8000,2831,25.000,12.0000,2.2600,no
223_rem,0.2245,eld_match,75.0000,vihtavuori_n530,100,23.3000,2910,25.000,12.0000,2.2600,no
223_rem,0.2245,eld_match,75.0000,vihtavuori_n135,102,24.4000,2874,25.000,12.0000,2.2600,no
223_rem,0.2245,eld_match,88.0000,vihtavuori_n133,89,21.3000,2559,25.000,12.0000,2.3230,no
223_rem,0.2245,eld_match,88.0000,vihtavuori_n530,100,21.8000,2605,25.000,12.0000,2.3230,no
223_rem,0.2245,eld_match,88.0000,vihtavuori_n135,102,21.9000,2575,25.000,12.0000,2.3230,no
223_rem,0.2245,eld_match,88.0000,vihtavuori_n540,117,24.2000,2687,25.000,12.0000,2.3230,no
223_rem,0.2245,target_line,53.0000,vihtavuori_n130,84,21.5000,3031,25.000,12.0000,2.2200,no
223_rem,0.2245,target_line,53.0000,vihtavuori_n133,89,22.4000,3087,25.000,12.0000,2.2200,no
223_rem,0.2245,target_line,53.0000,vihtavuori_n135,102,24.5000,3143,25.000,12.0000,2.2200,no
223_rem,0.2245,naturalis_n566,50.0000,vihtavuori_n130,84,18.1000,2825,25.000,12.0000,2.2050,no
223_rem,0.2245,naturalis_n566,50.0000,vihtavuori_n133,89,20.7000,2927,25.000,12.0000,2.2050,no
223_rem,0.2245,naturalis_n566,50.0000,vihtavuori_n530,100,21.0000,2913,25.000,12.0000,2.2050,no
223_rem,0.2245,naturalis_n566,50.0000,vihtavuori_n135,102,21.9000,2972,25.000,12.0000,2.2050,no
223_rem,0.2245,hpce,51.0000,vihtavuori_n120,81,19.0000,2982,25.000,12.0000,2.2440,no
223_rem,0.2245,hpce,51.0000,vihtavuori_n130,84,20.8000,3051,25.000,12.0000,2.2440,no
223_rem,0.2245,hpce,51.0000,vihtavuori_n133,89,22.4000,3094,25.000,12.0000,2.2440,no
223_rem,0.2245,hpce,51.0000,vihtavuori_n530,100,23.6000,3159,25.000,12.0000,2.2440,no
223_rem,0.2245,hpce,51.0000,vihtavuori_n135,102,23.8000,3140,25.000,12.0000,2.2440,no
223_rem,0.2245,fmj,55.0000,vihtavuori_n120,81,18.7000,2874,25.000,12.0000,2.2440,no
223_rem,0.2245,fmj,55.0000,vihtavuori_n130,84,20.5000,2936,25.000,12.0000,2.2440,no
223_rem,0.2245,fmj,55.0000,vihtavuori_n133,89,22.1000,2989,25.000,12.0000,2.2440,no
223_rem,0.2245,fmj,55.0000,vihtavuori_n530,100,23.3000,3054,25.000,12.0000,2.2440,no
223_rem,0.2245,fmj,55.0000,vihtavuori_n135,102,23.3000,3041,25.000,12.0000,2.2440,no
223_rem,0.2245,fmj,55.0000,vihtavuori_n140,112,24.8000,3009,25.000,12.0000,2.2440,no
223_rem,0.2245,fmjbt_s569,55.0000,vihtavuori_n130,84,20.1000,2930,25.000,12.0000,2.2440,no
223_rem,0.2245,fmjbt_s569,55.0000,vihtavuori_n133,89,22.1000,3002,25.000,12.0000,2.2440,no
223_rem,0.2245,fmjbt_s569,55.0000,vihtavuori_n135,102,22.8000,3035,25.000,12.0000,2.2440,no
223_rem,0.2245,fmjbt_s569,55.0000,vihtavuori_n140,112,25.2000,3058,25.000,12.0000,2.2440,no
223_rem,0.2245,fmjbt_s569,55.0000,vihtavuori_n540,117,24.8000,3022,25.000,12.0000,2.2440,no
223_rem,0.2245,soft_point,55.0000,vihtavuori_n120,81,16.8000,2690,25.000,12.0000,2.2240,no
223_rem,0.2245,soft_point,55.0000,vihtavuori_n130,84,18.7000,2812,25.000,12.0000,2.2240,no
223_rem,0.2245,soft_point,55.0000,vihtavuori_n133,89,21.0000,2874,25.000,12.0000,2.2240,no
223_rem,0.2245,soft_point,55.0000,vihtavuori_n530,100,22.2000,2923,25.000,12.0000,2.2240,no
223_rem,0.2245,soft_point,55.0000,vihtavuori_n135,102,22.1000,2949,25.000,12.0000,2.2240,no
223_rem,0.2245,soft_point,55.0000,vihtavuori_n140,112,24.2000,3002,25.000,12.0000,2.2240,no
223_rem,0.2245,scenar,69.0000,vihtavuori_n133,89,20.2000,2589,25.000,12.0000,2.2600,no
223_rem,0.2245,scenar,69.0000,vihtavuori_n530,100,21.1000,2654,25.000,12.0000,2.2600,no
223_rem,0.2245,scenar,69.0000,vihtavuori_n135,102,21.1000,2612,25.000,12.0000,2.2600,no
223_rem,0.2245,scenar,69.0000,vihtavuori_n140,112,22.8000,2700,25.000,12.0000,2.2600,no
223_rem,0.2245,scenar,69.0000,vihtavuori_n540,117,23.1000,2648,25.000,12.0000,2.2600,no
223_rem,0.2245,scenar,77.0000,vihtavuori_n530,100,19.3000,2336,25.000,12.0000,2.2600,no
223_rem,0.2245,scenar,77.0000,vihtavuori_n135,102,18.8000,2300,25.000,12.0000,2.2600,no
223_rem,0.2245,scenar,77.0000,vihtavuori_n140,112,20.8000,2310,25.000,12.0000,2.2600,no
223_rem,0.2245,scenar,77.0000,vihtavuori_n540,117,21.8000,2362,25.000,12.0000,2.2600,no
223_rem,0.2245,naturalis_n566,50.0000,vihtavuori_n130,84,21.6000,3238,25.000,12.0000,2.2050,no
223_rem,0.2245,naturalis_n566,50.0000,vihtavuori_n133,89,24.1000,3337,25.000,12.0000,2.2050,no
223_rem,0.2245,naturalis_n566,50.0000,vihtavuori_n530,100,23.8000,3301,25.000,12.0000,2.2050,no
223_rem,0.2245,naturalis_n566,50.0000,vihtavuori_n135,102,25.6000,3366,25.000,12.0000,2.2050,no
223_rem,0.2245,hpce,51.0000,vihtavuori_n120,81,21.1000,3251,25.000,12.0000,2.2440,no
223_rem,0.2245,hpce,51.0000,vihtavuori_n130,84,23.3000,3340,25.000,12.0000,2.2440,no
223_rem,0.2245,hpce,51.0000,vihtavuori_n133,89,24.8000,3389,25.000,12.0000,2.2440,no
223_rem,0.2245,hpce,51.0000,vihtavuori_n530,100,25.6000,3451,25.000,12.0000,2.2440,no
223_rem,0.2245,fmj,55.0000,vihtavuori_n120,81,20.8000,3127,25.000,12.0000,2.2440,no
223_rem,0.2245,fmj,55.0000,vihtavuori_n130,84,23.1000,3232,25.000,12.0000,2.2440,no
223_rem,0.2245,fmj,55.0000,vihtavuori_n133,89,24.5000,3278,25.000,12.0000,2.2440,no
223_rem,0.2245,fmj,55.0000,vihtavuori_n530,100,25.3000,3330,25.000,12.0000,2.2440,no
223_rem,0.2245,fmjbt_s569,55.0000,vihtavuori_n130,84,22.1000,3179,25.000,12.0000,2.2440,no
223_rem,0.2245,fmjbt_s569,55.0000,vihtavuori_n133,89,24.4000,3268,25.000,12.0000,2.2440,no
223_rem,0.2245,soft_point,55.0000,vihtavuori_n120,81,20.2000,3081,25.000,12.0000,2.2240,no
223_rem,0.2245,soft_point,55.0000,vihtavuori_n130,84,21.9000,3146,25.000,12.0000,2.2240,no
223_rem,0.2245,soft_point,55.0000,vihtavuori_n133,89,24.1000,3215,25.000,12.0000,2.2240,no
223_rem,0.2245,soft_point,55.0000,vihtavuori_n530,100,24.8000,3264,25.000,12.0000,2.2240,no
223_rem,0.2245,scenar,69.0000,vihtavuori_n133,89,21.9000,2785,25.000,12.0000,2.2600,no
223_rem,0.2245,scenar,69.0000,vihtavuori_n530,100,22.7000,2851,25.000,12.0000,2.2600,no
223_rem,0.2245,scenar,69.0000,vihtavuori_n135,102,23.0000,2828,25.000,12.0000,2.2600,no
223_rem,0.2245,scenar,69.0000,vihtavuori_n140,112,24.7000,2884,25.000,12.0000,2.2600,no
223_rem,0.2245,scenar,69.0000,vihtavuori_n540,117,25.5000,2936,25.000,12.0000,2.2600,no
223_rem,0.2245,scenar,77.0000,vihtavuori_n530,100,22.2000,2664,25.000,12.0000,2.2600,no
223_rem,0.2245,scenar,77.0000,vihtavuori_n135,102,21.5000,2635,25.000,12.0000,2.2600,no
223_rem,0.2245,scenar,77.0000,vihtavuori_n140,112,24.2000,2628,25.000,12.0000,2.2600,no
223_rem,0.2245,scenar,77.0000,vihtavuori_n540,117,24.5000,2671,25.000,12.0000,2.2600,no
223_rem,0.2245,controlled_chaos,55.0000,vihtavuori_n130,84,19.3000,2789,25.000,12.0000,2.2600,no
223_rem,0.2245,controlled_chaos,55.0000,vihtavuori_n133,89,19.3000,2776,25.000,12.0000,2.2600,no
223_rem,0.2245,controlled_chaos,55.0000,vihtavuori_n135,102,20.8000,2851,25.000,12.0000,2.2600,no
223_rem,0.2245,controlled_chaos,55.0000,vihtavuori_n140,112,23.3000,2858,25.000,12.0000,2.2600,no
223_rem,0.2245,controlled_chaos,55.0000,vihtavuori_n540,117,23.9000,2904,25.000,12.0000,2.2600,no
223_rem,0.2245,controlled_chaos,55.0000,vihtavuori_n130,84,21.9000,3094,25.000,12.0000,2.2600,no
223_rem,0.2245,controlled_chaos,55.0000,vihtavuori_n133,89,22.7000,3117,25.000,12.0000,2.2600,no
223_rem,0.2245,tactic,52.0000,vihtavuori_n120,81,18.7000,2963,25.000,12.0000,2.1930,no
223_rem,0.2245,tactic,52.0000,vihtavuori_n130,84,20.1000,3028,25.000,12.0000,2.1930,no
223_rem,0.2245,tactic,52.0000,vihtavuori_n133,89,21.9000,3094,25.000,12.0000,2.1930,no
223_rem,0.2245,tactic,52.0000,vihtavuori_n135,102,23.5000,3150,25.000,12.0000,2.1930,no
223_rem,0.2245,tactic,52.0000,vihtavuori_n120,81,20.2000,3212,25.000,12.0000,2.1930,no
223_rem,0.2245,tactic,52.0000,vihtavuori_n130,84,22.4000,3297,25.000,12.0000,2.1930,no
223_rem,0.2245,btlf,40.0000,vihtavuori_n120,81,19.0000,3238,25.000,12.0000,2.2600,no
223_rem,0.2245,btlf,40.0000,vihtavuori_n130,84,22.4000,3356,25.000,12.0000,2.2600,no
223_rem,0.2245,btlf,40.0000,vihtavuori_n133,89,22.7000,3363,25.000,12.0000,2.2600,no
223_rem,0.2245,btlf,40.0000,vihtavuori_n135,102,24.5000,3448,25.000,12.0000,2.2600,no
223_rem,0.2245,btlf,40.0000,vihtavuori_n140,112,25.3000,3186,25.000,12.0000,2.2600,no
223_rem,0.2245,hpbt_custom_comp,52.0000,vihtavuori_n130,84,21.0000,2989,25.000,12.0000,2.2600,no
223_rem,0.2245,hpbt_custom_comp,52.0000,vihtavuori_n133,89,22.1000,3045,25.000,12.0000,2.2600,no
223_rem,0.2245,hpbt_custom_comp,52.0000,vihtavuori_n135,102,23.6000,3107,25.000,12.0000,2.2600,no
223_rem,0.2245,hpbt_custom_comp,52.0000,vihtavuori_n140,112,26.2000,3107,25.000,12.0000,2.2600,no
223_rem,0.2245,hpbt_custom_comp,52.0000,vihtavuori_n540,117,25.8000,3110,25.000,12.0000,2.2600,no
223_rem,0.2245,fb_varmageddon,53.0000,vihtavuori_n130,84,20.8000,2972,25.000,12.0000,2.2600,no
223_rem,0.2245,fb_varmageddon,53.0000,vihtavuori_n133,89,22.4000,3038,25.000,12.0000,2.2600,no
223_rem,0.2245,fb_varmageddon,53.0000,vihtavuori_n135,102,23.9000,3100,25.000,12.0000,2.2600,no
223_rem,0.2245,fb_varmageddon,53.0000,vihtavuori_n140,112,26.2000,3077,25.000,12.0000,2.2600,no
223_rem,0.2245,fb_varmageddon,53.0000,vihtavuori_n540,117,25.5000,3028,25.000,12.0000,2.2600,no
223_rem,0.2245,ballistic_tip_varmint,55.0000,vihtavuori_n130,84,20.8000,2923,25.000,12.0000,2.2600,no
223_rem,0.2245,ballistic_tip_varmint,55.0000,vihtavuori_n133,89,20.8000,2890,25.000,12.0000,2.2600,no
223_rem,0.2245,ballistic_tip_varmint,55.0000,vihtavuori_n135,102,22.4000,2953,25.000,12.0000,2.2600,no
223_rem,0.2245,ballistic_tip_varmint,55.0000,vihtavuori_n140,112,25.9000,3015,25.000,12.0000,2.2600,no
223_rem,0.2245,ballistic_tip_varmint,55.0000,vihtavuori_n540,117,25.5000,3031,25.000,12.0000,2.2600,no
223_rem,0.2245,fb_varmageddon,55.0000,vihtavuori_n130,84,21.0000,2949,25.000,12.0000,2.2600,no
223_rem,0.2245,fb_varmageddon,55.0000,vihtavuori_n133,89,22.4000,2986,25.000,12.0000,2.2600,no
223_rem,0.2245,fb_varmageddon,55.0000,vihtavuori_n135,102,23.5000,3002,25.000,12.0000,2.2600,no
223_rem,0.2245,fb_varmageddon,55.0000,vihtavuori_n140,112,25.6000,3028,25.000,12.0000,2.2600,no
223_rem,0.2245,fb_varmageddon,55.0000,vihtavuori_n540,117,25.5000,3035,25.000,12.0000,2.2600,no
223_rem,0.2245,ballistic_tip_varmint,60.0000,vihtavuori_n130,84,20.1000,2782,25.000,12.0000,2.2600,no
223_rem,0.2245,ballistic_tip_varmint,60.0000,vihtavuori_n133,89,20.2000,2756,25.000,12.0000,2.2600,no
223_rem,0.2245,ballistic_tip_varmint,60.0000,vihtavuori_n135,102,21.6000,2799,25.000,12.0000,2.2600,no
223_rem,0.2245,ballistic_tip_varmint,60.0000,vihtavuori_n140,112,24.5000,2841,25.000,12.0000,2.2600,no
223_rem,0.2245,ballistic_tip_varmint,60.0000,vihtavuori_n540,117,24.7000,2887,25.000,12.0000,2.2600,no
223_rem,0.2245,fbhp_varmageddon,62.0000,vihtavuori_n130,84,19.4000,2684,25.000,12.0000,2.1970,no
223_rem,0.2245,fbhp_varmageddon,62.0000,vihtavuori_n133,89,20.5000,2736,25.000,12.0000,2.1970,no
223_rem,0.2245,fbhp_varmageddon,62.0000,vihtavuori_n135,102,22.1000,2795,25.000,12.0000,2.1970,no
223_rem,0.2245,fbhp_varmageddon,62.0000,vihtavuori_n140,112,23.9000,2818,25.000,12.0000,2.1970,no
223_rem,0.2245,fbhp_varmageddon,62.0000,vihtavuori_n540,117,23.9000,2808,25.000,12.0000,2.1970,no
223_rem,0.2245,rdf,70.0000,vihtavuori_n133,89,20.5000,2648,25.000,12.0000,2.2600,no
223_rem,0.2245,rdf,70.0000,vihtavuori_n135,102,21.6000,2694,25.000,12.0000,2.2600,no
223_rem,0.2245,rdf,70.0000,vihtavuori_n140,112,23.6000,2726,25.000,12.0000,2.2600,no
223_rem,0.2245,rdf,70.0000,vihtavuori_n540,117,23.8000,2746,25.000,12.0000,2.2600,no
223_rem,0.2245,custom_competition,77.0000,vihtavuori_n135,102,20.5000,2507,25.000,12.0000,2.2600,no
223_rem,0.2245,custom_competition,77.0000,vihtavuori_n140,112,23.1000,2605,25.000,12.0000,2.2600,no
223_rem,0.2245,custom_competition,77.0000,vihtavuori_n540,117,23.3000,2615,25.000,12.0000,2.2600,no
223_rem,0.2245,custom_competition,77.0000,vihtavuori_n150,124,23.1000,2608,25.000,12.0000,2.2600,no
223_rem,0.2245,custom_competition,77.0000,vihtavuori_n550,129,24.4000,2598,25.000,12.0000,2.2600,no
223_rem,0.2245,btlf,40.0000,vihtavuori_n120,81,21.3000,3560,25.000,12.0000,2.2600,no
223_rem,0.2245,hpbt_custom_comp,52.0000,vihtavuori_n130,84,23.5000,3310,25.000,12.0000,2.2600,no
223_rem,0.2245,fb_varmageddon,53.0000,vihtavuori_n130,84,23.1000,3258,25.000,12.0000,2.2600,no
223_rem,0.2245,ballistic_tip_varmint,55.0000,vihtavuori_n130,84,23.5000,3212,25.000,12.0000,2.2600,no
223_rem,0.2245,ballistic_tip_varmint,55.0000,vihtavuori_n133,89,24.8000,3261,25.000,12.0000,2.2600,no
223_rem,0.2245,fb_varmageddon,55.0000,vihtavuori_n130,84,23.1000,3212,25.000,12.0000,2.2600,no
223_rem,0.2245,ballistic_tip_varmint,60.0000,vihtavuori_n130,84,22.4000,3054,25.000,12.0000,2.2600,no
223_rem,0.2245,fbhp_varmageddon,62.0000,vihtavuori_n130,84,21.8000,2963,25.000,12.0000,2.1970,no
223_rem,0.2245,fbhp_varmageddon,62.0000,vihtavuori_n133,89,23.1000,3022,25.000,12.0000,2.1970,no
223_rem,0.2245,rdf,70.0000,vihtavuori_n133,89,22.8000,2917,25.000,12.0000,2.2600,no
223_rem,0.2245,rdf,70.0000,vihtavuori_n135,102,23.8000,2956,25.000,12.0000,2.2600,no
223_rem,0.2245,rdf,70.0000,vihtavuori_n540,117,25.8000,3022,25.000,12.0000,2.2600,no
223_rem,0.2245,custom_competition,77.0000,vihtavuori_n135,102,22.8000,2759,25.000,12.0000,2.2600,no
223_rem,0.2245,custom_competition,77.0000,vihtavuori_n540,117,25.2000,2864,25.000,12.0000,2.2600,no
223_rem,0.2245,blade_648g,55.0000,vihtavuori_n130,84,21.1000,2867,25.000,12.0000,2.2480,no
223_rem,0.2245,blade_648g,55.0000,vihtavuori_n133,89,19.3000,2789,25.000,12.0000,2.2480,no
223_rem,0.2245,blade_648g,55.0000,vihtavuori_n135,102,22.4000,2900,25.000,12.0000,2.2480,no
223_rem,0.2245,blade_648g,55.0000,vihtavuori_n140,112,25.9000,2995,25.000,12.0000,2.2480,no
223_rem,0.2245,blitzking,50.0000,vihtavuori_n130,84,21.1000,3091,25.000,12.0000,2.2600,no
223_rem,0.2245,blitzking,50.0000,vihtavuori_n133,89,23.3000,3176,25.000,12.0000,2.2600,no
223_rem,0.2245,blitzking,50.0000,vihtavuori_n530,100,23.1000,3114,25.000,12.0000,2.2600,no
223_rem,0.2245,blitzking,50.0000,vihtavuori_n135,102,24.2000,3199,25.000,12.0000,2.2600,no
223_rem,0.2245,blitzking,50.0000,vihtavuori_n140,112,25.5000,3120,25.000,12.0000,2.2600,no
223_rem,0.2245,spitzer,50.0000,vihtavuori_n130,84,21.6000,3087,25.000,12.0000,2.2480,no
223_rem,0.2245,spitzer,50.0000,vihtavuori_n133,89,22.7000,3133,25.000,12.0000,2.2480,no
223_rem,0.2245,spitzer,50.0000,vihtavuori_n135,102,23.9000,3156,25.000,12.0000,2.2480,no
223_rem,0.2245,spitzer,50.0000,vihtavuori_n140,112,26.2000,3179,25.000,12.0000,2.2480,no
223_rem,0.2245,spitzer,50.0000,vihtavuori_n540,117,26.2000,3153,25.000,12.0000,2.2480,no
223_rem,0.2245,hpbt,52.0000,vihtavuori_n130,84,21.1000,3071,25.000,12.0000,2.2440,no
223_rem,0.2245,hpbt,52.0000,vihtavuori_n133,89,22.5000,3110,25.000,12.0000,2.2440,no
223_rem,0.2245,hpbt,52.0000,vihtavuori_n135,102,23.8000,3140,25.000,12.0000,2.2440,no
223_rem,0.2245,varminter_hp,60.0000,vihtavuori_n130,84,20.1000,2782,25.000,12.0000,2.2360,no
223_rem,0.2245,varminter_hp,60.0000,vihtavuori_n133,89,20.8000,2808,25.000,12.0000,2.2360,no
223_rem,0.2245,varminter_hp,60.0000,vihtavuori_n135,102,21.8000,2841,25.000,12.0000,2.2360,no
223_rem,0.2245,varminter_hp,60.0000,vihtavuori_n140,112,24.2000,2890,25.000,12.0000,2.2360,no
223_rem,0.2245,varminter_hp,60.0000,vihtavuori_n540,117,24.7000,2877,25.000,12.0000,2.2360,no
223_rem,0.2245,sbt,65.0000,vihtavuori_n130,84,19.0000,2687,25.000,12.0000,2.2440,no
223_rem,0.2245,sbt,65.0000,vihtavuori_n133,89,20.7000,2733,25.000,12.0000,2.2440,no
223_rem,0.2245,sbt,65.0000,vihtavuori_n135,102,21.6000,2766,25.000,12.0000,2.2440,no
223_rem,0.2245,sbt,65.0000,vihtavuori_n140,112,23.8000,2808,25.000,12.0000,2.2440,no
223_rem,0.2245,sbt,65.0000,vihtavuori_n540,117,23.5000,2769,25.000,12.0000,2.2440,no
223_rem,0.2245,hpbt,69.0000,vihtavuori_n133,89,20.7000,2598,25.000,12.0000,2.2440,no
223_rem,0.2245,hpbt,69.0000,vihtavuori_n135,102,21.6000,2638,25.000,12.0000,2.2440,no
223_rem,0.2245,hpbt,69.0000,vihtavuori_n140,112,23.6000,2690,25.000,12.0000,2.2440,no
223_rem,0.2245,hpbt,69.0000,vihtavuori_n540,117,24.1000,2703,25.000,12.0000,2.2440,no
223_rem,0.2245,hpbt,77.0000,vihtavuori_n530,100,19.8000,2336,25.000,12.0000,2.2600,no
223_rem,0.2245,hpbt,77.0000,vihtavuori_n135,102,19.6000,2316,25.000,12.0000,2.2600,no
223_rem,0.2245,hpbt,77.0000,vihtavuori_n140,112,21.0000,2336,25.000,12.0000,2.2600,no
223_rem,0.2245,hpbt,77.0000,vihtavuori_n540,117,22.7000,2428,25.000,12.0000,2.2600,no
223_rem,0.2245,tmk,77.0000,vihtavuori_n530,100,20.2000,2441,25.000,12.0000,2.2600,no
223_rem,0.2245,tmk,77.0000,vihtavuori_n135,102,19.9000,2375,25.000,12.0000,2.2600,no
223_rem,0.2245,tmk,77.0000,vihtavuori_n140,112,22.2000,2441,25.000,12.0000,2.2600,no
223_rem,0.2245,tmk,77.0000,vihtavuori_n540,117,22.5000,2477,25.000,12.0000,2.2600,no
223_rem,0.2245,hpbt,80.0000,vihtavuori_n530,100,20.0000,2339,25.000,12.0000,2.5510,no
223_rem,0.2245,hpbt,80.0000,vihtavuori_n135,102,18.8000,2333,25.000,12.0000,2.5510,no
223_rem,0.2245,hpbt,80.0000,vihtavuori_n140,112,20.7000,2395,25.000,12.0000,2.5510,no
223_rem,0.2245,hpbt,80.0000,vihtavuori_n540,117,21.4000,2395,25.000,12.0000,2.5510,no
223_rem,0.2245,hpbt,90.0000,vihtavuori_n140,112,19.3000,2100,25.000,12.0000,2.3540,no
223_rem,0.2245,hpbt,90.0000,vihtavuori_n540,117,20.7000,2224,25.000,12.0000,2.3540,no
223_rem,0.2245,hpbt,90.0000,vihtavuori_n150,124,19.1000,2126,25.000,12.0000,2.3540,no
223_rem,0.2245,blitzking,50.0000,vihtavuori_n130,84,23.0000,3356,25.000,12.0000,2.2600,no
223_rem,0.2245,blitzking,50.0000,vihtavuori_n133,89,25.3000,3448,25.000,12.0000,2.2600,no
223_rem,0.2245,blitzking,50.0000,vihtavuori_n530,100,25.3000,3406,25.000,12.0000,2.2600,no
223_rem,0.2245,blitzking,50.0000,vihtavuori_n135,102,26.2000,3471,25.000,12.0000,2.2600,no
223_rem,0.2245,spitzer,50.0000,vihtavuori_n130,84,23.8000,3369,25.000,12.0000,2.2480,no
223_rem,0.2245,spitzer,50.0000,vihtavuori_n133,89,25.5000,3425,25.000,12.0000,2.2480,no
223_rem,0.2245,hpbt,52.0000,vihtavuori_n130,84,23.8000,3373,25.000,12.0000,2.2440,no
223_rem,0.2245,hpbt,52.0000,vihtavuori_n133,89,25.0000,3389,25.000,12.0000,2.2440,no
223_rem,0.2245,varminter_hp,60.0000,vihtavuori_n130,84,22.2000,3035,25.000,12.0000,2.2360,no
223_rem,0.2245,varminter_hp,60.0000,vihtavuori_n133,89,23.5000,3084,25.000,12.0000,2.2360,no
223_rem,0.2245,sbt,65.0000,vihtavuori_n130,84,21.0000,2927,25.000,12.0000,2.2440,no
223_rem,0.2245,sbt,65.0000,vihtavuori_n133,89,22.7000,2989,25.000,12.0000,2.2440,no
223_rem,0.2245,sbt,65.0000,vihtavuori_n135,102,23.8000,3025,25.000,12.0000,2.2440,no
223_rem,0.2245,sbt,65.0000,vihtavuori_n140,112,25.6000,3054,25.000,12.0000,2.2440,no
223_rem,0.2245,sbt,65.0000,vihtavuori_n540,117,25.6000,3058,25.000,12.0000,2.2440,no
223_rem,0.2245,hpbt,69.0000,vihtavuori_n133,89,22.8000,2844,25.000,12.0000,2.2440,no
223_rem,0.2245,hpbt,69.0000,vihtavuori_n135,102,23.8000,2871,25.000,12.0000,2.2440,no
223_rem,0.2245,hpbt,69.0000,vihtavuori_n140,112,25.9000,2943,25.000,12.0000,2.2440,no
223_rem,0.2245,hpbt,69.0000,vihtavuori_n540,117,26.4000,2986,25.000,12.0000,2.2440,no
223_rem,0.2245,hpbt,77.0000,vihtavuori_n530,100,22.1000,2608,25.000,12.0000,2.2600,no
223_rem,0.2245,hpbt,77.0000,vihtavuori_n135,102,22.5000,2595,25.000,12.0000,2.2600,no
223_rem,0.2245,hpbt,77.0000,vihtavuori_n140,112,24.7000,2657,25.000,12.0000,2.2600,no
223_rem,0.2245,hpbt,77.0000,vihtavuori_n540,117,25.3000,2717,25.000,12.0000,2.2600,no
223_rem,0.2245,tmk,77.0000,vihtavuori_n530,100,22.7000,2789,25.000,12.0000,2.2600,no
223_rem,0.2245,tmk,77.0000,vihtavuori_n135,102,23.0000,2707,25.000,12.0000,2.2600,no
223_rem,0.2245,tmk,77.0000,vihtavuori_n140,112,25.5000,2795,25.000,12.0000,2.2600,no
223_rem,0.2245,tmk,77.0000,vihtavuori_n540,117,25.2000,2854,25.000,12.0000,2.2600,no
223_rem,0.2245,hpbt,80.0000,vihtavuori_n530,100,23.1000,2630,25.000,12.0000,2.5510,no
223_rem,0.2245,hpbt,80.0000,vihtavuori_n135,102,21.6000,2587,25.000,12.0000,2.5510,no
223_rem,0.2245,hpbt,80.0000,vihtavuori_n140,112,23.0000,2646,25.000,12.0000,2.5510,no
223_rem,0.2245,hpbt,80.0000,vihtavuori_n540,117,23.7000,2652,25.000,12.0000,2.5510,no
223_rem,0.2245,hpbt,90.0000,vihtavuori_n140,112,22.2000,2434,25.000,12.0000,2.3540,no
223_rem,0.2245,hpbt,90.0000,vihtavuori_n540,117,23.5000,2500,25.000,12.0000,2.3540,no
223_rem,0.2245,hpbt,90.0000,vihtavuori_n150,124,22.8000,2454,25.000,12.0000,2.3540,no
223_rem,0.2245,spire_point,40.0000,vihtavuori_n120,81,19.0000,3159,25.000,12.0000,2.0750,no
223_rem,0.2245,spire_point,40.0000,vihtavuori_n130,84,22.5000,3386,25.000,12.0000,2.0750,no
223_rem,0.2245,spire_point,40.0000,vihtavuori_n133,89,23.8000,3402,25.000,12.0000,2.0750,no
223_rem,0.2245,spitzer,45.0000,vihtavuori_n120,81,19.3000,3061,25.000,12.0000,2.1260,no
223_rem,0.2245,spitzer,45.0000,vihtavuori_n130,84,22.2000,3251,25.000,12.0000,2.1260,no
223_rem,0.2245,spitzer,45.0000,vihtavuori_n133,89,23.3000,3238,25.000,12.0000,2.1260,no
223_rem,0.2245,spitzer,45.0000,vihtavuori_n135,102,25.3000,3314,25.000,12.0000,2.1260,no
223_rem,0.2245,tnt_hp,50.0000,vihtavuori_n120,81,19.3000,2989,25.000,12.0000,2.2440,no
223_rem,0.2245,tnt_hp,50.0000,vihtavuori_n130,84,22.1000,3107,25.000,12.0000,2.2440,no
223_rem,0.2245,tnt_hp,50.0000,vihtavuori_n133,89,24.1000,3248,25.000,12.0000,2.2440,no
223_rem,0.2245,tnt_hp,50.0000,vihtavuori_n135,102,25.5000,3278,25.000,12.0000,2.2440,no
223_rem,0.2245,fmjbt,62.0000,vihtavuori_n530,100,22.1000,2825,25.000,12.0000,2.2600,no
223_rem,0.2245,fmjbt,62.0000,vihtavuori_n135,102,22.1000,2795,25.000,12.0000,2.2600,no
223_rem,0.2245,fmjbt,62.0000,vihtavuori_n140,112,25.0000,2956,25.000,12.0000,2.2600,no
223_rem,0.2245,spire_point,40.0000,vihtavuori_n120,81,23.0000,3668,25.000,12.0000,2.0750,no
223_rem,0.2245,spire_point,40.0000,vihtavuori_n130,84,25.5000,3763,25.000,12.0000,2.0750,no
223_rem,0.2245,spitzer,45.0000,vihtavuori_n120,81,22.8000,3517,25.000,12.0000,2.1260,no
223_rem,0.2245,spitzer,45.0000,vihtavuori_n130,84,25.0000,3583,25.000,12.0000,2.1260,no
223_rem,0.2245,tnt_hp,50.0000,vihtavuori_n120,81,22.7000,3399,25.000,12.0000,2.2440,no
223_rem,0.2245,tnt_hp,50.0000,vihtavuori_n130,84,24.5000,3432,25.000,12.0000,2.2440,no
223_rem,0.2245,fmjbt,62.0000,vihtavuori_n530,100,24.1000,3127,25.000,12.0000,2.2600,no
223_rem,0.2245,fmjbt,62.0000,vihtavuori_n135,102,24.7000,3091,25.000,12.0000,2.2600,no
223_rem,0.2245,scirocco_ii,62.0000,vihtavuori_n530,100,21.1000,2661,25.000,12.0000,2.2600,no
223_rem,0.2245,scirocco_ii,62.0000,vihtavuori_n135,102,21.0000,2572,25.000,12.0000,2.2600,no
223_rem,0.2245,scirocco_ii,62.0000,vihtavuori_n140,112,23.5000,2638,25.000,12.0000,2.2600,no
223_rem,0.2245,scirocco_ii,62.0000,vihtavuori_n540,117,23.8000,2720,25.000,12.0000,2.2600,no
223_rem,0.2245,scirocco_ii,75.0000,vihtavuori_n530,100,19.8000,2323,25.000,12.0000,2.2600,no
223_rem,0.2245,scirocco_ii,75.0000,vihtavuori_n135,102,19.0000,2290,25.000,12.0000,2.2600,no
223_rem,0.2245,scirocco_ii,75.0000,vihtavuori_n140,112,21.8000,2356,25.000,12.0000,2.2600,no
223_rem,0.2245,scirocco_ii,75.0000,vihtavuori_n540,117,22.1000,2438,25.000,12.0000,2.2600,no
223_rem,0.2245,scirocco_ii,62.0000,vihtavuori_n530,100,23.8000,2982,25.000,12.0000,2.2600,no
223_rem,0.2245,scirocco_ii,62.0000,vihtavuori_n135,102,24.4000,2972,25.000,12.0000,2.2600,no
223_rem,0.2245,scirocco_ii,62.0000,vihtavuori_n140,112,26.7000,3015,25.000,12.0000,2.2600,no
223_rem,0.2245,scirocco_ii,62.0000,vihtavuori_n540,117,26.5000,3087,25.000,12.0000,2.2600,no
223_rem,0.2245,scirocco_ii,75.0000,vihtavuori_n530,100,22.4000,2671,25.000,12.0000,2.2600,no
223_rem,0.2245,scirocco_ii,75.0000,vihtavuori_n135,102,22.4000,2608,25.000,12.0000,2.2600,no
223_rem,0.2245,scirocco_ii,75.0000,vihtavuori_n140,112,25.0000,2674,25.000,12.0000,2.2600,no
223_rem,0.2245,scirocco_ii,75.0000,vihtavuori_n540,117,25.3000,2776,25.000,12.0000,2.2600,no
223_rem,0.2240,varmint_grenade,30.0000,ramshot_xterminator,92,26.1000,3687,24.000,12.0000,2.1000,no
223_rem,0.2240,varmint_grenade,30.0000,accurate_2230,93,26.1000,3687,24.000,12.0000,2.1000,no
223_rem,0.2240,varmint_grenade,30.0000,accurate_2200,76,24.9000,3833,24.000,12.0000,2.1000,no
223_rem,0.2240,varmint_grenade,30.0000,accurate_2015br,86,22.9000,3450,24.000,12.0000,2.1000,no
223_rem,0.2240,varmint_grenade,30.0000,ramshot_xterminator,92,29.0000,4029,24.000,12.0000,2.1000,no
223_rem,0.2240,varmint_grenade,30.0000,accurate_2230,93,29.0000,4029,24.000,12.0000,2.1000,no
223_rem,0.2240,varmint_grenade,30.0000,accurate_2200,76,27.7000,4189,24.000,12.0000,2.1000,no
223_rem,0.2240,varmint_grenade,30.0000,accurate_2015br,86,25.4000,3771,24.000,12.0000,2.1000,no
224_valkyrie,0.2245,custom_comp_hpbt,69.0000,vihtavuori_n150,124,27.0000,2969,24.000,7.0000,2.1890,yes
224_valkyrie,0.2245,matchking,69.0000,vihtavuori_n550,129,28.1000,2982,24.000,7.0000,2.1570,yes
224_valkyrie,0.2245,eld_match,88.0000,vihtavuori_n555,144,26.2000,2474,24.000,7.0000,2.2600,yes
224_valkyrie,0.2245,v_max,53.0000,vihtavuori_n133,89,22.8000,3022,24.000,7.0000,2.2050,no
224_valkyrie,0.2245,v_max,53.0000,vihtavuori_n135,102,23.9000,3061,24.000,7.0000,2.2050,no
224_valkyrie,0.2245,v_max,53.0000,vihtavuori_n140,112,25.8000,3100,24.000,7.0000,2.2050,no
224_valkyrie,0.2245,ttsx_bt,62.0000,vihtavuori_n133,89,20.8000,2677,24.000,7.0000,2.1650,no
224_valkyrie,0.2245,ttsx_bt,62.0000,vihtavuori_n135,102,21.5000,2710,24.000,7.0000,2.1650,no
224_valkyrie,0.2245,ttsx_bt,62.0000,vihtavuori_n140,112,24.4000,2805,24.000,7.0000,2.1650,no
224_valkyrie,0.2245,ttsx_bt,62.0000,vihtavuori_n540,117,25.5000,2874,24.000,7.0000,2.1650,no
224_valkyrie,0.2245,ttsx_bt,62.0000,vihtavuori_n150,124,23.9000,2785,24.000,7.0000,2.1650,no
224_valkyrie,0.2245,sbt,65.0000,vihtavuori_n133,89,20.5000,2677,24.000,7.0000,2.1460,no
224_valkyrie,0.2245,sbt,65.0000,vihtavuori_n135,102,21.1000,2677,24.000,7.0000,2.1460,no
224_valkyrie,0.2245,sbt,65.0000,vihtavuori_n140,112,23.5000,2779,24.000,7.0000,2.1460,no
224_valkyrie,0.2245,sbt,65.0000,vihtavuori_n540,117,24.4000,2844,24.000,7.0000,2.1460,no
224_valkyrie,0.2245,sbt,65.0000,vihtavuori_n150,124,23.5000,2779,24.000,7.0000,2.1460,no
224_valkyrie,0.2245,sbt,65.0000,vihtavuori_n550,129,26.4000,2884,24.000,7.0000,2.1460,no
224_valkyrie,0.2245,otm_scenar_l,69.0000,vihtavuori_n133,89,20.4000,2612,24.000,7.0000,2.1420,no
224_valkyrie,0.2245,otm_scenar_l,69.0000,vihtavuori_n530,100,20.8000,2608,24.000,7.0000,2.1420,no
224_valkyrie,0.2245,otm_scenar_l,69.0000,vihtavuori_n135,102,22.2000,2703,24.000,7.0000,2.1420,no
224_valkyrie,0.2245,otm_scenar_l,69.0000,vihtavuori_n140,112,23.9000,2740,24.000,7.0000,2.1420,no
224_valkyrie,0.2245,otm_scenar_l,69.0000,vihtavuori_n540,117,24.1000,2753,24.000,7.0000,2.1420,no
224_valkyrie,0.2245,otm_scenar_l,69.0000,vihtavuori_n150,124,23.1000,2657,24.000,7.0000,2.1420,no
224_valkyrie,0.2245,otm_scenar_l,69.0000,vihtavuori_n550,129,25.9000,2756,24.000,7.0000,2.1420,no
224_valkyrie,0.2245,custom_comp_hpbt,69.0000,vihtavuori_n133,89,21.6000,2684,24.000,7.0000,2.1890,no
224_valkyrie,0.2245,custom_comp_hpbt,69.0000,vihtavuori_n135,102,22.7000,2717,24.000,7.0000,2.1890,no
224_valkyrie,0.2245,custom_comp_hpbt,69.0000,vihtavuori_n140,112,25.2000,2799,24.000,7.0000,2.1890,no
224_valkyrie,0.2245,custom_comp_hpbt,69.0000,vihtavuori_n540,117,25.9000,2861,24.000,7.0000,2.1890,no
224_valkyrie,0.2245,custom_comp_hpbt,69.0000,vihtavuori_n150,124,25.2000,2795,24.000,7.0000,2.1890,no
224_valkyrie,0.2245,matchking,69.0000,vihtavuori_n133,89,20.5000,2680,24.000,7.0000,2.1570,no
224_valkyrie,0.2245,matchking,69.0000,vihtavuori_n135,102,22.4000,2733,24.000,7.0000,2.1570,no
224_valkyrie,0.2245,matchking,69.0000,vihtavuori_n140,112,24.4000,2772,24.000,7.0000,2.1570,no
224_valkyrie,0.2245,matchking,69.0000,vihtavuori_n540,117,24.7000,2802,24.000,7.0000,2.1570,no
224_valkyrie,0.2245,matchking,69.0000,vihtavuori_n150,124,24.4000,2782,24.000,7.0000,2.1570,no
224_valkyrie,0.2245,matchking,69.0000,vihtavuori_n550,129,26.2000,2776,24.000,7.0000,2.1570,no
224_valkyrie,0.2245,gmx,70.0000,vihtavuori_n135,102,20.4000,2493,24.000,7.0000,2.1970,no
224_valkyrie,0.2245,gmx,70.0000,vihtavuori_n140,112,21.9000,2562,24.000,7.0000,2.1970,no
224_valkyrie,0.2245,gmx,70.0000,vihtavuori_n150,124,21.3000,2470,24.000,7.0000,2.1970,no
224_valkyrie,0.2245,gmx,70.0000,vihtavuori_n550,129,23.9000,2618,24.000,7.0000,2.1970,no
224_valkyrie,0.2245,otm_scenar_l,77.0000,vihtavuori_n135,102,20.1000,2451,24.000,7.0000,2.1850,no
224_valkyrie,0.2245,otm_scenar_l,77.0000,vihtavuori_n140,112,22.1000,2516,24.000,7.0000,2.1850,no
224_valkyrie,0.2245,otm_scenar_l,77.0000,vihtavuori_n540,117,23.1000,2618,24.000,7.0000,2.1850,no
224_valkyrie,0.2245,otm_scenar_l,77.0000,vihtavuori_n150,124,22.4000,2543,24.000,7.0000,2.1850,no
224_valkyrie,0.2245,otm_scenar_l,77.0000,vihtavuori_n550,129,24.2000,2569,24.000,7.0000,2.1850,no
224_valkyrie,0.2245,vld_target,80.0000,vihtavuori_n135,102,20.1000,2421,24.000,7.0000,2.2600,no
224_valkyrie,0.2245,vld_target,80.0000,vihtavuori_n140,112,21.6000,2477,24.000,7.0000,2.2600,no
224_valkyrie,0.2245,vld_target,80.0000,vihtavuori_n540,117,22.4000,2533,24.000,7.0000,2.2600,no
224_valkyrie,0.2245,vld_target,80.0000,vihtavuori_n150,124,20.8000,2461,24.000,7.0000,2.2600,no
224_valkyrie,0.2245,vld_target,80.0000,vihtavuori_n550,129,24.2000,2595,24.000,7.0000,2.2600,no
224_valkyrie,0.2245,custom_comp_hpbt,80.0000,vihtavuori_n135,102,20.8000,2431,24.000,7.0000,2.2600,no
224_valkyrie,0.2245,custom_comp_hpbt,80.0000,vihtavuori_n140,112,23.0000,2530,24.000,7.0000,2.2600,no
224_valkyrie,0.2245,custom_comp_hpbt,80.0000,vihtavuori_n540,117,24.4000,2648,24.000,7.0000,2.2600,no
224_valkyrie,0.2245,custom_comp_hpbt,80.0000,vihtavuori_n150,124,23.1000,2559,24.000,7.0000,2.2600,no
224_valkyrie,0.2245,custom_comp_hpbt,80.0000,vihtavuori_n550,129,25.5000,2654,24.000,7.0000,2.2600,no
224_valkyrie,0.2245,long_range_hybrid_target,85.5000,vihtavuori_n135,102,20.8000,2418,24.000,7.0000,2.2600,no
224_valkyrie,0.2245,long_range_hybrid_target,85.5000,vihtavuori_n140,112,22.2000,2451,24.000,7.0000,2.2600,no
224_valkyrie,0.2245,long_range_hybrid_target,85.5000,vihtavuori_n540,117,22.8000,2480,24.000,7.0000,2.2600,no
224_valkyrie,0.2245,long_range_hybrid_target,85.5000,vihtavuori_n150,124,22.4000,2457,24.000,7.0000,2.2600,no
224_valkyrie,0.2245,long_range_hybrid_target,85.5000,vihtavuori_n550,129,24.7000,2556,24.000,7.0000,2.2600,no
224_valkyrie,0.2245,eld_match,88.0000,vihtavuori_n530,100,20.1000,2343,24.000,7.0000,2.2600,no
224_valkyrie,0.2245,eld_match,88.0000,vihtavuori_n135,102,20.2000,2329,24.000,7.0000,2.2600,no
224_valkyrie,0.2245,eld_match,88.0000,vihtavuori_n140,112,21.3000,2343,24.000,7.0000,2.2600,no
224_valkyrie,0.2245,eld_match,88.0000,vihtavuori_n540,117,22.4000,2425,24.000,7.0000,2.2600,no
224_valkyrie,0.2245,eld_match,88.0000,vihtavuori_n150,124,21.9000,2379,24.000,7.0000,2.2600,no
224_valkyrie,0.2245,eld_match,88.0000,vihtavuori_n550,129,23.9000,2467,24.000,7.0000,2.2600,no
224_valkyrie,0.2245,eld_match,88.0000,vihtavuori_n555,144,25.5000,2405,24.000,7.0000,2.2600,no
224_valkyrie,0.2245,vld_target,90.0000,vihtavuori_n135,102,20.8000,2339,24.000,7.0000,2.2600,no
224_valkyrie,0.2245,vld_target,90.0000,vihtavuori_n140,112,21.6000,2329,24.000,7.0000,2.2600,no
224_valkyrie,0.2245,vld_target,90.0000,vihtavuori_n540,117,22.4000,2434,24.000,7.0000,2.2600,no
224_valkyrie,0.2245,vld_target,90.0000,vihtavuori_n150,124,21.6000,2346,24.000,7.0000,2.2600,no
224_valkyrie,0.2245,vld_target,90.0000,vihtavuori_n550,129,24.1000,2451,24.000,7.0000,2.2600,no
224_valkyrie,0.2245,v_max,53.0000,vihtavuori_n133,89,24.7000,3228,24.000,7.0000,2.2050,no
224_valkyrie,0.2245,v_max,53.0000,vihtavuori_n135,102,25.9000,3281,24.000,7.0000,2.2050,no
224_valkyrie,0.2245,v_max,53.0000,vihtavuori_n140,112,27.9000,3317,24.000,7.0000,2.2050,no
224_valkyrie,0.2245,ttsx_bt,62.0000,vihtavuori_n133,89,22.5000,2877,24.000,7.0000,2.1650,no
224_valkyrie,0.2245,ttsx_bt,62.0000,vihtavuori_n135,102,23.9000,2943,24.000,7.0000,2.1650,no
224_valkyrie,0.2245,ttsx_bt,62.0000,vihtavuori_n140,112,26.5000,3035,24.000,7.0000,2.1650,no
224_valkyrie,0.2245,ttsx_bt,62.0000,vihtavuori_n540,117,27.2000,3091,24.000,7.0000,2.1650,no
224_valkyrie,0.2245,ttsx_bt,62.0000,vihtavuori_n150,124,26.5000,3012,24.000,7.0000,2.1650,no
224_valkyrie,0.2245,sbt,65.0000,vihtavuori_n133,89,22.4000,2861,24.000,7.0000,2.1460,no
224_valkyrie,0.2245,sbt,65.0000,vihtavuori_n135,102,23.6000,2897,24.000,7.0000,2.1460,no
224_valkyrie,0.2245,sbt,65.0000,vihtavuori_n140,112,25.6000,2979,24.000,7.0000,2.1460,no
224_valkyrie,0.2245,sbt,65.0000,vihtavuori_n540,117,26.5000,3051,24.000,7.0000,2.1460,no
224_valkyrie,0.2245,sbt,65.0000,vihtavuori_n150,124,25.9000,2989,24.000,7.0000,2.1460,no
224_valkyrie,0.2245,sbt,65.0000,vihtavuori_n550,129,28.2000,3091,24.000,7.0000,2.1460,no
224_valkyrie,0.2245,otm_scenar_l,69.0000,vihtavuori_n133,89,22.1000,2792,24.000,7.0000,2.1420,no
224_valkyrie,0.2245,otm_scenar_l,69.0000,vihtavuori_n530,100,22.8000,2858,24.000,7.0000,2.1420,no
224_valkyrie,0.2245,otm_scenar_l,69.0000,vihtavuori_n135,102,23.6000,2877,24.000,7.0000,2.1420,no
224_valkyrie,0.2245,otm_scenar_l,69.0000,vihtavuori_n140,112,25.5000,2917,24.000,7.0000,2.1420,no
224_valkyrie,0.2245,otm_scenar_l,69.0000,vihtavuori_n540,117,25.0000,2904,24.000,7.0000,2.1420,no
224_valkyrie,0.2245,otm_scenar_l,69.0000,vihtavuori_n150,124,25.5000,2894,24.000,7.0000,2.1420,no
224_valkyrie,0.2245,otm_scenar_l,69.0000,vihtavuori_n550,129,27.2000,2930,24.000,7.0000,2.1420,no
224_valkyrie,0.2245,custom_comp_hpbt,69.0000,vihtavuori_n133,89,23.5000,2864,24.000,7.0000,2.1890,no
224_valkyrie,0.2245,custom_comp_hpbt,69.0000,vihtavuori_n135,102,24.8000,2907,24.000,7.0000,2.1890,no
224_valkyrie,0.2245,custom_comp_hpbt,69.0000,vihtavuori_n140,112,27.0000,2999,24.000,7.0000,2.1890,no
224_valkyrie,0.2245,custom_comp_hpbt,69.0000,vihtavuori_n540,117,27.5000,3058,24.000,7.0000,2.1890,no
224_valkyrie,0.2245,matchking,69.0000,vihtavuori_n133,89,22.4000,2822,24.000,7.0000,2.1570,no
224_valkyrie,0.2245,matchking,69.0000,vihtavuori_n135,102,23.5000,2858,24.000,7.0000,2.1570,no
224_valkyrie,0.2245,matchking,69.0000,vihtavuori_n140,112,26.2000,2963,24.000,7.0000,2.1570,no
224_valkyrie,0.2245,matchking,69.0000,vihtavuori_n540,117,26.2000,2989,24.000,7.0000,2.1570,no
224_valkyrie,0.2245,matchking,69.0000,vihtavuori_n150,124,26.2000,2966,24.000,7.0000,2.1570,no
224_valkyrie,0.2245,gmx,70.0000,vihtavuori_n135,102,22.2000,2703,24.000,7.0000,2.1970,no
224_valkyrie,0.2245,gmx,70.0000,vihtavuori_n140,112,24.1000,2785,24.000,7.0000,2.1970,no
224_valkyrie,0.2245,gmx,70.0000,vihtavuori_n150,124,23.5000,2687,24.000,7.0000,2.1970,no
224_valkyrie,0.2245,gmx,70.0000,vihtavuori_n550,129,25.6000,2808,24.000,7.0000,2.1970,no
224_valkyrie,0.2245,otm_scenar_l,77.0000,vihtavuori_n135,102,21.9000,2625,24.000,7.0000,2.1850,no
224_valkyrie,0.2245,otm_scenar_l,77.0000,vihtavuori_n140,112,23.8000,2687,24.000,7.0000,2.1850,no
224_valkyrie,0.2245,otm_scenar_l,77.0000,vihtavuori_n540,117,24.1000,2746,24.000,7.0000,2.1850,no
224_valkyrie,0.2245,otm_scenar_l,77.0000,vihtavuori_n150,124,23.6000,2680,24.000,7.0000,2.1850,no
224_valkyrie,0.2245,otm_scenar_l,77.0000,vihtavuori_n550,129,26.2000,2776,24.000,7.0000,2.1850,no
224_valkyrie,0.2245,vld_target,80.0000,vihtavuori_n135,102,21.8000,2562,24.000,7.0000,2.2600,no
224_valkyrie,0.2245,vld_target,80.0000,vihtavuori_n140,112,23.5000,2644,24.000,7.0000,2.2600,no
224_valkyrie,0.2245,vld_target,80.0000,vihtavuori_n540,117,24.1000,2726,24.000,7.0000,2.2600,no
224_valkyrie,0.2245,vld_target,80.0000,vihtavuori_n150,124,23.5000,2631,24.000,7.0000,2.2600,no
224_valkyrie,0.2245,vld_target,80.0000,vihtavuori_n550,129,26.1000,2785,24.000,7.0000,2.2600,no
224_valkyrie,0.2245,custom_comp_hpbt,80.0000,vihtavuori_n135,102,22.7000,2625,24.000,7.0000,2.2600,no
224_valkyrie,0.2245,custom_comp_hpbt,80.0000,vihtavuori_n140,112,24.5000,2700,24.000,7.0000,2.2600,no
224_valkyrie,0.2245,custom_comp_hpbt,80.0000,vihtavuori_n540,117,25.9000,2828,24.000,7.0000,2.2600,no
224_valkyrie,0.2245,custom_comp_hpbt,80.0000,vihtavuori_n150,124,25.0000,2730,24.000,7.0000,2.2600,no
224_valkyrie,0.2245,custom_comp_hpbt,80.0000,vihtavuori_n550,129,27.2000,2831,24.000,7.0000,2.2600,no
224_valkyrie,0.2245,long_range_hybrid_target,85.5000,vihtavuori_n135,102,21.6000,2487,24.000,7.0000,2.2600,no
224_valkyrie,0.2245,long_range_hybrid_target,85.5000,vihtavuori_n140,112,23.9000,2605,24.000,7.0000,2.2600,no
224_valkyrie,0.2245,long_range_hybrid_target,85.5000,vihtavuori_n540,117,24.1000,2651,24.000,7.0000,2.2600,no
224_valkyrie,0.2245,long_range_hybrid_target,85.5000,vihtavuori_n150,124,23.8000,2592,24.000,7.0000,2.2600,no
224_valkyrie,0.2245,long_range_hybrid_target,85.5000,vihtavuori_n550,129,25.9000,2707,24.000,7.0000,2.2600,no
224_valkyrie,0.2245,eld_match,88.0000,vihtavuori_n530,100,21.6000,2523,24.000,7.0000,2.2600,no
224_valkyrie,0.2245,eld_match,88.0000,vihtavuori_n135,102,21.6000,2464,24.000,7.0000,2.2600,no
224_valkyrie,0.2245,eld_match,88.0000,vihtavuori_n140,112,23.5000,2556,24.000,7.0000,2.2600,no
224_valkyrie,0.2245,eld_match,88.0000,vihtavuori_n540,117,24.4000,2635,24.000,7.0000,2.2600,no
224_valkyrie,0.2245,eld_match,88.0000,vihtavuori_n150,124,23.9000,2559,24.000,7.0000,2.2600,no
224_valkyrie,0.2245,eld_match,88.0000,vihtavuori_n550,129,25.6000,2657,24.000,7.0000,2.2600,no
224_valkyrie,0.2245,vld_target,90.0000,vihtavuori_n135,102,21.5000,2408,24.000,7.0000,2.2600,no
224_valkyrie,0.2245,vld_target,90.0000,vihtavuori_n140,112,23.3000,2516,24.000,7.0000,2.2600,no
224_valkyrie,0.2245,vld_target,90.0000,vihtavuori_n540,117,23.8000,2579,24.000,7.0000,2.2600,no
224_valkyrie,0.2245,vld_target,90.0000,vihtavuori_n150,124,23.5000,2523,24.000,7.0000,2.2600,no
224_valkyrie,0.2245,vld_target,90.0000,vihtavuori_n550,129,25.3000,2618,24.000,7.0000,2.2600,no
243_win,0.2430,elite_hunter,108.0000,vihtavuori_n565,156,45.4000,2766,23.000,10.0000,2.7090,yes
243_win,0.2430,v_max,65.0000,vihtavuori_n555,144,47.8000,3373,23.000,10.0000,2.7010,yes
243_win,0.2430,v_max,65.0000,vihtavuori_n160,143,49.8000,3435,23.000,10.0000,2.7010,yes
243_win,0.2430,v_max,75.0000,vihtavuori_n555,144,46.9000,3340,23.000,10.0000,2.6300,yes
243_win,0.2430,tsx,85.0000,vihtavuori_n540,117,33.8000,2812,23.000,10.0000,2.6380,no
243_win,0.2430,tsx,85.0000,vihtavuori_n150,124,33.2000,2717,23.000,10.0000,2.6380,no
243_win,0.2430,tsx,85.0000,vihtavuori_n550,129,39.5000,3064,23.000,10.0000,2.6380,no
243_win,0.2430,tsx,85.0000,vihtavuori_n160,143,40.9000,2822,23.000,10.0000,2.6380,no
243_win,0.2430,tsx,85.0000,vihtavuori_n540,117,39.5000,3219,23.000,10.0000,2.6380,no
243_win,0.2430,tsx,85.0000,vihtavuori_n150,124,39.4000,3114,23.000,10.0000,2.6380,no
243_win,0.2430,tsx,85.0000,vihtavuori_n550,129,42.0000,3255,23.000,10.0000,2.6380,no
243_win,0.2430,tsx,85.0000,vihtavuori_n160,143,46.0000,3189,23.000,10.0000,2.6380,no
243_win,0.2430,bt_target,90.0000,vihtavuori_n140,112,32.9000,2615,23.000,10.0000,2.6930,no
243_win,0.2430,bt_target,90.0000,vihtavuori_n540,117,34.7000,2707,23.000,10.0000,2.6930,no
243_win,0.2430,bt_target,90.0000,vihtavuori_n150,124,32.1000,2605,23.000,10.0000,2.6930,no
243_win,0.2430,bt_target,90.0000,vihtavuori_n550,129,37.8000,2743,23.000,10.0000,2.6930,no
243_win,0.2430,bt_target,90.0000,vihtavuori_n555,144,40.9000,2749,23.000,10.0000,2.6930,no
243_win,0.2430,bt_target,90.0000,vihtavuori_n160,143,38.1000,2631,23.000,10.0000,2.6930,no
243_win,0.2430,bt_target,90.0000,vihtavuori_n560,147,43.1000,2707,23.000,10.0000,2.6930,no
243_win,0.2430,classic_hunter,95.0000,vihtavuori_n555,144,37.8000,2644,23.000,10.0000,2.6810,no
243_win,0.2430,classic_hunter,95.0000,vihtavuori_n160,143,35.8000,2516,23.000,10.0000,2.6810,no
243_win,0.2430,classic_hunter,95.0000,vihtavuori_n165,153,41.8000,2638,23.000,10.0000,2.6810,no
243_win,0.2430,classic_hunter,95.0000,vihtavuori_n560,147,40.6000,2608,23.000,10.0000,2.6810,no
243_win,0.2430,bt_target,108.0000,vihtavuori_n550,129,33.0000,2451,23.000,10.0000,2.7090,no
243_win,0.2430,bt_target,108.0000,vihtavuori_n555,144,35.5000,2461,23.000,10.0000,2.7090,no
243_win,0.2430,bt_target,108.0000,vihtavuori_n160,143,34.0000,2372,23.000,10.0000,2.7090,no
243_win,0.2430,bt_target,108.0000,vihtavuori_n165,153,38.7000,2451,23.000,10.0000,2.7090,no
243_win,0.2430,bt_target,108.0000,vihtavuori_n560,147,38.9000,2457,23.000,10.0000,2.7090,no
243_win,0.2430,elite_hunter,108.0000,vihtavuori_n550,129,34.0000,2461,23.000,10.0000,2.7090,no
243_win,0.2430,elite_hunter,108.0000,vihtavuori_n555,144,38.1000,2530,23.000,10.0000,2.7090,no
243_win,0.2430,elite_hunter,108.0000,vihtavuori_n160,143,36.4000,2398,23.000,10.0000,2.7090,no
243_win,0.2430,elite_hunter,108.0000,vihtavuori_n165,153,41.8000,2516,23.000,10.0000,2.7090,no
243_win,0.2430,elite_hunter,108.0000,vihtavuori_n560,147,39.4000,2487,23.000,10.0000,2.7090,no
243_win,0.2430,elite_hunter,108.0000,vihtavuori_n565,156,41.4000,2500,23.000,10.0000,2.7090,no
243_win,0.2430,long_range_hybrid_target,109.0000,vihtavuori_n550,129,33.8000,2434,23.000,10.0000,2.7950,no
243_win,0.2430,long_range_hybrid_target,109.0000,vihtavuori_n555,144,35.8000,2438,23.000,10.0000,2.7950,no
243_win,0.2430,long_range_hybrid_target,109.0000,vihtavuori_n160,143,31.8000,2290,23.000,10.0000,2.7950,no
243_win,0.2430,long_range_hybrid_target,109.0000,vihtavuori_n165,153,38.0000,2408,23.000,10.0000,2.7950,no
243_win,0.2430,long_range_hybrid_target,109.0000,vihtavuori_n560,147,38.1000,2444,23.000,10.0000,2.7950,no
243_win,0.2430,long_range_hybrid_target,109.0000,vihtavuori_n565,156,40.0000,2464,23.000,10.0000,2.7950,no
243_win,0.2430,bt_target,90.0000,vihtavuori_n140,112,37.3000,2887,23.000,10.0000,2.6930,no
243_win,0.2430,bt_target,90.0000,vihtavuori_n540,117,39.5000,2995,23.000,10.0000,2.6930,no
243_win,0.2430,bt_target,90.0000,vihtavuori_n150,124,36.7000,2887,23.000,10.0000,2.6930,no
243_win,0.2430,bt_target,90.0000,vihtavuori_n550,129,41.7000,3015,23.000,10.0000,2.6930,no
243_win,0.2430,bt_target,90.0000,vihtavuori_n555,144,44.9000,3054,23.000,10.0000,2.6930,no
243_win,0.2430,bt_target,90.0000,vihtavuori_n160,143,45.1000,2969,23.000,10.0000,2.6930,no
243_win,0.2430,bt_target,90.0000,vihtavuori_n560,147,46.6000,2999,23.000,10.0000,2.6930,no
243_win,0.2430,classic_hunter,95.0000,vihtavuori_n555,144,42.4000,2946,23.000,10.0000,2.6810,no
243_win,0.2430,classic_hunter,95.0000,vihtavuori_n160,143,41.2000,2828,23.000,10.0000,2.6810,no
243_win,0.2430,classic_hunter,95.0000,vihtavuori_n165,153,46.0000,2917,23.000,10.0000,2.6810,no
243_win,0.2430,classic_hunter,95.0000,vihtavuori_n560,147,44.6000,2910,23.000,10.0000,2.6810,no
243_win,0.2430,bt_target,108.0000,vihtavuori_n550,129,37.3000,2713,23.000,10.0000,2.7090,no
243_win,0.2430,bt_target,108.0000,vihtavuori_n555,144,40.4000,2743,23.000,10.0000,2.7090,no
243_win,0.2430,bt_target,108.0000,vihtavuori_n160,143,40.1000,2680,23.000,10.0000,2.7090,no
243_win,0.2430,bt_target,108.0000,vihtavuori_n165,153,43.8000,2736,23.000,10.0000,2.7090,no
243_win,0.2430,bt_target,108.0000,vihtavuori_n560,147,43.2000,2749,23.000,10.0000,2.7090,no
243_win,0.2430,elite_hunter,108.0000,vihtavuori_n550,129,38.4000,2746,23.000,10.0000,2.7090,no
243_win,0.2430,elite_hunter,108.0000,vihtavuori_n555,144,41.8000,2785,23.000,10.0000,2.7090,no
243_win,0.2430,elite_hunter,108.0000,vihtavuori_n160,143,41.8000,2703,23.000,10.0000,2.7090,no
243_win,0.2430,elite_hunter,108.0000,vihtavuori_n165,153,45.7000,2766,23.000,10.0000,2.7090,no
243_win,0.2430,elite_hunter,108.0000,vihtavuori_n560,147,43.4000,2756,23.000,10.0000,2.7090,no
243_win,0.2430,long_range_hybrid_target,109.0000,vihtavuori_n550,129,38.3000,2720,23.000,10.0000,2.7950,no
243_win,0.2430,long_range_hybrid_target,109.0000,vihtavuori_n555,144,41.8000,2756,23.000,10.0000,2.7950,no
243_win,0.2430,long_range_hybrid_target,109.0000,vihtavuori_n160,143,38.4000,2615,23.000,10.0000,2.7950,no
243_win,0.2430,long_range_hybrid_target,109.0000,vihtavuori_n165,153,45.1000,2736,23.000,10.0000,2.7950,no
243_win,0.2430,long_range_hybrid_target,109.0000,vihtavuori_n560,147,43.2000,2749,23.000,10.0000,2.7950,no
243_win,0.2430,long_range_hybrid_target,109.0000,vihtavuori_n565,156,45.1000,2749,23.000,10.0000,2.7950,no
243_win,0.2430,tog,96.0000,vihtavuori_n540,117,33.2000,2690,23.000,10.0000,2.6380,no
243_win,0.2430,tog,96.0000,vihtavuori_n550,129,38.0000,2766,23.000,10.0000,2.6380,no
243_win,0.2430,tog,96.0000,vihtavuori_n160,143,40.1000,2703,23.000,10.0000,2.6380,no
243_win,0.2430,tog,96.0000,vihtavuori_n540,117,38.6000,3045,23.000,10.0000,2.6380,no
243_win,0.2430,tog,96.0000,vihtavuori_n550,129,41.4000,3081,23.000,10.0000,2.6380,no
243_win,0.2430,tog,96.0000,vihtavuori_n160,143,45.2000,3048,23.000,10.0000,2.6380,no
243_win,0.2430,classic_hunter,80.0000,vihtavuori_n540,117,34.7000,2802,23.000,10.0000,2.6970,no
243_win,0.2430,classic_hunter,80.0000,vihtavuori_n150,124,30.1000,2733,23.000,10.0000,2.6970,no
243_win,0.2430,classic_hunter,80.0000,vihtavuori_n550,129,36.9000,2799,23.000,10.0000,2.6970,no
243_win,0.2430,classic_hunter,80.0000,vihtavuori_n555,144,41.7000,2887,23.000,10.0000,2.6970,no
243_win,0.2430,classic_hunter,80.0000,vihtavuori_n540,117,40.3000,3143,23.000,10.0000,2.6970,no
243_win,0.2430,classic_hunter,80.0000,vihtavuori_n150,124,34.7000,2930,23.000,10.0000,2.6970,no
243_win,0.2430,classic_hunter,80.0000,vihtavuori_n550,129,41.2000,3133,23.000,10.0000,2.6970,no
243_win,0.2430,classic_hunter,80.0000,vihtavuori_n555,144,46.1000,3209,23.000,10.0000,2.6970,no
243_win,0.2430,v_max,58.0000,vihtavuori_n135,102,35.6000,3402,23.000,10.0000,2.5790,no
243_win,0.2430,v_max,58.0000,vihtavuori_n140,112,39.0000,3422,23.000,10.0000,2.5790,no
243_win,0.2430,v_max,58.0000,vihtavuori_n540,117,37.8000,3448,23.000,10.0000,2.5790,no
243_win,0.2430,v_max,58.0000,vihtavuori_n550,129,40.9000,3501,23.000,10.0000,2.5790,no
243_win,0.2430,v_max,65.0000,vihtavuori_n135,102,34.0000,3022,23.000,10.0000,2.7010,no
243_win,0.2430,v_max,65.0000,vihtavuori_n140,112,38.0000,3051,23.000,10.0000,2.7010,no
243_win,0.2430,v_max,65.0000,vihtavuori_n540,117,39.4000,3153,23.000,10.0000,2.7010,no
243_win,0.2430,v_max,65.0000,vihtavuori_n150,124,36.6000,3064,23.000,10.0000,2.7010,no
243_win,0.2430,v_max,65.0000,vihtavuori_n550,129,42.0000,3143,23.000,10.0000,2.7010,no
243_win,0.2430,v_max,65.0000,vihtavuori_n555,144,45.4000,3192,23.000,10.0000,2.7010,no
243_win,0.2430,v_max,65.0000,vihtavuori_n160,143,45.7000,3117,23.000,10.0000,2.7010,no
243_win,0.2430,v_max,75.0000,vihtavuori_n135,102,31.9000,2818,23.000,10.0000,2.6300,no
243_win,0.2430,v_max,75.0000,vihtavuori_n140,112,34.0000,2848,23.000,10.0000,2.6300,no
243_win,0.2430,v_max,75.0000,vihtavuori_n150,124,34.0000,2828,23.000,10.0000,2.6300,no
243_win,0.2430,v_max,75.0000,vihtavuori_n550,129,38.6000,3058,23.000,10.0000,2.6300,no
243_win,0.2430,v_max,75.0000,vihtavuori_n555,144,43.2000,3035,23.000,10.0000,2.6300,no
243_win,0.2430,v_max,75.0000,vihtavuori_n160,143,43.2000,2946,23.000,10.0000,2.6300,no
243_win,0.2430,fmj,80.0000,vihtavuori_n140,112,31.5000,2726,23.000,10.0000,2.6380,no
243_win,0.2430,fmj,80.0000,vihtavuori_n150,124,31.8000,2756,23.000,10.0000,2.6380,no
243_win,0.2430,fmj,80.0000,vihtavuori_n550,129,37.3000,2936,23.000,10.0000,2.6380,no
243_win,0.2430,fmj,80.0000,vihtavuori_n160,143,39.2000,2920,23.000,10.0000,2.6380,no
243_win,0.2430,v_max,87.0000,vihtavuori_n140,112,31.6000,2592,23.000,10.0000,2.6890,no
243_win,0.2430,v_max,87.0000,vihtavuori_n150,124,32.4000,2621,23.000,10.0000,2.6890,no
243_win,0.2430,v_max,87.0000,vihtavuori_n550,129,35.5000,2687,23.000,10.0000,2.6890,no
243_win,0.2430,v_max,87.0000,vihtavuori_n555,144,40.9000,2818,23.000,10.0000,2.6890,no
243_win,0.2430,v_max,87.0000,vihtavuori_n160,143,39.4000,2667,23.000,10.0000,2.6890,no
243_win,0.2430,v_max,87.0000,vihtavuori_n560,147,43.2000,2749,23.000,10.0000,2.6890,no
243_win,0.2430,v_max,58.0000,vihtavuori_n135,102,39.3000,3698,23.000,10.0000,2.5790,no
243_win,0.2430,v_max,58.0000,vihtavuori_n140,112,43.2000,3730,23.000,10.0000,2.5790,no
243_win,0.2430,v_max,58.0000,vihtavuori_n540,117,44.3000,3776,23.000,10.0000,2.5790,no
243_win,0.2430,v_max,58.0000,vihtavuori_n550,129,44.4000,3822,23.000,10.0000,2.5790,no
243_win,0.2430,v_max,65.0000,vihtavuori_n135,102,38.4000,3314,23.000,10.0000,2.7010,no
243_win,0.2430,v_max,65.0000,vihtavuori_n140,112,42.4000,3379,23.000,10.0000,2.7010,no
243_win,0.2430,v_max,65.0000,vihtavuori_n540,117,43.4000,3474,23.000,10.0000,2.7010,no
243_win,0.2430,v_max,65.0000,vihtavuori_n150,124,41.8000,3386,23.000,10.0000,2.7010,no
243_win,0.2430,v_max,65.0000,vihtavuori_n550,129,45.4000,3478,23.000,10.0000,2.7010,no
243_win,0.2430,v_max,75.0000,vihtavuori_n135,102,35.6000,3100,23.000,10.0000,2.6300,no
243_win,0.2430,v_max,75.0000,vihtavuori_n140,112,39.0000,3169,23.000,10.0000,2.6300,no
243_win,0.2430,v_max,75.0000,vihtavuori_n150,124,38.9000,3140,23.000,10.0000,2.6300,no
243_win,0.2430,v_max,75.0000,vihtavuori_n550,129,43.4000,3297,23.000,10.0000,2.6300,no
243_win,0.2430,v_max,75.0000,vihtavuori_n160,143,46.9000,3238,23.000,10.0000,2.6300,no
243_win,0.2430,fmj,80.0000,vihtavuori_n140,112,37.2000,3114,23.000,10.0000,2.6380,no
243_win,0.2430,fmj,80.0000,vihtavuori_n150,124,37.5000,3107,23.000,10.0000,2.6380,no
243_win,0.2430,fmj,80.0000,vihtavuori_n550,129,43.1000,3287,23.000,10.0000,2.6380,no
243_win,0.2430,fmj,80.0000,vihtavuori_n160,143,45.4000,3258,23.000,10.0000,2.6380,no
243_win,0.2430,v_max,87.0000,vihtavuori_n140,112,36.3000,2897,23.000,10.0000,2.6890,no
243_win,0.2430,v_max,87.0000,vihtavuori_n150,124,36.6000,2884,23.000,10.0000,2.6890,no
243_win,0.2430,v_max,87.0000,vihtavuori_n550,129,40.7000,3048,23.000,10.0000,2.6890,no
243_win,0.2430,v_max,87.0000,vihtavuori_n555,144,44.4000,3087,23.000,10.0000,2.6890,no
243_win,0.2430,v_max,87.0000,vihtavuori_n160,143,44.4000,2979,23.000,10.0000,2.6890,no
243_win,0.2430,v_max,87.0000,vihtavuori_n560,147,47.1000,3048,23.000,10.0000,2.6890,no
243_win,0.2430,hp,77.0000,vihtavuori_n135,102,30.7000,2805,23.000,10.0000,2.6380,no
243_win,0.2430,hp,77.0000,vihtavuori_n140,112,34.4000,2897,23.000,10.0000,2.6380,no
243_win,0.2430,hp,77.0000,vihtavuori_n150,124,34.6000,2890,23.000,10.0000,2.6380,no
243_win,0.2430,hp,77.0000,vihtavuori_n550,129,39.7000,3012,23.000,10.0000,2.6380,no
243_win,0.2430,naturalis,90.0000,vihtavuori_n540,117,34.9000,2756,23.000,10.0000,2.6380,no
243_win,0.2430,naturalis,90.0000,vihtavuori_n150,124,31.2000,2621,23.000,10.0000,2.6380,no
243_win,0.2430,naturalis,90.0000,vihtavuori_n550,129,37.7000,2776,23.000,10.0000,2.6380,no
243_win,0.2430,naturalis,90.0000,vihtavuori_n160,143,37.5000,2700,23.000,10.0000,2.6380,no
243_win,0.2430,scenar,90.0000,vihtavuori_n540,117,35.0000,2822,23.000,10.0000,2.6890,no
243_win,0.2430,scenar,90.0000,vihtavuori_n150,124,32.1000,2680,23.000,10.0000,2.6890,no
243_win,0.2430,scenar,90.0000,vihtavuori_n550,129,38.0000,2838,23.000,10.0000,2.6890,no
243_win,0.2430,scenar,90.0000,vihtavuori_n160,143,38.9000,2779,23.000,10.0000,2.6890,no
243_win,0.2430,scenar,105.0000,vihtavuori_n150,124,30.1000,2392,23.000,10.0000,2.6890,no
243_win,0.2430,scenar,105.0000,vihtavuori_n550,129,36.1000,2566,23.000,10.0000,2.6890,no
243_win,0.2430,scenar,105.0000,vihtavuori_n160,143,37.5000,2513,23.000,10.0000,2.6890,no
243_win,0.2430,scenar,105.0000,vihtavuori_n165,153,40.4000,2569,23.000,10.0000,2.6890,no
243_win,0.2430,hp,77.0000,vihtavuori_n135,102,35.8000,3176,23.000,10.0000,2.6380,no
243_win,0.2430,hp,77.0000,vihtavuori_n140,112,39.2000,3255,23.000,10.0000,2.6380,no
243_win,0.2430,hp,77.0000,vihtavuori_n150,124,39.8000,3264,23.000,10.0000,2.6380,no
243_win,0.2430,hp,77.0000,vihtavuori_n550,129,43.2000,3386,23.000,10.0000,2.6380,no
243_win,0.2430,naturalis,90.0000,vihtavuori_n540,117,39.0000,3100,23.000,10.0000,2.6380,no
243_win,0.2430,naturalis,90.0000,vihtavuori_n150,124,36.9000,2963,23.000,10.0000,2.6380,no
243_win,0.2430,naturalis,90.0000,vihtavuori_n550,129,42.0000,3123,23.000,10.0000,2.6380,no
243_win,0.2430,naturalis,90.0000,vihtavuori_n160,143,44.0000,3091,23.000,10.0000,2.6380,no
243_win,0.2430,scenar,90.0000,vihtavuori_n540,117,39.2000,3156,23.000,10.0000,2.6890,no
243_win,0.2430,scenar,90.0000,vihtavuori_n150,124,37.7000,2999,23.000,10.0000,2.6890,no
243_win,0.2430,scenar,90.0000,vihtavuori_n550,129,41.4000,3173,23.000,10.0000,2.6890,no
243_win,0.2430,scenar,90.0000,vihtavuori_n160,143,43.7000,3123,23.000,10.0000,2.6890,no
243_win,0.2430,scenar,105.0000,vihtavuori_n150,124,35.0000,2694,23.000,10.0000,2.6890,no
243_win,0.2430,scenar,105.0000,vihtavuori_n550,129,40.0000,2920,23.000,10.0000,2.6890,no
243_win,0.2430,scenar,105.0000,vihtavuori_n160,143,41.7000,2851,23.000,10.0000,2.6890,no
243_win,0.2430,scenar,105.0000,vihtavuori_n165,153,46.3000,2933,23.000,10.0000,2.6890,no
243_win,0.2430,fmj,95.0000,vihtavuori_n550,129,34.7000,2549,23.000,10.0000,2.5080,no
243_win,0.2430,fmj,95.0000,vihtavuori_n555,144,36.4000,2582,23.000,10.0000,2.5080,no
243_win,0.2430,fmj,95.0000,vihtavuori_n160,143,34.7000,2461,23.000,10.0000,2.5080,no
243_win,0.2430,fmj,95.0000,vihtavuori_n165,153,41.4000,2582,23.000,10.0000,2.5080,no
243_win,0.2430,fmj,95.0000,vihtavuori_n560,147,40.0000,2549,23.000,10.0000,2.5080,no
243_win,0.2430,fmj,95.0000,vihtavuori_n550,129,39.5000,2848,23.000,10.0000,2.5080,no
243_win,0.2430,fmj,95.0000,vihtavuori_n555,144,42.4000,2900,23.000,10.0000,2.5080,no
243_win,0.2430,fmj,95.0000,vihtavuori_n160,143,40.9000,2769,23.000,10.0000,2.5080,no
243_win,0.2430,fmj,95.0000,vihtavuori_n165,153,45.2000,2844,23.000,10.0000,2.5080,no
243_win,0.2430,fmj,95.0000,vihtavuori_n560,147,44.0000,2841,23.000,10.0000,2.5080,no
243_win,0.2430,partition,85.0000,vihtavuori_n540,117,33.5000,2822,23.000,10.0000,2.6770,no
243_win,0.2430,partition,85.0000,vihtavuori_n150,124,29.3000,2628,23.000,10.0000,2.6770,no
243_win,0.2430,partition,85.0000,vihtavuori_n550,129,36.4000,2841,23.000,10.0000,2.6770,no
243_win,0.2430,partition,85.0000,vihtavuori_n160,143,37.3000,2776,23.000,10.0000,2.6770,no
243_win,0.2430,partition,85.0000,vihtavuori_n540,117,38.6000,3186,23.000,10.0000,2.6770,no
243_win,0.2430,partition,85.0000,vihtavuori_n150,124,35.2000,3025,23.000,10.0000,2.6770,no
243_win,0.2430,partition,85.0000,vihtavuori_n550,129,41.8000,3205,23.000,10.0000,2.6770,no
243_win,0.2430,partition,85.0000,vihtavuori_n160,143,43.8000,3179,23.000,10.0000,2.6770,no
243_win,0.2430,blitz_king,70.0000,vihtavuori_n135,102,33.5000,2940,23.000,10.0000,2.6810,no
243_win,0.2430,blitz_king,70.0000,vihtavuori_n140,112,36.6000,2995,23.000,10.0000,2.6810,no
243_win,0.2430,blitz_king,70.0000,vihtavuori_n550,129,42.6000,3071,23.000,10.0000,2.6810,no
243_win,0.2430,fmj,90.0000,vihtavuori_n540,117,33.5000,2762,23.000,10.0000,2.6890,no
243_win,0.2430,fmj,90.0000,vihtavuori_n150,124,30.6000,2641,23.000,10.0000,2.6890,no
243_win,0.2430,fmj,90.0000,vihtavuori_n550,129,35.6000,2782,23.000,10.0000,2.6890,no
243_win,0.2430,fmj,90.0000,vihtavuori_n160,143,37.2000,2743,23.000,10.0000,2.6890,no
243_win,0.2430,blitz_king,70.0000,vihtavuori_n135,102,38.4000,3241,23.000,10.0000,2.6810,no
243_win,0.2430,blitz_king,70.0000,vihtavuori_n140,112,41.7000,3310,23.000,10.0000,2.6810,no
243_win,0.2430,blitz_king,70.0000,vihtavuori_n550,129,45.7000,3402,23.000,10.0000,2.6810,no
243_win,0.2430,fmj,90.0000,vihtavuori_n540,117,38.4000,3104,23.000,10.0000,2.6890,no
243_win,0.2430,fmj,90.0000,vihtavuori_n150,124,35.5000,2959,23.000,10.0000,2.6890,no
243_win,0.2430,fmj,90.0000,vihtavuori_n550,129,40.6000,3123,23.000,10.0000,2.6890,no
243_win,0.2430,fmj,90.0000,vihtavuori_n160,143,42.6000,3087,23.000,10.0000,2.6890,no
243_win,0.2430,grand_slam,100.0000,vihtavuori_n540,117,30.4000,2526,23.000,10.0000,2.6890,no
243_win,0.2430,grand_slam,100.0000,vihtavuori_n150,124,28.7000,2369,23.000,10.0000,2.6890,no
243_win,0.2430,grand_slam,100.0000,vihtavuori_n550,129,34.1000,2582,23.000,10.0000,2.6890,no
243_win,0.2430,grand_slam,100.0000,vihtavuori_n160,143,34.4000,2523,23.000,10.0000,2.6890,no
243_win,0.2430,grand_slam,100.0000,vihtavuori_n540,117,36.0000,2881,23.000,10.0000,2.6890,no
243_win,0.2430,grand_slam,100.0000,vihtavuori_n150,124,34.4000,2753,23.000,10.0000,2.6890,no
243_win,0.2430,grand_slam,100.0000,vihtavuori_n550,129,38.3000,2904,23.000,10.0000,2.6890,no
243_win,0.2430,grand_slam,100.0000,vihtavuori_n160,143,39.8000,2864,23.000,10.0000,2.6890,no
243_win,0.2430,scirocco_ii,90.0000,vihtavuori_n550,129,33.5000,2585,23.000,10.0000,2.6890,no
243_win,0.2430,scirocco_ii,90.0000,vihtavuori_n555,144,34.0000,2579,23.000,10.0000,2.6890,no
243_win,0.2430,scirocco_ii,90.0000,vihtavuori_n160,143,27.9000,2343,23.000,10.0000,2.6890,no
243_win,0.2430,scirocco_ii,90.0000,vihtavuori_n165,153,34.0000,2520,23.000,10.0000,2.6890,no
243_win,0.2430,scirocco_ii,90.0000,vihtavuori_n560,147,38.0000,2546,23.000,10.0000,2.6890,no
243_win,0.2430,scirocco_ii,90.0000,vihtavuori_n550,129,38.3000,2884,23.000,10.0000,2.6890,no
243_win,0.2430,scirocco_ii,90.0000,vihtavuori_n555,144,42.0000,2936,23.000,10.0000,2.6890,no
243_win,0.2430,scirocco_ii,90.0000,vihtavuori_n160,143,35.0000,2687,23.000,10.0000,2.6890,no
243_win,0.2430,scirocco_ii,90.0000,vihtavuori_n165,153,43.2000,2854,23.000,10.0000,2.6890,no
243_win,0.2430,scirocco_ii,90.0000,vihtavuori_n560,147,43.4000,2884,23.000,10.0000,2.6890,no
260_rem,0.2640,classic_hunter,100.0000,vihtavuori_n160,143,50.9000,3196,24.750,9.0000,2.7950,yes
260_rem,0.2640,eld_vt,100.0000,vihtavuori_n555,144,48.6000,3150,24.750,9.0000,2.7950,yes
260_rem,0.2640,eld_vt,100.0000,vihtavuori_n160,143,49.4000,3110,24.750,9.0000,2.7950,yes
260_rem,0.2640,cx,120.0000,vihtavuori_n555,144,43.8000,2776,24.750,9.0000,2.7950,yes
260_rem,0.2640,cx,120.0000,vihtavuori_n560,147,47.5000,2812,24.750,9.0000,2.7950,yes
260_rem,0.2640,trx,120.0000,vihtavuori_n555,144,45.8000,2877,24.750,9.0000,2.7950,yes
260_rem,0.2640,trx,120.0000,vihtavuori_n160,143,46.8000,2867,24.750,9.0000,2.7950,yes
260_rem,0.2640,trx,120.0000,vihtavuori_n560,147,48.9000,2904,24.750,9.0000,2.7950,yes
260_rem,0.2640,hpbt_matchking,123.0000,vihtavuori_n555,144,46.1000,2907,24.750,9.0000,2.7950,yes
260_rem,0.2640,hpbt_matchking,123.0000,vihtavuori_n160,143,46.5000,2871,24.750,9.0000,2.7950,yes
260_rem,0.2640,hpbt_matchking,123.0000,vihtavuori_n560,147,48.6000,2920,24.750,9.0000,2.7950,yes
260_rem,0.2640,lrx_bt,127.0000,vihtavuori_n565,156,49.8000,2756,24.750,9.0000,2.7950,yes
260_rem,0.2640,tgk,130.0000,vihtavuori_n560,147,46.9000,2808,24.750,9.0000,2.7950,yes
260_rem,0.2640,scenar_l,136.0000,vihtavuori_n555,144,44.3000,2802,24.750,9.0000,2.7950,yes
260_rem,0.2640,scenar_l,136.0000,vihtavuori_n160,143,46.1000,2759,24.750,9.0000,2.7950,yes
260_rem,0.2640,scenar_l,136.0000,vihtavuori_n560,147,47.8000,2766,24.750,9.0000,2.7950,yes
260_rem,0.2640,scenar,139.0000,vihtavuori_n555,144,44.0000,2736,24.750,9.0000,2.7950,yes
260_rem,0.2640,gmx,140.0000,vihtavuori_n555,144,44.0000,2598,24.750,9.0000,2.7950,yes
260_rem,0.2640,gmx,140.0000,vihtavuori_n560,147,47.7000,2667,24.750,9.0000,2.7950,yes
260_rem,0.2640,accubond,140.0000,vihtavuori_n160,143,44.0000,2612,24.750,9.0000,2.7560,yes
260_rem,0.2640,accubond,140.0000,vihtavuori_n560,147,44.8000,2700,24.750,9.0000,2.7560,yes
260_rem,0.2640,eld_x,143.0000,vihtavuori_n555,144,42.7000,2631,24.750,9.0000,2.7950,yes
260_rem,0.2640,eld_x,143.0000,vihtavuori_n160,143,42.4000,2575,24.750,9.0000,2.7950,yes
260_rem,0.2640,eld_x,143.0000,vihtavuori_n560,147,46.0000,2680,24.750,9.0000,2.7950,yes
260_rem,0.2640,long_range_hybrid_target,144.0000,vihtavuori_n555,144,45.2000,2733,24.750,9.0000,2.7950,yes
260_rem,0.2640,long_range_hybrid_target,144.0000,vihtavuori_n160,143,44.8000,2667,24.750,9.0000,2.7950,yes
260_rem,0.2640,long_range_hybrid_target,144.0000,vihtavuori_n560,147,47.4000,2730,24.750,9.0000,2.7950,yes
260_rem,0.2640,maxrange_target_gb582,144.0000,vihtavuori_n555,144,43.5000,2671,24.750,9.0000,2.7950,yes
260_rem,0.2640,maxrange_target_gb582,144.0000,vihtavuori_n560,147,45.8000,2697,24.750,9.0000,2.7950,yes
260_rem,0.2640,long_range_hybrid_target,153.5000,vihtavuori_n555,144,44.6000,2638,24.750,9.0000,2.7950,yes
260_rem,0.2640,long_range_hybrid_target,153.5000,vihtavuori_n160,143,43.7000,2552,24.750,9.0000,2.7950,yes
260_rem,0.2640,long_range_hybrid_target,153.5000,vihtavuori_n560,147,46.8000,2641,24.750,9.0000,2.7950,yes
260_rem,0.2640,hpbt,130.0000,alliant_reloder_17,134,42.5000,2950,28.000,,,no
260_rem,0.2640,vld,140.0000,hodgdon_h4350,133,42.0000,2700,,,2.8500,no
260_rem,0.2640,,130.0000,alliant_reloder_17,134,44.5000,3050,28.000,,2.3900,no
260_rem,0.2640,vld,130.0000,alliant_reloder_17,134,43.5000,3072,,,2.9400,no
260_rem,0.2640,vld,130.0000,hodgdon_h4350,133,44.5000,2890,,,,no
260_rem,0.2640,vld,140.0000,hodgdon_h4350,133,41.7000,2835,30.000,,,no
260_rem,0.2640,vld,130.0000,alliant_reloder_17,134,45.0000,3120,30.000,,2.9900,no
260_rem,0.2640,vld,140.0000,hodgdon_h4350,133,43.0000,2865,28.000,8.5000,,no
260_rem,0.2640,vld,130.0000,hodgdon_h4350,133,43.5000,2950,26.000,8.0000,,no
260_rem,0.2640,vld,140.0000,hodgdon_h4350,133,41.5000,2690,24.000,8.5000,,no
260_rem,0.2640,a_max,140.0000,hodgdon_h4350,133,43.5000,2810,,,,no
260_rem,0.2640,sp,129.0000,vihtavuori_n165,153,46.6000,2750,,,,no
260_rem,0.2640,sst,129.0000,alliant_reloder_19,140,45.2000,2703,,,,no
260_rem,0.2640,a_max,140.0000,vihtavuori_n165,153,43.5000,2582,,,,no
260_rem,0.2640,a_max,123.0000,hodgdon_h4831,146,48.0000,3000,26.000,8.0000,2.8500,no
260_rem,0.2640,a_max,123.0000,hodgdon_varget,113,39.3000,2930,26.000,8.0000,2.8500,no
260_rem,0.2640,a_max,123.0000,alliant_reloder_17,134,44.0000,3030,26.000,8.0000,2.8500,no
260_rem,0.2640,a_max,140.0000,imr_7828sc,154,47.0000,2780,26.000,,,no
260_rem,0.2640,hpbt,123.0000,hodgdon_h4350,133,43.5000,2975,,,,no
260_rem,0.2640,scenar,139.0000,hodgdon_h4350,133,42.0000,2820,26.000,8.0000,2.8450,no
260_rem,0.2640,diamond,130.0000,hodgdon_hybrid_100v,137,44.0000,2900,24.000,,,no
260_rem,0.2640,golden,130.0000,alliant_reloder_17,134,43.5000,2969,,,2.8650,no
260_rem,0.2640,bt,120.0000,hodgdon_h380,122,41.5000,2675,22.000,9.0000,2.7900,no
260_rem,0.2640,ballistic_tip,120.0000,alliant_reloder_19,140,46.3000,3040,28.000,,2.8750,no
260_rem,0.2640,match_king,142.0000,vihtavuori_n165,153,44.5000,2620,,,,no
260_rem,0.2640,tnt,90.0000,vihtavuori_n140,112,39.8000,2995,24.750,9.0000,2.5980,no
260_rem,0.2640,tnt,90.0000,vihtavuori_n540,117,42.4000,3150,24.750,9.0000,2.5980,no
260_rem,0.2640,tnt,90.0000,vihtavuori_n150,124,40.3000,3051,24.750,9.0000,2.5980,no
260_rem,0.2640,tnt,90.0000,vihtavuori_n550,129,43.7000,3110,24.750,9.0000,2.5980,no
260_rem,0.2640,classic_hunter,100.0000,vihtavuori_n140,112,36.3000,2703,24.750,9.0000,2.7950,no
260_rem,0.2640,classic_hunter,100.0000,vihtavuori_n540,117,39.0000,2864,24.750,9.0000,2.7950,no
260_rem,0.2640,classic_hunter,100.0000,vihtavuori_n150,124,36.4000,2730,24.750,9.0000,2.7950,no
260_rem,0.2640,classic_hunter,100.0000,vihtavuori_n160,143,45.5000,2867,24.750,9.0000,2.7950,no
260_rem,0.2640,eld_vt,100.0000,vihtavuori_n140,112,37.0000,2828,24.750,9.0000,2.7950,no
260_rem,0.2640,eld_vt,100.0000,vihtavuori_n540,117,38.1000,2881,24.750,9.0000,2.7950,no
260_rem,0.2640,eld_vt,100.0000,vihtavuori_n150,124,36.6000,2812,24.750,9.0000,2.7950,no
260_rem,0.2640,eld_vt,100.0000,vihtavuori_n550,129,41.2000,2894,24.750,9.0000,2.7950,no
260_rem,0.2640,eld_vt,100.0000,vihtavuori_n555,144,44.8000,2933,24.750,9.0000,2.7950,no
260_rem,0.2640,eld_vt,100.0000,vihtavuori_n160,143,45.5000,2881,24.750,9.0000,2.7950,no
260_rem,0.2640,fmj,100.0000,vihtavuori_n140,112,32.1000,2510,24.750,9.0000,2.5980,no
260_rem,0.2640,fmj,100.0000,vihtavuori_n540,117,35.8000,2615,24.750,9.0000,2.5980,no
260_rem,0.2640,fmj,100.0000,vihtavuori_n150,124,32.7000,2523,24.750,9.0000,2.5980,no
260_rem,0.2640,scenar,100.0000,vihtavuori_n140,112,36.0000,2677,24.750,9.0000,2.7170,no
260_rem,0.2640,scenar,100.0000,vihtavuori_n540,117,38.4000,2700,24.750,9.0000,2.7170,no
260_rem,0.2640,scenar,100.0000,vihtavuori_n150,124,37.5000,2687,24.750,9.0000,2.7170,no
260_rem,0.2640,HPFB,100.0000,vihtavuori_n140,112,35.5000,2708,24.750,9.0000,2.6570,no
260_rem,0.2640,HPFB,100.0000,vihtavuori_n540,117,36.9000,2725,24.750,9.0000,2.6570,no
260_rem,0.2640,HPFB,100.0000,vihtavuori_n150,124,35.7000,2669,24.750,9.0000,2.6570,no
260_rem,0.2640,scenar,108.0000,vihtavuori_n540,117,36.2000,2631,24.750,9.0000,2.7950,no
260_rem,0.2640,scenar,108.0000,vihtavuori_n150,124,35.1000,2594,24.750,9.0000,2.7950,no
260_rem,0.2640,scenar,108.0000,vihtavuori_n160,143,41.0000,2670,24.750,9.0000,2.7950,no
260_rem,0.2640,ttsx_bt,120.0000,vihtavuori_n140,112,32.9000,2329,24.750,9.0000,2.7720,no
260_rem,0.2640,ttsx_bt,120.0000,vihtavuori_n540,117,34.1000,2457,24.750,9.0000,2.7720,no
260_rem,0.2640,ttsx_bt,120.0000,vihtavuori_n150,124,29.5000,2205,24.750,9.0000,2.7720,no
260_rem,0.2640,bt_target,120.0000,vihtavuori_n540,117,35.3000,2598,24.750,9.0000,2.7950,no
260_rem,0.2640,bt_target,120.0000,vihtavuori_n150,124,33.8000,2510,24.750,9.0000,2.7950,no
260_rem,0.2640,bt_target,120.0000,vihtavuori_n550,129,38.9000,2628,24.750,9.0000,2.7950,no
260_rem,0.2640,bt_target,120.0000,vihtavuori_n160,143,42.1000,2657,24.750,9.0000,2.7950,no
260_rem,0.2640,cx,120.0000,vihtavuori_n140,112,31.6000,2280,24.750,9.0000,2.7950,no
260_rem,0.2640,cx,120.0000,vihtavuori_n540,117,33.3000,2438,24.750,9.0000,2.7950,no
260_rem,0.2640,cx,120.0000,vihtavuori_n150,124,30.9000,2274,24.750,9.0000,2.7950,no
260_rem,0.2640,cx,120.0000,vihtavuori_n550,129,35.5000,2434,24.750,9.0000,2.7950,no
260_rem,0.2640,cx,120.0000,vihtavuori_n555,144,37.0000,2470,24.750,9.0000,2.7950,no
260_rem,0.2640,cx,120.0000,vihtavuori_n160,143,35.5000,2333,24.750,9.0000,2.7950,no
260_rem,0.2640,cx,120.0000,vihtavuori_n560,147,41.7000,2516,24.750,9.0000,2.7950,no
260_rem,0.2640,scenar_l,120.0000,vihtavuori_n540,117,35.3000,2425,24.750,9.0000,2.7950,no
260_rem,0.2640,scenar_l,120.0000,vihtavuori_n150,124,35.8000,2497,24.750,9.0000,2.7950,no
260_rem,0.2640,scenar_l,120.0000,vihtavuori_n550,129,39.2000,2585,24.750,9.0000,2.7950,no
260_rem,0.2640,scenar_l,120.0000,vihtavuori_n160,143,41.8000,2530,24.750,9.0000,2.7950,no
260_rem,0.2640,trx,120.0000,vihtavuori_n140,112,34.7000,2503,24.750,9.0000,2.7950,no
260_rem,0.2640,trx,120.0000,vihtavuori_n540,117,35.5000,2595,24.750,9.0000,2.7950,no
260_rem,0.2640,trx,120.0000,vihtavuori_n150,124,34.3000,2493,24.750,9.0000,2.7950,no
260_rem,0.2640,trx,120.0000,vihtavuori_n550,129,38.3000,2605,24.750,9.0000,2.7950,no
260_rem,0.2640,trx,120.0000,vihtavuori_n555,144,42.3000,2667,24.750,9.0000,2.7950,no
260_rem,0.2640,trx,120.0000,vihtavuori_n160,143,42.4000,2598,24.750,9.0000,2.7950,no
260_rem,0.2640,trx,120.0000,vihtavuori_n560,147,45.2000,2651,24.750,9.0000,2.7950,no
260_rem,0.2640,ballistic_tip,120.0000,vihtavuori_n140,112,33.6000,2461,24.750,9.0000,2.7990,no
260_rem,0.2640,ballistic_tip,120.0000,vihtavuori_n150,124,34.0000,2477,24.750,9.0000,2.7990,no
260_rem,0.2640,ballistic_tip,120.0000,vihtavuori_n160,143,42.9000,2644,24.750,9.0000,2.7990,no
260_rem,0.2640,sp,120.0000,vihtavuori_n540,117,34.2000,2456,24.750,9.0000,2.7950,no
260_rem,0.2640,sp,120.0000,vihtavuori_n550,129,36.5000,2511,24.750,9.0000,2.7950,no
260_rem,0.2640,sp,120.0000,vihtavuori_n160,143,38.2000,2478,24.750,9.0000,2.7950,no
260_rem,0.2640,scenar,123.0000,vihtavuori_n150,124,33.2000,2405,24.750,9.0000,2.7950,no
260_rem,0.2640,scenar,123.0000,vihtavuori_n550,129,37.5000,2287,24.750,9.0000,2.7950,no
260_rem,0.2640,scenar,123.0000,vihtavuori_n160,143,41.2000,2516,24.750,9.0000,2.7950,no
260_rem,0.2640,hpbt_matchking,123.0000,vihtavuori_n140,112,34.0000,2520,24.750,9.0000,2.7950,no
260_rem,0.2640,hpbt_matchking,123.0000,vihtavuori_n540,117,35.8000,2605,24.750,9.0000,2.7950,no
260_rem,0.2640,hpbt_matchking,123.0000,vihtavuori_n150,124,33.8000,2520,24.750,9.0000,2.7950,no
260_rem,0.2640,hpbt_matchking,123.0000,vihtavuori_n550,129,38.9000,2651,24.750,9.0000,2.7950,no
260_rem,0.2640,hpbt_matchking,123.0000,vihtavuori_n555,144,42.4000,2690,24.750,9.0000,2.7950,no
260_rem,0.2640,hpbt_matchking,123.0000,vihtavuori_n160,143,41.7000,2628,24.750,9.0000,2.7950,no
260_rem,0.2640,hpbt_matchking,123.0000,vihtavuori_n560,147,44.8000,2671,24.750,9.0000,2.7950,no
260_rem,0.2640,lrx_bt,127.0000,vihtavuori_n140,112,31.5000,2211,24.750,9.0000,2.7950,no
260_rem,0.2640,lrx_bt,127.0000,vihtavuori_n540,117,34.7000,2372,24.750,9.0000,2.7950,no
260_rem,0.2640,lrx_bt,127.0000,vihtavuori_n150,124,31.3000,2231,24.750,9.0000,2.7950,no
260_rem,0.2640,lrx_bt,127.0000,vihtavuori_n550,129,36.7000,2451,24.750,9.0000,2.7950,no
260_rem,0.2640,lrx_bt,127.0000,vihtavuori_n160,143,38.6000,2411,24.750,9.0000,2.7950,no
260_rem,0.2640,lrx_bt,127.0000,vihtavuori_n560,147,42.9000,2503,24.750,9.0000,2.7950,no
260_rem,0.2640,lrx_bt,127.0000,vihtavuori_n565,156,45.1000,2526,24.750,9.0000,2.7950,no
260_rem,0.2640,interlock_sp,129.0000,vihtavuori_n140,112,31.6000,2323,24.750,9.0000,2.7950,no
260_rem,0.2640,interlock_sp,129.0000,vihtavuori_n540,117,32.4000,2415,24.750,9.0000,2.7950,no
260_rem,0.2640,interlock_sp,129.0000,vihtavuori_n150,124,30.9000,2290,24.750,9.0000,2.7950,no
260_rem,0.2640,interlock_sp,129.0000,vihtavuori_n550,129,35.5000,2484,24.750,9.0000,2.7950,no
260_rem,0.2640,interlock_sp,129.0000,vihtavuori_n555,144,38.6000,2503,24.750,9.0000,2.7950,no
260_rem,0.2640,interlock_sp,129.0000,vihtavuori_n160,143,37.0000,2392,24.750,9.0000,2.7950,no
260_rem,0.2640,interlock_sp,129.0000,vihtavuori_n560,147,40.9000,2510,24.750,9.0000,2.7950,no
260_rem,0.2640,tsx,130.0000,vihtavuori_n540,117,33.5000,2362,24.750,9.0000,2.7870,no
260_rem,0.2640,tsx,130.0000,vihtavuori_n550,129,34.9000,2352,24.750,9.0000,2.7870,no
260_rem,0.2640,tsx,130.0000,vihtavuori_n160,143,35.8000,2303,24.750,9.0000,2.7870,no
260_rem,0.2640,tgk,130.0000,vihtavuori_n140,112,31.6000,2362,24.750,9.0000,2.7950,no
260_rem,0.2640,tgk,130.0000,vihtavuori_n540,117,34.0000,2484,24.750,9.0000,2.7950,no
260_rem,0.2640,tgk,130.0000,vihtavuori_n150,124,31.3000,2339,24.750,9.0000,2.7950,no
260_rem,0.2640,tgk,130.0000,vihtavuori_n550,129,37.0000,2533,24.750,9.0000,2.7950,no
260_rem,0.2640,tgk,130.0000,vihtavuori_n555,144,39.8000,2559,24.750,9.0000,2.7950,no
260_rem,0.2640,tgk,130.0000,vihtavuori_n160,143,36.4000,2408,24.750,9.0000,2.7950,no
260_rem,0.2640,tgk,130.0000,vihtavuori_n560,147,42.4000,2549,24.750,9.0000,2.7950,no
260_rem,0.2640,hybrid_otm_tactical,130.0000,vihtavuori_n540,117,34.3000,2500,24.750,9.0000,2.7950,no
260_rem,0.2640,hybrid_otm_tactical,130.0000,vihtavuori_n150,124,33.5000,2448,24.750,9.0000,2.7950,no
260_rem,0.2640,hybrid_otm_tactical,130.0000,vihtavuori_n550,129,37.8000,2549,24.750,9.0000,2.7950,no
260_rem,0.2640,hybrid_otm_tactical,130.0000,vihtavuori_n160,143,41.8000,2579,24.750,9.0000,2.7950,no
260_rem,0.2640,vld_target,130.0000,vihtavuori_n140,112,32.6000,2425,24.750,9.0000,2.7950,no
260_rem,0.2640,vld_target,130.0000,vihtavuori_n540,117,33.8000,2497,24.750,9.0000,2.7950,no
260_rem,0.2640,vld_target,130.0000,vihtavuori_n150,124,32.3000,2431,24.750,9.0000,2.7950,no
260_rem,0.2640,vld_target,130.0000,vihtavuori_n550,129,38.0000,2552,24.750,9.0000,2.7950,no
260_rem,0.2640,vld_target,130.0000,vihtavuori_n555,144,40.0000,2598,24.750,9.0000,2.7950,no
260_rem,0.2640,scirocco_ii,130.0000,vihtavuori_n140,112,31.8000,2359,24.750,9.0000,2.7950,no
260_rem,0.2640,scirocco_ii,130.0000,vihtavuori_n540,117,32.7000,2408,24.750,9.0000,2.7950,no
260_rem,0.2640,scirocco_ii,130.0000,vihtavuori_n150,124,31.2000,2369,24.750,9.0000,2.7950,no
260_rem,0.2640,scirocco_ii,130.0000,vihtavuori_n550,129,35.5000,2434,24.750,9.0000,2.7950,no
260_rem,0.2640,scirocco_ii,130.0000,vihtavuori_n560,147,42.3000,2500,24.750,9.0000,2.7950,no
260_rem,0.2640,classic_hunter,135.0000,vihtavuori_n540,117,32.9000,2415,24.750,9.0000,2.7950,no
260_rem,0.2640,classic_hunter,135.0000,vihtavuori_n150,124,32.3000,2365,24.750,9.0000,2.7950,no
260_rem,0.2640,classic_hunter,135.0000,vihtavuori_n550,129,37.3000,2487,24.750,9.0000,2.7950,no
260_rem,0.2640,classic_hunter,135.0000,vihtavuori_n160,143,40.0000,2484,24.750,9.0000,2.7950,no
260_rem,0.2640,classic_hunter,135.0000,vihtavuori_n560,147,43.1000,2520,24.750,9.0000,2.7950,no
260_rem,0.2640,scenar_l,136.0000,vihtavuori_n550,129,38.1000,2477,24.750,9.0000,2.7950,no
260_rem,0.2640,scenar_l,136.0000,vihtavuori_n555,144,40.1000,2523,24.750,9.0000,2.7950,no
260_rem,0.2640,scenar_l,136.0000,vihtavuori_n160,143,41.8000,2487,24.750,9.0000,2.7950,no
260_rem,0.2640,scenar_l,136.0000,vihtavuori_n560,147,43.5000,2500,24.750,9.0000,2.7950,no
260_rem,0.2640,scenar,139.0000,vihtavuori_n550,129,37.0000,2480,24.750,9.0000,2.7950,no
260_rem,0.2640,scenar,139.0000,vihtavuori_n555,144,40.0000,2490,24.750,9.0000,2.7950,no
260_rem,0.2640,scenar,139.0000,vihtavuori_n160,143,40.1000,2480,24.750,9.0000,2.7950,no
260_rem,0.2640,scenar,139.0000,vihtavuori_n560,147,42.0000,2461,24.750,9.0000,2.7950,no
260_rem,0.2640,elite_hunter,140.0000,vihtavuori_n150,124,31.6000,2303,24.750,9.0000,2.7950,no
260_rem,0.2640,elite_hunter,140.0000,vihtavuori_n550,129,36.3000,2421,24.750,9.0000,2.7950,no
260_rem,0.2640,elite_hunter,140.0000,vihtavuori_n160,143,36.3000,2415,24.750,9.0000,2.7950,no
260_rem,0.2640,elite_hunter,140.0000,vihtavuori_n560,147,42.4000,2470,24.750,9.0000,2.7950,no
260_rem,0.2640,elite_hunter,140.0000,vihtavuori_n565,156,43.4000,2484,24.750,9.0000,2.7950,no
260_rem,0.2640,vld_target,140.0000,vihtavuori_n540,117,32.7000,2375,24.750,9.0000,2.7950,no
260_rem,0.2640,vld_target,140.0000,vihtavuori_n150,124,32.6000,2336,24.750,9.0000,2.7950,no
260_rem,0.2640,vld_target,140.0000,vihtavuori_n550,129,36.9000,2441,24.750,9.0000,2.7950,no
260_rem,0.2640,vld_target,140.0000,vihtavuori_n160,143,40.3000,2464,24.750,9.0000,2.7950,no
260_rem,0.2640,vld_target,140.0000,vihtavuori_n560,147,42.0000,2461,24.750,9.0000,2.7950,no
260_rem,0.2640,vld_target,140.0000,vihtavuori_n565,156,43.5000,2480,24.750,9.0000,2.7950,no
260_rem,0.2640,gmx,140.0000,vihtavuori_n140,112,28.5000,1906,24.750,9.0000,2.7950,no
260_rem,0.2640,gmx,140.0000,vihtavuori_n540,117,32.4000,2201,24.750,9.0000,2.7950,no
260_rem,0.2640,gmx,140.0000,vihtavuori_n150,124,28.5000,1913,24.750,9.0000,2.7950,no
260_rem,0.2640,gmx,140.0000,vihtavuori_n550,129,34.7000,2221,24.750,9.0000,2.7950,no
260_rem,0.2640,gmx,140.0000,vihtavuori_n555,144,37.5000,2283,24.750,9.0000,2.7950,no
260_rem,0.2640,gmx,140.0000,vihtavuori_n560,147,42.4000,2372,24.750,9.0000,2.7950,no
260_rem,0.2640,naturalis_n507,140.0000,vihtavuori_n550,129,33.5000,2257,24.750,9.0000,2.8860,no
260_rem,0.2640,naturalis_n507,140.0000,vihtavuori_n160,143,34.7000,2208,24.750,9.0000,2.8860,no
260_rem,0.2640,naturalis_n507,140.0000,vihtavuori_n560,147,38.1000,2234,24.750,9.0000,2.8860,no
260_rem,0.2640,naturalis_n563,140.0000,vihtavuori_n150,124,29.3000,2188,24.750,9.0000,2.7560,no
260_rem,0.2640,naturalis_n563,140.0000,vihtavuori_n550,129,33.5000,2310,24.750,9.0000,2.7560,no
260_rem,0.2640,naturalis_n563,140.0000,vihtavuori_n555,144,36.6000,2365,24.750,9.0000,2.7560,no
260_rem,0.2640,naturalis_n563,140.0000,vihtavuori_n160,143,34.0000,2260,24.750,9.0000,2.7560,no
260_rem,0.2640,naturalis_n563,140.0000,vihtavuori_n560,147,39.7000,2362,24.750,9.0000,2.7560,no
260_rem,0.2640,accubond,140.0000,vihtavuori_n550,129,36.1000,2362,24.750,9.0000,2.7560,no
260_rem,0.2640,accubond,140.0000,vihtavuori_n160,143,37.5000,2343,24.750,9.0000,2.7560,no
260_rem,0.2640,accubond,140.0000,vihtavuori_n560,147,39.5000,2415,24.750,9.0000,2.7560,no
260_rem,0.2640,a_frame,140.0000,vihtavuori_n550,129,31.5000,2198,24.750,9.0000,2.7950,no
260_rem,0.2640,a_frame,140.0000,vihtavuori_n160,143,28.5000,2057,24.750,9.0000,2.7950,no
260_rem,0.2640,a_frame,140.0000,vihtavuori_n560,147,37.0000,2297,24.750,9.0000,2.7950,no
260_rem,0.2640,a_frame,140.0000,vihtavuori_n565,156,40.0000,2375,24.750,9.0000,2.7950,no
260_rem,0.2640,eld_x,143.0000,vihtavuori_n140,112,30.1000,2185,24.750,9.0000,2.7950,no
260_rem,0.2640,eld_x,143.0000,vihtavuori_n540,117,30.9000,2251,24.750,9.0000,2.7950,no
260_rem,0.2640,eld_x,143.0000,vihtavuori_n150,124,30.1000,2182,24.750,9.0000,2.7950,no
260_rem,0.2640,eld_x,143.0000,vihtavuori_n550,129,35.5000,2359,24.750,9.0000,2.7950,no
260_rem,0.2640,eld_x,143.0000,vihtavuori_n555,144,38.6000,2411,24.750,9.0000,2.7950,no
260_rem,0.2640,eld_x,143.0000,vihtavuori_n160,143,37.0000,2320,24.750,9.0000,2.7950,no
260_rem,0.2640,eld_x,143.0000,vihtavuori_n560,147,40.9000,2392,24.750,9.0000,2.7950,no
260_rem,0.2640,long_range_hybrid_target,144.0000,vihtavuori_n540,117,33.6000,2398,24.750,9.0000,2.7950,no
260_rem,0.2640,long_range_hybrid_target,144.0000,vihtavuori_n150,124,32.4000,2287,24.750,9.0000,2.7950,no
260_rem,0.2640,long_range_hybrid_target,144.0000,vihtavuori_n550,129,36.6000,2431,24.750,9.0000,2.7950,no
260_rem,0.2640,long_range_hybrid_target,144.0000,vihtavuori_n555,144,40.4000,2490,24.750,9.0000,2.7950,no
260_rem,0.2640,long_range_hybrid_target,144.0000,vihtavuori_n160,143,40.6000,2428,24.750,9.0000,2.7950,no
260_rem,0.2640,long_range_hybrid_target,144.0000,vihtavuori_n560,147,42.9000,2461,24.750,9.0000,2.7950,no
260_rem,0.2640,fmjbt,144.0000,vihtavuori_n550,129,33.2000,2221,24.750,9.0000,2.7950,no
260_rem,0.2640,fmjbt,144.0000,vihtavuori_n555,144,37.2000,2385,24.750,9.0000,2.7950,no
260_rem,0.2640,fmjbt,144.0000,vihtavuori_n160,143,36.0000,2231,24.750,9.0000,2.7950,no
260_rem,0.2640,fmjbt,144.0000,vihtavuori_n560,147,39.5000,2579,24.750,9.0000,2.7950,no
260_rem,0.2640,fmjbt,144.0000,vihtavuori_n565,156,41.7000,2415,24.750,9.0000,2.7950,no
260_rem,0.2640,maxrange_target_gb582,144.0000,vihtavuori_n140,112,31.6000,2287,24.750,9.0000,2.7950,no
260_rem,0.2640,maxrange_target_gb582,144.0000,vihtavuori_n540,117,32.4000,2320,24.750,9.0000,2.7950,no
260_rem,0.2640,maxrange_target_gb582,144.0000,vihtavuori_n150,124,31.6000,2287,24.750,9.0000,2.7950,no
260_rem,0.2640,maxrange_target_gb582,144.0000,vihtavuori_n550,129,36.7000,2405,24.750,9.0000,2.7950,no
260_rem,0.2640,maxrange_target_gb582,144.0000,vihtavuori_n555,144,40.1000,2467,24.750,9.0000,2.7950,no
260_rem,0.2640,maxrange_target_gb582,144.0000,vihtavuori_n160,143,40.1000,2421,24.750,9.0000,2.7950,no
260_rem,0.2640,maxrange_target_gb582,144.0000,vihtavuori_n560,147,42.4000,2467,24.750,9.0000,2.7950,no
260_rem,0.2640,long_range_hybrid_target,153.5000,vihtavuori_n540,117,32.7000,2267,24.750,9.0000,2.7950,no
260_rem,0.2640,long_range_hybrid_target,153.5000,vihtavuori_n150,124,30.9000,2178,24.750,9.0000,2.7950,no
260_rem,0.2640,long_range_hybrid_target,153.5000,vihtavuori_n550,129,35.5000,2320,24.750,9.0000,2.7950,no
260_rem,0.2640,long_range_hybrid_target,153.5000,vihtavuori_n555,144,40.1000,2408,24.750,9.0000,2.7950,no
260_rem,0.2640,long_range_hybrid_target,153.5000,vihtavuori_n160,143,40.1000,2329,24.750,9.0000,2.7950,no
260_rem,0.2640,long_range_hybrid_target,153.5000,vihtavuori_n560,147,42.4000,2326,24.750,9.0000,2.7950,no
260_rem,0.2640,mega,155.0000,vihtavuori_n160,143,33.0000,2134,24.750,9.0000,2.7360,no
260_rem,0.2640,mega,155.0000,vihtavuori_n165,153,38.8000,2208,24.750,9.0000,2.7360,no
260_rem,0.2640,mega,155.0000,vihtavuori_n560,147,36.6000,2137,24.750,9.0000,2.7360,no
260_rem,0.2640,tnt,90.0000,vihtavuori_n140,112,43.4000,3268,24.750,9.0000,2.5980,no
260_rem,0.2640,tnt,90.0000,vihtavuori_n540,117,44.8000,3337,24.750,9.0000,2.5980,no
260_rem,0.2640,tnt,90.0000,vihtavuori_n150,124,43.8000,3304,24.750,9.0000,2.5980,no
260_rem,0.2640,tnt,90.0000,vihtavuori_n550,129,46.8000,3383,24.750,9.0000,2.5980,no
260_rem,0.2640,classic_hunter,100.0000,vihtavuori_n140,112,40.9000,3012,24.750,9.0000,2.7950,no
260_rem,0.2640,classic_hunter,100.0000,vihtavuori_n540,117,43.1000,3156,24.750,9.0000,2.7950,no
260_rem,0.2640,classic_hunter,100.0000,vihtavuori_n150,124,41.5000,3035,24.750,9.0000,2.7950,no
260_rem,0.2640,eld_vt,100.0000,vihtavuori_n140,112,41.4000,3084,24.750,9.0000,2.7950,no
260_rem,0.2640,eld_vt,100.0000,vihtavuori_n540,117,41.1000,3120,24.750,9.0000,2.7950,no
260_rem,0.2640,eld_vt,100.0000,vihtavuori_n150,124,41.4000,3071,24.750,9.0000,2.7950,no
260_rem,0.2640,eld_vt,100.0000,vihtavuori_n550,129,44.3000,3156,24.750,9.0000,2.7950,no
260_rem,0.2640,fmj,100.0000,vihtavuori_n140,112,37.7000,2828,24.750,9.0000,2.5980,no
260_rem,0.2640,fmj,100.0000,vihtavuori_n540,117,40.6000,2923,24.750,9.0000,2.5980,no
260_rem,0.2640,fmj,100.0000,vihtavuori_n150,124,38.7000,2825,24.750,9.0000,2.5980,no
260_rem,0.2640,scenar,100.0000,vihtavuori_n140,112,40.4000,2966,24.750,9.0000,2.7170,no
260_rem,0.2640,scenar,100.0000,vihtavuori_n540,117,42.9000,3054,24.750,9.0000,2.7170,no
260_rem,0.2640,scenar,100.0000,vihtavuori_n150,124,41.7000,2966,24.750,9.0000,2.7170,no
260_rem,0.2640,HPFB,100.0000,vihtavuori_n140,112,39.9000,2973,24.750,9.0000,2.6570,no
260_rem,0.2640,HPFB,100.0000,vihtavuori_n540,117,41.2000,2992,24.750,9.0000,2.6570,no
260_rem,0.2640,HPFB,100.0000,vihtavuori_n150,124,40.3000,2926,24.750,9.0000,2.6570,no
260_rem,0.2640,scenar,108.0000,vihtavuori_n540,117,39.9000,2876,24.750,9.0000,2.7950,no
260_rem,0.2640,scenar,108.0000,vihtavuori_n150,124,39.1000,2837,24.750,9.0000,2.7950,no
260_rem,0.2640,scenar,108.0000,vihtavuori_n160,143,45.0000,2947,24.750,9.0000,2.7950,no
260_rem,0.2640,ttsx_bt,120.0000,vihtavuori_n140,112,37.8000,2641,24.750,9.0000,2.7720,no
260_rem,0.2640,ttsx_bt,120.0000,vihtavuori_n540,117,38.7000,2782,24.750,9.0000,2.7720,no
260_rem,0.2640,ttsx_bt,120.0000,vihtavuori_n150,124,37.0000,2625,24.750,9.0000,2.7720,no
260_rem,0.2640,bt_target,120.0000,vihtavuori_n540,117,39.7000,2874,24.750,9.0000,2.7950,no
260_rem,0.2640,bt_target,120.0000,vihtavuori_n150,124,38.4000,2779,24.750,9.0000,2.7950,no
260_rem,0.2640,bt_target,120.0000,vihtavuori_n550,129,42.6000,2907,24.750,9.0000,2.7950,no
260_rem,0.2640,bt_target,120.0000,vihtavuori_n160,143,45.8000,2904,24.750,9.0000,2.7950,no
260_rem,0.2640,cx,120.0000,vihtavuori_n140,112,35.8000,2539,24.750,9.0000,2.7950,no
260_rem,0.2640,cx,120.0000,vihtavuori_n540,117,37.3000,2703,24.750,9.0000,2.7950,no
260_rem,0.2640,cx,120.0000,vihtavuori_n150,124,36.0000,2546,24.750,9.0000,2.7950,no
260_rem,0.2640,cx,120.0000,vihtavuori_n550,129,40.4000,2749,24.750,9.0000,2.7950,no
260_rem,0.2640,cx,120.0000,vihtavuori_n160,143,41.1000,2631,24.750,9.0000,2.7950,no
260_rem,0.2640,scenar_l,120.0000,vihtavuori_n540,117,39.8000,2805,24.750,9.0000,2.7950,no
260_rem,0.2640,scenar_l,120.0000,vihtavuori_n150,124,39.4000,2736,24.750,9.0000,2.7950,no
260_rem,0.2640,scenar_l,120.0000,vihtavuori_n550,129,42.1000,2818,24.750,9.0000,2.7950,no
260_rem,0.2640,scenar_l,120.0000,vihtavuori_n160,143,45.4000,2792,24.750,9.0000,2.7950,no
260_rem,0.2640,trx,120.0000,vihtavuori_n140,112,38.9000,2753,24.750,9.0000,2.7950,no
260_rem,0.2640,trx,120.0000,vihtavuori_n540,117,38.4000,2808,24.750,9.0000,2.7950,no
260_rem,0.2640,trx,120.0000,vihtavuori_n150,124,39.0000,2746,24.750,9.0000,2.7950,no
260_rem,0.2640,trx,120.0000,vihtavuori_n550,129,41.5000,2861,24.750,9.0000,2.7950,no
260_rem,0.2640,ballistic_tip,120.0000,vihtavuori_n140,112,38.7000,2736,24.750,9.0000,2.7990,no
260_rem,0.2640,ballistic_tip,120.0000,vihtavuori_n150,124,38.9000,2746,24.750,9.0000,2.7990,no
260_rem,0.2640,ballistic_tip,120.0000,vihtavuori_n160,143,47.2000,2904,24.750,9.0000,2.7990,no
260_rem,0.2640,sp,120.0000,vihtavuori_n540,117,38.2000,2706,24.750,9.0000,2.7950,no
260_rem,0.2640,sp,120.0000,vihtavuori_n550,129,40.7000,2741,24.750,9.0000,2.7950,no
260_rem,0.2640,sp,120.0000,vihtavuori_n160,143,43.2000,2750,24.750,9.0000,2.7950,no
260_rem,0.2640,scenar,123.0000,vihtavuori_n150,124,38.6000,2677,24.750,9.0000,2.7950,no
260_rem,0.2640,scenar,123.0000,vihtavuori_n550,129,41.5000,2746,24.750,9.0000,2.7950,no
260_rem,0.2640,scenar,123.0000,vihtavuori_n160,143,44.6000,2759,24.750,9.0000,2.7950,no
260_rem,0.2640,hpbt_matchking,123.0000,vihtavuori_n140,112,38.6000,2762,24.750,9.0000,2.7950,no
260_rem,0.2640,hpbt_matchking,123.0000,vihtavuori_n540,117,38.9000,2828,24.750,9.0000,2.7950,no
260_rem,0.2640,hpbt_matchking,123.0000,vihtavuori_n150,124,38.6000,2762,24.750,9.0000,2.7950,no
260_rem,0.2640,hpbt_matchking,123.0000,vihtavuori_n550,129,42.0000,2881,24.750,9.0000,2.7950,no
260_rem,0.2640,lrx_bt,127.0000,vihtavuori_n140,112,36.6000,2520,24.750,9.0000,2.7950,no
260_rem,0.2640,lrx_bt,127.0000,vihtavuori_n540,117,38.3000,2651,24.750,9.0000,2.7950,no
260_rem,0.2640,lrx_bt,127.0000,vihtavuori_n150,124,36.0000,2510,24.750,9.0000,2.7950,no
260_rem,0.2640,lrx_bt,127.0000,vihtavuori_n550,129,40.9000,2733,24.750,9.0000,2.7950,no
260_rem,0.2640,lrx_bt,127.0000,vihtavuori_n160,143,44.6000,2697,24.750,9.0000,2.7950,no
260_rem,0.2640,lrx_bt,127.0000,vihtavuori_n560,147,47.7000,2779,24.750,9.0000,2.7950,no
260_rem,0.2640,interlock_sp,129.0000,vihtavuori_n140,112,36.0000,2569,24.750,9.0000,2.7950,no
260_rem,0.2640,interlock_sp,129.0000,vihtavuori_n540,117,36.4000,2651,24.750,9.0000,2.7950,no
260_rem,0.2640,interlock_sp,129.0000,vihtavuori_n150,124,35.3000,2543,24.750,9.0000,2.7950,no
260_rem,0.2640,interlock_sp,129.0000,vihtavuori_n550,129,39.2000,2703,24.750,9.0000,2.7950,no
260_rem,0.2640,interlock_sp,129.0000,vihtavuori_n555,144,43.5000,2749,24.750,9.0000,2.7950,no
260_rem,0.2640,interlock_sp,129.0000,vihtavuori_n160,143,42.4000,2674,24.750,9.0000,2.7950,no
260_rem,0.2640,interlock_sp,129.0000,vihtavuori_n560,147,44.9000,2772,24.750,9.0000,2.7950,no
260_rem,0.2640,tsx,130.0000,vihtavuori_n540,117,37.7000,2657,24.750,9.0000,2.7870,no
260_rem,0.2640,tsx,130.0000,vihtavuori_n550,129,40.0000,2677,24.750,9.0000,2.7870,no
260_rem,0.2640,tsx,130.0000,vihtavuori_n160,143,42.4000,2651,24.750,9.0000,2.7870,no
260_rem,0.2640,tgk,130.0000,vihtavuori_n140,112,37.0000,2631,24.750,9.0000,2.7950,no
260_rem,0.2640,tgk,130.0000,vihtavuori_n540,117,37.3000,2703,24.750,9.0000,2.7950,no
260_rem,0.2640,tgk,130.0000,vihtavuori_n150,124,36.3000,2605,24.750,9.0000,2.7950,no
260_rem,0.2640,tgk,130.0000,vihtavuori_n550,129,40.3000,2743,24.750,9.0000,2.7950,no
260_rem,0.2640,tgk,130.0000,vihtavuori_n555,144,43.8000,2776,24.750,9.0000,2.7950,no
260_rem,0.2640,tgk,130.0000,vihtavuori_n160,143,43.2000,2707,24.750,9.0000,2.7950,no
260_rem,0.2640,hybrid_otm_tactical,130.0000,vihtavuori_n540,117,38.7000,2769,24.750,9.0000,2.7950,no
260_rem,0.2640,hybrid_otm_tactical,130.0000,vihtavuori_n150,124,38.0000,2694,24.750,9.0000,2.7950,no
260_rem,0.2640,hybrid_otm_tactical,130.0000,vihtavuori_n550,129,41.7000,2805,24.750,9.0000,2.7950,no
260_rem,0.2640,hybrid_otm_tactical,130.0000,vihtavuori_n160,143,45.8000,2828,24.750,9.0000,2.7950,no
260_rem,0.2640,vld_target,130.0000,vihtavuori_n140,112,36.7000,2671,24.750,9.0000,2.7950,no
260_rem,0.2640,vld_target,130.0000,vihtavuori_n540,117,38.3000,2766,24.750,9.0000,2.7950,no
260_rem,0.2640,vld_target,130.0000,vihtavuori_n150,124,37.3000,2674,24.750,9.0000,2.7950,no
260_rem,0.2640,vld_target,130.0000,vihtavuori_n550,129,41.5000,2808,24.750,9.0000,2.7950,no
260_rem,0.2640,vld_target,130.0000,vihtavuori_n555,144,43.8000,2835,24.750,9.0000,2.7950,no
260_rem,0.2640,scirocco_ii,130.0000,vihtavuori_n140,112,35.8000,2575,24.750,9.0000,2.7950,no
260_rem,0.2640,scirocco_ii,130.0000,vihtavuori_n540,117,37.8000,2687,24.750,9.0000,2.7950,no
260_rem,0.2640,scirocco_ii,130.0000,vihtavuori_n150,124,36.1000,2608,24.750,9.0000,2.7950,no
260_rem,0.2640,scirocco_ii,130.0000,vihtavuori_n550,129,40.1000,2717,24.750,9.0000,2.7950,no
260_rem,0.2640,scirocco_ii,130.0000,vihtavuori_n560,147,46.3000,2776,24.750,9.0000,2.7950,no
260_rem,0.2640,classic_hunter,135.0000,vihtavuori_n540,117,37.3000,2687,24.750,9.0000,2.7950,no
260_rem,0.2640,classic_hunter,135.0000,vihtavuori_n150,124,36.6000,2621,24.750,9.0000,2.7950,no
260_rem,0.2640,classic_hunter,135.0000,vihtavuori_n550,129,40.9000,2733,24.750,9.0000,2.7950,no
260_rem,0.2640,classic_hunter,135.0000,vihtavuori_n160,143,44.0000,2723,24.750,9.0000,2.7950,no
260_rem,0.2640,classic_hunter,135.0000,vihtavuori_n560,147,46.6000,2776,24.750,9.0000,2.7950,no
260_rem,0.2640,scenar_l,136.0000,vihtavuori_n550,129,41.7000,2740,24.750,9.0000,2.7950,no
260_rem,0.2640,scenar,139.0000,vihtavuori_n550,129,39.5000,2657,24.750,9.0000,2.7950,no
260_rem,0.2640,scenar,139.0000,vihtavuori_n160,143,43.4000,2674,24.750,9.0000,2.7950,no
260_rem,0.2640,scenar,139.0000,vihtavuori_n560,147,46.1000,2723,24.750,9.0000,2.7950,no
260_rem,0.2640,elite_hunter,140.0000,vihtavuori_n150,124,36.1000,2562,24.750,9.0000,2.7950,no
260_rem,0.2640,elite_hunter,140.0000,vihtavuori_n550,129,39.7000,2661,24.750,9.0000,2.7950,no
260_rem,0.2640,elite_hunter,140.0000,vihtavuori_n160,143,43.1000,2661,24.750,9.0000,2.7950,no
260_rem,0.2640,elite_hunter,140.0000,vihtavuori_n560,147,46.1000,2736,24.750,9.0000,2.7950,no
260_rem,0.2640,elite_hunter,140.0000,vihtavuori_n565,156,48.9000,2749,24.750,9.0000,2.7950,no
260_rem,0.2640,vld_target,140.0000,vihtavuori_n540,117,37.7000,2644,24.750,9.0000,2.7950,no
260_rem,0.2640,vld_target,140.0000,vihtavuori_n150,124,36.6000,2569,24.750,9.0000,2.7950,no
260_rem,0.2640,vld_target,140.0000,vihtavuori_n550,129,40.1000,2671,24.750,9.0000,2.7950,no
260_rem,0.2640,vld_target,140.0000,vihtavuori_n160,143,44.3000,2703,24.750,9.0000,2.7950,no
260_rem,0.2640,vld_target,140.0000,vihtavuori_n560,147,46.1000,2733,24.750,9.0000,2.7950,no
260_rem,0.2640,vld_target,140.0000,vihtavuori_n565,156,48.3000,2733,24.750,9.0000,2.7950,no
260_rem,0.2640,gmx,140.0000,vihtavuori_n140,112,34.0000,2247,24.750,9.0000,2.7950,no
260_rem,0.2640,gmx,140.0000,vihtavuori_n540,117,37.3000,2493,24.750,9.0000,2.7950,no
260_rem,0.2640,gmx,140.0000,vihtavuori_n150,124,33.6000,2241,24.750,9.0000,2.7950,no
260_rem,0.2640,gmx,140.0000,vihtavuori_n550,129,39.7000,2530,24.750,9.0000,2.7950,no
260_rem,0.2640,naturalis_n507,140.0000,vihtavuori_n550,129,39.2000,2546,24.750,9.0000,2.8860,no
260_rem,0.2640,naturalis_n507,140.0000,vihtavuori_n160,143,40.3000,2513,24.750,9.0000,2.8860,no
260_rem,0.2640,naturalis_n507,140.0000,vihtavuori_n560,147,43.8000,2556,24.750,9.0000,2.8860,no
260_rem,0.2640,naturalis_n563,140.0000,vihtavuori_n150,124,34.0000,2451,24.750,9.0000,2.7560,no
260_rem,0.2640,naturalis_n563,140.0000,vihtavuori_n550,129,38.4000,2602,24.750,9.0000,2.7560,no
260_rem,0.2640,naturalis_n563,140.0000,vihtavuori_n555,144,41.5000,2615,24.750,9.0000,2.7560,no
260_rem,0.2640,naturalis_n563,140.0000,vihtavuori_n160,143,40.4000,2582,24.750,9.0000,2.7560,no
260_rem,0.2640,naturalis_n563,140.0000,vihtavuori_n560,147,45.1000,2680,24.750,9.0000,2.7560,no
260_rem,0.2640,accubond,140.0000,vihtavuori_n550,129,40.9000,2661,24.750,9.0000,2.7560,no
260_rem,0.2640,a_frame,140.0000,vihtavuori_n550,129,37.3000,2507,24.750,9.0000,2.7950,no
260_rem,0.2640,a_frame,140.0000,vihtavuori_n160,143,38.3000,2467,24.750,9.0000,2.7950,no
260_rem,0.2640,a_frame,140.0000,vihtavuori_n560,147,43.8000,2621,24.750,9.0000,2.7950,no
260_rem,0.2640,a_frame,140.0000,vihtavuori_n565,156,45.1000,2628,24.750,9.0000,2.7950,no
260_rem,0.2640,eld_x,143.0000,vihtavuori_n140,112,33.8000,2418,24.750,9.0000,2.7950,no
260_rem,0.2640,eld_x,143.0000,vihtavuori_n540,117,36.3000,2539,24.750,9.0000,2.7950,no
260_rem,0.2640,eld_x,143.0000,vihtavuori_n150,124,34.7000,2411,24.750,9.0000,2.7950,no
260_rem,0.2640,eld_x,143.0000,vihtavuori_n550,129,39.5000,2605,24.750,9.0000,2.7950,no
260_rem,0.2640,long_range_hybrid_target,144.0000,vihtavuori_n540,117,38.1000,2635,24.750,9.0000,2.7950,no
260_rem,0.2640,long_range_hybrid_target,144.0000,vihtavuori_n150,124,36.3000,2516,24.750,9.0000,2.7950,no
260_rem,0.2640,long_range_hybrid_target,144.0000,vihtavuori_n550,129,40.1000,2667,24.750,9.0000,2.7950,no
260_rem,0.2640,fmjbt,144.0000,vihtavuori_n550,129,38.4000,2520,24.750,9.0000,2.7950,no
260_rem,0.2640,fmjbt,144.0000,vihtavuori_n555,144,41.1000,2621,24.750,9.0000,2.7950,no
260_rem,0.2640,fmjbt,144.0000,vihtavuori_n160,143,41.1000,2500,24.750,9.0000,2.7950,no
260_rem,0.2640,fmjbt,144.0000,vihtavuori_n560,147,44.8000,2559,24.750,9.0000,2.7950,no
260_rem,0.2640,fmjbt,144.0000,vihtavuori_n565,156,46.1000,2664,24.750,9.0000,2.7950,no
260_rem,0.2640,maxrange_target_gb582,144.0000,vihtavuori_n140,112,35.8000,2513,24.750,9.0000,2.7950,no
260_rem,0.2640,maxrange_target_gb582,144.0000,vihtavuori_n540,117,36.7000,2582,24.750,9.0000,2.7950,no
260_rem,0.2640,maxrange_target_gb582,144.0000,vihtavuori_n150,124,36.3000,2516,24.750,9.0000,2.7950,no
260_rem,0.2640,maxrange_target_gb582,144.0000,vihtavuori_n550,129,39.7000,2631,24.750,9.0000,2.7950,no
260_rem,0.2640,maxrange_target_gb582,144.0000,vihtavuori_n160,143,44.4000,2654,24.750,9.0000,2.7950,no
260_rem,0.2640,long_range_hybrid_target,153.5000,vihtavuori_n540,117,37.0000,2520,24.750,9.0000,2.7950,no
260_rem,0.2640,long_range_hybrid_target,153.5000,vihtavuori_n150,124,35.0000,2392,24.750,9.0000,2.7950,no
260_rem,0.2640,long_range_hybrid_target,153.5000,vihtavuori_n550,129,39.0000,2559,24.750,9.0000,2.7950,no
260_rem,0.2640,mega,155.0000,vihtavuori_n160,143,37.1000,2332,24.750,9.0000,2.7360,no
260_rem,0.2640,mega,155.0000,vihtavuori_n165,153,43.7000,2478,24.750,9.0000,2.7360,no
260_rem,0.2640,mega,155.0000,vihtavuori_n560,147,42.0000,2412,24.750,9.0000,2.7360,no
270_weatherby_mag,0.2770,psp,100.0000,vihtavuori_n550,129,66.8000,3401,25.500,12.0000,3.1100,no
270_weatherby_mag,0.2770,psp,100.0000,vihtavuori_n160,143,71.0000,3421,25.500,12.0000,3.1100,no
270_weatherby_mag,0.2770,psp,100.0000,vihtavuori_n165,153,78.4000,3428,25.500,12.0000,3.1100,no
270_weatherby_mag,0.2770,pspcl,130.0000,vihtavuori_n160,143,66.5000,3080,25.500,12.0000,3.2360,no
270_weatherby_mag,0.2770,pspcl,130.0000,vihtavuori_n165,153,71.3000,3055,25.500,12.0000,3.2360,no
270_weatherby_mag,0.2770,pspcl,130.0000,vihtavuori_n560,147,72.7000,3108,25.500,12.0000,3.2360,no
270_weatherby_mag,0.2770,hpbt,135.0000,vihtavuori_n160,143,65.0000,2964,25.500,12.0000,3.2680,no
270_weatherby_mag,0.2770,hpbt,135.0000,vihtavuori_n165,153,70.2000,3029,25.500,12.0000,3.2680,no
270_weatherby_mag,0.2770,hpbt,135.0000,vihtavuori_n560,147,71.2000,3137,25.500,12.0000,3.2680,no
270_weatherby_mag,0.2770,partition,150.0000,vihtavuori_n165,153,67.0000,2876,25.500,12.0000,3.2480,no
270_weatherby_mag,0.2770,partition,150.0000,vihtavuori_n560,147,67.6000,2954,25.500,12.0000,3.2480,no
270_weatherby_mag,0.2770,partition,150.0000,vihtavuori_n170,157,73.4000,2906,25.500,12.0000,3.2480,no
270_weatherby_mag,0.2770,psp,100.0000,vihtavuori_n550,129,71.7000,3666,25.500,12.0000,3.1100,no
270_weatherby_mag,0.2770,psp,100.0000,vihtavuori_n160,143,74.9000,3634,25.500,12.0000,3.1100,no
270_weatherby_mag,0.2770,psp,100.0000,vihtavuori_n165,153,83.0000,3658,25.500,12.0000,3.1100,no
270_weatherby_mag,0.2770,pspcl,130.0000,vihtavuori_n160,143,71.1000,3284,25.500,12.0000,3.2360,no
270_weatherby_mag,0.2770,pspcl,130.0000,vihtavuori_n165,153,76.0000,3270,25.500,12.0000,3.2360,no
270_weatherby_mag,0.2770,pspcl,130.0000,vihtavuori_n560,147,76.9000,3294,25.500,12.0000,3.2360,no
270_weatherby_mag,0.2770,hpbt,135.0000,vihtavuori_n160,143,68.3000,3167,25.500,12.0000,3.2680,no
270_weatherby_mag,0.2770,hpbt,135.0000,vihtavuori_n165,153,72.5000,3244,25.500,12.0000,3.2680,no
270_weatherby_mag,0.2770,hpbt,135.0000,vihtavuori_n560,147,74.2000,3323,25.500,12.0000,3.2680,no
270_weatherby_mag,0.2770,partition,150.0000,vihtavuori_n165,153,72.2000,3072,25.500,12.0000,3.2480,no
270_weatherby_mag,0.2770,partition,150.0000,vihtavuori_n560,147,71.0000,3134,25.500,12.0000,3.2480,no
270_weatherby_mag,0.2770,partition,150.0000,vihtavuori_n170,157,78.8000,3134,25.500,12.0000,3.2480,no
270_win,0.2770,spitzer,100.0000,vihtavuori_n160,143,65.8000,3468,24.375,10.0000,3.1500,yes
270_win,0.2770,spitzer,100.0000,vihtavuori_n165,153,69.9000,3509,24.375,10.0000,3.1500,yes
270_win,0.2770,scirocco_ii,130.0000,vihtavuori_n165,153,60.2000,3120,24.375,10.0000,3.3310,yes
270_win,0.2770,scirocco_ii,130.0000,vihtavuori_n560,147,59.0000,3104,24.375,10.0000,3.3310,yes
270_win,0.2770,scirocco_ii,130.0000,vihtavuori_n565,156,60.5000,3068,24.375,10.0000,3.3310,yes
270_win,0.2770,spitzer,100.0000,vihtavuori_n150,124,44.5000,2945,24.375,10.0000,3.1500,no
270_win,0.2770,spitzer,100.0000,vihtavuori_n160,143,58.6000,3127,24.375,10.0000,3.1500,no
270_win,0.2770,spitzer,100.0000,vihtavuori_n165,153,61.7000,3170,24.375,10.0000,3.1500,no
270_win,0.2770,matchking,115.0000,vihtavuori_n150,124,39.5000,2733,24.375,10.0000,3.2870,no
270_win,0.2770,matchking,115.0000,vihtavuori_n550,129,44.3000,2858,24.375,10.0000,3.2870,no
270_win,0.2770,matchking,115.0000,vihtavuori_n160,143,46.0000,2769,24.375,10.0000,3.2870,no
270_win,0.2770,sp,130.0000,vihtavuori_n160,143,51.5000,2779,24.375,10.0000,3.2280,no
270_win,0.2770,sp,130.0000,vihtavuori_n560,147,56.2000,2873,24.375,10.0000,3.2280,no
270_win,0.2770,solid_shank,130.0000,vihtavuori_n555,144,50.9000,2864,24.375,10.0000,3.2680,no
270_win,0.2770,solid_shank,130.0000,vihtavuori_n160,143,49.4000,2733,24.375,10.0000,3.2680,no
270_win,0.2770,solid_shank,130.0000,vihtavuori_n165,153,55.6000,2864,24.375,10.0000,3.2680,no
270_win,0.2770,solid_shank,130.0000,vihtavuori_n560,147,52.5000,2795,24.375,10.0000,3.2680,no
270_win,0.2770,spbt,130.0000,vihtavuori_n165,153,54.6000,2787,24.375,10.0000,3.2680,no
270_win,0.2770,scirocco_ii,130.0000,vihtavuori_n555,144,50.3000,2867,24.375,10.0000,3.3310,no
270_win,0.2770,scirocco_ii,130.0000,vihtavuori_n160,143,45.5000,2684,24.375,10.0000,3.3310,no
270_win,0.2770,scirocco_ii,130.0000,vihtavuori_n165,153,54.0000,2874,24.375,10.0000,3.3310,no
270_win,0.2770,scirocco_ii,130.0000,vihtavuori_n560,147,54.0000,2831,24.375,10.0000,3.3310,no
270_win,0.2770,scirocco_ii,130.0000,vihtavuori_n565,156,55.6000,2831,24.375,10.0000,3.3310,no
270_win,0.2770,hpbt,135.0000,vihtavuori_n160,143,44.8000,2697,24.375,10.0000,3.2680,no
270_win,0.2770,hpbt,135.0000,vihtavuori_n165,153,56.3000,2769,24.375,10.0000,3.2680,no
270_win,0.2770,hpbt,135.0000,vihtavuori_n560,147,55.9000,2874,24.375,10.0000,3.2680,no
270_win,0.2770,tsx,140.0000,vihtavuori_n550,129,37.7000,2418,24.375,10.0000,3.2090,no
270_win,0.2770,tsx,140.0000,vihtavuori_n165,153,44.8000,2533,24.375,10.0000,3.2090,no
270_win,0.2770,tsx,140.0000,vihtavuori_n560,147,48.1000,2618,24.375,10.0000,3.2090,no
270_win,0.2770,solid_shank,140.0000,vihtavuori_n160,143,47.1000,2598,24.375,10.0000,3.2680,no
270_win,0.2770,solid_shank,140.0000,vihtavuori_n165,153,52.5000,2700,24.375,10.0000,3.2680,no
270_win,0.2770,solid_shank,140.0000,vihtavuori_n560,147,50.2000,2667,24.375,10.0000,3.2680,no
270_win,0.2770,a_frame,140.0000,vihtavuori_n550,129,40.6000,2487,24.375,10.0000,3.2280,no
270_win,0.2770,a_frame,140.0000,vihtavuori_n165,153,47.1000,2592,24.375,10.0000,3.2280,no
270_win,0.2770,a_frame,140.0000,vihtavuori_n560,147,48.1000,2589,24.375,10.0000,3.2280,no
270_win,0.2770,tsx,150.0000,vihtavuori_n550,129,37.7000,2336,24.375,10.0000,3.2280,no
270_win,0.2770,tsx,150.0000,vihtavuori_n165,153,41.8000,2339,24.375,10.0000,3.2280,no
270_win,0.2770,tsx,150.0000,vihtavuori_n560,147,44.8000,2448,24.375,10.0000,3.2280,no
270_win,0.2770,ballistic_tip,150.0000,vihtavuori_n160,143,45.1000,2395,24.375,10.0000,3.2870,no
270_win,0.2770,ballistic_tip,150.0000,vihtavuori_n165,153,47.8000,2408,24.375,10.0000,3.2870,no
270_win,0.2770,ballistic_tip,150.0000,vihtavuori_n560,147,48.3000,2434,24.375,10.0000,3.2870,no
270_win,0.2770,a_frame,150.0000,vihtavuori_n555,144,44.8000,2579,24.375,10.0000,3.3310,no
270_win,0.2770,a_frame,150.0000,vihtavuori_n160,143,42.4000,2444,24.375,10.0000,3.3310,no
270_win,0.2770,a_frame,150.0000,vihtavuori_n165,153,47.8000,2579,24.375,10.0000,3.3310,no
270_win,0.2770,a_frame,150.0000,vihtavuori_n560,147,49.4000,2608,24.375,10.0000,3.3310,no
270_win,0.2770,a_frame,150.0000,vihtavuori_n565,156,50.9000,2628,24.375,10.0000,3.3310,no
270_win,0.2770,partition,160.0000,vihtavuori_n160,143,38.6000,2293,24.375,10.0000,3.3310,no
270_win,0.2770,partition,160.0000,vihtavuori_n165,153,44.4000,2411,24.375,10.0000,3.3310,no
270_win,0.2770,partition,160.0000,vihtavuori_n560,147,46.5000,2444,24.375,10.0000,3.3310,no
270_win,0.2770,spitzer,100.0000,vihtavuori_n150,124,52.8000,3273,24.375,10.0000,3.1500,no
270_win,0.2770,matchking,115.0000,vihtavuori_n150,124,45.4000,3031,24.375,10.0000,3.2870,no
270_win,0.2770,matchking,115.0000,vihtavuori_n550,129,49.1000,3130,24.375,10.0000,3.2870,no
270_win,0.2770,matchking,115.0000,vihtavuori_n160,143,54.6000,3143,24.375,10.0000,3.2870,no
270_win,0.2770,sp,130.0000,vihtavuori_n160,143,58.0000,3083,24.375,10.0000,3.2280,no
270_win,0.2770,sp,130.0000,vihtavuori_n560,147,61.3000,3132,24.375,10.0000,3.2280,no
270_win,0.2770,solid_shank,130.0000,vihtavuori_n555,144,54.5000,3051,24.375,10.0000,3.2680,no
270_win,0.2770,solid_shank,130.0000,vihtavuori_n160,143,54.3000,2969,24.375,10.0000,3.2680,no
270_win,0.2770,solid_shank,130.0000,vihtavuori_n165,153,59.1000,3058,24.375,10.0000,3.2680,no
270_win,0.2770,solid_shank,130.0000,vihtavuori_n560,147,56.6000,3031,24.375,10.0000,3.2680,no
270_win,0.2770,spbt,130.0000,vihtavuori_n165,153,62.0000,3089,24.375,10.0000,3.2680,no
270_win,0.2770,scirocco_ii,130.0000,vihtavuori_n555,144,54.5000,3084,24.375,10.0000,3.3310,no
270_win,0.2770,scirocco_ii,130.0000,vihtavuori_n160,143,54.2000,2992,24.375,10.0000,3.3310,no
270_win,0.2770,hpbt,135.0000,vihtavuori_n160,143,56.5000,3048,24.375,10.0000,3.2680,no
270_win,0.2770,hpbt,135.0000,vihtavuori_n165,153,60.2000,3041,24.375,10.0000,3.2680,no
270_win,0.2770,hpbt,135.0000,vihtavuori_n560,147,60.3000,3140,24.375,10.0000,3.2680,no
270_win,0.2770,tsx,140.0000,vihtavuori_n550,129,46.5000,2822,24.375,10.0000,3.2090,no
270_win,0.2770,tsx,140.0000,vihtavuori_n165,153,52.8000,2828,24.375,10.0000,3.2090,no
270_win,0.2770,tsx,140.0000,vihtavuori_n560,147,53.7000,2894,24.375,10.0000,3.2090,no
270_win,0.2770,solid_shank,140.0000,vihtavuori_n160,143,52.8000,2864,24.375,10.0000,3.2680,no
270_win,0.2770,solid_shank,140.0000,vihtavuori_n165,153,56.8000,2930,24.375,10.0000,3.2680,no
270_win,0.2770,solid_shank,140.0000,vihtavuori_n560,147,54.9000,2930,24.375,10.0000,3.2680,no
270_win,0.2770,a_frame,140.0000,vihtavuori_n550,129,47.5000,2818,24.375,10.0000,3.2280,no
270_win,0.2770,a_frame,140.0000,vihtavuori_n165,153,55.4000,2844,24.375,10.0000,3.2280,no
270_win,0.2770,a_frame,140.0000,vihtavuori_n560,147,55.6000,2913,24.375,10.0000,3.2280,no
270_win,0.2770,tsx,150.0000,vihtavuori_n550,129,45.2000,2694,24.375,10.0000,3.2280,no
270_win,0.2770,tsx,150.0000,vihtavuori_n165,153,50.5000,2687,24.375,10.0000,3.2280,no
270_win,0.2770,tsx,150.0000,vihtavuori_n560,147,51.9000,2779,24.375,10.0000,3.2280,no
270_win,0.2770,ballistic_tip,150.0000,vihtavuori_n160,143,52.3000,2762,24.375,10.0000,3.2870,no
270_win,0.2770,ballistic_tip,150.0000,vihtavuori_n165,153,57.7000,2854,24.375,10.0000,3.2870,no
270_win,0.2770,ballistic_tip,150.0000,vihtavuori_n560,147,56.5000,2854,24.375,10.0000,3.2870,no
270_win,0.2770,a_frame,150.0000,vihtavuori_n555,144,50.3000,2812,24.375,10.0000,3.3310,no
270_win,0.2770,a_frame,150.0000,vihtavuori_n160,143,47.8000,2680,24.375,10.0000,3.3310,no
270_win,0.2770,a_frame,150.0000,vihtavuori_n165,153,55.4000,2835,24.375,10.0000,3.3310,no
270_win,0.2770,a_frame,150.0000,vihtavuori_n560,147,55.4000,2887,24.375,10.0000,3.3310,no
270_win,0.2770,a_frame,150.0000,vihtavuori_n565,156,56.3000,2858,24.375,10.0000,3.3310,no
270_win,0.2770,partition,160.0000,vihtavuori_n160,143,44.6000,2562,24.375,10.0000,3.3310,no
270_win,0.2770,partition,160.0000,vihtavuori_n165,153,51.1000,2661,24.375,10.0000,3.3310,no
270_win,0.2770,partition,160.0000,vihtavuori_n560,147,52.8000,2779,24.375,10.0000,3.3310,no
300_blk,0.3080,fb_target,115.0000,hodgdon_trail_boss,22,4.5000,965,,7.0000,2.0500,no
300_blk,0.3080,fb_target,115.0000,hodgdon_trail_boss,22,5.5000,1062,,7.0000,2.0500,no
300_blk,0.3080,spire_point,200.0000,imr_4198,79,11.5000,890,9.000,7.0000,2.2000,no
300_blk,0.3080,spire_point,220.0000,hodgdon_h110,66,9.0000,940,8.300,7.0000,2.3000,no
300_blk,0.3080,spire_point,220.0000,hodgdon_h110,66,9.5000,1000,8.300,7.0000,2.3000,no
300_blk,0.3080,spire_point,220.0000,hodgdon_h110,66,10.0000,1060,8.300,7.0000,2.3000,no
300_blk,0.3080,v_max,110.0000,hodgdon_trail_boss,22,4.9000,1023,,8.0000,2.0500,no
300_blk,0.3080,v_max,110.0000,hodgdon_trail_boss,22,6.2000,1040,,8.0000,2.0500,no
300_blk,0.3080,interbond,150.0000,hodgdon_trail_boss,22,6.0000,871,,8.0000,2.2350,no
300_blk,0.3080,sub_x,190.0000,hodgdon_h110,66,9.6000,1067,,8.0000,2.0500,no
300_blk,0.3080,bt,125.0000,hodgdon_trail_boss,22,6.1000,1060,,8.0000,2.0600,no
300_blk,0.3080,hpbt,140.0000,hodgdon_trail_boss,22,6.0000,929,,8.0000,2.0550,no
300_blk,0.3080,varmint_hp,135.0000,hodgdon_trail_boss,22,6.4000,869,,8.0000,2.0550,no
300_blk,0.3080,tnt,125.0000,accurate_4100,61,16.4000,1948,,8.0000,,no
300_blk,0.3080,tnt,125.0000,accurate_4100,61,16.6000,1960,,8.0000,,no
300_blk,0.3080,tnt,125.0000,accurate_4100,61,16.8000,1978,,8.0000,,no
300_blk,0.3080,tnt,125.0000,accurate_4100,61,17.0000,2015,,8.0000,,no
300_blk,0.3080,tnt,125.0000,accurate_4100,61,17.2000,2018,,8.0000,,no
300_blk,0.3080,tnt,125.0000,accurate_4100,61,17.4000,2032,,8.0000,,no
300_blk,0.3080,tnt,125.0000,accurate_4100,61,17.6000,2030,,8.0000,,no
300_blk,0.3080,tnt,125.0000,accurate_4100,61,17.8000,2005,,8.0000,,no
300_blk,0.3080,tnt,125.0000,accurate_4100,61,18.0000,2000,,8.0000,,no
300_blk,0.3080,tnt,125.0000,accurate_4100,61,18.2000,2005,,8.0000,,no
300_blk,0.3080,tnt,125.0000,accurate_4100,61,18.4000,2025,,8.0000,,no
300_blk,0.3080,hp,130.0000,hodgdon_trail_boss,22,6.4000,967,,8.0000,2.0050,no
300_blk,0.3080,spire_point,200.0000,ramshot_enforcer,58,7.0000,710,9.000,7.0000,2.2000,no
300_blk,0.3080,spire_point,200.0000,ramshot_enforcer,58,7.5000,877,9.000,7.0000,2.2000,no
300_blk,0.3080,spire_point,200.0000,hodgdon_lil_gun,65,8.5000,1015,9.000,7.0000,2.2000,no
300_blk,0.3080,spire_point,200.0000,hodgdon_lil_gun,65,9.0000,1080,9.000,7.0000,2.2000,no
300_blk,0.3080,spire_point,200.0000,alliant_reloder_7,77,11.0000,904,9.000,7.0000,2.2000,no
300_blk,0.3080,spire_point,200.0000,alliant_reloder_7,77,11.5000,945,9.000,7.0000,2.2000,no
300_blk,0.3080,spire_point,200.0000,hodgdon_cfe_blk,74,11.5000,925,9.000,7.0000,2.2000,no
300_blk,0.3080,spire_point,200.0000,hodgdon_cfe_blk,74,12.0000,905,9.000,7.0000,2.2000,no
300_blk,0.3080,spire_point,200.0000,imr_4198,79,11.0000,823,9.000,7.0000,2.2000,no
300_blk,0.3080,sub_x,190.0000,imr_4198,79,11.4000,1032,,8.0000,2.0500,yes
300_blk,0.3080,sub_x,190.0000,hodgdon_cfe_blk,74,12.3000,1062,,8.0000,2.0500,yes
300_blk,0.3080,sub_x,190.0000,hodgdon_h4198,80,11.5000,1059,,8.0000,2.0500,yes
300_blk,0.3080,sub_x,190.0000,imr_4227,69,10.4000,1056,,8.0000,2.0500,yes
300_blk,0.3080,hpce_otce,100.0000,vihtavuori_n105,59,10.3000,1867,14.000,8.0000,1.8310,no
300_blk,0.3080,hpce_otce,100.0000,vihtavuori_n110,64,14.4000,2077,14.000,8.0000,1.8310,no
300_blk,0.3080,fmj,123.0000,vihtavuori_n105,59,10.3000,1575,14.000,8.0000,1.9760,no
300_blk,0.3080,fmj,123.0000,vihtavuori_n110,64,14.5000,1857,14.000,8.0000,1.9760,no
300_blk,0.3080,lock_base,150.0000,vihtavuori_n120,81,9.3000,1040,14.000,8.0000,2.2440,no
300_blk,0.3080,scenar_l,155.0000,vihtavuori_n120,81,9.6000,1037,14.000,8.0000,2.2440,no
300_blk,0.3080,scenar,167.0000,vihtavuori_n120,81,9.4000,1027,14.000,8.0000,2.2440,no
300_blk,0.3080,scenar,185.0000,vihtavuori_n120,81,10.2000,1043,14.000,8.0000,2.2440,no
300_blk,0.3080,fmjbt,200.0000,vihtavuori_n110,64,8.3000,1047,14.000,8.0000,2.2440,no
300_blk,0.3080,fmjbt,200.0000,vihtavuori_n120,81,10.2000,1037,14.000,8.0000,2.2440,no
300_blk,0.3080,hpce_otce,100.0000,vihtavuori_n105,59,13.0000,2110,14.000,8.0000,1.8310,no
300_blk,0.3080,hpce_otce,100.0000,vihtavuori_n110,64,17.0000,2257,14.000,8.0000,1.8310,no
300_blk,0.3080,fmj,123.0000,vihtavuori_n105,59,11.9000,1775,14.000,8.0000,1.9760,no
300_blk,0.3080,fmj,123.0000,vihtavuori_n110,64,15.9000,1991,14.000,8.0000,1.9760,no
300_blk,0.3080,lock_base,150.0000,vihtavuori_n120,81,19.6000,2018,14.000,8.0000,2.2440,no
300_blk,0.3080,scenar_l,155.0000,vihtavuori_n120,81,18.4000,1929,14.000,8.0000,2.2440,no
300_blk,0.3080,scenar,167.0000,vihtavuori_n120,81,18.1000,1841,14.000,8.0000,2.2440,no
300_blk,0.3080,scenar,185.0000,vihtavuori_n120,81,16.8000,1713,14.000,8.0000,2.2440,no
300_blk,0.3080,fmjbt,200.0000,vihtavuori_n110,64,12.2000,1430,14.000,8.0000,2.2440,no
300_blk,0.3080,fmjbt,200.0000,vihtavuori_n120,81,15.7000,1506,14.000,8.0000,2.2440,no
300_blk,0.3080,accubond,125.0000,vihtavuori_n105,59,10.2000,1699,14.000,8.0000,2.0240,no
300_blk,0.3080,accubond,125.0000,vihtavuori_n110,64,13.7000,1903,14.000,8.0000,2.0240,no
300_blk,0.3080,accubond,125.0000,vihtavuori_n105,59,11.9000,1893,14.000,8.0000,2.0240,no
300_blk,0.3080,accubond,125.0000,vihtavuori_n110,64,15.3000,2024,14.000,8.0000,2.0240,no
300_blk,0.3080,match_king,125.0000,vihtavuori_n105,59,10.2000,1742,14.000,8.0000,2.2090,no
300_blk,0.3080,match_king,125.0000,vihtavuori_n110,64,14.2000,1864,14.000,8.0000,2.2090,no
300_blk,0.3080,match_king,125.0000,vihtavuori_n105,59,11.7000,1811,14.000,8.0000,2.2090,no
300_blk,0.3080,match_king,125.0000,vihtavuori_n110,64,15.7000,2011,14.000,8.0000,2.2090,no
300_win_mag,0.3080,fmj,123.0000,vihtavuori_n555,144,78.7000,3514,24.500,10.0000,3.2240,yes
300_win_mag,0.3080,ttsx_bt,130.0000,vihtavuori_n555,144,80.2000,3471,24.500,10.0000,3.3400,yes
300_win_mag,0.3080,ttsx_bt,130.0000,vihtavuori_n160,143,80.6000,3432,24.500,10.0000,3.3400,yes
300_win_mag,0.3080,ttsx_bt,130.0000,vihtavuori_n165,153,86.4000,3468,24.500,10.0000,3.3400,yes
300_win_mag,0.3080,ttsx_bt,130.0000,vihtavuori_n560,147,84.3000,3461,24.500,10.0000,3.3400,yes
300_win_mag,0.3080,ttsx_bt,130.0000,vihtavuori_n565,156,84.9000,3337,24.500,10.0000,3.3400,yes
300_win_mag,0.3080,tug_nature,147.0000,vihtavuori_n565,156,81.0000,3205,24.500,10.0000,3.3400,yes
300_win_mag,0.3080,tug_nature,147.0000,vihtavuori_n170,157,83.3000,3094,24.500,10.0000,3.3400,yes
300_win_mag,0.3080,tug_nature,147.0000,vihtavuori_n570,170,83.3000,3054,24.500,10.0000,3.3400,yes
300_win_mag,0.3080,trx,150.0000,vihtavuori_n565,156,79.5000,3179,24.500,10.0000,3.3400,yes
300_win_mag,0.3080,trx,150.0000,vihtavuori_n570,170,83.3000,3114,24.500,10.0000,3.3400,yes
300_win_mag,0.3080,sbt,150.0000,vihtavuori_n165,153,81.8000,3245,24.500,10.0000,3.3400,yes
300_win_mag,0.3080,sbt,150.0000,vihtavuori_n560,147,80.6000,3281,24.500,10.0000,3.3400,yes
300_win_mag,0.3080,tag,155.0000,vihtavuori_n165,153,83.3000,3281,24.500,10.0000,3.2870,yes
300_win_mag,0.3080,otm_scenar_l,155.0000,vihtavuori_n165,153,81.6000,3222,24.500,10.0000,3.3070,yes
300_win_mag,0.3080,hpbt,155.0000,vihtavuori_n160,143,74.1000,3156,24.500,10.0000,3.3390,yes
300_win_mag,0.3080,hpbt,155.0000,vihtavuori_n165,153,80.7000,3228,24.500,10.0000,3.3390,yes
300_win_mag,0.3080,hpbt,155.0000,vihtavuori_n560,147,77.8000,3225,24.500,10.0000,3.3390,yes
300_win_mag,0.3080,hpbt,155.0000,vihtavuori_n565,156,81.0000,3219,24.500,10.0000,3.3390,yes
300_win_mag,0.3080,ttsx_bt,165.0000,vihtavuori_n560,147,73.6000,3048,24.500,10.0000,3.3390,yes
300_win_mag,0.3080,ttsx_bt,165.0000,vihtavuori_n565,156,75.2000,3028,24.500,10.0000,3.3390,yes
300_win_mag,0.3080,ttsx_bt,165.0000,vihtavuori_n570,170,80.2000,3117,24.500,10.0000,3.3390,yes
300_win_mag,0.3080,trx,165.0000,vihtavuori_n170,157,82.6000,3035,24.500,10.0000,3.3400,yes
300_win_mag,0.3080,trx,165.0000,vihtavuori_n570,170,80.2000,3061,24.500,10.0000,3.3400,yes
300_win_mag,0.3080,solid_brass_tactic,165.0000,vihtavuori_n555,144,72.4000,3123,24.500,10.0000,3.3390,yes
300_win_mag,0.3080,solid_brass_tactic,165.0000,vihtavuori_n165,153,81.3000,3186,24.500,10.0000,3.3390,yes
300_win_mag,0.3080,solid_brass_tactic,165.0000,vihtavuori_n565,156,81.8000,3140,24.500,10.0000,3.3390,yes
300_win_mag,0.3080,scenar,167.0000,vihtavuori_n170,157,81.6000,3041,24.500,10.0000,3.3380,yes
300_win_mag,0.3080,hpbt,168.0000,vihtavuori_n165,153,78.1000,3097,24.500,10.0000,3.3390,yes
300_win_mag,0.3080,hpbt,168.0000,vihtavuori_n565,156,78.7000,3077,24.500,10.0000,3.3390,yes
300_win_mag,0.3080,hpbt,168.0000,vihtavuori_n570,170,80.2000,2976,24.500,10.0000,3.3390,yes
300_win_mag,0.3080,lockbase_b476,170.0000,vihtavuori_n170,157,82.1000,3022,24.500,10.0000,3.3380,yes
300_win_mag,0.3080,lockbase_b476,170.0000,vihtavuori_n568,168,79.5000,2861,24.500,10.0000,3.3380,yes
300_win_mag,0.3080,naturalis_n558,170.0000,vihtavuori_n565,156,74.1000,3002,24.500,10.0000,3.3070,yes
300_win_mag,0.3080,hpbt,174.0000,vihtavuori_n565,156,77.5000,3012,24.500,10.0000,3.3390,yes
300_win_mag,0.3080,hpbt,174.0000,vihtavuori_n170,157,82.1000,2999,24.500,10.0000,3.3390,yes
300_win_mag,0.3080,hpbt,174.0000,vihtavuori_n570,170,80.2000,2989,24.500,10.0000,3.3390,yes
300_win_mag,0.3080,maxrange_target_gb581,175.0000,vihtavuori_n165,153,77.5000,3038,24.500,10.0000,3.3400,yes
300_win_mag,0.3080,maxrange_target_gb581,175.0000,vihtavuori_n170,157,82.7000,3015,24.500,10.0000,3.3400,yes
300_win_mag,0.3080,maxrange_target_gb581,175.0000,vihtavuori_n570,170,81.8000,3022,24.500,10.0000,3.3400,yes
300_win_mag,0.3080,otm_scenar-l,175.0000,vihtavuori_n170,157,82.3000,3009,24.500,10.0000,3.3380,yes
300_win_mag,0.3080,rdf,175.0000,vihtavuori_n555,144,71.8000,3022,24.500,10.0000,3.3400,yes
300_win_mag,0.3080,rdf,175.0000,vihtavuori_n165,153,78.9000,3058,24.500,10.0000,3.3400,yes
300_win_mag,0.3080,rdf,175.0000,vihtavuori_n560,147,76.7000,3077,24.500,10.0000,3.3400,yes
300_win_mag,0.3080,rdf,175.0000,vihtavuori_n565,156,79.5000,3058,24.500,10.0000,3.3400,yes
300_win_mag,0.3080,blade_659a,175.0000,vihtavuori_n560,147,73.6000,2979,24.500,10.0000,3.3400,yes
300_win_mag,0.3080,blade_659a,175.0000,vihtavuori_n565,156,75.2000,2940,24.500,10.0000,3.3400,yes
300_win_mag,0.3080,eld_x,178.0000,vihtavuori_n165,153,75.8000,2956,24.500,10.0000,3.3380,yes
300_win_mag,0.3080,classic_hunter,180.0000,vihtavuori_n565,156,75.3000,2936,24.500,10.0000,3.3380,yes
300_win_mag,0.3080,bt_hunting,180.0000,vihtavuori_n165,153,76.4000,2940,24.500,10.0000,3.3380,yes
300_win_mag,0.3080,bt_hunting,180.0000,vihtavuori_n565,156,77.5000,2969,24.500,10.0000,3.3380,yes
300_win_mag,0.3080,bt_hunting,180.0000,vihtavuori_n170,157,81.6000,2936,24.500,10.0000,3.3380,yes
300_win_mag,0.3080,d46,185.0000,vihtavuori_n165,153,76.5000,2966,24.500,10.0000,3.3400,yes
300_win_mag,0.3080,d46,185.0000,vihtavuori_n565,156,76.7000,2976,24.500,10.0000,3.3400,yes
300_win_mag,0.3080,mega_e415,185.0000,vihtavuori_n170,157,80.7000,2894,24.500,10.0000,3.2480,yes
300_win_mag,0.3080,mega_e415,185.0000,vihtavuori_n568,168,79.5000,2799,24.500,10.0000,3.2480,yes
300_win_mag,0.3080,cx,190.0000,vihtavuori_n555,144,67.1000,2792,24.500,10.0000,3.3400,yes
300_win_mag,0.3080,cx,190.0000,vihtavuori_n165,153,74.1000,2858,24.500,10.0000,3.3400,yes
300_win_mag,0.3080,cx,190.0000,vihtavuori_n560,147,74.8000,2930,24.500,10.0000,3.3400,yes
300_win_mag,0.3080,cx,190.0000,vihtavuori_n565,156,78.2000,2904,24.500,10.0000,3.3400,yes
300_win_mag,0.3080,hpbt,190.0000,vihtavuori_n165,153,74.5000,2894,24.500,10.0000,3.3390,yes
300_win_mag,0.3080,hpbt,190.0000,vihtavuori_n565,156,74.8000,2907,24.500,10.0000,3.3390,yes
300_win_mag,0.3080,hpbt,190.0000,vihtavuori_n170,157,79.9000,2887,24.500,10.0000,3.3390,yes
300_win_mag,0.3080,hpbt,190.0000,vihtavuori_n570,170,80.2000,2953,24.500,10.0000,3.3390,yes
300_win_mag,0.3080,partition,200.0000,vihtavuori_n170,157,78.7000,2795,24.500,10.0000,3.3380,yes
300_win_mag,0.3080,elite_hunter,205.0000,vihtavuori_n170,157,78.7000,2799,24.500,10.0000,3.3380,yes
300_win_mag,0.3080,elite_hunter,205.0000,vihtavuori_n568,168,79.5000,2726,24.500,10.0000,3.3380,yes
300_win_mag,0.3080,long_range_hybrid_target,208.0000,vihtavuori_n170,157,78.7000,2795,24.500,10.0000,3.3380,yes
300_win_mag,0.3080,long_range_hybrid_target,220.0000,vihtavuori_n170,157,76.4000,2710,24.500,10.0000,3.4650,yes
300_win_mag,0.3080,long_range_hybrid_target,220.0000,vihtavuori_n568,168,79.5000,2723,24.500,10.0000,3.4650,yes
300_win_mag,0.3080,otm_scenar_l,220.0000,vihtavuori_n565,156,73.0000,2733,24.500,10.0000,3.3380,yes
300_win_mag,0.3080,otm_scenar_l,220.0000,vihtavuori_n170,157,77.3000,2723,24.500,10.0000,3.3380,yes
300_win_mag,0.3080,otm_scenar_l,220.0000,vihtavuori_n568,168,80.2000,2726,24.500,10.0000,3.3380,yes
300_win_mag,0.3080,otm_scenar_l,220.0000,vihtavuori_n570,170,80.2000,2808,24.500,10.0000,3.3380,yes
300_win_mag,0.3080,eld_m,225.0000,vihtavuori_n165,153,71.1000,2612,24.500,10.0000,3.3860,yes
300_win_mag,0.3080,eld_m,225.0000,vihtavuori_n565,156,72.1000,2684,24.500,10.0000,3.3860,yes
300_win_mag,0.3080,eld_m,225.0000,vihtavuori_n568,168,78.7000,2694,24.500,10.0000,3.3860,yes
300_win_mag,0.3080,hybrid_target,230.0000,vihtavuori_n568,168,79.5000,2713,24.500,10.0000,3.4060,yes
300_win_mag,0.3080,fmj,123.0000,vihtavuori_n540,117,63.3000,3215,24.500,10.0000,3.2240,no
300_win_mag,0.3080,fmj,123.0000,vihtavuori_n150,124,59.3000,3097,24.500,10.0000,3.2240,no
300_win_mag,0.3080,fmj,123.0000,vihtavuori_n550,129,66.4000,3199,24.500,10.0000,3.2240,no
300_win_mag,0.3080,fmj,123.0000,vihtavuori_n555,144,71.0000,3189,24.500,10.0000,3.2240,no
300_win_mag,0.3080,fmj,123.0000,vihtavuori_n160,143,69.4000,3133,24.500,10.0000,3.2240,no
300_win_mag,0.3080,ttsx_bt,130.0000,vihtavuori_n150,124,57.9000,3084,24.500,10.0000,3.3400,no
300_win_mag,0.3080,ttsx_bt,130.0000,vihtavuori_n555,144,74.1000,3232,24.500,10.0000,3.3400,no
300_win_mag,0.3080,ttsx_bt,130.0000,vihtavuori_n160,143,73.6000,3146,24.500,10.0000,3.3400,no
300_win_mag,0.3080,ttsx_bt,130.0000,vihtavuori_n165,153,80.2000,3182,24.500,10.0000,3.3400,no
300_win_mag,0.3080,ttsx_bt,130.0000,vihtavuori_n560,147,78.7000,3205,24.500,10.0000,3.3400,no
300_win_mag,0.3080,ttsx_bt,130.0000,vihtavuori_n565,156,79.5000,3107,24.500,10.0000,3.3400,no
300_win_mag,0.3080,tug_nature,147.0000,vihtavuori_n550,129,61.9000,2930,24.500,10.0000,3.3400,no
300_win_mag,0.3080,tug_nature,147.0000,vihtavuori_n555,144,64.7000,2923,24.500,10.0000,3.3400,no
300_win_mag,0.3080,tug_nature,147.0000,vihtavuori_n160,143,65.6000,2861,24.500,10.0000,3.3400,no
300_win_mag,0.3080,tug_nature,147.0000,vihtavuori_n165,153,73.3000,2969,24.500,10.0000,3.3400,no
300_win_mag,0.3080,tug_nature,147.0000,vihtavuori_n560,147,71.8000,2963,24.500,10.0000,3.3400,no
300_win_mag,0.3080,tug_nature,147.0000,vihtavuori_n565,156,73.3000,2940,24.500,10.0000,3.3400,no
300_win_mag,0.3080,tug_nature,147.0000,vihtavuori_n170,157,79.5000,2936,24.500,10.0000,3.3400,no
300_win_mag,0.3080,tug_nature,147.0000,vihtavuori_n570,170,80.9000,2966,24.500,10.0000,3.3400,no
300_win_mag,0.3080,mega_e469,150.0000,vihtavuori_n550,129,60.2000,2877,24.500,10.0000,3.1300,no
300_win_mag,0.3080,mega_e469,150.0000,vihtavuori_n555,144,60.3000,2818,24.500,10.0000,3.1300,no
300_win_mag,0.3080,mega_e469,150.0000,vihtavuori_n160,143,54.0000,2720,24.500,10.0000,3.1300,no
300_win_mag,0.3080,mega_e469,150.0000,vihtavuori_n165,153,66.4000,2854,24.500,10.0000,3.1300,no
300_win_mag,0.3080,mega_e469,150.0000,vihtavuori_n560,147,67.1000,2854,24.500,10.0000,3.1300,no
300_win_mag,0.3080,mega_e469,150.0000,vihtavuori_n565,156,70.2000,2897,24.500,10.0000,3.1300,no
300_win_mag,0.3080,mega_e469,150.0000,vihtavuori_n170,157,75.6000,2877,24.500,10.0000,3.1300,no
300_win_mag,0.3080,trx,150.0000,vihtavuori_n550,129,61.7000,2923,24.500,10.0000,3.3400,no
300_win_mag,0.3080,trx,150.0000,vihtavuori_n555,144,66.4000,2972,24.500,10.0000,3.3400,no
300_win_mag,0.3080,trx,150.0000,vihtavuori_n160,143,63.3000,2844,24.500,10.0000,3.3400,no
300_win_mag,0.3080,trx,150.0000,vihtavuori_n165,153,73.6000,2966,24.500,10.0000,3.3400,no
300_win_mag,0.3080,trx,150.0000,vihtavuori_n560,147,70.2000,2927,24.500,10.0000,3.3400,no
300_win_mag,0.3080,trx,150.0000,vihtavuori_n565,156,74.1000,2953,24.500,10.0000,3.3400,no
300_win_mag,0.3080,trx,150.0000,vihtavuori_n570,170,80.6000,2989,24.500,10.0000,3.3400,no
300_win_mag,0.3080,sbt,150.0000,vihtavuori_n140,112,57.1000,2907,24.500,10.0000,3.3400,no
300_win_mag,0.3080,sbt,150.0000,vihtavuori_n540,117,58.6000,2946,24.500,10.0000,3.3400,no
300_win_mag,0.3080,sbt,150.0000,vihtavuori_n150,124,57.1000,2848,24.500,10.0000,3.3400,no
300_win_mag,0.3080,sbt,150.0000,vihtavuori_n550,129,65.0000,2989,24.500,10.0000,3.3400,no
300_win_mag,0.3080,sbt,150.0000,vihtavuori_n555,144,69.4000,3018,24.500,10.0000,3.3400,no
300_win_mag,0.3080,sbt,150.0000,vihtavuori_n160,143,69.8000,2933,24.500,10.0000,3.3400,no
300_win_mag,0.3080,sbt,150.0000,vihtavuori_n165,153,75.6000,3015,24.500,10.0000,3.3400,no
300_win_mag,0.3080,sbt,150.0000,vihtavuori_n560,147,73.9000,3012,24.500,10.0000,3.3400,no
300_win_mag,0.3080,tag,155.0000,vihtavuori_n550,129,62.8000,2943,24.500,10.0000,3.2870,no
300_win_mag,0.3080,tag,155.0000,vihtavuori_n555,144,69.4000,3002,24.500,10.0000,3.2870,no
300_win_mag,0.3080,tag,155.0000,vihtavuori_n160,143,69.4000,2943,24.500,10.0000,3.2870,no
300_win_mag,0.3080,tag,155.0000,vihtavuori_n165,153,77.0000,3022,24.500,10.0000,3.2870,no
300_win_mag,0.3080,tag,155.0000,vihtavuori_n560,147,73.5000,2976,24.500,10.0000,3.2870,no
300_win_mag,0.3080,otm_scenar_l,155.0000,vihtavuori_n150,124,54.0000,2812,24.500,10.0000,3.3070,no
300_win_mag,0.3080,otm_scenar_l,155.0000,vihtavuori_n550,129,60.2000,2864,24.500,10.0000,3.3070,no
300_win_mag,0.3080,otm_scenar_l,155.0000,vihtavuori_n555,144,66.4000,2946,24.500,10.0000,3.3070,no
300_win_mag,0.3080,otm_scenar_l,155.0000,vihtavuori_n160,143,65.6000,2864,24.500,10.0000,3.3070,no
300_win_mag,0.3080,otm_scenar_l,155.0000,vihtavuori_n165,153,74.1000,2933,24.500,10.0000,3.3070,no
300_win_mag,0.3080,otm_scenar_l,155.0000,vihtavuori_n560,147,71.0000,2966,24.500,10.0000,3.3070,no
300_win_mag,0.3080,otm_scenar_l,155.0000,vihtavuori_n565,156,73.3000,2930,24.500,10.0000,3.3070,no
300_win_mag,0.3080,hpbt,155.0000,vihtavuori_n150,124,54.0000,2825,24.500,10.0000,3.3390,no
300_win_mag,0.3080,hpbt,155.0000,vihtavuori_n550,129,63.3000,2959,24.500,10.0000,3.3390,no
300_win_mag,0.3080,hpbt,155.0000,vihtavuori_n555,144,67.1000,2949,24.500,10.0000,3.3390,no
300_win_mag,0.3080,hpbt,155.0000,vihtavuori_n160,143,67.3000,2900,24.500,10.0000,3.3390,no
300_win_mag,0.3080,hpbt,155.0000,vihtavuori_n165,153,75.6000,2989,24.500,10.0000,3.3390,no
300_win_mag,0.3080,hpbt,155.0000,vihtavuori_n560,147,72.5000,2979,24.500,10.0000,3.3390,no
300_win_mag,0.3080,hpbt,155.0000,vihtavuori_n565,156,74.8000,2953,24.500,10.0000,3.3390,no
300_win_mag,0.3080,ttsx_bt,165.0000,vihtavuori_n165,153,54.0000,2569,24.500,10.0000,3.3390,no
300_win_mag,0.3080,ttsx_bt,165.0000,vihtavuori_n560,147,65.6000,2756,24.500,10.0000,3.3390,no
300_win_mag,0.3080,ttsx_bt,165.0000,vihtavuori_n565,156,66.4000,2749,24.500,10.0000,3.3390,no
300_win_mag,0.3080,ttsx_bt,165.0000,vihtavuori_n570,170,67.9000,2884,24.500,10.0000,3.3390,no
300_win_mag,0.3080,sst,165.0000,vihtavuori_n550,129,61.0000,2861,24.500,10.0000,3.3380,no
300_win_mag,0.3080,sst,165.0000,vihtavuori_n555,144,65.4000,2884,24.500,10.0000,3.3380,no
300_win_mag,0.3080,sst,165.0000,vihtavuori_n160,143,65.6000,2825,24.500,10.0000,3.3380,no
300_win_mag,0.3080,sst,165.0000,vihtavuori_n165,153,72.2000,2887,24.500,10.0000,3.3380,no
300_win_mag,0.3080,sst,165.0000,vihtavuori_n560,147,69.6000,2871,24.500,10.0000,3.3380,no
300_win_mag,0.3080,sst,165.0000,vihtavuori_n565,156,73.1000,2871,24.500,10.0000,3.3380,no
300_win_mag,0.3080,trx,165.0000,vihtavuori_n550,129,58.6000,2756,24.500,10.0000,3.3400,no
300_win_mag,0.3080,trx,165.0000,vihtavuori_n555,144,59.9000,2723,24.500,10.0000,3.3400,no
300_win_mag,0.3080,trx,165.0000,vihtavuori_n160,143,57.1000,2661,24.500,10.0000,3.3400,no
300_win_mag,0.3080,trx,165.0000,vihtavuori_n165,153,68.7000,2808,24.500,10.0000,3.3400,no
300_win_mag,0.3080,trx,165.0000,vihtavuori_n560,147,66.8000,2802,24.500,10.0000,3.3400,no
300_win_mag,0.3080,trx,165.0000,vihtavuori_n565,156,69.4000,2792,24.500,10.0000,3.3400,no
300_win_mag,0.3080,trx,165.0000,vihtavuori_n170,157,75.8000,2789,24.500,10.0000,3.3400,no
300_win_mag,0.3080,trx,165.0000,vihtavuori_n570,170,74.1000,2854,24.500,10.0000,3.3400,no
300_win_mag,0.3080,solid_brass_tactic,165.0000,vihtavuori_n550,129,60.2000,2848,24.500,10.0000,3.3390,no
300_win_mag,0.3080,solid_brass_tactic,165.0000,vihtavuori_n555,144,64.8000,2844,24.500,10.0000,3.3390,no
300_win_mag,0.3080,solid_brass_tactic,165.0000,vihtavuori_n165,153,73.3000,2930,24.500,10.0000,3.3390,no
300_win_mag,0.3080,solid_brass_tactic,165.0000,vihtavuori_n560,147,71.8000,2904,24.500,10.0000,3.3390,no
300_win_mag,0.3080,solid_brass_tactic,165.0000,vihtavuori_n565,156,73.5000,2884,24.500,10.0000,3.3390,no
300_win_mag,0.3080,sbt,165.0000,vihtavuori_n550,129,60.6000,2818,24.500,10.0000,3.3380,no
300_win_mag,0.3080,sbt,165.0000,vihtavuori_n555,144,62.3000,2808,24.500,10.0000,3.3380,no
300_win_mag,0.3080,sbt,165.0000,vihtavuori_n160,143,54.9000,2644,24.500,10.0000,3.3380,no
300_win_mag,0.3080,sbt,165.0000,vihtavuori_n165,153,67.1000,2789,24.500,10.0000,3.3380,no
300_win_mag,0.3080,sbt,165.0000,vihtavuori_n560,147,68.5000,2854,24.500,10.0000,3.3380,no
300_win_mag,0.3080,sbt,165.0000,vihtavuori_n565,156,71.0000,2848,24.500,10.0000,3.3380,no
300_win_mag,0.3080,sbt,165.0000,vihtavuori_n170,157,77.2000,2828,24.500,10.0000,3.3380,no
300_win_mag,0.3080,exhbt,166.0000,vihtavuori_n540,117,49.4000,2569,24.500,10.0000,3.3070,no
300_win_mag,0.3080,exhbt,166.0000,vihtavuori_n150,124,47.5000,2497,24.500,10.0000,3.3070,no
300_win_mag,0.3080,exhbt,166.0000,vihtavuori_n550,129,52.5000,2598,24.500,10.0000,3.3070,no
300_win_mag,0.3080,exhbt,166.0000,vihtavuori_n555,144,58.3000,2677,24.500,10.0000,3.3070,no
300_win_mag,0.3080,exhbt,166.0000,vihtavuori_n160,143,55.1000,2562,24.500,10.0000,3.3070,no
300_win_mag,0.3080,exhbt,166.0000,vihtavuori_n165,153,59.6000,2635,24.500,10.0000,3.3070,no
300_win_mag,0.3080,exhbt,166.0000,vihtavuori_n170,157,63.3000,2608,24.500,10.0000,3.3070,no
300_win_mag,0.3080,scenar,167.0000,vihtavuori_n160,143,63.7000,2766,24.500,10.0000,3.3380,no
300_win_mag,0.3080,scenar,167.0000,vihtavuori_n165,153,70.7000,2858,24.500,10.0000,3.3380,no
300_win_mag,0.3080,scenar,167.0000,vihtavuori_n560,147,70.1000,2861,24.500,10.0000,3.3380,no
300_win_mag,0.3080,scenar,167.0000,vihtavuori_n565,156,72.1000,2851,24.500,10.0000,3.3380,no
300_win_mag,0.3080,scenar,167.0000,vihtavuori_n170,157,75.8000,2808,24.500,10.0000,3.3380,no
300_win_mag,0.3080,a_max,168.0000,vihtavuori_n550,129,59.6000,2812,24.500,10.0000,3.3380,no
300_win_mag,0.3080,a_max,168.0000,vihtavuori_n555,144,64.8000,2848,24.500,10.0000,3.3380,no
300_win_mag,0.3080,a_max,168.0000,vihtavuori_n160,143,63.3000,2746,24.500,10.0000,3.3380,no
300_win_mag,0.3080,a_max,168.0000,vihtavuori_n165,153,71.0000,2861,24.500,10.0000,3.3380,no
300_win_mag,0.3080,a_max,168.0000,vihtavuori_n560,147,69.0000,2841,24.500,10.0000,3.3380,no
300_win_mag,0.3080,a_max,168.0000,vihtavuori_n565,156,71.8000,2851,24.500,10.0000,3.3380,no
300_win_mag,0.3080,hpbt,168.0000,vihtavuori_n550,129,58.6000,2743,24.500,10.0000,3.3390,no
300_win_mag,0.3080,hpbt,168.0000,vihtavuori_n555,144,63.9000,2815,24.500,10.0000,3.3390,no
300_win_mag,0.3080,hpbt,168.0000,vihtavuori_n160,143,62.2000,2736,24.500,10.0000,3.3390,no
300_win_mag,0.3080,hpbt,168.0000,vihtavuori_n165,153,69.9000,2822,24.500,10.0000,3.3390,no
300_win_mag,0.3080,hpbt,168.0000,vihtavuori_n560,147,67.9000,2805,24.500,10.0000,3.3390,no
300_win_mag,0.3080,hpbt,168.0000,vihtavuori_n565,156,71.8000,2815,24.500,10.0000,3.3390,no
300_win_mag,0.3080,hpbt,168.0000,vihtavuori_n570,170,74.8000,2818,24.500,10.0000,3.3390,no
300_win_mag,0.3080,lockbase_b476,170.0000,vihtavuori_n550,129,59.3000,2779,24.500,10.0000,3.3380,no
300_win_mag,0.3080,lockbase_b476,170.0000,vihtavuori_n555,144,61.7000,2776,24.500,10.0000,3.3380,no
300_win_mag,0.3080,lockbase_b476,170.0000,vihtavuori_n160,143,61.6000,2697,24.500,10.0000,3.3380,no
300_win_mag,0.3080,lockbase_b476,170.0000,vihtavuori_n165,153,69.4000,2759,24.500,10.0000,3.3380,no
300_win_mag,0.3080,lockbase_b476,170.0000,vihtavuori_n560,147,67.9000,2818,24.500,10.0000,3.3380,no
300_win_mag,0.3080,lockbase_b476,170.0000,vihtavuori_n565,156,70.2000,2825,24.500,10.0000,3.3380,no
300_win_mag,0.3080,lockbase_b476,170.0000,vihtavuori_n170,157,74.1000,2746,24.500,10.0000,3.3380,no
300_win_mag,0.3080,lockbase_b476,170.0000,vihtavuori_n568,168,77.2000,2776,24.500,10.0000,3.3380,no
300_win_mag,0.3080,naturalis_n558,170.0000,vihtavuori_n550,129,57.1000,2671,24.500,10.0000,3.3070,no
300_win_mag,0.3080,naturalis_n558,170.0000,vihtavuori_n555,144,60.2000,2703,24.500,10.0000,3.3070,no
300_win_mag,0.3080,naturalis_n558,170.0000,vihtavuori_n160,143,52.5000,2490,24.500,10.0000,3.3070,no
300_win_mag,0.3080,naturalis_n558,170.0000,vihtavuori_n165,153,58.6000,2579,24.500,10.0000,3.3070,no
300_win_mag,0.3080,naturalis_n558,170.0000,vihtavuori_n560,147,65.6000,2740,24.500,10.0000,3.3070,no
300_win_mag,0.3080,naturalis_n558,170.0000,vihtavuori_n565,156,67.9000,2766,24.500,10.0000,3.3070,no
300_win_mag,0.3080,hpbt,174.0000,vihtavuori_n550,129,58.2000,2733,24.500,10.0000,3.3390,no
300_win_mag,0.3080,hpbt,174.0000,vihtavuori_n555,144,62.8000,2749,24.500,10.0000,3.3390,no
300_win_mag,0.3080,hpbt,174.0000,vihtavuori_n160,143,62.5000,2690,24.500,10.0000,3.3390,no
300_win_mag,0.3080,hpbt,174.0000,vihtavuori_n165,153,69.8000,2785,24.500,10.0000,3.3390,no
300_win_mag,0.3080,hpbt,174.0000,vihtavuori_n560,147,68.7000,2799,24.500,10.0000,3.3390,no
300_win_mag,0.3080,hpbt,174.0000,vihtavuori_n565,156,71.0000,2759,24.500,10.0000,3.3390,no
300_win_mag,0.3080,hpbt,174.0000,vihtavuori_n170,157,74.8000,2733,24.500,10.0000,3.3390,no
300_win_mag,0.3080,hpbt,174.0000,vihtavuori_n570,170,77.2000,2851,24.500,10.0000,3.3390,no
300_win_mag,0.3080,otm_tactical,175.0000,vihtavuori_n550,129,59.7000,2736,24.500,10.0000,3.3380,no
300_win_mag,0.3080,otm_tactical,175.0000,vihtavuori_n555,144,64.0000,2762,24.500,10.0000,3.3380,no
300_win_mag,0.3080,otm_tactical,175.0000,vihtavuori_n160,143,60.2000,2664,24.500,10.0000,3.3380,no
300_win_mag,0.3080,otm_tactical,175.0000,vihtavuori_n165,153,71.6000,2795,24.500,10.0000,3.3380,no
300_win_mag,0.3080,otm_tactical,175.0000,vihtavuori_n560,147,69.6000,2802,24.500,10.0000,3.3380,no
300_win_mag,0.3080,otm_tactical,175.0000,vihtavuori_n565,156,71.9000,2815,24.500,10.0000,3.3380,no
300_win_mag,0.3080,maxrange_target_gb581,175.0000,vihtavuori_n550,129,61.0000,2776,24.500,10.0000,3.3400,no
300_win_mag,0.3080,maxrange_target_gb581,175.0000,vihtavuori_n555,144,64.8000,2799,24.500,10.0000,3.3400,no
300_win_mag,0.3080,maxrange_target_gb581,175.0000,vihtavuori_n160,143,62.5000,2694,24.500,10.0000,3.3400,no
300_win_mag,0.3080,maxrange_target_gb581,175.0000,vihtavuori_n165,153,71.0000,2789,24.500,10.0000,3.3400,no
300_win_mag,0.3080,maxrange_target_gb581,175.0000,vihtavuori_n560,147,68.7000,2795,24.500,10.0000,3.3400,no
300_win_mag,0.3080,maxrange_target_gb581,175.0000,vihtavuori_n565,156,71.8000,2795,24.500,10.0000,3.3400,no
300_win_mag,0.3080,maxrange_target_gb581,175.0000,vihtavuori_n170,157,76.1000,2756,24.500,10.0000,3.3400,no
300_win_mag,0.3080,maxrange_target_gb581,175.0000,vihtavuori_n570,170,77.9000,2851,24.500,10.0000,3.3400,no
300_win_mag,0.3080,otm_scenar-l,175.0000,vihtavuori_n160,143,61.7000,2733,24.500,10.0000,3.3380,no
300_win_mag,0.3080,otm_scenar-l,175.0000,vihtavuori_n165,153,69.8000,2782,24.500,10.0000,3.3380,no
300_win_mag,0.3080,otm_scenar-l,175.0000,vihtavuori_n560,147,69.6000,2808,24.500,10.0000,3.3380,no
300_win_mag,0.3080,otm_scenar-l,175.0000,vihtavuori_n565,156,71.0000,2805,24.500,10.0000,3.3380,no
300_win_mag,0.3080,otm_scenar-l,175.0000,vihtavuori_n170,157,75.2000,2749,24.500,10.0000,3.3380,no
300_win_mag,0.3080,rdf,175.0000,vihtavuori_n550,129,60.6000,2759,24.500,10.0000,3.3400,no
300_win_mag,0.3080,rdf,175.0000,vihtavuori_n555,144,66.4000,2805,24.500,10.0000,3.3400,no
300_win_mag,0.3080,rdf,175.0000,vihtavuori_n160,143,66.4000,2746,24.500,10.0000,3.3400,no
300_win_mag,0.3080,rdf,175.0000,vihtavuori_n165,153,73.6000,2828,24.500,10.0000,3.3400,no
300_win_mag,0.3080,rdf,175.0000,vihtavuori_n560,147,71.0000,2848,24.500,10.0000,3.3400,no
300_win_mag,0.3080,rdf,175.0000,vihtavuori_n565,156,74.1000,2838,24.500,10.0000,3.3400,no
300_win_mag,0.3080,blade_659a,175.0000,vihtavuori_n550,129,56.3000,2618,24.500,10.0000,3.3400,no
300_win_mag,0.3080,blade_659a,175.0000,vihtavuori_n555,144,53.2000,2552,24.500,10.0000,3.3400,no
300_win_mag,0.3080,blade_659a,175.0000,vihtavuori_n160,143,53.7000,2477,24.500,10.0000,3.3400,no
300_win_mag,0.3080,blade_659a,175.0000,vihtavuori_n560,147,67.1000,2720,24.500,10.0000,3.3400,no
300_win_mag,0.3080,blade_659a,175.0000,vihtavuori_n565,156,67.1000,2710,24.500,10.0000,3.3400,no
300_win_mag,0.3080,eld_x,178.0000,vihtavuori_n160,143,54.0000,2605,24.500,10.0000,3.3380,no
300_win_mag,0.3080,eld_x,178.0000,vihtavuori_n165,153,57.1000,2549,24.500,10.0000,3.3380,no
300_win_mag,0.3080,eld_x,178.0000,vihtavuori_n560,147,65.6000,2723,24.500,10.0000,3.3380,no
300_win_mag,0.3080,classic_hunter,180.0000,vihtavuori_n165,153,58.8000,2562,24.500,10.0000,3.3380,no
300_win_mag,0.3080,classic_hunter,180.0000,vihtavuori_n560,147,64.0000,2671,24.500,10.0000,3.3380,no
300_win_mag,0.3080,classic_hunter,180.0000,vihtavuori_n565,156,66.4000,2680,24.500,10.0000,3.3380,no
300_win_mag,0.3080,gmx,180.0000,vihtavuori_n555,144,54.5000,2513,24.500,10.0000,3.3380,no
300_win_mag,0.3080,gmx,180.0000,vihtavuori_n160,143,54.0000,2507,24.500,10.0000,3.3380,no
300_win_mag,0.3080,gmx,180.0000,vihtavuori_n165,153,56.8000,2461,24.500,10.0000,3.3380,no
300_win_mag,0.3080,gmx,180.0000,vihtavuori_n560,147,59.4000,2562,24.500,10.0000,3.3380,no
300_win_mag,0.3080,gmx,180.0000,vihtavuori_n565,156,60.6000,2582,24.500,10.0000,3.3380,no
300_win_mag,0.3080,bt_hunting,180.0000,vihtavuori_n165,153,70.4000,2710,24.500,10.0000,3.3380,no
300_win_mag,0.3080,bt_hunting,180.0000,vihtavuori_n560,147,68.4000,2720,24.500,10.0000,3.3380,no
300_win_mag,0.3080,bt_hunting,180.0000,vihtavuori_n565,156,70.8000,2746,24.500,10.0000,3.3380,no
300_win_mag,0.3080,bt_hunting,180.0000,vihtavuori_n170,157,75.0000,2690,24.500,10.0000,3.3380,no
300_win_mag,0.3080,exhbt,184.0000,vihtavuori_n555,144,52.5000,2425,24.500,10.0000,3.2480,no
300_win_mag,0.3080,exhbt,184.0000,vihtavuori_n160,143,52.5000,2451,24.500,10.0000,3.2480,no
300_win_mag,0.3080,exhbt,184.0000,vihtavuori_n165,153,54.3000,2379,24.500,10.0000,3.2480,no
300_win_mag,0.3080,exhbt,184.0000,vihtavuori_n560,147,58.3000,2523,24.500,10.0000,3.2480,no
300_win_mag,0.3080,exhbt,184.0000,vihtavuori_n565,156,60.2000,2520,24.500,10.0000,3.2480,no
300_win_mag,0.3080,exhbt,184.0000,vihtavuori_n170,157,64.8000,2487,24.500,10.0000,3.2480,no
300_win_mag,0.3080,d46,185.0000,vihtavuori_n150,124,50.9000,2556,24.500,10.0000,3.3400,no
300_win_mag,0.3080,d46,185.0000,vihtavuori_n550,129,58.6000,2664,24.500,10.0000,3.3400,no
300_win_mag,0.3080,d46,185.0000,vihtavuori_n555,144,62.5000,2680,24.500,10.0000,3.3400,no
300_win_mag,0.3080,d46,185.0000,vihtavuori_n160,143,63.3000,2641,24.500,10.0000,3.3400,no
300_win_mag,0.3080,d46,185.0000,vihtavuori_n165,153,69.4000,2710,24.500,10.0000,3.3400,no
300_win_mag,0.3080,d46,185.0000,vihtavuori_n560,147,68.7000,2743,24.500,10.0000,3.3400,no
300_win_mag,0.3080,d46,185.0000,vihtavuori_n565,156,70.2000,2723,24.500,10.0000,3.3400,no
300_win_mag,0.3080,mega_e415,185.0000,vihtavuori_n550,129,59.4000,2667,24.500,10.0000,3.2480,no
300_win_mag,0.3080,mega_e415,185.0000,vihtavuori_n555,144,62.2000,2661,24.500,10.0000,3.2480,no
300_win_mag,0.3080,mega_e415,185.0000,vihtavuori_n160,143,59.7000,2513,24.500,10.0000,3.2480,no
300_win_mag,0.3080,mega_e415,185.0000,vihtavuori_n165,153,64.2000,2566,24.500,10.0000,3.2480,no
300_win_mag,0.3080,mega_e415,185.0000,vihtavuori_n560,147,66.8000,2680,24.500,10.0000,3.2480,no
300_win_mag,0.3080,mega_e415,185.0000,vihtavuori_n565,156,68.8000,2687,24.500,10.0000,3.2480,no
300_win_mag,0.3080,mega_e415,185.0000,vihtavuori_n170,157,73.3000,2638,24.500,10.0000,3.2480,no
300_win_mag,0.3080,mega_e415,185.0000,vihtavuori_n568,168,77.2000,2726,24.500,10.0000,3.2480,no
300_win_mag,0.3080,scenar,185.0000,vihtavuori_n160,143,60.2000,2595,24.500,10.0000,3.3380,no
300_win_mag,0.3080,scenar,185.0000,vihtavuori_n165,153,66.7000,2667,24.500,10.0000,3.3380,no
300_win_mag,0.3080,scenar,185.0000,vihtavuori_n560,147,67.7000,2717,24.500,10.0000,3.3380,no
300_win_mag,0.3080,scenar,185.0000,vihtavuori_n565,156,69.3000,2723,24.500,10.0000,3.3380,no
300_win_mag,0.3080,scenar,185.0000,vihtavuori_n170,157,73.5000,2677,24.500,10.0000,3.3380,no
300_win_mag,0.3080,cx,190.0000,vihtavuori_n550,129,56.3000,2595,24.500,10.0000,3.3400,no
300_win_mag,0.3080,cx,190.0000,vihtavuori_n555,144,58.6000,2569,24.500,10.0000,3.3400,no
300_win_mag,0.3080,cx,190.0000,vihtavuori_n160,143,52.5000,2379,24.500,10.0000,3.3400,no
300_win_mag,0.3080,cx,190.0000,vihtavuori_n165,153,64.8000,2644,24.500,10.0000,3.3400,no
300_win_mag,0.3080,cx,190.0000,vihtavuori_n560,147,69.4000,2694,24.500,10.0000,3.3400,no
300_win_mag,0.3080,cx,190.0000,vihtavuori_n565,156,69.4000,2625,24.500,10.0000,3.3400,no
300_win_mag,0.3080,hpbt,190.0000,vihtavuori_n160,143,59.0000,2549,24.500,10.0000,3.3390,no
300_win_mag,0.3080,hpbt,190.0000,vihtavuori_n165,153,65.4000,2621,24.500,10.0000,3.3390,no
300_win_mag,0.3080,hpbt,190.0000,vihtavuori_n560,147,65.6000,2661,24.500,10.0000,3.3390,no
300_win_mag,0.3080,hpbt,190.0000,vihtavuori_n565,156,67.9000,2674,24.500,10.0000,3.3390,no
300_win_mag,0.3080,hpbt,190.0000,vihtavuori_n170,157,72.5000,2628,24.500,10.0000,3.3390,no
300_win_mag,0.3080,hpbt,190.0000,vihtavuori_n570,170,73.3000,2756,24.500,10.0000,3.3390,no
300_win_mag,0.3080,mega_e401,200.0000,vihtavuori_n165,153,59.4000,2474,24.500,10.0000,3.3380,no
300_win_mag,0.3080,mega_e401,200.0000,vihtavuori_n565,156,65.1000,2566,24.500,10.0000,3.3380,no
300_win_mag,0.3080,mega_e401,200.0000,vihtavuori_n170,157,68.4000,2513,24.500,10.0000,3.3380,no
300_win_mag,0.3080,mega_e401,200.0000,vihtavuori_n568,168,69.6000,2575,24.500,10.0000,3.3380,no
300_win_mag,0.3080,mega_e401,200.0000,vihtavuori_n570,170,67.6000,2598,24.500,10.0000,3.3380,no
300_win_mag,0.3080,partition,200.0000,vihtavuori_n165,153,60.2000,2497,24.500,10.0000,3.3380,no
300_win_mag,0.3080,partition,200.0000,vihtavuori_n565,156,68.7000,2608,24.500,10.0000,3.3380,no
300_win_mag,0.3080,partition,200.0000,vihtavuori_n170,157,71.0000,2543,24.500,10.0000,3.3380,no
300_win_mag,0.3080,partition,200.0000,vihtavuori_n570,170,68.2000,2612,24.500,10.0000,3.3380,no
300_win_mag,0.3080,elite_hunter,205.0000,vihtavuori_n550,129,57.1000,2556,24.500,10.0000,3.3380,no
300_win_mag,0.3080,elite_hunter,205.0000,vihtavuori_n555,144,61.7000,2562,24.500,10.0000,3.3380,no
300_win_mag,0.3080,elite_hunter,205.0000,vihtavuori_n160,143,62.5000,2526,24.500,10.0000,3.3380,no
300_win_mag,0.3080,elite_hunter,205.0000,vihtavuori_n165,153,71.0000,2635,24.500,10.0000,3.3380,no
300_win_mag,0.3080,elite_hunter,205.0000,vihtavuori_n560,147,66.7000,2625,24.500,10.0000,3.3380,no
300_win_mag,0.3080,elite_hunter,205.0000,vihtavuori_n565,156,69.1000,2631,24.500,10.0000,3.3380,no
300_win_mag,0.3080,elite_hunter,205.0000,vihtavuori_n170,157,72.5000,2572,24.500,10.0000,3.3380,no
300_win_mag,0.3080,elite_hunter,205.0000,vihtavuori_n568,168,77.5000,2661,24.500,10.0000,3.3380,no
300_win_mag,0.3080,long_range_hybrid_target,208.0000,vihtavuori_n550,129,57.1000,2552,24.500,10.0000,3.3380,no
300_win_mag,0.3080,long_range_hybrid_target,208.0000,vihtavuori_n555,144,61.4000,2543,24.500,10.0000,3.3380,no
300_win_mag,0.3080,long_range_hybrid_target,208.0000,vihtavuori_n160,143,61.7000,2507,24.500,10.0000,3.3380,no
300_win_mag,0.3080,long_range_hybrid_target,208.0000,vihtavuori_n165,153,69.8000,2608,24.500,10.0000,3.3380,no
300_win_mag,0.3080,long_range_hybrid_target,208.0000,vihtavuori_n560,147,66.4000,2598,24.500,10.0000,3.3380,no
300_win_mag,0.3080,long_range_hybrid_target,208.0000,vihtavuori_n565,156,69.4000,2628,24.500,10.0000,3.3380,no
300_win_mag,0.3080,long_range_hybrid_target,208.0000,vihtavuori_n170,157,72.5000,2575,24.500,10.0000,3.3380,no
300_win_mag,0.3080,long_range_hybrid_target,220.0000,vihtavuori_n550,129,55.6000,2461,24.500,10.0000,3.4650,no
300_win_mag,0.3080,long_range_hybrid_target,220.0000,vihtavuori_n555,144,58.6000,2438,24.500,10.0000,3.4650,no
300_win_mag,0.3080,long_range_hybrid_target,220.0000,vihtavuori_n160,143,56.5000,2369,24.500,10.0000,3.4650,no
300_win_mag,0.3080,long_range_hybrid_target,220.0000,vihtavuori_n165,153,63.0000,2448,24.500,10.0000,3.4650,no
300_win_mag,0.3080,long_range_hybrid_target,220.0000,vihtavuori_n560,147,63.3000,2513,24.500,10.0000,3.4650,no
300_win_mag,0.3080,long_range_hybrid_target,220.0000,vihtavuori_n565,156,65.6000,2513,24.500,10.0000,3.4650,no
300_win_mag,0.3080,long_range_hybrid_target,220.0000,vihtavuori_n170,157,69.8000,2487,24.500,10.0000,3.4650,no
300_win_mag,0.3080,long_range_hybrid_target,220.0000,vihtavuori_n568,168,75.5000,2579,24.500,10.0000,3.4650,no
300_win_mag,0.3080,otm_scenar_l,220.0000,vihtavuori_n165,153,61.1000,2365,24.500,10.0000,3.3380,no
300_win_mag,0.3080,otm_scenar_l,220.0000,vihtavuori_n560,147,62.2000,2428,24.500,10.0000,3.3380,no
300_win_mag,0.3080,otm_scenar_l,220.0000,vihtavuori_n565,156,68.1000,2530,24.500,10.0000,3.3380,no
300_win_mag,0.3080,otm_scenar_l,220.0000,vihtavuori_n170,157,71.9000,2507,24.500,10.0000,3.3380,no
300_win_mag,0.3080,otm_scenar_l,220.0000,vihtavuori_n568,168,76.5000,2579,24.500,10.0000,3.3380,no
300_win_mag,0.3080,otm_scenar_l,220.0000,vihtavuori_n570,170,77.2000,2657,24.500,10.0000,3.3380,no
300_win_mag,0.3080,eld_m,225.0000,vihtavuori_n555,144,58.6000,2411,24.500,10.0000,3.3860,no
300_win_mag,0.3080,eld_m,225.0000,vihtavuori_n160,143,57.1000,2356,24.500,10.0000,3.3860,no
300_win_mag,0.3080,eld_m,225.0000,vihtavuori_n165,153,61.7000,2352,24.500,10.0000,3.3860,no
300_win_mag,0.3080,eld_m,225.0000,vihtavuori_n560,147,61.7000,2405,24.500,10.0000,3.3860,no
300_win_mag,0.3080,eld_m,225.0000,vihtavuori_n565,156,64.0000,2425,24.500,10.0000,3.3860,no
300_win_mag,0.3080,eld_m,225.0000,vihtavuori_n568,168,74.1000,2536,24.500,10.0000,3.3860,no
300_win_mag,0.3080,hybrid_target,230.0000,vihtavuori_n165,153,62.0000,2365,24.500,10.0000,3.4060,no
300_win_mag,0.3080,hybrid_target,230.0000,vihtavuori_n565,156,65.3000,2444,24.500,10.0000,3.4060,no
300_win_mag,0.3080,hybrid_target,230.0000,vihtavuori_n170,157,67.7000,2379,24.500,10.0000,3.4060,no
300_win_mag,0.3080,hybrid_target,230.0000,vihtavuori_n568,168,72.5000,2480,24.500,10.0000,3.4060,no
300_win_mag,0.3080,hybrid_target,230.0000,vihtavuori_n570,170,69.0000,2487,24.500,10.0000,3.4060,no
300_win_mag,0.3080,fmj,123.0000,vihtavuori_n540,117,69.6000,3478,24.500,10.0000,3.2240,no
300_win_mag,0.3080,fmj,123.0000,vihtavuori_n150,124,67.4000,3376,24.500,10.0000,3.2240,no
300_win_mag,0.3080,fmj,123.0000,vihtavuori_n550,129,72.1000,3488,24.500,10.0000,3.2240,no
300_win_mag,0.3080,fmj,123.0000,vihtavuori_n160,143,78.2000,3461,24.500,10.0000,3.2240,no
300_win_mag,0.3080,ttsx_bt,130.0000,vihtavuori_n150,124,65.7000,3330,24.500,10.0000,3.3400,no
300_win_mag,0.3080,tug_nature,147.0000,vihtavuori_n550,129,67.0000,3176,24.500,10.0000,3.3400,no
300_win_mag,0.3080,tug_nature,147.0000,vihtavuori_n555,144,71.9000,3192,24.500,10.0000,3.3400,no
300_win_mag,0.3080,tug_nature,147.0000,vihtavuori_n160,143,73.1000,3150,24.500,10.0000,3.3400,no
300_win_mag,0.3080,tug_nature,147.0000,vihtavuori_n165,153,79.8000,3238,24.500,10.0000,3.3400,no
300_win_mag,0.3080,tug_nature,147.0000,vihtavuori_n560,147,77.9000,3232,24.500,10.0000,3.3400,no
300_win_mag,0.3080,mega_e469,150.0000,vihtavuori_n550,129,66.2000,3146,24.500,10.0000,3.1300,no
300_win_mag,0.3080,mega_e469,150.0000,vihtavuori_n555,144,71.0000,3163,24.500,10.0000,3.1300,no
300_win_mag,0.3080,mega_e469,150.0000,vihtavuori_n160,143,65.7000,3048,24.500,10.0000,3.1300,no
300_win_mag,0.3080,mega_e469,150.0000,vihtavuori_n165,153,79.0000,3192,24.500,10.0000,3.1300,no
300_win_mag,0.3080,mega_e469,150.0000,vihtavuori_n560,147,74.7000,3176,24.500,10.0000,3.1300,no
300_win_mag,0.3080,mega_e469,150.0000,vihtavuori_n565,156,79.5000,3202,24.500,10.0000,3.1300,no
300_win_mag,0.3080,mega_e469,150.0000,vihtavuori_n170,157,81.0000,3045,24.500,10.0000,3.1300,no
300_win_mag,0.3080,trx,150.0000,vihtavuori_n550,129,66.8000,3163,24.500,10.0000,3.3400,no
300_win_mag,0.3080,trx,150.0000,vihtavuori_n555,144,72.4000,3192,24.500,10.0000,3.3400,no
300_win_mag,0.3080,trx,150.0000,vihtavuori_n160,143,72.4000,3136,24.500,10.0000,3.3400,no
300_win_mag,0.3080,trx,150.0000,vihtavuori_n165,153,80.4000,3238,24.500,10.0000,3.3400,no
300_win_mag,0.3080,trx,150.0000,vihtavuori_n560,147,76.1000,3205,24.500,10.0000,3.3400,no
300_win_mag,0.3080,sbt,150.0000,vihtavuori_n140,112,61.3000,3064,24.500,10.0000,3.3400,no
300_win_mag,0.3080,sbt,150.0000,vihtavuori_n540,117,65.6000,3182,24.500,10.0000,3.3400,no
300_win_mag,0.3080,sbt,150.0000,vihtavuori_n150,124,63.3000,3064,24.500,10.0000,3.3400,no
300_win_mag,0.3080,sbt,150.0000,vihtavuori_n550,129,69.8000,3222,24.500,10.0000,3.3400,no
300_win_mag,0.3080,sbt,150.0000,vihtavuori_n555,144,75.6000,3251,24.500,10.0000,3.3400,no
300_win_mag,0.3080,sbt,150.0000,vihtavuori_n160,143,77.3000,3202,24.500,10.0000,3.3400,no
300_win_mag,0.3080,tag,155.0000,vihtavuori_n550,129,68.5000,3196,24.500,10.0000,3.2870,no
300_win_mag,0.3080,tag,155.0000,vihtavuori_n555,144,75.5000,3241,24.500,10.0000,3.2870,no
300_win_mag,0.3080,tag,155.0000,vihtavuori_n160,143,76.9000,3209,24.500,10.0000,3.2870,no
300_win_mag,0.3080,tag,155.0000,vihtavuori_n560,147,79.6000,3245,24.500,10.0000,3.2870,no
300_win_mag,0.3080,otm_scenar_l,155.0000,vihtavuori_n150,124,62.0000,3041,24.500,10.0000,3.3070,no
300_win_mag,0.3080,otm_scenar_l,155.0000,vihtavuori_n550,129,66.8000,3159,24.500,10.0000,3.3070,no
300_win_mag,0.3080,otm_scenar_l,155.0000,vihtavuori_n555,144,73.0000,3205,24.500,10.0000,3.3070,no
300_win_mag,0.3080,otm_scenar_l,155.0000,vihtavuori_n160,143,73.8000,3133,24.500,10.0000,3.3070,no
300_win_mag,0.3080,otm_scenar_l,155.0000,vihtavuori_n560,147,76.7000,3202,24.500,10.0000,3.3070,no
300_win_mag,0.3080,otm_scenar_l,155.0000,vihtavuori_n565,156,79.9000,3196,24.500,10.0000,3.3070,no
300_win_mag,0.3080,hpbt,155.0000,vihtavuori_n150,124,59.9000,3028,24.500,10.0000,3.3390,no
300_win_mag,0.3080,hpbt,155.0000,vihtavuori_n550,129,67.3000,3169,24.500,10.0000,3.3390,no
300_win_mag,0.3080,hpbt,155.0000,vihtavuori_n555,144,73.8000,3212,24.500,10.0000,3.3390,no
300_win_mag,0.3080,ttsx_bt,165.0000,vihtavuori_n165,153,60.6000,2818,24.500,10.0000,3.3390,no
300_win_mag,0.3080,sst,165.0000,vihtavuori_n550,129,65.7000,3081,24.500,10.0000,3.3380,no
300_win_mag,0.3080,sst,165.0000,vihtavuori_n555,144,71.3000,3110,24.500,10.0000,3.3380,no
300_win_mag,0.3080,sst,165.0000,vihtavuori_n160,143,72.7000,3071,24.500,10.0000,3.3380,no
300_win_mag,0.3080,sst,165.0000,vihtavuori_n165,153,77.3000,3120,24.500,10.0000,3.3380,no
300_win_mag,0.3080,sst,165.0000,vihtavuori_n560,147,75.3000,3127,24.500,10.0000,3.3380,no
300_win_mag,0.3080,sst,165.0000,vihtavuori_n565,156,79.0000,3107,24.500,10.0000,3.3380,no
300_win_mag,0.3080,trx,165.0000,vihtavuori_n550,129,64.4000,2995,24.500,10.0000,3.3400,no
300_win_mag,0.3080,trx,165.0000,vihtavuori_n555,144,69.8000,3025,24.500,10.0000,3.3400,no
300_win_mag,0.3080,trx,165.0000,vihtavuori_n160,143,64.8000,2890,24.500,10.0000,3.3400,no
300_win_mag,0.3080,trx,165.0000,vihtavuori_n165,153,77.3000,3091,24.500,10.0000,3.3400,no
300_win_mag,0.3080,trx,165.0000,vihtavuori_n560,147,73.6000,3061,24.500,10.0000,3.3400,no
300_win_mag,0.3080,trx,165.0000,vihtavuori_n565,156,76.4000,3038,24.500,10.0000,3.3400,no
300_win_mag,0.3080,solid_brass_tactic,165.0000,vihtavuori_n550,129,65.6000,3081,24.500,10.0000,3.3390,no
300_win_mag,0.3080,solid_brass_tactic,165.0000,vihtavuori_n560,147,77.9000,3163,24.500,10.0000,3.3390,no
300_win_mag,0.3080,sbt,165.0000,vihtavuori_n550,129,66.4000,3054,24.500,10.0000,3.3380,no
300_win_mag,0.3080,sbt,165.0000,vihtavuori_n555,144,71.6000,3084,24.500,10.0000,3.3380,no
300_win_mag,0.3080,sbt,165.0000,vihtavuori_n160,143,65.9000,2953,24.500,10.0000,3.3380,no
300_win_mag,0.3080,sbt,165.0000,vihtavuori_n165,153,79.3000,3107,24.500,10.0000,3.3380,no
300_win_mag,0.3080,sbt,165.0000,vihtavuori_n560,147,74.8000,3107,24.500,10.0000,3.3380,no
300_win_mag,0.3080,sbt,165.0000,vihtavuori_n565,156,79.3000,3123,24.500,10.0000,3.3380,no
300_win_mag,0.3080,sbt,165.0000,vihtavuori_n170,157,83.0000,3064,24.500,10.0000,3.3380,no
300_win_mag,0.3080,exhbt,166.0000,vihtavuori_n540,117,57.4000,2877,24.500,10.0000,3.3070,no
300_win_mag,0.3080,exhbt,166.0000,vihtavuori_n150,124,54.5000,2769,24.500,10.0000,3.3070,no
300_win_mag,0.3080,exhbt,166.0000,vihtavuori_n550,129,60.0000,2897,24.500,10.0000,3.3070,no
300_win_mag,0.3080,exhbt,166.0000,vihtavuori_n555,144,65.7000,2946,24.500,10.0000,3.3070,no
300_win_mag,0.3080,exhbt,166.0000,vihtavuori_n160,143,62.0000,2841,24.500,10.0000,3.3070,no
300_win_mag,0.3080,exhbt,166.0000,vihtavuori_n165,153,68.7000,2949,24.500,10.0000,3.3070,no
300_win_mag,0.3080,exhbt,166.0000,vihtavuori_n170,157,71.0000,2897,24.500,10.0000,3.3070,no
300_win_mag,0.3080,scenar,167.0000,vihtavuori_n160,143,70.7000,3012,24.500,10.0000,3.3380,no
300_win_mag,0.3080,scenar,167.0000,vihtavuori_n165,153,77.0000,3094,24.500,10.0000,3.3380,no
300_win_mag,0.3080,scenar,167.0000,vihtavuori_n560,147,75.5000,3114,24.500,10.0000,3.3380,no
300_win_mag,0.3080,scenar,167.0000,vihtavuori_n565,156,77.6000,3087,24.500,10.0000,3.3380,no
300_win_mag,0.3080,a_max,168.0000,vihtavuori_n550,129,65.3000,3048,24.500,10.0000,3.3380,no
300_win_mag,0.3080,a_max,168.0000,vihtavuori_n555,144,71.0000,3074,24.500,10.0000,3.3380,no
300_win_mag,0.3080,a_max,168.0000,vihtavuori_n160,143,70.4000,2999,24.500,10.0000,3.3380,no
300_win_mag,0.3080,a_max,168.0000,vihtavuori_n165,153,77.2000,3097,24.500,10.0000,3.3380,no
300_win_mag,0.3080,a_max,168.0000,vihtavuori_n560,147,74.5000,3091,24.500,10.0000,3.3380,no
300_win_mag,0.3080,a_max,168.0000,vihtavuori_n565,156,78.6000,3091,24.500,10.0000,3.3380,no
300_win_mag,0.3080,hpbt,168.0000,vihtavuori_n550,129,65.1000,3015,24.500,10.0000,3.3390,no
300_win_mag,0.3080,hpbt,168.0000,vihtavuori_n555,144,70.5000,3054,24.500,10.0000,3.3390,no
300_win_mag,0.3080,hpbt,168.0000,vihtavuori_n160,143,69.8000,2999,24.500,10.0000,3.3390,no
300_win_mag,0.3080,hpbt,168.0000,vihtavuori_n560,147,74.1000,3077,24.500,10.0000,3.3390,no
300_win_mag,0.3080,lockbase_b476,170.0000,vihtavuori_n550,129,65.6000,3018,24.500,10.0000,3.3380,no
300_win_mag,0.3080,lockbase_b476,170.0000,vihtavuori_n555,144,70.1000,3045,24.500,10.0000,3.3380,no
300_win_mag,0.3080,lockbase_b476,170.0000,vihtavuori_n160,143,69.9000,2963,24.500,10.0000,3.3380,no
300_win_mag,0.3080,lockbase_b476,170.0000,vihtavuori_n165,153,77.8000,3061,24.500,10.0000,3.3380,no
300_win_mag,0.3080,lockbase_b476,170.0000,vihtavuori_n560,147,73.3000,3054,24.500,10.0000,3.3380,no
300_win_mag,0.3080,lockbase_b476,170.0000,vihtavuori_n565,156,77.9000,3077,24.500,10.0000,3.3380,no
300_win_mag,0.3080,naturalis_n558,170.0000,vihtavuori_n550,129,63.0000,2927,24.500,10.0000,3.3070,no
300_win_mag,0.3080,naturalis_n558,170.0000,vihtavuori_n555,144,67.0000,2946,24.500,10.0000,3.3070,no
300_win_mag,0.3080,naturalis_n558,170.0000,vihtavuori_n160,143,63.1000,2835,24.500,10.0000,3.3070,no
300_win_mag,0.3080,naturalis_n558,170.0000,vihtavuori_n165,153,75.6000,2989,24.500,10.0000,3.3070,no
300_win_mag,0.3080,naturalis_n558,170.0000,vihtavuori_n560,147,70.7000,2986,24.500,10.0000,3.3070,no
300_win_mag,0.3080,hpbt,174.0000,vihtavuori_n550,129,63.9000,2949,24.500,10.0000,3.3390,no
300_win_mag,0.3080,hpbt,174.0000,vihtavuori_n555,144,69.3000,2982,24.500,10.0000,3.3390,no
300_win_mag,0.3080,hpbt,174.0000,vihtavuori_n160,143,69.4000,2940,24.500,10.0000,3.3390,no
300_win_mag,0.3080,hpbt,174.0000,vihtavuori_n165,153,76.9000,3035,24.500,10.0000,3.3390,no
300_win_mag,0.3080,hpbt,174.0000,vihtavuori_n560,147,74.1000,3025,24.500,10.0000,3.3390,no
300_win_mag,0.3080,otm_tactical,175.0000,vihtavuori_n550,129,64.7000,2956,24.500,10.0000,3.3380,no
300_win_mag,0.3080,otm_tactical,175.0000,vihtavuori_n555,144,70.2000,2976,24.500,10.0000,3.3380,no
300_win_mag,0.3080,otm_tactical,175.0000,vihtavuori_n160,143,70.8000,2946,24.500,10.0000,3.3380,no
300_win_mag,0.3080,otm_tactical,175.0000,vihtavuori_n165,153,77.5000,3035,24.500,10.0000,3.3380,no
300_win_mag,0.3080,otm_tactical,175.0000,vihtavuori_n560,147,74.2000,3028,24.500,10.0000,3.3380,no
300_win_mag,0.3080,otm_tactical,175.0000,vihtavuori_n565,156,77.2000,3028,24.500,10.0000,3.3380,no
300_win_mag,0.3080,maxrange_target_gb581,175.0000,vihtavuori_n550,129,65.7000,2989,24.500,10.0000,3.3400,no
300_win_mag,0.3080,maxrange_target_gb581,175.0000,vihtavuori_n555,144,70.2000,3015,24.500,10.0000,3.3400,no
300_win_mag,0.3080,maxrange_target_gb581,175.0000,vihtavuori_n160,143,71.5000,2969,24.500,10.0000,3.3400,no
300_win_mag,0.3080,maxrange_target_gb581,175.0000,vihtavuori_n560,147,73.9000,3025,24.500,10.0000,3.3400,no
300_win_mag,0.3080,maxrange_target_gb581,175.0000,vihtavuori_n565,156,77.8000,3048,24.500,10.0000,3.3400,no
300_win_mag,0.3080,otm_scenar-l,175.0000,vihtavuori_n160,143,69.8000,2943,24.500,10.0000,3.3380,no
300_win_mag,0.3080,otm_scenar-l,175.0000,vihtavuori_n165,153,76.1000,3022,24.500,10.0000,3.3380,no
300_win_mag,0.3080,otm_scenar-l,175.0000,vihtavuori_n560,147,74.8000,3038,24.500,10.0000,3.3380,no
300_win_mag,0.3080,otm_scenar-l,175.0000,vihtavuori_n565,156,76.7000,3028,24.500,10.0000,3.3380,no
300_win_mag,0.3080,rdf,175.0000,vihtavuori_n550,129,65.6000,2979,24.500,10.0000,3.3400,no
300_win_mag,0.3080,rdf,175.0000,vihtavuori_n160,143,72.5000,2976,24.500,10.0000,3.3400,no
300_win_mag,0.3080,blade_659a,175.0000,vihtavuori_n550,129,62.5000,2871,24.500,10.0000,3.3400,no
300_win_mag,0.3080,blade_659a,175.0000,vihtavuori_n555,144,60.5000,2792,24.500,10.0000,3.3400,no
300_win_mag,0.3080,blade_659a,175.0000,vihtavuori_n160,143,59.7000,2740,24.500,10.0000,3.3400,no
300_win_mag,0.3080,eld_x,178.0000,vihtavuori_n160,143,58.2000,2730,24.500,10.0000,3.3380,no
300_win_mag,0.3080,eld_x,178.0000,vihtavuori_n560,147,72.1000,2976,24.500,10.0000,3.3380,no
300_win_mag,0.3080,classic_hunter,180.0000,vihtavuori_n165,153,66.5000,2831,24.500,10.0000,3.3380,no
300_win_mag,0.3080,classic_hunter,180.0000,vihtavuori_n560,147,70.5000,2917,24.500,10.0000,3.3380,no
300_win_mag,0.3080,gmx,180.0000,vihtavuori_n555,144,61.0000,2746,24.500,10.0000,3.3380,no
300_win_mag,0.3080,gmx,180.0000,vihtavuori_n160,143,58.5000,2667,24.500,10.0000,3.3380,no
300_win_mag,0.3080,gmx,180.0000,vihtavuori_n165,153,63.7000,2730,24.500,10.0000,3.3380,no
300_win_mag,0.3080,gmx,180.0000,vihtavuori_n560,147,66.5000,2838,24.500,10.0000,3.3380,no
300_win_mag,0.3080,gmx,180.0000,vihtavuori_n565,156,69.8000,2848,24.500,10.0000,3.3380,no
300_win_mag,0.3080,bt_hunting,180.0000,vihtavuori_n560,147,73.5000,2953,24.500,10.0000,3.3380,no
300_win_mag,0.3080,exhbt,184.0000,vihtavuori_n555,144,59.9000,2680,24.500,10.0000,3.2480,no
300_win_mag,0.3080,exhbt,184.0000,vihtavuori_n160,143,57.7000,2618,24.500,10.0000,3.2480,no
300_win_mag,0.3080,exhbt,184.0000,vihtavuori_n165,153,61.7000,2654,24.500,10.0000,3.2480,no
300_win_mag,0.3080,exhbt,184.0000,vihtavuori_n560,147,65.1000,2779,24.500,10.0000,3.2480,no
300_win_mag,0.3080,exhbt,184.0000,vihtavuori_n565,156,66.4000,2749,24.500,10.0000,3.2480,no
300_win_mag,0.3080,exhbt,184.0000,vihtavuori_n170,157,70.4000,2720,24.500,10.0000,3.2480,no
300_win_mag,0.3080,d46,185.0000,vihtavuori_n150,124,56.3000,2746,24.500,10.0000,3.3400,no
300_win_mag,0.3080,d46,185.0000,vihtavuori_n550,129,65.6000,2917,24.500,10.0000,3.3400,no
300_win_mag,0.3080,d46,185.0000,vihtavuori_n555,144,69.4000,2920,24.500,10.0000,3.3400,no
300_win_mag,0.3080,d46,185.0000,vihtavuori_n160,143,69.8000,2884,24.500,10.0000,3.3400,no
300_win_mag,0.3080,d46,185.0000,vihtavuori_n560,147,73.3000,2972,24.500,10.0000,3.3400,no
300_win_mag,0.3080,mega_e415,185.0000,vihtavuori_n550,129,64.4000,2874,24.500,10.0000,3.2480,no
300_win_mag,0.3080,mega_e415,185.0000,vihtavuori_n555,144,69.0000,2890,24.500,10.0000,3.2480,no
300_win_mag,0.3080,mega_e415,185.0000,vihtavuori_n160,143,68.1000,2818,24.500,10.0000,3.2480,no
300_win_mag,0.3080,mega_e415,185.0000,vihtavuori_n165,153,74.4000,2890,24.500,10.0000,3.2480,no
300_win_mag,0.3080,mega_e415,185.0000,vihtavuori_n560,147,72.8000,2920,24.500,10.0000,3.2480,no
300_win_mag,0.3080,mega_e415,185.0000,vihtavuori_n565,156,76.5000,2943,24.500,10.0000,3.2480,no
300_win_mag,0.3080,scenar,185.0000,vihtavuori_n160,143,67.0000,2812,24.500,10.0000,3.3380,no
300_win_mag,0.3080,scenar,185.0000,vihtavuori_n165,153,74.7000,2917,24.500,10.0000,3.3380,no
300_win_mag,0.3080,scenar,185.0000,vihtavuori_n560,147,73.0000,2949,24.500,10.0000,3.3380,no
300_win_mag,0.3080,scenar,185.0000,vihtavuori_n565,156,75.2000,2949,24.500,10.0000,3.3380,no
300_win_mag,0.3080,scenar,185.0000,vihtavuori_n170,157,79.5000,2913,24.500,10.0000,3.3380,no
300_win_mag,0.3080,cx,190.0000,vihtavuori_n550,129,63.1000,2805,24.500,10.0000,3.3400,no
300_win_mag,0.3080,cx,190.0000,vihtavuori_n160,143,60.0000,2648,24.500,10.0000,3.3400,no
300_win_mag,0.3080,hpbt,190.0000,vihtavuori_n160,143,66.7000,2799,24.500,10.0000,3.3390,no
300_win_mag,0.3080,hpbt,190.0000,vihtavuori_n560,147,71.8000,2900,24.500,10.0000,3.3390,no
300_win_mag,0.3080,mega_e401,200.0000,vihtavuori_n165,153,67.6000,2710,24.500,10.0000,3.3380,no
300_win_mag,0.3080,mega_e401,200.0000,vihtavuori_n565,156,71.8000,2795,24.500,10.0000,3.3380,no
300_win_mag,0.3080,mega_e401,200.0000,vihtavuori_n170,157,75.9000,2759,24.500,10.0000,3.3380,no
300_win_mag,0.3080,mega_e401,200.0000,vihtavuori_n568,168,77.5000,2812,24.500,10.0000,3.3380,no
300_win_mag,0.3080,mega_e401,200.0000,vihtavuori_n570,170,74.1000,2841,24.500,10.0000,3.3380,no
300_win_mag,0.3080,partition,200.0000,vihtavuori_n165,153,71.5000,2740,24.500,10.0000,3.3380,no
300_win_mag,0.3080,partition,200.0000,vihtavuori_n565,156,74.8000,2825,24.500,10.0000,3.3380,no
300_win_mag,0.3080,partition,200.0000,vihtavuori_n570,170,73.3000,2828,24.500,10.0000,3.3380,no
300_win_mag,0.3080,elite_hunter,205.0000,vihtavuori_n550,129,62.2000,2759,24.500,10.0000,3.3380,no
300_win_mag,0.3080,elite_hunter,205.0000,vihtavuori_n555,144,68.2000,2789,24.500,10.0000,3.3380,no
300_win_mag,0.3080,elite_hunter,205.0000,vihtavuori_n160,143,69.9000,2789,24.500,10.0000,3.3380,no
300_win_mag,0.3080,elite_hunter,205.0000,vihtavuori_n165,153,75.9000,2864,24.500,10.0000,3.3380,no
300_win_mag,0.3080,elite_hunter,205.0000,vihtavuori_n560,147,72.1000,2841,24.500,10.0000,3.3380,no
300_win_mag,0.3080,elite_hunter,205.0000,vihtavuori_n565,156,74.7000,2848,24.500,10.0000,3.3380,no
300_win_mag,0.3080,long_range_hybrid_target,208.0000,vihtavuori_n550,129,62.5000,2746,24.500,10.0000,3.3380,no
300_win_mag,0.3080,long_range_hybrid_target,208.0000,vihtavuori_n555,144,67.6000,2762,24.500,10.0000,3.3380,no
300_win_mag,0.3080,long_range_hybrid_target,208.0000,vihtavuori_n160,143,68.7000,2740,24.500,10.0000,3.3380,no
300_win_mag,0.3080,long_range_hybrid_target,208.0000,vihtavuori_n165,153,75.2000,2818,24.500,10.0000,3.3380,no
300_win_mag,0.3080,long_range_hybrid_target,208.0000,vihtavuori_n560,147,71.6000,2825,24.500,10.0000,3.3380,no
300_win_mag,0.3080,long_range_hybrid_target,208.0000,vihtavuori_n565,156,74.8000,2831,24.500,10.0000,3.3380,no
300_win_mag,0.3080,long_range_hybrid_target,220.0000,vihtavuori_n550,129,59.9000,2628,24.500,10.0000,3.4650,no
300_win_mag,0.3080,long_range_hybrid_target,220.0000,vihtavuori_n555,144,65.1000,2648,24.500,10.0000,3.4650,no
300_win_mag,0.3080,long_range_hybrid_target,220.0000,vihtavuori_n160,143,65.1000,2618,24.500,10.0000,3.4650,no
300_win_mag,0.3080,long_range_hybrid_target,220.0000,vihtavuori_n165,153,71.6000,2697,24.500,10.0000,3.4650,no
300_win_mag,0.3080,long_range_hybrid_target,220.0000,vihtavuori_n560,147,69.4000,2730,24.500,10.0000,3.4650,no
300_win_mag,0.3080,long_range_hybrid_target,220.0000,vihtavuori_n565,156,72.2000,2740,24.500,10.0000,3.4650,no
300_win_mag,0.3080,otm_scenar_l,220.0000,vihtavuori_n165,153,69.0000,2595,24.500,10.0000,3.3380,no
300_win_mag,0.3080,otm_scenar_l,220.0000,vihtavuori_n560,147,68.5000,2677,24.500,10.0000,3.3380,no
300_win_mag,0.3080,eld_m,225.0000,vihtavuori_n555,144,64.7000,2615,24.500,10.0000,3.3860,no
300_win_mag,0.3080,eld_m,225.0000,vihtavuori_n160,143,64.0000,2569,24.500,10.0000,3.3860,no
300_win_mag,0.3080,eld_m,225.0000,vihtavuori_n560,147,68.7000,2661,24.500,10.0000,3.3860,no
300_win_mag,0.3080,hybrid_target,230.0000,vihtavuori_n165,153,68.7000,2579,24.500,10.0000,3.4060,no
300_win_mag,0.3080,hybrid_target,230.0000,vihtavuori_n565,156,71.9000,2667,24.500,10.0000,3.4060,no
300_win_mag,0.3080,hybrid_target,230.0000,vihtavuori_n170,157,74.2000,2612,24.500,10.0000,3.4060,no
300_win_mag,0.3080,hybrid_target,230.0000,vihtavuori_n570,170,75.3000,2707,24.500,10.0000,3.4060,no
308_win,0.3080,trx,150.0000,vihtavuori_n135,102,40.3000,2697,24.000,12.0000,2.7760,v
308_win,0.3080,g589_ot,100.0000,vihtavuori_n135,102,47.8000,3360,24.000,12.0000,2.6380,yes
308_win,0.3080,g589_ot,100.0000,vihtavuori_n540,117,50.9000,3337,24.000,12.0000,2.6380,yes
308_win,0.3080,hpce_otce,100.0000,vihtavuori_n133,89,45.5000,3356,24.000,12.0000,2.6380,yes
308_win,0.3080,classic_hunter,110.0000,vihtavuori_n140,112,48.6000,3196,24.000,12.0000,2.6970,yes
308_win,0.3080,cx,110.0000,vihtavuori_n133,89,45.5000,3196,24.000,12.0000,2.7950,yes
308_win,0.3080,cx,110.0000,vihtavuori_n135,102,48.1000,3248,24.000,12.0000,2.7950,yes
308_win,0.3080,cx,110.0000,vihtavuori_n540,117,51.7000,3287,24.000,12.0000,2.7950,yes
308_win,0.3080,gmx,110.0000,vihtavuori_n133,89,44.6000,3169,24.000,12.0000,2.7950,yes
308_win,0.3080,gmx,110.0000,vihtavuori_n135,102,46.3000,3189,24.000,12.0000,2.7950,yes
308_win,0.3080,gmx,110.0000,vihtavuori_n540,117,48.9000,3130,24.000,12.0000,2.7950,yes
308_win,0.3080,v_max,110.0000,vihtavuori_n140,112,49.4000,3199,24.000,12.0000,2.6970,yes
308_win,0.3080,varmageddon,110.0000,vihtavuori_n133,89,46.3000,3248,24.000,12.0000,2.5980,yes
308_win,0.3080,hp_varminter,110.0000,vihtavuori_n133,89,46.3000,3228,24.000,12.0000,2.6000,yes
308_win,0.3080,hp_varminter,110.0000,vihtavuori_n135,102,48.6000,3281,24.000,12.0000,2.6000,yes
308_win,0.3080,hp_varminter,110.0000,vihtavuori_n140,112,49.4000,3136,24.000,12.0000,2.6000,yes
308_win,0.3080,controlled_chaos_copper,115.0000,vihtavuori_n133,89,45.2000,3150,24.000,12.0000,2.7560,yes
308_win,0.3080,controlled_chaos_copper,115.0000,vihtavuori_n135,102,48.6000,3189,24.000,12.0000,2.7560,yes
308_win,0.3080,controlled_chaos_copper,115.0000,vihtavuori_n140,112,50.2000,3133,24.000,12.0000,2.7560,yes
308_win,0.3080,hp_varminter,115.0000,vihtavuori_n140,112,49.4000,3123,24.000,12.0000,2.7360,yes
308_win,0.3080,blade_633a,120.0000,vihtavuori_n135,102,45.8000,3045,24.000,12.0000,2.7950,yes
308_win,0.3080,blade_633a,120.0000,vihtavuori_n140,112,48.0000,3028,24.000,12.0000,2.7950,yes
308_win,0.3080,blade_633a,120.0000,vihtavuori_n540,117,49.8000,3110,24.000,12.0000,2.7950,yes
308_win,0.3080,blade_633a,120.0000,vihtavuori_n150,124,47.8000,2956,24.000,12.0000,2.7950,yes
308_win,0.3080,fmj,123.0000,vihtavuori_n135,102,47.2000,3022,24.000,12.0000,2.6340,yes
308_win,0.3080,ecx,125.0000,vihtavuori_n540,117,48.3000,3048,24.000,12.0000,2.7280,yes
308_win,0.3080,ecx,125.0000,vihtavuori_n150,124,47.1000,2986,24.000,12.0000,2.7280,yes
308_win,0.3080,controlled_chaos,125.0000,vihtavuori_n150,124,46.5000,2966,24.000,12.0000,2.7560,yes
308_win,0.3080,accubond,125.0000,vihtavuori_n135,102,46.8000,3071,24.000,12.0000,2.7480,yes
308_win,0.3080,accubond,125.0000,vihtavuori_n140,112,49.5000,3071,24.000,12.0000,2.7480,yes
308_win,0.3080,accubond,125.0000,vihtavuori_n540,117,50.2000,3130,24.000,12.0000,2.7480,yes
308_win,0.3080,ballistic_tip,125.0000,vihtavuori_n140,112,49.8000,3071,24.000,12.0000,2.7560,yes
308_win,0.3080,tnt_hp,125.0000,vihtavuori_n135,102,46.1000,3091,24.000,12.0000,2.6380,yes
308_win,0.3080,tnt_hp,125.0000,vihtavuori_n140,112,48.6000,3054,24.000,12.0000,2.6380,yes
308_win,0.3080,tnt_hp,125.0000,vihtavuori_n540,117,49.4000,3094,24.000,12.0000,2.6380,yes
308_win,0.3080,tnt_hp,125.0000,vihtavuori_n150,124,47.8000,3022,24.000,12.0000,2.6380,yes
308_win,0.3080,target_line,130.0000,vihtavuori_n135,102,44.8000,3009,24.000,12.0000,2.7990,yes
308_win,0.3080,target_line,130.0000,vihtavuori_n140,112,48.6000,3051,24.000,12.0000,2.7990,yes
308_win,0.3080,target_line,130.0000,vihtavuori_n540,117,48.6000,3077,24.000,12.0000,2.7990,yes
308_win,0.3080,blade_636a,130.0000,vihtavuori_n133,89,42.0000,2877,24.000,12.0000,2.8000,yes
308_win,0.3080,blade_636a,130.0000,vihtavuori_n135,102,43.8000,2910,24.000,12.0000,2.8000,yes
308_win,0.3080,blade_636a,130.0000,vihtavuori_n140,112,49.2000,3002,24.000,12.0000,2.8000,yes
308_win,0.3080,hp_varminter,135.0000,vihtavuori_n140,112,48.8000,2995,24.000,12.0000,2.6500,yes
308_win,0.3080,basic_nature,139.0000,vihtavuori_n135,102,42.7000,2723,24.000,12.0000,2.6260,yes
308_win,0.3080,basic_nature,139.0000,vihtavuori_n140,112,46.5000,2769,24.000,12.0000,2.6260,yes
308_win,0.3080,basic_nature,139.0000,vihtavuori_n540,117,45.8000,2831,24.000,12.0000,2.6260,yes
308_win,0.3080,basic_nature,139.0000,vihtavuori_n150,124,45.8000,2762,24.000,12.0000,2.6260,yes
308_win,0.3080,basic_nature,139.0000,vihtavuori_n550,129,50.5000,2844,24.000,12.0000,2.6260,yes
308_win,0.3080,target_line,140.0000,vihtavuori_n135,102,43.2000,2877,24.000,12.0000,2.7990,yes
308_win,0.3080,target_line,140.0000,vihtavuori_n140,112,46.9000,2930,24.000,12.0000,2.7990,yes
308_win,0.3080,target_line,140.0000,vihtavuori_n540,117,46.6000,2953,24.000,12.0000,2.7990,yes
308_win,0.3080,hunting_expandable,140.0000,vihtavuori_n550,129,49.1000,2848,24.000,12.0000,2.6970,yes
308_win,0.3080,tug_nature,147.0000,vihtavuori_n140,112,43.7000,2694,24.000,12.0000,2.6180,yes
308_win,0.3080,tug_nature,147.0000,vihtavuori_n540,117,45.1000,2766,24.000,12.0000,2.6180,yes
308_win,0.3080,tug_nature,147.0000,vihtavuori_n150,124,45.1000,2713,24.000,12.0000,2.6180,yes
308_win,0.3080,tug_nature,147.0000,vihtavuori_n550,129,48.9000,2782,24.000,12.0000,2.6180,yes
308_win,0.3080,spitzer_bt_fmj,147.0000,vihtavuori_n135,102,43.7000,2799,24.000,12.0000,2.7830,yes
308_win,0.3080,spitzer_bt_fmj,147.0000,vihtavuori_n140,112,46.6000,2835,24.000,12.0000,2.7830,yes
308_win,0.3080,spitzer_bt_fmj,147.0000,vihtavuori_n540,117,47.7000,2887,24.000,12.0000,2.7830,yes
308_win,0.3080,mpg_fb,150.0000,vihtavuori_n150,124,46.1000,2779,24.000,12.0000,2.7950,yes
308_win,0.3080,mpg_fb,150.0000,vihtavuori_n550,129,49.4000,2815,24.000,12.0000,2.7950,yes
308_win,0.3080,ttsx_bt,150.0000,vihtavuori_n540,117,43.5000,2756,24.000,12.0000,2.7950,yes
308_win,0.3080,ttsx_bt,150.0000,vihtavuori_n150,124,43.5000,2720,24.000,12.0000,2.7950,yes
308_win,0.3080,ttsx_bt,150.0000,vihtavuori_n550,129,47.8000,2776,24.000,12.0000,2.7950,yes
308_win,0.3080,classic_hunter,150.0000,vihtavuori_n540,117,46.0000,2815,24.000,12.0000,2.6380,yes
308_win,0.3080,classic_hunter,150.0000,vihtavuori_n150,124,44.9000,2756,24.000,12.0000,2.6380,yes
308_win,0.3080,classic_hunter,150.0000,vihtavuori_n550,129,47.8000,2726,24.000,12.0000,2.6380,yes
308_win,0.3080,target,150.0000,vihtavuori_n140,112,46.1000,2795,24.000,12.0000,2.6970,yes
308_win,0.3080,target,150.0000,vihtavuori_n150,124,46.9000,2818,24.000,12.0000,2.6970,yes
308_win,0.3080,cx,150.0000,vihtavuori_n140,112,43.8000,2697,24.000,12.0000,2.7990,yes
308_win,0.3080,cx,150.0000,vihtavuori_n540,117,43.7000,2743,24.000,12.0000,2.7990,yes
308_win,0.3080,cx,150.0000,vihtavuori_n150,124,43.2000,2684,24.000,12.0000,2.7990,yes
308_win,0.3080,cx,150.0000,vihtavuori_n550,129,47.5000,2772,24.000,12.0000,2.7990,yes
308_win,0.3080,fmj_bt,150.0000,vihtavuori_n140,112,47.4000,2835,24.000,12.0000,2.7950,yes
308_win,0.3080,fmj_bt,150.0000,vihtavuori_n540,117,48.1000,2887,24.000,12.0000,2.7950,yes
308_win,0.3080,fmj_bt,150.0000,vihtavuori_n150,124,48.0000,2848,24.000,12.0000,2.7950,yes
308_win,0.3080,fmj_bt,150.0000,vihtavuori_n550,129,50.2000,2799,24.000,12.0000,2.7950,yes
308_win,0.3080,interlock_btsp,150.0000,vihtavuori_n140,112,45.8000,2815,24.000,12.0000,2.7400,yes
308_win,0.3080,interlock_btsp,150.0000,vihtavuori_n540,117,47.4000,2874,24.000,12.0000,2.7400,yes
308_win,0.3080,interlock_btsp,150.0000,vihtavuori_n150,124,46.6000,2818,24.000,12.0000,2.7400,yes
308_win,0.3080,interlock_btsp,150.0000,vihtavuori_n550,129,50.9000,2894,24.000,12.0000,2.7400,yes
308_win,0.3080,sst,150.0000,vihtavuori_n150,124,44.9000,2753,24.000,12.0000,2.7320,yes
308_win,0.3080,lockbase,150.0000,vihtavuori_n140,112,44.7000,2799,24.000,12.0000,2.7560,yes
308_win,0.3080,lockbase,150.0000,vihtavuori_n150,124,45.2000,2740,24.000,12.0000,2.7560,yes
308_win,0.3080,trx,150.0000,vihtavuori_n140,112,46.0000,2802,24.000,12.0000,2.7760,yes
308_win,0.3080,trx,150.0000,vihtavuori_n540,117,44.6000,2808,24.000,12.0000,2.7760,yes
308_win,0.3080,trx,150.0000,vihtavuori_n150,124,45.7000,2795,24.000,12.0000,2.7760,yes
308_win,0.3080,trx,150.0000,vihtavuori_n550,129,49.1000,2838,24.000,12.0000,2.7760,yes
308_win,0.3080,accubond,150.0000,vihtavuori_n540,117,47.2000,2858,24.000,12.0000,2.7950,yes
308_win,0.3080,accubond,150.0000,vihtavuori_n150,124,46.0000,2812,24.000,12.0000,2.7950,yes
308_win,0.3080,accubond,150.0000,vihtavuori_n550,129,50.5000,2877,24.000,12.0000,2.7950,yes
308_win,0.3080,tarvas,150.0000,vihtavuori_n540,117,46.6000,2881,24.000,12.0000,2.7240,yes
308_win,0.3080,tarvas,150.0000,vihtavuori_n150,124,46.1000,2825,24.000,12.0000,2.7240,yes
308_win,0.3080,tarvas,150.0000,vihtavuori_n550,129,47.8000,2792,24.000,12.0000,2.7240,yes
308_win,0.3080,blade_645a,150.0000,vihtavuori_n550,129,47.8000,2779,24.000,12.0000,2.7950,yes
308_win,0.3080,hpbt,150.0000,vihtavuori_n150,124,48.4000,2869,24.000,12.0000,2.7950,yes
308_win,0.3080,hpbt,150.0000,vihtavuori_n550,129,50.3000,2855,24.000,12.0000,2.7950,yes
308_win,0.3080,vld_hunting,155.0000,vihtavuori_n140,112,44.9000,2746,24.000,12.0000,2.8000,yes
308_win,0.3080,vld_hunting,155.0000,vihtavuori_n150,124,45.5000,2769,24.000,12.0000,2.8000,yes
308_win,0.3080,vld_hunting,155.0000,vihtavuori_n550,129,49.7000,2835,24.000,12.0000,2.8000,yes
308_win,0.3080,bthp,155.0000,vihtavuori_n140,112,46.0000,2785,24.000,12.0000,2.7950,yes
308_win,0.3080,bthp,155.0000,vihtavuori_n150,124,46.1000,2805,24.000,12.0000,2.7950,yes
308_win,0.3080,bthp,155.0000,vihtavuori_n550,129,50.0000,2831,24.000,12.0000,2.7950,yes
308_win,0.3080,eld_match,155.0000,vihtavuori_n150,124,44.8000,2769,24.000,12.0000,2.7990,yes
308_win,0.3080,eld_match,155.0000,vihtavuori_n550,129,48.0000,2812,24.000,12.0000,2.7990,yes
308_win,0.3080,scenar_l,155.0000,vihtavuori_n550,129,50.2000,2956,24.000,12.0000,2.7950,yes
308_win,0.3080,custom_competition,155.0000,vihtavuori_n140,112,45.2000,2772,24.000,12.0000,2.7950,yes
308_win,0.3080,custom_competition,155.0000,vihtavuori_n150,124,45.2000,2785,24.000,12.0000,2.7950,yes
308_win,0.3080,hpbt,155.0000,vihtavuori_n550,129,49.7000,2888,24.000,12.0000,2.7950,yes
308_win,0.3080,fullbore_target,155.5000,vihtavuori_n140,112,45.7000,2769,24.000,12.0000,2.8000,yes
308_win,0.3080,fullbore_target,155.5000,vihtavuori_n540,117,46.6000,2835,24.000,12.0000,2.8000,yes
308_win,0.3080,fullbore_target,155.5000,vihtavuori_n150,124,46.3000,2782,24.000,12.0000,2.8000,yes
308_win,0.3080,fullbore_target,155.5000,vihtavuori_n550,129,50.6000,2861,24.000,12.0000,2.8000,yes
308_win,0.3080,blade_656a,162.0000,vihtavuori_n140,112,40.4000,2520,24.000,12.0000,2.7950,yes
308_win,0.3080,blade_656a,162.0000,vihtavuori_n550,129,46.9000,2667,24.000,12.0000,2.7950,yes
308_win,0.3080,ttsx_bt,165.0000,vihtavuori_n140,112,43.8000,2618,24.000,12.0000,2.7990,yes
308_win,0.3080,ttsx_bt,165.0000,vihtavuori_n540,117,44.1000,2687,24.000,12.0000,2.7990,yes
308_win,0.3080,ttsx_bt,165.0000,vihtavuori_n150,124,43.8000,2608,24.000,12.0000,2.7990,yes
308_win,0.3080,ttsx_bt,165.0000,vihtavuori_n550,129,48.8000,2720,24.000,12.0000,2.7990,yes
308_win,0.3080,mth,165.0000,vihtavuori_n150,124,42.6000,2592,24.000,12.0000,2.7950,yes
308_win,0.3080,target,165.0000,vihtavuori_n140,112,43.1000,2608,24.000,12.0000,2.6970,yes
308_win,0.3080,target,165.0000,vihtavuori_n540,117,45.2000,2690,24.000,12.0000,2.6970,yes
308_win,0.3080,target,165.0000,vihtavuori_n150,124,44.9000,2651,24.000,12.0000,2.6970,yes
308_win,0.3080,cx,165.0000,vihtavuori_n140,112,42.9000,2562,24.000,12.0000,2.7990,yes
308_win,0.3080,cx,165.0000,vihtavuori_n540,117,42.9000,2612,24.000,12.0000,2.7990,yes
308_win,0.3080,cx,165.0000,vihtavuori_n150,124,42.3000,2552,24.000,12.0000,2.7990,yes
308_win,0.3080,cx,165.0000,vihtavuori_n550,129,48.0000,2671,24.000,12.0000,2.7990,yes
308_win,0.3080,ecx,165.0000,vihtavuori_n550,129,46.5000,2625,24.000,12.0000,2.7950,yes
308_win,0.3080,interlock_btsp,165.0000,vihtavuori_n540,117,44.9000,2726,24.000,12.0000,2.7400,yes
308_win,0.3080,interlock_btsp,165.0000,vihtavuori_n150,124,44.9000,2694,24.000,12.0000,2.7400,yes
308_win,0.3080,interlock_btsp,165.0000,vihtavuori_n550,129,49.1000,2769,24.000,12.0000,2.7400,yes
308_win,0.3080,trx,165.0000,vihtavuori_n135,102,40.3000,2582,24.000,12.0000,2.7990,yes
308_win,0.3080,trx,165.0000,vihtavuori_n140,112,44.3000,2661,24.000,12.0000,2.7990,yes
308_win,0.3080,trx,165.0000,vihtavuori_n540,117,43.7000,2690,24.000,12.0000,2.7990,yes
308_win,0.3080,trx,165.0000,vihtavuori_n150,124,44.0000,2667,24.000,12.0000,2.7990,yes
308_win,0.3080,trx,165.0000,vihtavuori_n550,129,48.1000,2707,24.000,12.0000,2.7990,yes
308_win,0.3080,solid_brass_tactic,165.0000,vihtavuori_n135,102,42.7000,2677,24.000,12.0000,2.7950,yes
308_win,0.3080,solid_brass_tactic,165.0000,vihtavuori_n140,112,45.2000,2717,24.000,12.0000,2.7950,yes
308_win,0.3080,solid_brass_tactic,165.0000,vihtavuori_n540,117,46.8000,2795,24.000,12.0000,2.7950,yes
308_win,0.3080,solid_brass_tactic,165.0000,vihtavuori_n150,124,45.5000,2713,24.000,12.0000,2.7950,yes
308_win,0.3080,tarvas,165.0000,vihtavuori_n550,129,47.7000,2743,24.000,12.0000,2.7240,yes
308_win,0.3080,sbt,165.0000,vihtavuori_n550,129,47.1000,2726,24.000,12.0000,2.7520,yes
308_win,0.3080,exhbt,166.0000,vihtavuori_n550,129,46.5000,2628,24.000,12.0000,2.6570,yes
308_win,0.3080,scenar,167.0000,vihtavuori_n550,129,48.9000,2743,24.000,12.0000,2.7950,yes
308_win,0.3080,ttsx_bt,168.0000,vihtavuori_n135,102,41.5000,2549,24.000,12.0000,2.7360,yes
308_win,0.3080,ttsx_bt,168.0000,vihtavuori_n140,112,44.3000,2592,24.000,12.0000,2.7360,yes
308_win,0.3080,ttsx_bt,168.0000,vihtavuori_n540,117,45.7000,2644,24.000,12.0000,2.7360,yes
308_win,0.3080,ttsx_bt,168.0000,vihtavuori_n150,124,44.8000,2598,24.000,12.0000,2.7360,yes
308_win,0.3080,ttsx_bt,168.0000,vihtavuori_n550,129,48.9000,2687,24.000,12.0000,2.7360,yes
308_win,0.3080,classic_hunter,168.0000,vihtavuori_n550,129,46.8000,2694,24.000,12.0000,2.7950,yes
308_win,0.3080,vld_hunting,168.0000,vihtavuori_n140,112,44.1000,2641,24.000,12.0000,2.8000,yes
308_win,0.3080,vld_hunting,168.0000,vihtavuori_n540,117,44.9000,2700,24.000,12.0000,2.8000,yes
308_win,0.3080,vld_hunting,168.0000,vihtavuori_n150,124,44.4000,2648,24.000,12.0000,2.8000,yes
308_win,0.3080,vld_hunting,168.0000,vihtavuori_n550,129,48.6000,2723,24.000,12.0000,2.8000,yes
308_win,0.3080,a_max,168.0000,vihtavuori_n150,124,42.7000,2579,24.000,12.0000,2.7950,yes
308_win,0.3080,a_max,168.0000,vihtavuori_n550,129,45.5000,2651,24.000,12.0000,2.7950,yes
308_win,0.3080,eld_match,168.0000,vihtavuori_n550,129,45.7000,2703,24.000,12.0000,2.7950,yes
308_win,0.3080,custom_competition,168.0000,vihtavuori_n140,112,43.5000,2625,24.000,12.0000,2.7990,yes
308_win,0.3080,custom_competition,168.0000,vihtavuori_n550,129,46.6000,2700,24.000,12.0000,2.7990,yes
308_win,0.3080,expansion_tip,168.0000,vihtavuori_n135,102,40.9000,2539,24.000,12.0000,2.7480,yes
308_win,0.3080,expansion_tip,168.0000,vihtavuori_n140,112,43.5000,2582,24.000,12.0000,2.7480,yes
308_win,0.3080,expansion_tip,168.0000,vihtavuori_n540,117,45.7000,2651,24.000,12.0000,2.7480,yes
308_win,0.3080,expansion_tip,168.0000,vihtavuori_n150,124,44.3000,2602,24.000,12.0000,2.7480,yes
308_win,0.3080,expansion_tip,168.0000,vihtavuori_n550,129,48.5000,2684,24.000,12.0000,2.7480,yes
308_win,0.3080,target_match,168.0000,vihtavuori_n550,129,47.2000,2717,24.000,12.0000,2.7950,yes
308_win,0.3080,naturalis_lr,170.0000,vihtavuori_n550,129,48.3000,2733,24.000,12.0000,2.7950,yes
308_win,0.3080,eld_vt,174.0000,vihtavuori_n133,89,38.7000,2490,24.000,12.0000,2.8000,yes
308_win,0.3080,eld_vt,174.0000,vihtavuori_n135,102,40.3000,2533,24.000,12.0000,2.8000,yes
308_win,0.3080,eld_vt,174.0000,vihtavuori_n140,112,43.4000,2589,24.000,12.0000,2.8000,yes
308_win,0.3080,eld_vt,174.0000,vihtavuori_n540,117,43.2000,2648,24.000,12.0000,2.8000,yes
308_win,0.3080,eld_vt,174.0000,vihtavuori_n150,124,43.5000,2579,24.000,12.0000,2.8000,yes
308_win,0.3080,eld_vt,174.0000,vihtavuori_n550,129,47.7000,2687,24.000,12.0000,2.8000,yes
308_win,0.3080,lrx_bt,175.0000,vihtavuori_n135,102,40.1000,2474,24.000,12.0000,2.7950,yes
308_win,0.3080,lrx_bt,175.0000,vihtavuori_n140,112,43.2000,2526,24.000,12.0000,2.7950,yes
308_win,0.3080,lrx_bt,175.0000,vihtavuori_n540,117,45.2000,2605,24.000,12.0000,2.7950,yes
308_win,0.3080,lrx_bt,175.0000,vihtavuori_n150,124,43.7000,2539,24.000,12.0000,2.7950,yes
308_win,0.3080,lrx_bt,175.0000,vihtavuori_n550,129,47.7000,2631,24.000,12.0000,2.7950,yes
308_win,0.3080,long_range_bt_target,175.0000,vihtavuori_n550,129,48.3000,2667,24.000,12.0000,2.8000,yes
308_win,0.3080,vld_hunting,175.0000,vihtavuori_n150,124,44.1000,2582,24.000,12.0000,2.8000,yes
308_win,0.3080,vld_hunting,175.0000,vihtavuori_n550,129,48.5000,2671,24.000,12.0000,2.8000,yes
308_win,0.3080,maxrange_target_gb581,175.0000,vihtavuori_n140,112,42.9000,2598,24.000,12.0000,2.7950,yes
308_win,0.3080,maxrange_target_gb581,175.0000,vihtavuori_n150,124,42.9000,2598,24.000,12.0000,2.7950,yes
308_win,0.3080,maxrange_target_gb581,175.0000,vihtavuori_n550,129,46.5000,2674,24.000,12.0000,2.7950,yes
308_win,0.3080,a_tip_match,176.0000,vihtavuori_n140,112,43.2000,2566,24.000,12.0000,2.7950,yes
308_win,0.3080,a_tip_match,176.0000,vihtavuori_n150,124,43.5000,2598,24.000,12.0000,2.7950,yes
308_win,0.3080,a_tip_match,176.0000,vihtavuori_n550,129,47.2000,2651,24.000,12.0000,2.7950,yes
308_win,0.3080,eld_match,178.0000,vihtavuori_n550,129,47.1000,2641,24.000,12.0000,2.7950,yes
308_win,0.3080,interlock_btsp,180.0000,vihtavuori_n140,112,42.9000,2539,24.000,12.0000,2.7400,yes
308_win,0.3080,interlock_btsp,180.0000,vihtavuori_n540,117,43.5000,2585,24.000,12.0000,2.7400,yes
308_win,0.3080,interlock_btsp,180.0000,vihtavuori_n150,124,43.2000,2552,24.000,12.0000,2.7400,yes
308_win,0.3080,interlock_btsp,180.0000,vihtavuori_n550,129,47.5000,2641,24.000,12.0000,2.7400,yes
308_win,0.3080,hmk,180.0000,vihtavuori_n550,129,46.9000,2585,24.000,12.0000,2.6610,yes
308_win,0.3080,uni_classic,180.0000,vihtavuori_n550,129,46.0000,2552,24.000,12.0000,2.6460,yes
308_win,0.3080,d46,185.0000,vihtavuori_n550,129,46.8000,2697,24.000,12.0000,2.7950,yes
308_win,0.3080,eld_match,195.0000,vihtavuori_n150,124,42.0000,2431,24.000,12.0000,2.8000,yes
308_win,0.3080,eld_match,195.0000,vihtavuori_n550,129,46.8000,2552,24.000,12.0000,2.8000,yes
308_win,0.3080,elite_hunter,205.0000,vihtavuori_n140,112,39.4000,2316,24.000,12.0000,2.7950,yes
308_win,0.3080,elite_hunter,205.0000,vihtavuori_n150,124,40.4000,2323,24.000,12.0000,2.7950,yes
308_win,0.3080,elite_hunter,205.0000,vihtavuori_n550,129,44.4000,2457,24.000,12.0000,2.7950,yes
308_win,0.3080,a_max,208.0000,vihtavuori_n140,112,38.4000,2267,24.000,12.0000,2.7950,yes
308_win,0.3080,a_max,208.0000,vihtavuori_n540,117,41.2000,2395,24.000,12.0000,2.7950,yes
308_win,0.3080,a_max,208.0000,vihtavuori_n150,124,40.1000,2293,24.000,12.0000,2.7950,yes
308_win,0.3080,a_max,208.0000,vihtavuori_n550,129,43.8000,2418,24.000,12.0000,2.7950,yes
308_win,0.3080,als,57.0000,vihtavuori_n110,64,27.5000,3481,24.000,12.0000,2.6380,no
308_win,0.3080,g589_ot,100.0000,vihtavuori_n120,81,33.6000,2890,24.000,12.0000,2.6380,no
308_win,0.3080,g589_ot,100.0000,vihtavuori_n130,84,37.8000,2986,24.000,12.0000,2.6380,no
308_win,0.3080,g589_ot,100.0000,vihtavuori_n133,89,41.7000,3097,24.000,12.0000,2.6380,no
308_win,0.3080,g589_ot,100.0000,vihtavuori_n135,102,43.2000,3123,24.000,12.0000,2.6380,no
308_win,0.3080,g589_ot,100.0000,vihtavuori_n540,117,47.4000,3114,24.000,12.0000,2.6380,no
308_win,0.3080,hpce_otce,100.0000,vihtavuori_n110,64,20.4000,2333,24.000,12.0000,2.6380,no
308_win,0.3080,hpce_otce,100.0000,vihtavuori_n120,81,30.6000,2663,24.000,12.0000,2.6380,no
308_win,0.3080,hpce_otce,100.0000,vihtavuori_n130,84,33.7000,2794,24.000,12.0000,2.6380,no
308_win,0.3080,hpce_otce,100.0000,vihtavuori_n133,89,40.6000,3012,24.000,12.0000,2.6380,no
308_win,0.3080,hpce_otce,100.0000,vihtavuori_n530,100,41.4000,3002,24.000,12.0000,2.6380,no
308_win,0.3080,hpce_otce,100.0000,vihtavuori_n135,102,38.1000,2837,24.000,12.0000,2.6380,no
308_win,0.3080,tsx_fb,110.0000,vihtavuori_n130,84,38.0000,2887,24.000,12.0000,2.6970,no
308_win,0.3080,tsx_fb,110.0000,vihtavuori_n133,89,41.7000,2986,24.000,12.0000,2.6970,no
308_win,0.3080,tsx_fb,110.0000,vihtavuori_n530,100,43.5000,2995,24.000,12.0000,2.6970,no
308_win,0.3080,tsx_fb,110.0000,vihtavuori_n135,102,43.2000,2999,24.000,12.0000,2.6970,no
308_win,0.3080,classic_hunter,110.0000,vihtavuori_n133,89,37.0000,2838,24.000,12.0000,2.6970,no
308_win,0.3080,classic_hunter,110.0000,vihtavuori_n135,102,39.7000,2897,24.000,12.0000,2.6970,no
308_win,0.3080,classic_hunter,110.0000,vihtavuori_n140,112,46.3000,3035,24.000,12.0000,2.6970,no
308_win,0.3080,cx,110.0000,vihtavuori_n130,84,38.3000,2864,24.000,12.0000,2.7950,no
308_win,0.3080,cx,110.0000,vihtavuori_n133,89,42.4000,2969,24.000,12.0000,2.7950,no
308_win,0.3080,cx,110.0000,vihtavuori_n135,102,44.0000,3002,24.000,12.0000,2.7950,no
308_win,0.3080,cx,110.0000,vihtavuori_n540,117,47.1000,2999,24.000,12.0000,2.7950,no
308_win,0.3080,gmx,110.0000,vihtavuori_n130,84,37.0000,2848,24.000,12.0000,2.7950,no
308_win,0.3080,gmx,110.0000,vihtavuori_n133,89,40.6000,2897,24.000,12.0000,2.7950,no
308_win,0.3080,gmx,110.0000,vihtavuori_n530,100,41.1000,2890,24.000,12.0000,2.7950,no
308_win,0.3080,gmx,110.0000,vihtavuori_n135,102,42.3000,2930,24.000,12.0000,2.7950,no
308_win,0.3080,gmx,110.0000,vihtavuori_n540,117,45.8000,2930,24.000,12.0000,2.7950,no
308_win,0.3080,v_max,110.0000,vihtavuori_n130,84,37.2000,2871,24.000,12.0000,2.6970,no
308_win,0.3080,v_max,110.0000,vihtavuori_n133,89,40.6000,2943,24.000,12.0000,2.6970,no
308_win,0.3080,v_max,110.0000,vihtavuori_n530,100,42.1000,2969,24.000,12.0000,2.6970,no
308_win,0.3080,v_max,110.0000,vihtavuori_n135,102,42.6000,3002,24.000,12.0000,2.6970,no
308_win,0.3080,v_max,110.0000,vihtavuori_n140,112,46.0000,2992,24.000,12.0000,2.6970,no
308_win,0.3080,varmageddon,110.0000,vihtavuori_n120,81,34.9000,2848,24.000,12.0000,2.5980,no
308_win,0.3080,varmageddon,110.0000,vihtavuori_n130,84,38.6000,2920,24.000,12.0000,2.5980,no
308_win,0.3080,varmageddon,110.0000,vihtavuori_n133,89,42.4000,2995,24.000,12.0000,2.5980,no
308_win,0.3080,hp_varminter,110.0000,vihtavuori_n130,84,39.4000,2930,24.000,12.0000,2.6000,no
308_win,0.3080,hp_varminter,110.0000,vihtavuori_n133,89,42.4000,3002,24.000,12.0000,2.6000,no
308_win,0.3080,hp_varminter,110.0000,vihtavuori_n135,102,44.0000,3018,24.000,12.0000,2.6000,no
308_win,0.3080,hp_varminter,110.0000,vihtavuori_n140,112,46.3000,2946,24.000,12.0000,2.6000,no
308_win,0.3080,controlled_chaos_copper,115.0000,vihtavuori_n130,84,38.6000,2854,24.000,12.0000,2.7560,no
308_win,0.3080,controlled_chaos_copper,115.0000,vihtavuori_n133,89,41.7000,2920,24.000,12.0000,2.7560,no
308_win,0.3080,controlled_chaos_copper,115.0000,vihtavuori_n135,102,44.0000,2959,24.000,12.0000,2.7560,no
308_win,0.3080,controlled_chaos_copper,115.0000,vihtavuori_n140,112,46.9000,2946,24.000,12.0000,2.7560,no
308_win,0.3080,hp_varminter,115.0000,vihtavuori_n130,84,38.6000,2861,24.000,12.0000,2.7360,no
308_win,0.3080,hp_varminter,115.0000,vihtavuori_n133,89,41.7000,2904,24.000,12.0000,2.7360,no
308_win,0.3080,hp_varminter,115.0000,vihtavuori_n135,102,43.2000,2953,24.000,12.0000,2.7360,no
308_win,0.3080,hp_varminter,115.0000,vihtavuori_n140,112,46.3000,2953,24.000,12.0000,2.7360,no
308_win,0.3080,blade_633a,120.0000,vihtavuori_n133,89,39.5000,2720,24.000,12.0000,2.7950,no
308_win,0.3080,blade_633a,120.0000,vihtavuori_n530,100,40.9000,2762,24.000,12.0000,2.7950,no
308_win,0.3080,blade_633a,120.0000,vihtavuori_n135,102,41.7000,2769,24.000,12.0000,2.7950,no
308_win,0.3080,blade_633a,120.0000,vihtavuori_n140,112,44.8000,2792,24.000,12.0000,2.7950,no
308_win,0.3080,blade_633a,120.0000,vihtavuori_n540,117,45.5000,2825,24.000,12.0000,2.7950,no
308_win,0.3080,blade_633a,120.0000,vihtavuori_n150,124,44.8000,2785,24.000,12.0000,2.7950,no
308_win,0.3080,fmj,123.0000,vihtavuori_n120,81,32.1000,2664,24.000,12.0000,2.6340,no
308_win,0.3080,fmj,123.0000,vihtavuori_n130,84,34.9000,2566,24.000,12.0000,2.6340,no
308_win,0.3080,fmj,123.0000,vihtavuori_n133,89,40.4000,2815,24.000,12.0000,2.6340,no
308_win,0.3080,fmj,123.0000,vihtavuori_n530,100,40.0000,2789,24.000,12.0000,2.6340,no
308_win,0.3080,fmj,123.0000,vihtavuori_n135,102,42.0000,2723,24.000,12.0000,2.6340,no
308_win,0.3080,ecx,125.0000,vihtavuori_n133,89,33.2000,2579,24.000,12.0000,2.7280,no
308_win,0.3080,ecx,125.0000,vihtavuori_n135,102,34.7000,2582,24.000,12.0000,2.7280,no
308_win,0.3080,ecx,125.0000,vihtavuori_n140,112,42.4000,2740,24.000,12.0000,2.7280,no
308_win,0.3080,ecx,125.0000,vihtavuori_n540,117,43.2000,2759,24.000,12.0000,2.7280,no
308_win,0.3080,ecx,125.0000,vihtavuori_n150,124,42.7000,2753,24.000,12.0000,2.7280,no
308_win,0.3080,sst,125.0000,vihtavuori_n130,84,37.0000,2720,24.000,12.0000,2.7280,no
308_win,0.3080,sst,125.0000,vihtavuori_n133,89,40.1000,2789,24.000,12.0000,2.7280,no
308_win,0.3080,sst,125.0000,vihtavuori_n135,102,42.4000,2812,24.000,12.0000,2.7280,no
308_win,0.3080,sst,125.0000,vihtavuori_n140,112,45.5000,2828,24.000,12.0000,2.7280,no
308_win,0.3080,sst,125.0000,vihtavuori_n540,117,45.5000,2795,24.000,12.0000,2.7280,no
308_win,0.3080,controlled_chaos,125.0000,vihtavuori_n133,89,33.5000,2507,24.000,12.0000,2.7560,no
308_win,0.3080,controlled_chaos,125.0000,vihtavuori_n135,102,36.0000,2592,24.000,12.0000,2.7560,no
308_win,0.3080,controlled_chaos,125.0000,vihtavuori_n140,112,39.2000,2612,24.000,12.0000,2.7560,no
308_win,0.3080,controlled_chaos,125.0000,vihtavuori_n540,117,42.4000,2726,24.000,12.0000,2.7560,no
308_win,0.3080,controlled_chaos,125.0000,vihtavuori_n150,124,39.4000,2651,24.000,12.0000,2.7560,no
308_win,0.3080,accubond,125.0000,vihtavuori_n130,84,36.7000,2717,24.000,12.0000,2.7480,no
308_win,0.3080,accubond,125.0000,vihtavuori_n133,89,40.4000,2812,24.000,12.0000,2.7480,no
308_win,0.3080,accubond,125.0000,vihtavuori_n135,102,42.4000,2835,24.000,12.0000,2.7480,no
308_win,0.3080,accubond,125.0000,vihtavuori_n140,112,44.8000,2825,24.000,12.0000,2.7480,no
308_win,0.3080,accubond,125.0000,vihtavuori_n540,117,45.8000,2858,24.000,12.0000,2.7480,no
308_win,0.3080,ballistic_tip,125.0000,vihtavuori_n130,84,37.0000,2684,24.000,12.0000,2.7560,no
308_win,0.3080,ballistic_tip,125.0000,vihtavuori_n133,89,40.1000,2721,24.000,12.0000,2.7560,no
308_win,0.3080,ballistic_tip,125.0000,vihtavuori_n135,102,41.6000,2732,24.000,12.0000,2.7560,no
308_win,0.3080,ballistic_tip,125.0000,vihtavuori_n140,112,44.1000,2739,24.000,12.0000,2.7560,no
308_win,0.3080,tmk,125.0000,vihtavuori_n130,84,35.2000,2664,24.000,12.0000,2.7950,no
308_win,0.3080,tmk,125.0000,vihtavuori_n133,89,39.7000,2756,24.000,12.0000,2.7950,no
308_win,0.3080,tmk,125.0000,vihtavuori_n530,100,38.7000,2733,24.000,12.0000,2.7950,no
308_win,0.3080,tmk,125.0000,vihtavuori_n135,102,40.4000,2759,24.000,12.0000,2.7950,no
308_win,0.3080,tmk,125.0000,vihtavuori_n140,112,43.2000,2743,24.000,12.0000,2.7950,no
308_win,0.3080,tnt_hp,125.0000,vihtavuori_n133,89,41.2000,2851,24.000,12.0000,2.6380,no
308_win,0.3080,tnt_hp,125.0000,vihtavuori_n135,102,42.9000,2884,24.000,12.0000,2.6380,no
308_win,0.3080,tnt_hp,125.0000,vihtavuori_n140,112,44.0000,2871,24.000,12.0000,2.6380,no
308_win,0.3080,tnt_hp,125.0000,vihtavuori_n540,117,45.8000,2867,24.000,12.0000,2.6380,no
308_win,0.3080,tnt_hp,125.0000,vihtavuori_n150,124,46.3000,2917,24.000,12.0000,2.6380,no
308_win,0.3080,target_line,130.0000,vihtavuori_n135,102,40.1000,2759,24.000,12.0000,2.7990,no
308_win,0.3080,target_line,130.0000,vihtavuori_n140,112,43.8000,2795,24.000,12.0000,2.7990,no
308_win,0.3080,target_line,130.0000,vihtavuori_n540,117,44.0000,2815,24.000,12.0000,2.7990,no
308_win,0.3080,blade_636a,130.0000,vihtavuori_n133,89,38.9000,2680,24.000,12.0000,2.8000,no
308_win,0.3080,blade_636a,130.0000,vihtavuori_n135,102,40.6000,2717,24.000,12.0000,2.8000,no
308_win,0.3080,blade_636a,130.0000,vihtavuori_n140,112,43.8000,2733,24.000,12.0000,2.8000,no
308_win,0.3080,tsx_bt,130.0000,vihtavuori_n130,84,35.3000,2615,24.000,12.0000,2.7830,no
308_win,0.3080,tsx_bt,130.0000,vihtavuori_n133,89,38.6000,2697,24.000,12.0000,2.7830,no
308_win,0.3080,tsx_bt,130.0000,vihtavuori_n530,100,40.4000,2723,24.000,12.0000,2.7830,no
308_win,0.3080,tsx_bt,130.0000,vihtavuori_n135,102,40.1000,2720,24.000,12.0000,2.7830,no
308_win,0.3080,tsx_bt,130.0000,vihtavuori_n140,112,43.4000,2740,24.000,12.0000,2.7830,no
308_win,0.3080,hp_varminter,135.0000,vihtavuori_n130,84,34.7000,2572,24.000,12.0000,2.6500,no
308_win,0.3080,hp_varminter,135.0000,vihtavuori_n133,89,40.4000,2717,24.000,12.0000,2.6500,no
308_win,0.3080,hp_varminter,135.0000,vihtavuori_n135,102,42.0000,2746,24.000,12.0000,2.6500,no
308_win,0.3080,hp_varminter,135.0000,vihtavuori_n140,112,44.8000,2772,24.000,12.0000,2.6500,no
308_win,0.3080,basic_nature,139.0000,vihtavuori_n130,84,34.0000,2356,24.000,12.0000,2.6260,no
308_win,0.3080,basic_nature,139.0000,vihtavuori_n133,89,36.0000,2405,24.000,12.0000,2.6260,no
308_win,0.3080,basic_nature,139.0000,vihtavuori_n135,102,38.6000,2490,24.000,12.0000,2.6260,no
308_win,0.3080,basic_nature,139.0000,vihtavuori_n140,112,42.4000,2536,24.000,12.0000,2.6260,no
308_win,0.3080,basic_nature,139.0000,vihtavuori_n540,117,41.7000,2592,24.000,12.0000,2.6260,no
308_win,0.3080,basic_nature,139.0000,vihtavuori_n150,124,42.4000,2556,24.000,12.0000,2.6260,no
308_win,0.3080,basic_nature,139.0000,vihtavuori_n550,129,45.8000,2589,24.000,12.0000,2.6260,no
308_win,0.3080,target_line,140.0000,vihtavuori_n135,102,38.6000,2618,24.000,12.0000,2.7990,no
308_win,0.3080,target_line,140.0000,vihtavuori_n140,112,43.2000,2703,24.000,12.0000,2.7990,no
308_win,0.3080,target_line,140.0000,vihtavuori_n540,117,43.2000,2733,24.000,12.0000,2.7990,no
308_win,0.3080,hunting_tactic,140.0000,vihtavuori_n135,102,39.4000,2664,24.000,12.0000,2.7760,no
308_win,0.3080,hunting_tactic,140.0000,vihtavuori_n140,112,41.7000,2654,24.000,12.0000,2.7760,no
308_win,0.3080,hunting_tactic,140.0000,vihtavuori_n540,117,42.0000,2677,24.000,12.0000,2.7760,no
308_win,0.3080,hunting_expandable,140.0000,vihtavuori_n135,102,35.5000,2428,24.000,12.0000,2.6970,no
308_win,0.3080,hunting_expandable,140.0000,vihtavuori_n140,112,38.7000,2457,24.000,12.0000,2.6970,no
308_win,0.3080,hunting_expandable,140.0000,vihtavuori_n540,117,41.4000,2572,24.000,12.0000,2.6970,no
308_win,0.3080,hunting_expandable,140.0000,vihtavuori_n150,124,39.4000,2480,24.000,12.0000,2.6970,no
308_win,0.3080,hunting_expandable,140.0000,vihtavuori_n550,129,44.0000,2556,24.000,12.0000,2.6970,no
308_win,0.3080,tug_nature,147.0000,vihtavuori_n133,89,34.7000,2388,24.000,12.0000,2.6180,no
308_win,0.3080,tug_nature,147.0000,vihtavuori_n135,102,35.8000,2388,24.000,12.0000,2.6180,no
308_win,0.3080,tug_nature,147.0000,vihtavuori_n140,112,39.0000,2425,24.000,12.0000,2.6180,no
308_win,0.3080,tug_nature,147.0000,vihtavuori_n540,117,40.4000,2477,24.000,12.0000,2.6180,no
308_win,0.3080,tug_nature,147.0000,vihtavuori_n150,124,40.1000,2457,24.000,12.0000,2.6180,no
308_win,0.3080,tug_nature,147.0000,vihtavuori_n550,129,43.2000,2474,24.000,12.0000,2.6180,no
308_win,0.3080,spitzer_bt_fmj,147.0000,vihtavuori_n130,84,34.3000,2484,24.000,12.0000,2.7830,no
308_win,0.3080,spitzer_bt_fmj,147.0000,vihtavuori_n133,89,37.8000,2536,24.000,12.0000,2.7830,no
308_win,0.3080,spitzer_bt_fmj,147.0000,vihtavuori_n135,102,39.8000,2575,24.000,12.0000,2.7830,no
308_win,0.3080,spitzer_bt_fmj,147.0000,vihtavuori_n140,112,42.4000,2618,24.000,12.0000,2.7830,no
308_win,0.3080,spitzer_bt_fmj,147.0000,vihtavuori_n540,117,43.5000,2661,24.000,12.0000,2.7830,no
308_win,0.3080,mpg_fb,150.0000,vihtavuori_n130,84,35.5000,2398,24.000,12.0000,2.7950,no
308_win,0.3080,mpg_fb,150.0000,vihtavuori_n133,89,35.0000,2398,24.000,12.0000,2.7950,no
308_win,0.3080,mpg_fb,150.0000,vihtavuori_n135,102,37.0000,2448,24.000,12.0000,2.7950,no
308_win,0.3080,mpg_fb,150.0000,vihtavuori_n140,112,40.9000,2503,24.000,12.0000,2.7950,no
308_win,0.3080,mpg_fb,150.0000,vihtavuori_n540,117,41.2000,2533,24.000,12.0000,2.7950,no
308_win,0.3080,mpg_fb,150.0000,vihtavuori_n150,124,41.7000,2552,24.000,12.0000,2.7950,no
308_win,0.3080,mpg_fb,150.0000,vihtavuori_n550,129,43.2000,2480,24.000,12.0000,2.7950,no
308_win,0.3080,ttsx_bt,150.0000,vihtavuori_n135,102,35.2000,2379,24.000,12.0000,2.7950,no
308_win,0.3080,ttsx_bt,150.0000,vihtavuori_n140,112,39.2000,2474,24.000,12.0000,2.7950,no
308_win,0.3080,ttsx_bt,150.0000,vihtavuori_n540,117,39.7000,2497,24.000,12.0000,2.7950,no
308_win,0.3080,ttsx_bt,150.0000,vihtavuori_n150,124,40.1000,2507,24.000,12.0000,2.7950,no
308_win,0.3080,ttsx_bt,150.0000,vihtavuori_n550,129,42.9000,2484,24.000,12.0000,2.7950,no
308_win,0.3080,classic_hunter,150.0000,vihtavuori_n530,100,35.5000,2454,24.000,12.0000,2.6380,no
308_win,0.3080,classic_hunter,150.0000,vihtavuori_n135,102,34.0000,2398,24.000,12.0000,2.6380,no
308_win,0.3080,classic_hunter,150.0000,vihtavuori_n140,112,39.8000,2480,24.000,12.0000,2.6380,no
308_win,0.3080,classic_hunter,150.0000,vihtavuori_n540,117,41.7000,2552,24.000,12.0000,2.6380,no
308_win,0.3080,classic_hunter,150.0000,vihtavuori_n150,124,40.1000,2513,24.000,12.0000,2.6380,no
308_win,0.3080,classic_hunter,150.0000,vihtavuori_n550,129,44.0000,2539,24.000,12.0000,2.6380,no
308_win,0.3080,target,150.0000,vihtavuori_n130,84,34.0000,2408,24.000,12.0000,2.6970,no
308_win,0.3080,target,150.0000,vihtavuori_n133,89,35.5000,2431,24.000,12.0000,2.6970,no
308_win,0.3080,target,150.0000,vihtavuori_n135,102,37.0000,2484,24.000,12.0000,2.6970,no
308_win,0.3080,target,150.0000,vihtavuori_n140,112,41.7000,2556,24.000,12.0000,2.6970,no
308_win,0.3080,target,150.0000,vihtavuori_n150,124,42.6000,2592,24.000,12.0000,2.6970,no
308_win,0.3080,cx,150.0000,vihtavuori_n135,102,34.1000,2320,24.000,12.0000,2.7990,no
308_win,0.3080,cx,150.0000,vihtavuori_n140,112,39.5000,2451,24.000,12.0000,2.7990,no
308_win,0.3080,cx,150.0000,vihtavuori_n540,117,39.4000,2480,24.000,12.0000,2.7990,no
308_win,0.3080,cx,150.0000,vihtavuori_n150,124,38.6000,2454,24.000,12.0000,2.7990,no
308_win,0.3080,cx,150.0000,vihtavuori_n550,129,42.4000,2503,24.000,12.0000,2.7990,no
308_win,0.3080,fmj_bt,150.0000,vihtavuori_n130,84,36.3000,2523,24.000,12.0000,2.7950,no
308_win,0.3080,fmj_bt,150.0000,vihtavuori_n133,89,40.1000,2612,24.000,12.0000,2.7950,no
308_win,0.3080,fmj_bt,150.0000,vihtavuori_n135,102,41.7000,2621,24.000,12.0000,2.7950,no
308_win,0.3080,fmj_bt,150.0000,vihtavuori_n140,112,44.0000,2648,24.000,12.0000,2.7950,no
308_win,0.3080,fmj_bt,150.0000,vihtavuori_n540,117,44.0000,2641,24.000,12.0000,2.7950,no
308_win,0.3080,fmj_bt,150.0000,vihtavuori_n150,124,44.8000,2651,24.000,12.0000,2.7950,no
308_win,0.3080,fmj_bt,150.0000,vihtavuori_n550,129,47.8000,2674,24.000,12.0000,2.7950,no
308_win,0.3080,gmx,150.0000,vihtavuori_n135,102,36.3000,2359,24.000,12.0000,2.7950,no
308_win,0.3080,gmx,150.0000,vihtavuori_n140,112,39.0000,2411,24.000,12.0000,2.7950,no
308_win,0.3080,gmx,150.0000,vihtavuori_n540,117,40.1000,2441,24.000,12.0000,2.7950,no
308_win,0.3080,gmx,150.0000,vihtavuori_n150,124,39.4000,2415,24.000,12.0000,2.7950,no
308_win,0.3080,interlock_btsp,150.0000,vihtavuori_n130,84,35.5000,2513,24.000,12.0000,2.7400,no
308_win,0.3080,interlock_btsp,150.0000,vihtavuori_n133,89,38.7000,2566,24.000,12.0000,2.7400,no
308_win,0.3080,interlock_btsp,150.0000,vihtavuori_n135,102,39.4000,2552,24.000,12.0000,2.7400,no
308_win,0.3080,interlock_btsp,150.0000,vihtavuori_n140,112,41.7000,2575,24.000,12.0000,2.7400,no
308_win,0.3080,interlock_btsp,150.0000,vihtavuori_n540,117,43.5000,2641,24.000,12.0000,2.7400,no
308_win,0.3080,interlock_btsp,150.0000,vihtavuori_n150,124,43.2000,2628,24.000,12.0000,2.7400,no
308_win,0.3080,interlock_btsp,150.0000,vihtavuori_n550,129,47.1000,2667,24.000,12.0000,2.7400,no
308_win,0.3080,sst,150.0000,vihtavuori_n133,89,37.0000,2500,24.000,12.0000,2.7320,no
308_win,0.3080,sst,150.0000,vihtavuori_n530,100,38.0000,2533,24.000,12.0000,2.7320,no
308_win,0.3080,sst,150.0000,vihtavuori_n135,102,39.0000,2539,24.000,12.0000,2.7320,no
308_win,0.3080,sst,150.0000,vihtavuori_n140,112,40.9000,2516,24.000,12.0000,2.7320,no
308_win,0.3080,sst,150.0000,vihtavuori_n540,117,41.8000,2585,24.000,12.0000,2.7320,no
308_win,0.3080,sst,150.0000,vihtavuori_n150,124,41.7000,2552,24.000,12.0000,2.7320,no
308_win,0.3080,lockbase,150.0000,vihtavuori_n530,100,37.8000,2605,24.000,12.0000,2.7560,no
308_win,0.3080,lockbase,150.0000,vihtavuori_n135,102,39.5000,2657,24.000,12.0000,2.7560,no
308_win,0.3080,lockbase,150.0000,vihtavuori_n140,112,42.4000,2625,24.000,12.0000,2.7560,no
308_win,0.3080,lockbase,150.0000,vihtavuori_n540,117,42.9000,2648,24.000,12.0000,2.7560,no
308_win,0.3080,lockbase,150.0000,vihtavuori_n150,124,43.2000,2635,24.000,12.0000,2.7560,no
308_win,0.3080,mega_e469,150.0000,vihtavuori_n135,102,36.3000,2451,24.000,12.0000,2.5670,no
308_win,0.3080,mega_e469,150.0000,vihtavuori_n140,112,36.3000,2346,24.000,12.0000,2.5670,no
308_win,0.3080,mega_e469,150.0000,vihtavuori_n540,117,40.7000,2382,24.000,12.0000,2.5670,no
308_win,0.3080,trx,150.0000,vihtavuori_n133,89,34.7000,2425,24.000,12.0000,2.7760,no
308_win,0.3080,trx,150.0000,vihtavuori_n135,102,36.1000,2474,24.000,12.0000,2.7760,no
308_win,0.3080,trx,150.0000,vihtavuori_n140,112,42.4000,2589,24.000,12.0000,2.7760,no
308_win,0.3080,trx,150.0000,vihtavuori_n540,117,41.7000,2602,24.000,12.0000,2.7760,no
308_win,0.3080,trx,150.0000,vihtavuori_n150,124,41.7000,2585,24.000,12.0000,2.7760,no
308_win,0.3080,trx,150.0000,vihtavuori_n550,129,44.8000,2595,24.000,12.0000,2.7760,no
308_win,0.3080,tactic,150.0000,vihtavuori_n530,100,36.7000,2536,24.000,12.0000,2.7800,no
308_win,0.3080,tactic,150.0000,vihtavuori_n135,102,38.0000,2566,24.000,12.0000,2.7800,no
308_win,0.3080,tactic,150.0000,vihtavuori_n140,112,40.7000,2559,24.000,12.0000,2.7800,no
308_win,0.3080,tactic,150.0000,vihtavuori_n540,117,41.2000,2589,24.000,12.0000,2.7800,no
308_win,0.3080,fmj,150.0000,vihtavuori_n130,84,31.2000,2362,24.000,12.0000,2.6930,no
308_win,0.3080,fmj,150.0000,vihtavuori_n133,89,35.8000,2484,24.000,12.0000,2.6930,no
308_win,0.3080,fmj,150.0000,vihtavuori_n530,100,37.0000,2503,24.000,12.0000,2.6930,no
308_win,0.3080,fmj,150.0000,vihtavuori_n135,102,37.8000,2539,24.000,12.0000,2.6930,no
308_win,0.3080,fmj,150.0000,vihtavuori_n140,112,40.6000,2562,24.000,12.0000,2.6930,no
308_win,0.3080,accubond,150.0000,vihtavuori_n133,89,36.7000,2503,24.000,12.0000,2.7950,no
308_win,0.3080,accubond,150.0000,vihtavuori_n135,102,39.0000,2520,24.000,12.0000,2.7950,no
308_win,0.3080,accubond,150.0000,vihtavuori_n140,112,42.3000,2569,24.000,12.0000,2.7950,no
308_win,0.3080,accubond,150.0000,vihtavuori_n540,117,43.2000,2618,24.000,12.0000,2.7950,no
308_win,0.3080,accubond,150.0000,vihtavuori_n150,124,42.6000,2618,24.000,12.0000,2.7950,no
308_win,0.3080,accubond,150.0000,vihtavuori_n550,129,45.8000,2631,24.000,12.0000,2.7950,no
308_win,0.3080,tarvas,150.0000,vihtavuori_n135,102,38.6000,2595,24.000,12.0000,2.7240,no
308_win,0.3080,tarvas,150.0000,vihtavuori_n140,112,40.9000,2582,24.000,12.0000,2.7240,no
308_win,0.3080,tarvas,150.0000,vihtavuori_n540,117,42.7000,2651,24.000,12.0000,2.7240,no
308_win,0.3080,tarvas,150.0000,vihtavuori_n150,124,42.4000,2635,24.000,12.0000,2.7240,no
308_win,0.3080,tarvas,150.0000,vihtavuori_n550,129,45.5000,2654,24.000,12.0000,2.7240,no
308_win,0.3080,blade_645a,150.0000,vihtavuori_n133,89,34.0000,2297,24.000,12.0000,2.7950,no
308_win,0.3080,blade_645a,150.0000,vihtavuori_n135,102,36.6000,2402,24.000,12.0000,2.7950,no
308_win,0.3080,blade_645a,150.0000,vihtavuori_n140,112,40.1000,2480,24.000,12.0000,2.7950,no
308_win,0.3080,blade_645a,150.0000,vihtavuori_n540,117,40.9000,2520,24.000,12.0000,2.7950,no
308_win,0.3080,blade_645a,150.0000,vihtavuori_n150,124,40.1000,2470,24.000,12.0000,2.7950,no
308_win,0.3080,blade_645a,150.0000,vihtavuori_n550,129,43.2000,2516,24.000,12.0000,2.7950,no
308_win,0.3080,hpbt,150.0000,vihtavuori_n130,84,36.0000,2510,24.000,12.0000,2.7950,no
308_win,0.3080,hpbt,150.0000,vihtavuori_n133,89,38.9000,2566,24.000,12.0000,2.7950,no
308_win,0.3080,hpbt,150.0000,vihtavuori_n135,102,40.9000,2602,24.000,12.0000,2.7950,no
308_win,0.3080,hpbt,150.0000,vihtavuori_n140,112,40.4000,2467,24.000,12.0000,2.7950,no
308_win,0.3080,hpbt,150.0000,vihtavuori_n540,117,41.8000,2487,24.000,12.0000,2.7950,no
308_win,0.3080,hpbt,150.0000,vihtavuori_n150,124,42.2000,2545,24.000,12.0000,2.7950,no
308_win,0.3080,hpbt,150.0000,vihtavuori_n550,129,44.5000,2534,24.000,12.0000,2.7950,no
308_win,0.3080,spbt,150.0000,vihtavuori_n133,89,35.0000,2391,24.000,12.0000,2.7560,no
308_win,0.3080,spbt,150.0000,vihtavuori_n135,102,39.5000,2505,24.000,12.0000,2.7560,no
308_win,0.3080,spbt,150.0000,vihtavuori_n140,112,41.8000,2516,24.000,12.0000,2.7560,no
308_win,0.3080,spbt,150.0000,vihtavuori_n150,124,43.6000,2545,24.000,12.0000,2.7560,no
308_win,0.3080,scirocco_ii,150.0000,vihtavuori_n135,102,35.2000,2448,24.000,12.0000,2.7950,no
308_win,0.3080,scirocco_ii,150.0000,vihtavuori_n140,112,38.6000,2484,24.000,12.0000,2.7950,no
308_win,0.3080,scirocco_ii,150.0000,vihtavuori_n540,117,39.4000,2533,24.000,12.0000,2.7950,no
308_win,0.3080,scirocco_ii,150.0000,vihtavuori_n150,124,39.4000,2526,24.000,12.0000,2.7950,no
308_win,0.3080,scirocco_ii,150.0000,vihtavuori_n550,129,42.4000,2503,24.000,12.0000,2.7950,no
308_win,0.3080,weldcore_pp,150.0000,vihtavuori_n135,102,37.3000,2464,24.000,12.0000,2.7950,no
308_win,0.3080,weldcore_pp,150.0000,vihtavuori_n140,112,39.0000,2444,24.000,12.0000,2.7950,no
308_win,0.3080,weldcore_pp,150.0000,vihtavuori_n540,117,40.6000,2520,24.000,12.0000,2.7950,no
308_win,0.3080,hybrid_target,155.0000,vihtavuori_n135,102,37.2000,2461,24.000,12.0000,2.7950,no
308_win,0.3080,hybrid_target,155.0000,vihtavuori_n140,112,39.8000,2474,24.000,12.0000,2.7950,no
308_win,0.3080,hybrid_target,155.0000,vihtavuori_n540,117,40.7000,2520,24.000,12.0000,2.7950,no
308_win,0.3080,hybrid_target,155.0000,vihtavuori_n150,124,40.3000,2497,24.000,12.0000,2.7950,no
308_win,0.3080,hybrid_target,155.0000,vihtavuori_n550,129,42.6000,2490,24.000,12.0000,2.7950,no
308_win,0.3080,vld_hunting,155.0000,vihtavuori_n130,84,34.3000,2425,24.000,12.0000,2.8000,no
308_win,0.3080,vld_hunting,155.0000,vihtavuori_n133,89,37.3000,2477,24.000,12.0000,2.8000,no
308_win,0.3080,vld_hunting,155.0000,vihtavuori_n135,102,38.6000,2500,24.000,12.0000,2.8000,no
308_win,0.3080,vld_hunting,155.0000,vihtavuori_n140,112,40.9000,2516,24.000,12.0000,2.8000,no
308_win,0.3080,vld_hunting,155.0000,vihtavuori_n540,117,41.7000,2562,24.000,12.0000,2.8000,no
308_win,0.3080,vld_hunting,155.0000,vihtavuori_n150,124,42.3000,2569,24.000,12.0000,2.8000,no
308_win,0.3080,vld_hunting,155.0000,vihtavuori_n550,129,44.9000,2572,24.000,12.0000,2.8000,no
308_win,0.3080,tag,155.0000,vihtavuori_n140,112,41.1000,2510,24.000,12.0000,2.7400,no
308_win,0.3080,tag,155.0000,vihtavuori_n540,117,41.5000,2546,24.000,12.0000,2.7400,no
308_win,0.3080,tag,155.0000,vihtavuori_n150,124,42.3000,2533,24.000,12.0000,2.7400,no
308_win,0.3080,bthp,155.0000,vihtavuori_n130,84,35.5000,2470,24.000,12.0000,2.7950,no
308_win,0.3080,bthp,155.0000,vihtavuori_n133,89,38.6000,2536,24.000,12.0000,2.7950,no
308_win,0.3080,bthp,155.0000,vihtavuori_n135,102,39.4000,2530,24.000,12.0000,2.7950,no
308_win,0.3080,bthp,155.0000,vihtavuori_n140,112,42.0000,2556,24.000,12.0000,2.7950,no
308_win,0.3080,bthp,155.0000,vihtavuori_n540,117,42.7000,2592,24.000,12.0000,2.7950,no
308_win,0.3080,bthp,155.0000,vihtavuori_n150,124,42.9000,2602,24.000,12.0000,2.7950,no
308_win,0.3080,bthp,155.0000,vihtavuori_n550,129,46.3000,2595,24.000,12.0000,2.7950,no
308_win,0.3080,eld_match,155.0000,vihtavuori_n133,89,37.0000,2507,24.000,12.0000,2.7990,no
308_win,0.3080,eld_match,155.0000,vihtavuori_n135,102,38.4000,2526,24.000,12.0000,2.7990,no
308_win,0.3080,eld_match,155.0000,vihtavuori_n140,112,40.3000,2543,24.000,12.0000,2.7990,no
308_win,0.3080,eld_match,155.0000,vihtavuori_n540,117,40.9000,2566,24.000,12.0000,2.7990,no
308_win,0.3080,eld_match,155.0000,vihtavuori_n150,124,41.7000,2595,24.000,12.0000,2.7990,no
308_win,0.3080,eld_match,155.0000,vihtavuori_n550,129,44.0000,2585,24.000,12.0000,2.7990,no
308_win,0.3080,scenar_l,155.0000,vihtavuori_n530,100,34.6000,2385,24.000,12.0000,2.7950,no
308_win,0.3080,scenar_l,155.0000,vihtavuori_n135,102,34.4000,2254,24.000,12.0000,2.7950,no
308_win,0.3080,scenar_l,155.0000,vihtavuori_n140,112,36.7000,2251,24.000,12.0000,2.7950,no
308_win,0.3080,scenar_l,155.0000,vihtavuori_n540,117,40.6000,2562,24.000,12.0000,2.7950,no
308_win,0.3080,scenar_l,155.0000,vihtavuori_n150,124,39.0000,2359,24.000,12.0000,2.7950,no
308_win,0.3080,scenar_l,155.0000,vihtavuori_n550,129,44.4000,2605,24.000,12.0000,2.7950,no
308_win,0.3080,hunting,155.0000,vihtavuori_n140,112,40.4000,2513,24.000,12.0000,2.7520,no
308_win,0.3080,hunting,155.0000,vihtavuori_n540,117,41.1000,2556,24.000,12.0000,2.7520,no
308_win,0.3080,hunting,155.0000,vihtavuori_n150,124,41.4000,2546,24.000,12.0000,2.7520,no
308_win,0.3080,custom_competition,155.0000,vihtavuori_n133,89,37.3000,2503,24.000,12.0000,2.7950,no
308_win,0.3080,custom_competition,155.0000,vihtavuori_n135,102,38.9000,2546,24.000,12.0000,2.7950,no
308_win,0.3080,custom_competition,155.0000,vihtavuori_n140,112,41.7000,2575,24.000,12.0000,2.7950,no
308_win,0.3080,custom_competition,155.0000,vihtavuori_n540,117,42.1000,2598,24.000,12.0000,2.7950,no
308_win,0.3080,custom_competition,155.0000,vihtavuori_n150,124,41.7000,2559,24.000,12.0000,2.7950,no
308_win,0.3080,hpbt,155.0000,vihtavuori_n135,102,35.1000,2337,24.000,12.0000,2.7950,no
308_win,0.3080,hpbt,155.0000,vihtavuori_n140,112,37.0000,2354,24.000,12.0000,2.7950,no
308_win,0.3080,hpbt,155.0000,vihtavuori_n540,117,37.9000,2337,24.000,12.0000,2.7950,no
308_win,0.3080,hpbt,155.0000,vihtavuori_n150,124,40.6000,2466,24.000,12.0000,2.7950,no
308_win,0.3080,hpbt,155.0000,vihtavuori_n550,129,42.5000,2479,24.000,12.0000,2.7950,no
308_win,0.3080,tmk,155.0000,vihtavuori_n135,102,37.3000,2470,24.000,12.0000,2.7950,no
308_win,0.3080,tmk,155.0000,vihtavuori_n140,112,39.8000,2464,24.000,12.0000,2.7950,no
308_win,0.3080,tmk,155.0000,vihtavuori_n540,117,40.4000,2513,24.000,12.0000,2.7950,no
308_win,0.3080,tmk,155.0000,vihtavuori_n150,124,40.6000,2497,24.000,12.0000,2.7950,no
308_win,0.3080,tmk,155.0000,vihtavuori_n550,129,42.9000,2510,24.000,12.0000,2.7950,no
308_win,0.3080,fullbore_target,155.5000,vihtavuori_n130,84,34.9000,2441,24.000,12.0000,2.8000,no
308_win,0.3080,fullbore_target,155.5000,vihtavuori_n133,89,38.1000,2507,24.000,12.0000,2.8000,no
308_win,0.3080,fullbore_target,155.5000,vihtavuori_n135,102,39.7000,2526,24.000,12.0000,2.8000,no
308_win,0.3080,fullbore_target,155.5000,vihtavuori_n140,112,42.0000,2569,24.000,12.0000,2.8000,no
308_win,0.3080,fullbore_target,155.5000,vihtavuori_n540,117,42.7000,2615,24.000,12.0000,2.8000,no
308_win,0.3080,fullbore_target,155.5000,vihtavuori_n150,124,43.2000,2605,24.000,12.0000,2.8000,no
308_win,0.3080,fullbore_target,155.5000,vihtavuori_n550,129,46.3000,2618,24.000,12.0000,2.8000,no
308_win,0.3080,blade_656a,162.0000,vihtavuori_n140,112,36.3000,2297,24.000,12.0000,2.7950,no
308_win,0.3080,blade_656a,162.0000,vihtavuori_n540,117,37.8000,2352,24.000,12.0000,2.7950,no
308_win,0.3080,blade_656a,162.0000,vihtavuori_n150,124,37.0000,2277,24.000,12.0000,2.7950,no
308_win,0.3080,blade_656a,162.0000,vihtavuori_n550,129,41.7000,2392,24.000,12.0000,2.7950,no
308_win,0.3080,tsx,165.0000,vihtavuori_n140,112,37.8000,2303,24.000,12.0000,2.7950,no
308_win,0.3080,tsx,165.0000,vihtavuori_n150,124,38.9000,2346,24.000,12.0000,2.7950,no
308_win,0.3080,tsx,165.0000,vihtavuori_n550,129,41.8000,2382,24.000,12.0000,2.7950,no
308_win,0.3080,ttsx_bt,165.0000,vihtavuori_n135,102,34.4000,2254,24.000,12.0000,2.7990,no
308_win,0.3080,ttsx_bt,165.0000,vihtavuori_n140,112,40.1000,2382,24.000,12.0000,2.7990,no
308_win,0.3080,ttsx_bt,165.0000,vihtavuori_n540,117,40.1000,2431,24.000,12.0000,2.7990,no
308_win,0.3080,ttsx_bt,165.0000,vihtavuori_n150,124,40.1000,2411,24.000,12.0000,2.7990,no
308_win,0.3080,ttsx_bt,165.0000,vihtavuori_n550,129,44.0000,2470,24.000,12.0000,2.7990,no
308_win,0.3080,tog,165.0000,vihtavuori_n135,102,31.0000,2011,24.000,12.0000,2.6970,no
308_win,0.3080,tog,165.0000,vihtavuori_n140,112,38.4000,2392,24.000,12.0000,2.6970,no
308_win,0.3080,tog,165.0000,vihtavuori_n540,117,39.0000,2415,24.000,12.0000,2.6970,no
308_win,0.3080,tog,165.0000,vihtavuori_n150,124,38.7000,2359,24.000,12.0000,2.6970,no
308_win,0.3080,mth,165.0000,vihtavuori_n140,112,38.3000,2352,24.000,12.0000,2.7950,no
308_win,0.3080,mth,165.0000,vihtavuori_n540,117,39.5000,2421,24.000,12.0000,2.7950,no
308_win,0.3080,mth,165.0000,vihtavuori_n150,124,38.9000,2372,24.000,12.0000,2.7950,no
308_win,0.3080,mth,165.0000,vihtavuori_n550,129,42.1000,2431,24.000,12.0000,2.7950,no
308_win,0.3080,target,165.0000,vihtavuori_n140,112,40.1000,2398,24.000,12.0000,2.6970,no
308_win,0.3080,target,165.0000,vihtavuori_n540,117,41.7000,2487,24.000,12.0000,2.6970,no
308_win,0.3080,target,165.0000,vihtavuori_n150,124,40.6000,2421,24.000,12.0000,2.6970,no
308_win,0.3080,cx,165.0000,vihtavuori_n135,102,33.2000,2205,24.000,12.0000,2.7990,no
308_win,0.3080,cx,165.0000,vihtavuori_n140,112,38.6000,2306,24.000,12.0000,2.7990,no
308_win,0.3080,cx,165.0000,vihtavuori_n540,117,38.6000,2329,24.000,12.0000,2.7990,no
308_win,0.3080,cx,165.0000,vihtavuori_n150,124,37.8000,2313,24.000,12.0000,2.7990,no
308_win,0.3080,cx,165.0000,vihtavuori_n550,129,42.4000,2392,24.000,12.0000,2.7990,no
308_win,0.3080,ecx,165.0000,vihtavuori_n135,102,33.0000,2136,24.000,12.0000,2.7950,no
308_win,0.3080,ecx,165.0000,vihtavuori_n140,112,37.0000,2251,24.000,12.0000,2.7950,no
308_win,0.3080,ecx,165.0000,vihtavuori_n540,117,39.4000,2346,24.000,12.0000,2.7950,no
308_win,0.3080,ecx,165.0000,vihtavuori_n150,124,37.0000,2267,24.000,12.0000,2.7950,no
308_win,0.3080,ecx,165.0000,vihtavuori_n550,129,42.1000,2375,24.000,12.0000,2.7950,no
308_win,0.3080,gmx,165.0000,vihtavuori_n140,112,38.0000,2238,24.000,12.0000,2.7950,no
308_win,0.3080,gmx,165.0000,vihtavuori_n540,117,37.2000,2247,24.000,12.0000,2.7950,no
308_win,0.3080,gmx,165.0000,vihtavuori_n150,124,37.3000,2234,24.000,12.0000,2.7950,no
308_win,0.3080,gmx,165.0000,vihtavuori_n550,129,40.3000,2293,24.000,12.0000,2.7950,no
308_win,0.3080,interlock_btsp,165.0000,vihtavuori_n130,84,34.0000,2349,24.000,12.0000,2.7400,no
308_win,0.3080,interlock_btsp,165.0000,vihtavuori_n133,89,36.3000,2385,24.000,12.0000,2.7400,no
308_win,0.3080,interlock_btsp,165.0000,vihtavuori_n135,102,37.8000,2428,24.000,12.0000,2.7400,no
308_win,0.3080,interlock_btsp,165.0000,vihtavuori_n140,112,40.9000,2470,24.000,12.0000,2.7400,no
308_win,0.3080,interlock_btsp,165.0000,vihtavuori_n540,117,40.9000,2490,24.000,12.0000,2.7400,no
308_win,0.3080,interlock_btsp,165.0000,vihtavuori_n150,124,41.4000,2493,24.000,12.0000,2.7400,no
308_win,0.3080,interlock_btsp,165.0000,vihtavuori_n550,129,45.1000,2552,24.000,12.0000,2.7400,no
308_win,0.3080,sst,165.0000,vihtavuori_n130,84,32.4000,2293,24.000,12.0000,2.7760,no
308_win,0.3080,sst,165.0000,vihtavuori_n133,89,34.3000,2300,24.000,12.0000,2.7760,no
308_win,0.3080,sst,165.0000,vihtavuori_n135,102,36.0000,2343,24.000,12.0000,2.7760,no
308_win,0.3080,sst,165.0000,vihtavuori_n140,112,38.9000,2398,24.000,12.0000,2.7760,no
308_win,0.3080,sst,165.0000,vihtavuori_n540,117,40.1000,2467,24.000,12.0000,2.7760,no
308_win,0.3080,sst,165.0000,vihtavuori_n150,124,39.2000,2421,24.000,12.0000,2.7760,no
308_win,0.3080,sst,165.0000,vihtavuori_n550,129,42.0000,2451,24.000,12.0000,2.7760,no
308_win,0.3080,trx,165.0000,vihtavuori_n135,102,36.6000,2382,24.000,12.0000,2.7990,no
308_win,0.3080,trx,165.0000,vihtavuori_n140,112,40.1000,2434,24.000,12.0000,2.7990,no
308_win,0.3080,trx,165.0000,vihtavuori_n540,117,40.1000,2448,24.000,12.0000,2.7990,no
308_win,0.3080,trx,165.0000,vihtavuori_n150,124,40.1000,2454,24.000,12.0000,2.7990,no
308_win,0.3080,trx,165.0000,vihtavuori_n550,129,44.0000,2480,24.000,12.0000,2.7990,no
308_win,0.3080,solid_brass_tactic,165.0000,vihtavuori_n130,84,33.2000,2375,24.000,12.0000,2.7950,no
308_win,0.3080,solid_brass_tactic,165.0000,vihtavuori_n133,89,36.3000,2434,24.000,12.0000,2.7950,no
308_win,0.3080,solid_brass_tactic,165.0000,vihtavuori_n135,102,38.6000,2467,24.000,12.0000,2.7950,no
308_win,0.3080,solid_brass_tactic,165.0000,vihtavuori_n140,112,41.1000,2493,24.000,12.0000,2.7950,no
308_win,0.3080,solid_brass_tactic,165.0000,vihtavuori_n540,117,42.4000,2556,24.000,12.0000,2.7950,no
308_win,0.3080,solid_brass_tactic,165.0000,vihtavuori_n150,124,42.1000,2539,24.000,12.0000,2.7950,no
308_win,0.3080,tarvas,165.0000,vihtavuori_n140,112,40.1000,2490,24.000,12.0000,2.7240,no
308_win,0.3080,tarvas,165.0000,vihtavuori_n540,117,40.9000,2484,24.000,12.0000,2.7240,no
308_win,0.3080,tarvas,165.0000,vihtavuori_n150,124,40.9000,2477,24.000,12.0000,2.7240,no
308_win,0.3080,tarvas,165.0000,vihtavuori_n550,129,43.7000,2516,24.000,12.0000,2.7240,no
308_win,0.3080,solid_shank,165.0000,vihtavuori_n140,112,39.5000,2415,24.000,12.0000,2.6570,no
308_win,0.3080,solid_shank,165.0000,vihtavuori_n540,117,40.1000,2425,24.000,12.0000,2.6570,no
308_win,0.3080,solid_shank,165.0000,vihtavuori_n150,124,41.5000,2487,24.000,12.0000,2.6570,no
308_win,0.3080,solid_shank,165.0000,vihtavuori_n550,129,44.1000,2444,24.000,12.0000,2.6570,no
308_win,0.3080,sbt,165.0000,vihtavuori_n135,102,36.7000,2382,24.000,12.0000,2.7520,no
308_win,0.3080,sbt,165.0000,vihtavuori_n140,112,39.4000,2434,24.000,12.0000,2.7520,no
308_win,0.3080,sbt,165.0000,vihtavuori_n540,117,40.6000,2474,24.000,12.0000,2.7520,no
308_win,0.3080,sbt,165.0000,vihtavuori_n150,124,40.4000,2438,24.000,12.0000,2.7520,no
308_win,0.3080,sbt,165.0000,vihtavuori_n550,129,43.2000,2497,24.000,12.0000,2.7520,no
308_win,0.3080,spbt,165.0000,vihtavuori_n133,89,36.8000,2345,24.000,12.0000,2.7950,no
308_win,0.3080,spbt,165.0000,vihtavuori_n135,102,38.3000,2376,24.000,12.0000,2.7950,no
308_win,0.3080,spbt,165.0000,vihtavuori_n140,112,40.1000,2390,24.000,12.0000,2.7950,no
308_win,0.3080,spbt,165.0000,vihtavuori_n150,124,41.0000,2411,24.000,12.0000,2.7950,no
308_win,0.3080,spbt,165.0000,vihtavuori_n550,129,44.1000,2495,24.000,12.0000,2.7950,no
308_win,0.3080,scirocco_ii,165.0000,vihtavuori_n140,112,36.9000,2346,24.000,12.0000,2.7950,no
308_win,0.3080,scirocco_ii,165.0000,vihtavuori_n540,117,37.7000,2349,24.000,12.0000,2.7950,no
308_win,0.3080,scirocco_ii,165.0000,vihtavuori_n150,124,38.1000,2372,24.000,12.0000,2.7950,no
308_win,0.3080,scirocco_ii,165.0000,vihtavuori_n550,129,41.4000,2375,24.000,12.0000,2.7950,no
308_win,0.3080,exhbt,166.0000,vihtavuori_n135,102,34.0000,2228,24.000,12.0000,2.6570,no
308_win,0.3080,exhbt,166.0000,vihtavuori_n140,112,37.0000,2247,24.000,12.0000,2.6570,no
308_win,0.3080,exhbt,166.0000,vihtavuori_n540,117,38.6000,2320,24.000,12.0000,2.6570,no
308_win,0.3080,exhbt,166.0000,vihtavuori_n150,124,37.0000,2267,24.000,12.0000,2.6570,no
308_win,0.3080,exhbt,166.0000,vihtavuori_n550,129,41.1000,2339,24.000,12.0000,2.6570,no
308_win,0.3080,scenar,167.0000,vihtavuori_n135,102,36.7000,2425,24.000,12.0000,2.7950,no
308_win,0.3080,scenar,167.0000,vihtavuori_n140,112,40.0000,2356,24.000,12.0000,2.7950,no
308_win,0.3080,scenar,167.0000,vihtavuori_n540,117,39.8000,2405,24.000,12.0000,2.7950,no
308_win,0.3080,scenar,167.0000,vihtavuori_n150,124,41.8000,2451,24.000,12.0000,2.7950,no
308_win,0.3080,scenar,167.0000,vihtavuori_n550,129,44.4000,2503,24.000,12.0000,2.7950,no
308_win,0.3080,tsx,168.0000,vihtavuori_n140,112,40.0000,2425,24.000,12.0000,2.7950,no
308_win,0.3080,tsx,168.0000,vihtavuori_n540,117,41.4000,2448,24.000,12.0000,2.7950,no
308_win,0.3080,tsx,168.0000,vihtavuori_n150,124,40.6000,2428,24.000,12.0000,2.7950,no
308_win,0.3080,ttsx_bt,168.0000,vihtavuori_n133,89,35.2000,2264,24.000,12.0000,2.7360,no
308_win,0.3080,ttsx_bt,168.0000,vihtavuori_n135,102,37.3000,2320,24.000,12.0000,2.7360,no
308_win,0.3080,ttsx_bt,168.0000,vihtavuori_n140,112,40.0000,2356,24.000,12.0000,2.7360,no
308_win,0.3080,ttsx_bt,168.0000,vihtavuori_n540,117,41.7000,2411,24.000,12.0000,2.7360,no
308_win,0.3080,ttsx_bt,168.0000,vihtavuori_n150,124,40.9000,2392,24.000,12.0000,2.7360,no
308_win,0.3080,ttsx_bt,168.0000,vihtavuori_n550,129,44.0000,2428,24.000,12.0000,2.7360,no
308_win,0.3080,classic_hunter,168.0000,vihtavuori_n133,89,36.3000,2385,24.000,12.0000,2.7950,no
308_win,0.3080,classic_hunter,168.0000,vihtavuori_n135,102,38.1000,2385,24.000,12.0000,2.7950,no
308_win,0.3080,classic_hunter,168.0000,vihtavuori_n140,112,40.6000,2441,24.000,12.0000,2.7950,no
308_win,0.3080,classic_hunter,168.0000,vihtavuori_n540,117,40.9000,2470,24.000,12.0000,2.7950,no
308_win,0.3080,classic_hunter,168.0000,vihtavuori_n150,124,40.3000,2448,24.000,12.0000,2.7950,no
308_win,0.3080,classic_hunter,168.0000,vihtavuori_n550,129,42.9000,2474,24.000,12.0000,2.7950,no
308_win,0.3080,hybrid_target,168.0000,vihtavuori_n140,112,38.6000,2346,24.000,12.0000,2.7950,no
308_win,0.3080,hybrid_target,168.0000,vihtavuori_n540,117,39.8000,2415,24.000,12.0000,2.7950,no
308_win,0.3080,hybrid_target,168.0000,vihtavuori_n150,124,39.5000,2398,24.000,12.0000,2.7950,no
308_win,0.3080,hybrid_target,168.0000,vihtavuori_n550,129,42.1000,2425,24.000,12.0000,2.7950,no
308_win,0.3080,vld_hunting,168.0000,vihtavuori_n130,84,33.2000,2293,24.000,12.0000,2.8000,no
308_win,0.3080,vld_hunting,168.0000,vihtavuori_n133,89,36.3000,2365,24.000,12.0000,2.8000,no
308_win,0.3080,vld_hunting,168.0000,vihtavuori_n135,102,37.8000,2385,24.000,12.0000,2.8000,no
308_win,0.3080,vld_hunting,168.0000,vihtavuori_n140,112,40.3000,2425,24.000,12.0000,2.8000,no
308_win,0.3080,vld_hunting,168.0000,vihtavuori_n540,117,40.9000,2470,24.000,12.0000,2.8000,no
308_win,0.3080,vld_hunting,168.0000,vihtavuori_n150,124,40.9000,2444,24.000,12.0000,2.8000,no
308_win,0.3080,vld_hunting,168.0000,vihtavuori_n550,129,44.0000,2477,24.000,12.0000,2.8000,no
308_win,0.3080,mtac,168.0000,vihtavuori_n135,102,35.5000,2326,24.000,12.0000,2.7950,no
308_win,0.3080,mtac,168.0000,vihtavuori_n140,112,37.8000,2346,24.000,12.0000,2.7950,no
308_win,0.3080,mtac,168.0000,vihtavuori_n540,117,39.0000,2392,24.000,12.0000,2.7950,no
308_win,0.3080,mtac,168.0000,vihtavuori_n150,124,38.1000,2346,24.000,12.0000,2.7950,no
308_win,0.3080,mtac,168.0000,vihtavuori_n550,129,41.8000,2408,24.000,12.0000,2.7950,no
308_win,0.3080,a_max,168.0000,vihtavuori_n133,89,34.7000,2297,24.000,12.0000,2.7950,no
308_win,0.3080,a_max,168.0000,vihtavuori_n135,102,37.0000,2343,24.000,12.0000,2.7950,no
308_win,0.3080,a_max,168.0000,vihtavuori_n140,112,39.4000,2372,24.000,12.0000,2.7950,no
308_win,0.3080,a_max,168.0000,vihtavuori_n540,117,40.3000,2415,24.000,12.0000,2.7950,no
308_win,0.3080,a_max,168.0000,vihtavuori_n150,124,39.4000,2372,24.000,12.0000,2.7950,no
308_win,0.3080,a_max,168.0000,vihtavuori_n550,129,42.4000,2418,24.000,12.0000,2.7950,no
308_win,0.3080,eld_match,168.0000,vihtavuori_n135,102,36.4000,2395,24.000,12.0000,2.7950,no
308_win,0.3080,eld_match,168.0000,vihtavuori_n140,112,38.9000,2431,24.000,12.0000,2.7950,no
308_win,0.3080,eld_match,168.0000,vihtavuori_n540,117,39.4000,2444,24.000,12.0000,2.7950,no
308_win,0.3080,eld_match,168.0000,vihtavuori_n150,124,39.4000,2441,24.000,12.0000,2.7950,no
308_win,0.3080,eld_match,168.0000,vihtavuori_n550,129,42.0000,2477,24.000,12.0000,2.7950,no
308_win,0.3080,custom_competition,168.0000,vihtavuori_n133,89,35.8000,2382,24.000,12.0000,2.7990,no
308_win,0.3080,custom_competition,168.0000,vihtavuori_n135,102,37.7000,2411,24.000,12.0000,2.7990,no
308_win,0.3080,custom_competition,168.0000,vihtavuori_n140,112,40.0000,2428,24.000,12.0000,2.7990,no
308_win,0.3080,custom_competition,168.0000,vihtavuori_n540,117,40.3000,2467,24.000,12.0000,2.7990,no
308_win,0.3080,custom_competition,168.0000,vihtavuori_n150,124,40.3000,2464,24.000,12.0000,2.7990,no
308_win,0.3080,custom_competition,168.0000,vihtavuori_n550,129,42.7000,2470,24.000,12.0000,2.7990,no
308_win,0.3080,expansion_tip,168.0000,vihtavuori_n135,102,36.4000,2316,24.000,12.0000,2.7480,no
308_win,0.3080,expansion_tip,168.0000,vihtavuori_n140,112,39.2000,2356,24.000,12.0000,2.7480,no
308_win,0.3080,expansion_tip,168.0000,vihtavuori_n540,117,41.4000,2408,24.000,12.0000,2.7480,no
308_win,0.3080,expansion_tip,168.0000,vihtavuori_n150,124,39.7000,2388,24.000,12.0000,2.7480,no
308_win,0.3080,expansion_tip,168.0000,vihtavuori_n550,129,44.0000,2451,24.000,12.0000,2.7480,no
308_win,0.3080,hpbt,168.0000,vihtavuori_n135,102,37.0000,2388,24.000,12.0000,2.7950,no
308_win,0.3080,hpbt,168.0000,vihtavuori_n140,112,39.7000,2428,24.000,12.0000,2.7950,no
308_win,0.3080,hpbt,168.0000,vihtavuori_n540,117,40.4000,2464,24.000,12.0000,2.7950,no
308_win,0.3080,hpbt,168.0000,vihtavuori_n150,124,40.1000,2441,24.000,12.0000,2.7950,no
308_win,0.3080,hpbt,168.0000,vihtavuori_n550,129,42.7000,2477,24.000,12.0000,2.7950,no
308_win,0.3080,target_match,168.0000,vihtavuori_n133,89,36.1000,2382,24.000,12.0000,2.7950,no
308_win,0.3080,target_match,168.0000,vihtavuori_n135,102,37.8000,2421,24.000,12.0000,2.7950,no
308_win,0.3080,target_match,168.0000,vihtavuori_n140,112,40.1000,2448,24.000,12.0000,2.7950,no
308_win,0.3080,target_match,168.0000,vihtavuori_n540,117,40.1000,2454,24.000,12.0000,2.7950,no
308_win,0.3080,target_match,168.0000,vihtavuori_n150,124,40.1000,2454,24.000,12.0000,2.7950,no
308_win,0.3080,target_match,168.0000,vihtavuori_n550,129,43.2000,2487,24.000,12.0000,2.7950,no
308_win,0.3080,lockbase_b476,170.0000,vihtavuori_n135,102,37.4000,2328,24.000,12.0000,2.7950,no
308_win,0.3080,lockbase_b476,170.0000,vihtavuori_n140,112,39.5000,2345,24.000,12.0000,2.7950,no
308_win,0.3080,lockbase_b476,170.0000,vihtavuori_n540,117,40.1000,2308,24.000,12.0000,2.7950,no
308_win,0.3080,lockbase_b476,170.0000,vihtavuori_n150,124,40.2000,2361,24.000,12.0000,2.7950,no
308_win,0.3080,lockbase_b476,170.0000,vihtavuori_n550,129,42.8000,2360,24.000,12.0000,2.7950,no
308_win,0.3080,naturalis_lr,170.0000,vihtavuori_n140,112,39.2000,2441,24.000,12.0000,2.7950,no
308_win,0.3080,naturalis_lr,170.0000,vihtavuori_n150,124,41.2000,2493,24.000,12.0000,2.7950,no
308_win,0.3080,naturalis_lr,170.0000,vihtavuori_n550,129,42.9000,2418,24.000,12.0000,2.7950,no
308_win,0.3080,naturalis_n558,170.0000,vihtavuori_n140,112,38.0000,2372,24.000,12.0000,2.7950,no
308_win,0.3080,naturalis_n558,170.0000,vihtavuori_n540,117,39.7000,2467,24.000,12.0000,2.7950,no
308_win,0.3080,naturalis_n558,170.0000,vihtavuori_n150,124,39.5000,2395,24.000,12.0000,2.7950,no
308_win,0.3080,naturalis_n558,170.0000,vihtavuori_n550,129,42.0000,2415,24.000,12.0000,2.7950,no
308_win,0.3080,eld_vt,174.0000,vihtavuori_n130,84,32.4000,2254,24.000,12.0000,2.8000,no
308_win,0.3080,eld_vt,174.0000,vihtavuori_n133,89,36.0000,2323,24.000,12.0000,2.8000,no
308_win,0.3080,eld_vt,174.0000,vihtavuori_n135,102,37.5000,2346,24.000,12.0000,2.8000,no
308_win,0.3080,eld_vt,174.0000,vihtavuori_n140,112,40.1000,2392,24.000,12.0000,2.8000,no
308_win,0.3080,eld_vt,174.0000,vihtavuori_n540,117,40.1000,2438,24.000,12.0000,2.8000,no
308_win,0.3080,eld_vt,174.0000,vihtavuori_n150,124,40.1000,2385,24.000,12.0000,2.8000,no
308_win,0.3080,eld_vt,174.0000,vihtavuori_n550,129,43.2000,2441,24.000,12.0000,2.8000,no
308_win,0.3080,hpbt,174.0000,vihtavuori_n133,89,34.3000,2293,24.000,12.0000,2.7950,no
308_win,0.3080,hpbt,174.0000,vihtavuori_n135,102,36.1000,2336,24.000,12.0000,2.7950,no
308_win,0.3080,hpbt,174.0000,vihtavuori_n140,112,38.6000,2375,24.000,12.0000,2.7950,no
308_win,0.3080,hpbt,174.0000,vihtavuori_n540,117,38.9000,2395,24.000,12.0000,2.7950,no
308_win,0.3080,hpbt,174.0000,vihtavuori_n150,124,38.6000,2388,24.000,12.0000,2.7950,no
308_win,0.3080,hpbt,174.0000,vihtavuori_n550,129,41.8000,2425,24.000,12.0000,2.7950,no
308_win,0.3080,lrx_bt,175.0000,vihtavuori_n133,89,34.0000,2208,24.000,12.0000,2.7950,no
308_win,0.3080,lrx_bt,175.0000,vihtavuori_n135,102,36.1000,2247,24.000,12.0000,2.7950,no
308_win,0.3080,lrx_bt,175.0000,vihtavuori_n140,112,38.7000,2300,24.000,12.0000,2.7950,no
308_win,0.3080,lrx_bt,175.0000,vihtavuori_n540,117,40.1000,2336,24.000,12.0000,2.7950,no
308_win,0.3080,lrx_bt,175.0000,vihtavuori_n150,124,39.7000,2329,24.000,12.0000,2.7950,no
308_win,0.3080,lrx_bt,175.0000,vihtavuori_n550,129,42.4000,2392,24.000,12.0000,2.7950,no
308_win,0.3080,long_range_bt_target,175.0000,vihtavuori_n130,84,33.2000,2254,24.000,12.0000,2.8000,no
308_win,0.3080,long_range_bt_target,175.0000,vihtavuori_n133,89,36.3000,2329,24.000,12.0000,2.8000,no
308_win,0.3080,long_range_bt_target,175.0000,vihtavuori_n135,102,37.0000,2316,24.000,12.0000,2.8000,no
308_win,0.3080,long_range_bt_target,175.0000,vihtavuori_n140,112,39.7000,2372,24.000,12.0000,2.8000,no
308_win,0.3080,long_range_bt_target,175.0000,vihtavuori_n540,117,40.9000,2418,24.000,12.0000,2.8000,no
308_win,0.3080,long_range_bt_target,175.0000,vihtavuori_n150,124,40.9000,2418,24.000,12.0000,2.8000,no
308_win,0.3080,long_range_bt_target,175.0000,vihtavuori_n550,129,44.8000,2457,24.000,12.0000,2.8000,no
308_win,0.3080,otm_tactical,175.0000,vihtavuori_n130,84,31.6000,2244,24.000,12.0000,2.7950,no
308_win,0.3080,otm_tactical,175.0000,vihtavuori_n133,89,34.7000,2287,24.000,12.0000,2.7950,no
308_win,0.3080,otm_tactical,175.0000,vihtavuori_n530,100,35.3000,2339,24.000,12.0000,2.7950,no
308_win,0.3080,otm_tactical,175.0000,vihtavuori_n135,102,35.8000,2313,24.000,12.0000,2.7950,no
308_win,0.3080,otm_tactical,175.0000,vihtavuori_n140,112,38.7000,2365,24.000,12.0000,2.7950,no
308_win,0.3080,otm_tactical,175.0000,vihtavuori_n540,117,39.8000,2418,24.000,12.0000,2.7950,no
308_win,0.3080,otm_tactical,175.0000,vihtavuori_n150,124,38.7000,2388,24.000,12.0000,2.7950,no
308_win,0.3080,otm_tactical,175.0000,vihtavuori_n550,129,41.8000,2421,24.000,12.0000,2.7950,no
308_win,0.3080,vld_hunting,175.0000,vihtavuori_n130,84,33.2000,2241,24.000,12.0000,2.8000,no
308_win,0.3080,vld_hunting,175.0000,vihtavuori_n133,89,35.8000,2287,24.000,12.0000,2.8000,no
308_win,0.3080,vld_hunting,175.0000,vihtavuori_n135,102,37.0000,2306,24.000,12.0000,2.8000,no
308_win,0.3080,vld_hunting,175.0000,vihtavuori_n140,112,39.7000,2356,24.000,12.0000,2.8000,no
308_win,0.3080,vld_hunting,175.0000,vihtavuori_n540,117,40.9000,2408,24.000,12.0000,2.8000,no
308_win,0.3080,vld_hunting,175.0000,vihtavuori_n150,124,40.9000,2408,24.000,12.0000,2.8000,no
308_win,0.3080,vld_hunting,175.0000,vihtavuori_n550,129,44.8000,2467,24.000,12.0000,2.8000,no
308_win,0.3080,maxrange_target_gb581,175.0000,vihtavuori_n135,102,36.1000,2346,24.000,12.0000,2.7950,no
308_win,0.3080,maxrange_target_gb581,175.0000,vihtavuori_n140,112,39.4000,2388,24.000,12.0000,2.7950,no
308_win,0.3080,maxrange_target_gb581,175.0000,vihtavuori_n540,117,39.4000,2418,24.000,12.0000,2.7950,no
308_win,0.3080,maxrange_target_gb581,175.0000,vihtavuori_n150,124,40.1000,2428,24.000,12.0000,2.7950,no
308_win,0.3080,maxrange_target_gb581,175.0000,vihtavuori_n550,129,42.4000,2441,24.000,12.0000,2.7950,no
308_win,0.3080,otm_scenar_l,175.0000,vihtavuori_n135,102,35.3000,2362,24.000,12.0000,2.7950,no
308_win,0.3080,otm_scenar_l,175.0000,vihtavuori_n140,112,38.0000,2411,24.000,12.0000,2.7950,no
308_win,0.3080,otm_scenar_l,175.0000,vihtavuori_n540,117,38.7000,2448,24.000,12.0000,2.7950,no
308_win,0.3080,otm_scenar_l,175.0000,vihtavuori_n150,124,39.2000,2431,24.000,12.0000,2.7950,no
308_win,0.3080,a_tip_match,176.0000,vihtavuori_n135,102,36.6000,2310,24.000,12.0000,2.7950,no
308_win,0.3080,a_tip_match,176.0000,vihtavuori_n140,112,39.7000,2359,24.000,12.0000,2.7950,no
308_win,0.3080,a_tip_match,176.0000,vihtavuori_n540,117,40.1000,2425,24.000,12.0000,2.7950,no
308_win,0.3080,a_tip_match,176.0000,vihtavuori_n150,124,40.1000,2411,24.000,12.0000,2.7950,no
308_win,0.3080,a_tip_match,176.0000,vihtavuori_n550,129,43.2000,2448,24.000,12.0000,2.7950,no
308_win,0.3080,eld_match,178.0000,vihtavuori_n130,84,33.2000,2257,24.000,12.0000,2.7950,no
308_win,0.3080,eld_match,178.0000,vihtavuori_n133,89,36.0000,2303,24.000,12.0000,2.7950,no
308_win,0.3080,eld_match,178.0000,vihtavuori_n135,102,37.0000,2316,24.000,12.0000,2.7950,no
308_win,0.3080,eld_match,178.0000,vihtavuori_n140,112,40.1000,2385,24.000,12.0000,2.7950,no
308_win,0.3080,eld_match,178.0000,vihtavuori_n540,117,40.4000,2395,24.000,12.0000,2.7950,no
308_win,0.3080,eld_match,178.0000,vihtavuori_n150,124,40.9000,2405,24.000,12.0000,2.7950,no
308_win,0.3080,eld_match,178.0000,vihtavuori_n550,129,43.4000,2418,24.000,12.0000,2.7950,no
308_win,0.3080,ttsx_bt,180.0000,vihtavuori_n135,102,32.1000,2110,24.000,12.0000,2.7950,no
308_win,0.3080,ttsx_bt,180.0000,vihtavuori_n140,112,36.9000,2185,24.000,12.0000,2.7950,no
308_win,0.3080,ttsx_bt,180.0000,vihtavuori_n540,117,36.9000,2215,24.000,12.0000,2.7950,no
308_win,0.3080,ttsx_bt,180.0000,vihtavuori_n150,124,36.4000,2198,24.000,12.0000,2.7950,no
308_win,0.3080,ttsx_bt,180.0000,vihtavuori_n550,129,39.7000,2234,24.000,12.0000,2.7950,no
308_win,0.3080,xfb,180.0000,vihtavuori_n540,117,32.2000,1938,24.000,12.0000,2.7950,no
308_win,0.3080,xfb,180.0000,vihtavuori_n550,129,35.5000,2043,24.000,12.0000,2.7950,no
308_win,0.3080,elite_hunter,180.0000,vihtavuori_n135,102,36.4000,2274,24.000,12.0000,2.7950,no
308_win,0.3080,elite_hunter,180.0000,vihtavuori_n140,112,37.8000,2277,24.000,12.0000,2.7950,no
308_win,0.3080,elite_hunter,180.0000,vihtavuori_n540,117,39.0000,2339,24.000,12.0000,2.7950,no
308_win,0.3080,elite_hunter,180.0000,vihtavuori_n150,124,38.3000,2287,24.000,12.0000,2.7950,no
308_win,0.3080,elite_hunter,180.0000,vihtavuori_n550,129,41.2000,2346,24.000,12.0000,2.7950,no
308_win,0.3080,cx,180.0000,vihtavuori_n135,102,30.1000,1975,24.000,12.0000,2.7950,no
308_win,0.3080,cx,180.0000,vihtavuori_n140,112,34.0000,2100,24.000,12.0000,2.7950,no
308_win,0.3080,cx,180.0000,vihtavuori_n540,117,36.6000,2182,24.000,12.0000,2.7950,no
308_win,0.3080,cx,180.0000,vihtavuori_n150,124,34.7000,2103,24.000,12.0000,2.7950,no
308_win,0.3080,cx,180.0000,vihtavuori_n550,129,39.2000,2231,24.000,12.0000,2.7950,no
308_win,0.3080,interlock_btsp,180.0000,vihtavuori_n135,102,36.3000,2264,24.000,12.0000,2.7400,no
308_win,0.3080,interlock_btsp,180.0000,vihtavuori_n140,112,39.4000,2349,24.000,12.0000,2.7400,no
308_win,0.3080,interlock_btsp,180.0000,vihtavuori_n540,117,39.8000,2362,24.000,12.0000,2.7400,no
308_win,0.3080,interlock_btsp,180.0000,vihtavuori_n150,124,39.4000,2336,24.000,12.0000,2.7400,no
308_win,0.3080,interlock_btsp,180.0000,vihtavuori_n550,129,43.8000,2415,24.000,12.0000,2.7400,no
308_win,0.3080,oryx,180.0000,vihtavuori_n530,100,34.6000,2274,24.000,12.0000,2.7090,no
308_win,0.3080,oryx,180.0000,vihtavuori_n135,102,34.3000,2231,24.000,12.0000,2.7090,no
308_win,0.3080,oryx,180.0000,vihtavuori_n140,112,37.3000,2287,24.000,12.0000,2.7090,no
308_win,0.3080,oryx,180.0000,vihtavuori_n540,117,37.8000,2323,24.000,12.0000,2.7090,no
308_win,0.3080,oryx,180.0000,vihtavuori_n150,124,37.5000,2303,24.000,12.0000,2.7090,no
308_win,0.3080,oryx,180.0000,vihtavuori_n550,129,40.0000,2336,24.000,12.0000,2.7090,no
308_win,0.3080,hmk,180.0000,vihtavuori_n140,112,38.1000,2274,24.000,12.0000,2.6610,no
308_win,0.3080,hmk,180.0000,vihtavuori_n540,117,38.4000,2300,24.000,12.0000,2.6610,no
308_win,0.3080,hmk,180.0000,vihtavuori_n150,124,38.3000,2287,24.000,12.0000,2.6610,no
308_win,0.3080,hmk,180.0000,vihtavuori_n550,129,42.3000,2336,24.000,12.0000,2.6610,no
308_win,0.3080,uni_classic,180.0000,vihtavuori_n140,112,37.5000,2260,24.000,12.0000,2.6460,no
308_win,0.3080,uni_classic,180.0000,vihtavuori_n540,117,37.8000,2264,24.000,12.0000,2.6460,no
308_win,0.3080,uni_classic,180.0000,vihtavuori_n150,124,38.6000,2290,24.000,12.0000,2.6460,no
308_win,0.3080,uni_classic,180.0000,vihtavuori_n550,129,41.7000,2310,24.000,12.0000,2.6460,no
308_win,0.3080,tug,181.0000,vihtavuori_n135,102,35.8000,2228,24.000,12.0000,2.7010,no
308_win,0.3080,tug,181.0000,vihtavuori_n140,112,38.7000,2287,24.000,12.0000,2.7010,no
308_win,0.3080,tug,181.0000,vihtavuori_n540,117,39.7000,2343,24.000,12.0000,2.7010,no
308_win,0.3080,tug,181.0000,vihtavuori_n150,124,38.4000,2297,24.000,12.0000,2.7010,no
308_win,0.3080,tug,181.0000,vihtavuori_n550,129,41.4000,2329,24.000,12.0000,2.7010,no
308_win,0.3080,hybrid_target,185.0000,vihtavuori_n540,117,37.3000,2244,24.000,12.0000,2.7950,no
308_win,0.3080,hybrid_target,185.0000,vihtavuori_n150,124,37.2000,2205,24.000,12.0000,2.7950,no
308_win,0.3080,juggernaut_target,185.0000,vihtavuori_n140,112,37.0000,2192,24.000,12.0000,2.7950,no
308_win,0.3080,juggernaut_target,185.0000,vihtavuori_n540,117,37.8000,2254,24.000,12.0000,2.7950,no
308_win,0.3080,juggernaut_target,185.0000,vihtavuori_n150,124,37.5000,2211,24.000,12.0000,2.7950,no
308_win,0.3080,juggernaut_target,185.0000,vihtavuori_n550,129,40.6000,2293,24.000,12.0000,2.7950,no
308_win,0.3080,d46,185.0000,vihtavuori_n135,102,36.0000,2188,24.000,12.0000,2.7950,no
308_win,0.3080,d46,185.0000,vihtavuori_n140,112,37.6000,2215,24.000,12.0000,2.7950,no
308_win,0.3080,d46,185.0000,vihtavuori_n540,117,39.2000,2335,24.000,12.0000,2.7950,no
308_win,0.3080,d46,185.0000,vihtavuori_n150,124,39.7000,2388,24.000,12.0000,2.7950,no
308_win,0.3080,d46,185.0000,vihtavuori_n550,129,42.1000,2398,24.000,12.0000,2.7950,no
308_win,0.3080,mega_e415,185.0000,vihtavuori_n135,102,36.9000,2208,24.000,12.0000,2.6570,no
308_win,0.3080,mega_e415,185.0000,vihtavuori_n140,112,39.0000,2215,24.000,12.0000,2.6570,no
308_win,0.3080,mega_e415,185.0000,vihtavuori_n540,117,40.6000,2320,24.000,12.0000,2.6570,no
308_win,0.3080,mega_e415,185.0000,vihtavuori_n150,124,40.9000,2257,24.000,12.0000,2.6570,no
308_win,0.3080,mega_e415,185.0000,vihtavuori_n550,129,42.6000,2247,24.000,12.0000,2.6570,no
308_win,0.3080,scenar,185.0000,vihtavuori_n140,112,37.7000,2316,24.000,12.0000,2.7950,no
308_win,0.3080,scenar,185.0000,vihtavuori_n540,117,36.7000,2379,24.000,12.0000,2.7950,no
308_win,0.3080,scenar,185.0000,vihtavuori_n150,124,37.3000,2179,24.000,12.0000,2.7950,no
308_win,0.3080,scenar,185.0000,vihtavuori_n550,129,40.5000,2203,24.000,12.0000,2.7950,no
308_win,0.3080,hpbt,190.0000,vihtavuori_n135,102,34.4000,2208,24.000,12.0000,2.7950,no
308_win,0.3080,hpbt,190.0000,vihtavuori_n140,112,37.0000,2267,24.000,12.0000,2.7950,no
308_win,0.3080,hpbt,190.0000,vihtavuori_n540,117,38.0000,2303,24.000,12.0000,2.7950,no
308_win,0.3080,hpbt,190.0000,vihtavuori_n150,124,37.3000,2260,24.000,12.0000,2.7950,no
308_win,0.3080,hpbt,190.0000,vihtavuori_n550,129,40.4000,2329,24.000,12.0000,2.7950,no
308_win,0.3080,eld_match,195.0000,vihtavuori_n140,112,38.6000,2254,24.000,12.0000,2.8000,no
308_win,0.3080,eld_match,195.0000,vihtavuori_n540,117,39.4000,2290,24.000,12.0000,2.8000,no
308_win,0.3080,eld_match,195.0000,vihtavuori_n150,124,38.6000,2257,24.000,12.0000,2.8000,no
308_win,0.3080,eld_match,195.0000,vihtavuori_n550,129,42.1000,2306,24.000,12.0000,2.8000,no
308_win,0.3080,sp,200.0000,vihtavuori_n140,112,35.2000,1999,24.000,12.0000,2.7950,no
308_win,0.3080,sp,200.0000,vihtavuori_n150,124,34.5000,1982,24.000,12.0000,2.7950,no
308_win,0.3080,200_20x_hybrid_target,200.2000,vihtavuori_n140,112,37.2000,2201,24.000,12.0000,2.7950,no
308_win,0.3080,200_20x_hybrid_target,200.2000,vihtavuori_n540,117,38.3000,2254,24.000,12.0000,2.7950,no
308_win,0.3080,200_20x_hybrid_target,200.2000,vihtavuori_n150,124,37.2000,2221,24.000,12.0000,2.7950,no
308_win,0.3080,200_20x_hybrid_target,200.2000,vihtavuori_n550,129,40.4000,2267,24.000,12.0000,2.7950,no
308_win,0.3080,elite_hunter,205.0000,vihtavuori_n140,112,36.0000,2126,24.000,12.0000,2.7950,no
308_win,0.3080,elite_hunter,205.0000,vihtavuori_n540,117,37.8000,2195,24.000,12.0000,2.7950,no
308_win,0.3080,elite_hunter,205.0000,vihtavuori_n150,124,36.9000,2136,24.000,12.0000,2.7950,no
308_win,0.3080,elite_hunter,205.0000,vihtavuori_n550,129,40.4000,2224,24.000,12.0000,2.7950,no
308_win,0.3080,a_max,208.0000,vihtavuori_n140,112,35.2000,2080,24.000,12.0000,2.7950,no
308_win,0.3080,a_max,208.0000,vihtavuori_n540,117,37.8000,2192,24.000,12.0000,2.7950,no
308_win,0.3080,a_max,208.0000,vihtavuori_n150,124,37.0000,2123,24.000,12.0000,2.7950,no
308_win,0.3080,a_max,208.0000,vihtavuori_n550,129,40.1000,2208,24.000,12.0000,2.7950,no
308_win,0.3080,hammerhead,220.0000,vihtavuori_n140,112,35.5000,1998,24.000,12.0000,2.7760,no
308_win,0.3080,hammerhead,220.0000,vihtavuori_n540,117,35.0000,1978,24.000,12.0000,2.7760,no
308_win,0.3080,hammerhead,220.0000,vihtavuori_n150,124,34.9000,1946,24.000,12.0000,2.7760,no
308_win,0.3080,hammerhead,220.0000,vihtavuori_n550,129,40.1000,2087,24.000,12.0000,2.7760,no
308_win,0.3080,als,57.0000,vihtavuori_n110,64,34.5000,3993,24.000,12.0000,2.6380,no
308_win,0.3080,g589_ot,100.0000,vihtavuori_n120,81,37.5000,3143,24.000,12.0000,2.6380,no
308_win,0.3080,g589_ot,100.0000,vihtavuori_n130,84,41.5000,3251,24.000,12.0000,2.6380,no
308_win,0.3080,g589_ot,100.0000,vihtavuori_n133,89,44.6000,3304,24.000,12.0000,2.6380,no
308_win,0.3080,hpce_otce,100.0000,vihtavuori_n110,64,27.8000,2854,24.000,12.0000,2.6380,no
308_win,0.3080,hpce_otce,100.0000,vihtavuori_n120,81,36.0000,3051,24.000,12.0000,2.6380,no
308_win,0.3080,hpce_otce,100.0000,vihtavuori_n130,84,40.1000,3203,24.000,12.0000,2.6380,no
308_win,0.3080,hpce_otce,100.0000,vihtavuori_n530,100,46.5000,3425,24.000,12.0000,2.6380,no
308_win,0.3080,hpce_otce,100.0000,vihtavuori_n135,102,46.1000,3255,24.000,12.0000,2.6380,no
308_win,0.3080,tsx_fb,110.0000,vihtavuori_n130,84,41.7000,3127,24.000,12.0000,2.6970,no
308_win,0.3080,tsx_fb,110.0000,vihtavuori_n133,89,45.4000,3225,24.000,12.0000,2.6970,no
308_win,0.3080,tsx_fb,110.0000,vihtavuori_n530,100,47.1000,3274,24.000,12.0000,2.6970,no
308_win,0.3080,tsx_fb,110.0000,vihtavuori_n135,102,46.3000,3186,24.000,12.0000,2.6970,no
308_win,0.3080,classic_hunter,110.0000,vihtavuori_n133,89,41.7000,3104,24.000,12.0000,2.6970,no
308_win,0.3080,classic_hunter,110.0000,vihtavuori_n135,102,45.2000,3186,24.000,12.0000,2.6970,no
308_win,0.3080,cx,110.0000,vihtavuori_n130,84,41.8000,3107,24.000,12.0000,2.7950,no
308_win,0.3080,gmx,110.0000,vihtavuori_n130,84,40.3000,3077,24.000,12.0000,2.7950,no
308_win,0.3080,gmx,110.0000,vihtavuori_n530,100,45.5000,3209,24.000,12.0000,2.7950,no
308_win,0.3080,v_max,110.0000,vihtavuori_n130,84,40.3000,3081,24.000,12.0000,2.6970,no
308_win,0.3080,v_max,110.0000,vihtavuori_n133,89,43.8000,3163,24.000,12.0000,2.6970,no
308_win,0.3080,v_max,110.0000,vihtavuori_n530,100,45.5000,3189,24.000,12.0000,2.6970,no
308_win,0.3080,v_max,110.0000,vihtavuori_n135,102,46.5000,3215,24.000,12.0000,2.6970,no
308_win,0.3080,varmageddon,110.0000,vihtavuori_n120,81,37.5000,3054,24.000,12.0000,2.5980,no
308_win,0.3080,varmageddon,110.0000,vihtavuori_n130,84,41.5000,3130,24.000,12.0000,2.5980,no
308_win,0.3080,hp_varminter,110.0000,vihtavuori_n130,84,43.2000,3166,24.000,12.0000,2.6000,no
308_win,0.3080,controlled_chaos_copper,115.0000,vihtavuori_n130,84,41.4000,3071,24.000,12.0000,2.7560,no
308_win,0.3080,hp_varminter,115.0000,vihtavuori_n130,84,42.3000,3094,24.000,12.0000,2.7360,no
308_win,0.3080,hp_varminter,115.0000,vihtavuori_n133,89,45.2000,3150,24.000,12.0000,2.7360,no
308_win,0.3080,hp_varminter,115.0000,vihtavuori_n135,102,47.2000,3186,24.000,12.0000,2.7360,no
308_win,0.3080,blade_633a,120.0000,vihtavuori_n133,89,43.7000,2992,24.000,12.0000,2.7950,no
308_win,0.3080,blade_633a,120.0000,vihtavuori_n530,100,44.6000,3048,24.000,12.0000,2.7950,no
308_win,0.3080,fmj,123.0000,vihtavuori_n120,81,36.9000,2940,24.000,12.0000,2.6340,no
308_win,0.3080,fmj,123.0000,vihtavuori_n130,84,42.9000,3028,24.000,12.0000,2.6340,no
308_win,0.3080,fmj,123.0000,vihtavuori_n133,89,44.3000,3084,24.000,12.0000,2.6340,no
308_win,0.3080,fmj,123.0000,vihtavuori_n530,100,44.4000,3146,24.000,12.0000,2.6340,no
308_win,0.3080,ecx,125.0000,vihtavuori_n133,89,38.1000,2822,24.000,12.0000,2.7280,no
308_win,0.3080,ecx,125.0000,vihtavuori_n135,102,40.3000,2871,24.000,12.0000,2.7280,no
308_win,0.3080,ecx,125.0000,vihtavuori_n140,112,46.8000,2992,24.000,12.0000,2.7280,no
308_win,0.3080,sst,125.0000,vihtavuori_n130,84,40.0000,2936,24.000,12.0000,2.7280,no
308_win,0.3080,sst,125.0000,vihtavuori_n133,89,43.1000,2999,24.000,12.0000,2.7280,no
308_win,0.3080,sst,125.0000,vihtavuori_n135,102,46.1000,3041,24.000,12.0000,2.7280,no
308_win,0.3080,sst,125.0000,vihtavuori_n140,112,49.1000,3054,24.000,12.0000,2.7280,no
308_win,0.3080,sst,125.0000,vihtavuori_n540,117,49.5000,3074,24.000,12.0000,2.7280,no
308_win,0.3080,controlled_chaos,125.0000,vihtavuori_n133,89,38.6000,2808,24.000,12.0000,2.7560,no
308_win,0.3080,controlled_chaos,125.0000,vihtavuori_n135,102,41.2000,2881,24.000,12.0000,2.7560,no
308_win,0.3080,controlled_chaos,125.0000,vihtavuori_n140,112,46.0000,2949,24.000,12.0000,2.7560,no
308_win,0.3080,controlled_chaos,125.0000,vihtavuori_n540,117,47.8000,3022,24.000,12.0000,2.7560,no
308_win,0.3080,accubond,125.0000,vihtavuori_n130,84,40.3000,2953,24.000,12.0000,2.7480,no
308_win,0.3080,accubond,125.0000,vihtavuori_n133,89,43.7000,3025,24.000,12.0000,2.7480,no
308_win,0.3080,ballistic_tip,125.0000,vihtavuori_n130,84,43.0000,3068,24.000,12.0000,2.7560,no
308_win,0.3080,ballistic_tip,125.0000,vihtavuori_n133,89,46.3000,3120,24.000,12.0000,2.7560,no
308_win,0.3080,ballistic_tip,125.0000,vihtavuori_n135,102,48.9000,3143,24.000,12.0000,2.7560,no
308_win,0.3080,tmk,125.0000,vihtavuori_n130,84,39.4000,2900,24.000,12.0000,2.7950,no
308_win,0.3080,tmk,125.0000,vihtavuori_n133,89,42.4000,2953,24.000,12.0000,2.7950,no
308_win,0.3080,tmk,125.0000,vihtavuori_n530,100,44.0000,3048,24.000,12.0000,2.7950,no
308_win,0.3080,tmk,125.0000,vihtavuori_n135,102,43.4000,2979,24.000,12.0000,2.7950,no
308_win,0.3080,tmk,125.0000,vihtavuori_n140,112,47.2000,2986,24.000,12.0000,2.7950,no
308_win,0.3080,tnt_hp,125.0000,vihtavuori_n133,89,44.3000,3058,24.000,12.0000,2.6380,no
308_win,0.3080,tsx_bt,130.0000,vihtavuori_n130,84,39.0000,2848,24.000,12.0000,2.7830,no
308_win,0.3080,tsx_bt,130.0000,vihtavuori_n133,89,41.7000,2904,24.000,12.0000,2.7830,no
308_win,0.3080,tsx_bt,130.0000,vihtavuori_n530,100,43.8000,2953,24.000,12.0000,2.7830,no
308_win,0.3080,tsx_bt,130.0000,vihtavuori_n135,102,43.7000,2946,24.000,12.0000,2.7830,no
308_win,0.3080,tsx_bt,130.0000,vihtavuori_n140,112,47.1000,2976,24.000,12.0000,2.7830,no
308_win,0.3080,hp_varminter,135.0000,vihtavuori_n130,84,40.7000,2867,24.000,12.0000,2.6500,no
308_win,0.3080,hp_varminter,135.0000,vihtavuori_n133,89,43.8000,2917,24.000,12.0000,2.6500,no
308_win,0.3080,hp_varminter,135.0000,vihtavuori_n135,102,45.5000,2956,24.000,12.0000,2.6500,no
308_win,0.3080,basic_nature,139.0000,vihtavuori_n130,84,37.8000,2605,24.000,12.0000,2.6260,no
308_win,0.3080,basic_nature,139.0000,vihtavuori_n133,89,40.4000,2657,24.000,12.0000,2.6260,no
308_win,0.3080,hunting_tactic,140.0000,vihtavuori_n135,102,42.9000,2894,24.000,12.0000,2.7760,no
308_win,0.3080,hunting_tactic,140.0000,vihtavuori_n140,112,45.7000,2894,24.000,12.0000,2.7760,no
308_win,0.3080,hunting_tactic,140.0000,vihtavuori_n540,117,45.8000,2943,24.000,12.0000,2.7760,no
308_win,0.3080,hunting_expandable,140.0000,vihtavuori_n135,102,40.7000,2697,24.000,12.0000,2.6970,no
308_win,0.3080,hunting_expandable,140.0000,vihtavuori_n140,112,44.1000,2759,24.000,12.0000,2.6970,no
308_win,0.3080,hunting_expandable,140.0000,vihtavuori_n540,117,45.8000,2844,24.000,12.0000,2.6970,no
308_win,0.3080,hunting_expandable,140.0000,vihtavuori_n150,124,45.1000,2782,24.000,12.0000,2.6970,no
308_win,0.3080,tug_nature,147.0000,vihtavuori_n133,89,38.3000,2602,24.000,12.0000,2.6180,no
308_win,0.3080,tug_nature,147.0000,vihtavuori_n135,102,40.0000,2641,24.000,12.0000,2.6180,no
308_win,0.3080,spitzer_bt_fmj,147.0000,vihtavuori_n130,84,37.7000,2684,24.000,12.0000,2.7830,no
308_win,0.3080,spitzer_bt_fmj,147.0000,vihtavuori_n133,89,41.4000,2746,24.000,12.0000,2.7830,no
308_win,0.3080,mpg_fb,150.0000,vihtavuori_n130,84,37.2000,2621,24.000,12.0000,2.7950,no
308_win,0.3080,mpg_fb,150.0000,vihtavuori_n133,89,38.7000,2635,24.000,12.0000,2.7950,no
308_win,0.3080,mpg_fb,150.0000,vihtavuori_n135,102,41.2000,2671,24.000,12.0000,2.7950,no
308_win,0.3080,mpg_fb,150.0000,vihtavuori_n140,112,44.8000,2749,24.000,12.0000,2.7950,no
308_win,0.3080,mpg_fb,150.0000,vihtavuori_n540,117,45.5000,2792,24.000,12.0000,2.7950,no
308_win,0.3080,ttsx_bt,150.0000,vihtavuori_n135,102,39.4000,2625,24.000,12.0000,2.7950,no
308_win,0.3080,ttsx_bt,150.0000,vihtavuori_n140,112,42.7000,2697,24.000,12.0000,2.7950,no
308_win,0.3080,classic_hunter,150.0000,vihtavuori_n530,100,39.7000,2697,24.000,12.0000,2.6380,no
308_win,0.3080,classic_hunter,150.0000,vihtavuori_n135,102,37.3000,2592,24.000,12.0000,2.6380,no
308_win,0.3080,classic_hunter,150.0000,vihtavuori_n140,112,43.5000,2707,24.000,12.0000,2.6380,no
308_win,0.3080,target,150.0000,vihtavuori_n130,84,37.5000,2631,24.000,12.0000,2.6970,no
308_win,0.3080,target,150.0000,vihtavuori_n133,89,39.7000,2677,24.000,12.0000,2.6970,no
308_win,0.3080,target,150.0000,vihtavuori_n135,102,41.4000,2713,24.000,12.0000,2.6970,no
308_win,0.3080,cx,150.0000,vihtavuori_n135,102,38.6000,2575,24.000,12.0000,2.7990,no
308_win,0.3080,fmj_bt,150.0000,vihtavuori_n130,84,39.5000,2720,24.000,12.0000,2.7950,no
308_win,0.3080,fmj_bt,150.0000,vihtavuori_n133,89,42.9000,2785,24.000,12.0000,2.7950,no
308_win,0.3080,fmj_bt,150.0000,vihtavuori_n135,102,44.4000,2799,24.000,12.0000,2.7950,no
308_win,0.3080,gmx,150.0000,vihtavuori_n135,102,39.7000,2608,24.000,12.0000,2.7950,no
308_win,0.3080,gmx,150.0000,vihtavuori_n140,112,43.1000,2657,24.000,12.0000,2.7950,no
308_win,0.3080,gmx,150.0000,vihtavuori_n540,117,43.7000,2713,24.000,12.0000,2.7950,no
308_win,0.3080,gmx,150.0000,vihtavuori_n150,124,43.5000,2661,24.000,12.0000,2.7950,no
308_win,0.3080,interlock_btsp,150.0000,vihtavuori_n130,84,38.7000,2703,24.000,12.0000,2.7400,no
308_win,0.3080,interlock_btsp,150.0000,vihtavuori_n133,89,42.0000,2762,24.000,12.0000,2.7400,no
308_win,0.3080,interlock_btsp,150.0000,vihtavuori_n135,102,43.2000,2779,24.000,12.0000,2.7400,no
308_win,0.3080,sst,150.0000,vihtavuori_n133,89,39.8000,2690,24.000,12.0000,2.7320,no
308_win,0.3080,sst,150.0000,vihtavuori_n530,100,40.7000,2743,24.000,12.0000,2.7320,no
308_win,0.3080,sst,150.0000,vihtavuori_n135,102,41.2000,2726,24.000,12.0000,2.7320,no
308_win,0.3080,sst,150.0000,vihtavuori_n140,112,44.1000,2749,24.000,12.0000,2.7320,no
308_win,0.3080,sst,150.0000,vihtavuori_n540,117,45.1000,2818,24.000,12.0000,2.7320,no
308_win,0.3080,lockbase,150.0000,vihtavuori_n530,100,42.6000,2927,24.000,12.0000,2.7560,no
308_win,0.3080,lockbase,150.0000,vihtavuori_n135,102,43.7000,2904,24.000,12.0000,2.7560,no
308_win,0.3080,lockbase,150.0000,vihtavuori_n540,117,46.3000,2956,24.000,12.0000,2.7560,no
308_win,0.3080,mega_e469,150.0000,vihtavuori_n135,102,41.4000,2762,24.000,12.0000,2.5670,no
308_win,0.3080,mega_e469,150.0000,vihtavuori_n140,112,45.5000,2703,24.000,12.0000,2.5670,no
308_win,0.3080,mega_e469,150.0000,vihtavuori_n540,117,45.8000,2733,24.000,12.0000,2.5670,no
308_win,0.3080,trx,150.0000,vihtavuori_n133,89,38.6000,2677,24.000,12.0000,2.7760,no
308_win,0.3080,tactic,150.0000,vihtavuori_n530,100,40.7000,2799,24.000,12.0000,2.7800,no
308_win,0.3080,tactic,150.0000,vihtavuori_n135,102,41.4000,2766,24.000,12.0000,2.7800,no
308_win,0.3080,tactic,150.0000,vihtavuori_n140,112,45.5000,2805,24.000,12.0000,2.7800,no
308_win,0.3080,tactic,150.0000,vihtavuori_n540,117,45.5000,2864,24.000,12.0000,2.7800,no
308_win,0.3080,fmj,150.0000,vihtavuori_n130,84,36.4000,2631,24.000,12.0000,2.6930,no
308_win,0.3080,fmj,150.0000,vihtavuori_n133,89,39.0000,2697,24.000,12.0000,2.6930,no
308_win,0.3080,fmj,150.0000,vihtavuori_n530,100,39.8000,2713,24.000,12.0000,2.6930,no
308_win,0.3080,fmj,150.0000,vihtavuori_n135,102,41.2000,2736,24.000,12.0000,2.6930,no
308_win,0.3080,fmj,150.0000,vihtavuori_n140,112,44.1000,2785,24.000,12.0000,2.6930,no
308_win,0.3080,accubond,150.0000,vihtavuori_n133,89,40.4000,2710,24.000,12.0000,2.7950,no
308_win,0.3080,accubond,150.0000,vihtavuori_n135,102,42.7000,2746,24.000,12.0000,2.7950,no
308_win,0.3080,accubond,150.0000,vihtavuori_n140,112,45.7000,2782,24.000,12.0000,2.7950,no
308_win,0.3080,tarvas,150.0000,vihtavuori_n135,102,41.7000,2795,24.000,12.0000,2.7240,no
308_win,0.3080,tarvas,150.0000,vihtavuori_n140,112,45.4000,2838,24.000,12.0000,2.7240,no
308_win,0.3080,blade_645a,150.0000,vihtavuori_n133,89,38.6000,2585,24.000,12.0000,2.7950,no
308_win,0.3080,blade_645a,150.0000,vihtavuori_n135,102,40.3000,2628,24.000,12.0000,2.7950,no
308_win,0.3080,blade_645a,150.0000,vihtavuori_n140,112,43.8000,2697,24.000,12.0000,2.7950,no
308_win,0.3080,blade_645a,150.0000,vihtavuori_n540,117,44.1000,2736,24.000,12.0000,2.7950,no
308_win,0.3080,blade_645a,150.0000,vihtavuori_n150,124,44.8000,2703,24.000,12.0000,2.7950,no
308_win,0.3080,hpbt,150.0000,vihtavuori_n130,84,39.4000,2710,24.000,12.0000,2.7950,no
308_win,0.3080,hpbt,150.0000,vihtavuori_n133,89,42.1000,2766,24.000,12.0000,2.7950,no
308_win,0.3080,hpbt,150.0000,vihtavuori_n135,102,44.0000,2789,24.000,12.0000,2.7950,no
308_win,0.3080,hpbt,150.0000,vihtavuori_n140,112,47.3000,2851,24.000,12.0000,2.7950,no
308_win,0.3080,hpbt,150.0000,vihtavuori_n540,117,48.3000,2956,24.000,12.0000,2.7950,no
308_win,0.3080,spbt,150.0000,vihtavuori_n133,89,44.1000,2831,24.000,12.0000,2.7560,no
308_win,0.3080,spbt,150.0000,vihtavuori_n135,102,45.7000,2857,24.000,12.0000,2.7560,no
308_win,0.3080,spbt,150.0000,vihtavuori_n140,112,47.1000,2815,24.000,12.0000,2.7560,no
308_win,0.3080,spbt,150.0000,vihtavuori_n150,124,49.9000,2880,24.000,12.0000,2.7560,no
308_win,0.3080,scirocco_ii,150.0000,vihtavuori_n135,102,38.3000,2621,24.000,12.0000,2.7950,no
308_win,0.3080,scirocco_ii,150.0000,vihtavuori_n140,112,42.4000,2697,24.000,12.0000,2.7950,no
308_win,0.3080,scirocco_ii,150.0000,vihtavuori_n540,117,42.7000,2733,24.000,12.0000,2.7950,no
308_win,0.3080,scirocco_ii,150.0000,vihtavuori_n150,124,42.9000,2713,24.000,12.0000,2.7950,no
308_win,0.3080,scirocco_ii,150.0000,vihtavuori_n550,129,46.0000,2726,24.000,12.0000,2.7950,no
308_win,0.3080,weldcore_pp,150.0000,vihtavuori_n135,102,41.4000,2680,24.000,12.0000,2.7950,no
308_win,0.3080,weldcore_pp,150.0000,vihtavuori_n140,112,44.3000,2697,24.000,12.0000,2.7950,no
308_win,0.3080,weldcore_pp,150.0000,vihtavuori_n540,117,45.2000,2802,24.000,12.0000,2.7950,no
308_win,0.3080,hybrid_target,155.0000,vihtavuori_n135,102,40.3000,2664,24.000,12.0000,2.7950,no
308_win,0.3080,hybrid_target,155.0000,vihtavuori_n140,112,43.2000,2687,24.000,12.0000,2.7950,no
308_win,0.3080,hybrid_target,155.0000,vihtavuori_n540,117,44.0000,2762,24.000,12.0000,2.7950,no
308_win,0.3080,hybrid_target,155.0000,vihtavuori_n150,124,43.8000,2720,24.000,12.0000,2.7950,no
308_win,0.3080,hybrid_target,155.0000,vihtavuori_n550,129,46.5000,2756,24.000,12.0000,2.7950,no
308_win,0.3080,vld_hunting,155.0000,vihtavuori_n130,84,37.7000,2612,24.000,12.0000,2.8000,no
308_win,0.3080,vld_hunting,155.0000,vihtavuori_n133,89,40.3000,2667,24.000,12.0000,2.8000,no
308_win,0.3080,vld_hunting,155.0000,vihtavuori_n135,102,41.8000,2694,24.000,12.0000,2.8000,no
308_win,0.3080,vld_hunting,155.0000,vihtavuori_n540,117,45.7000,2795,24.000,12.0000,2.8000,no
308_win,0.3080,tag,155.0000,vihtavuori_n140,112,45.4000,2772,24.000,12.0000,2.7400,no
308_win,0.3080,tag,155.0000,vihtavuori_n540,117,46.1000,2858,24.000,12.0000,2.7400,no
308_win,0.3080,tag,155.0000,vihtavuori_n150,124,46.3000,2782,24.000,12.0000,2.7400,no
308_win,0.3080,bthp,155.0000,vihtavuori_n130,84,38.3000,2648,24.000,12.0000,2.7950,no
308_win,0.3080,bthp,155.0000,vihtavuori_n133,89,41.4000,2720,24.000,12.0000,2.7950,no
308_win,0.3080,bthp,155.0000,vihtavuori_n135,102,43.4000,2749,24.000,12.0000,2.7950,no
308_win,0.3080,bthp,155.0000,vihtavuori_n540,117,46.6000,2828,24.000,12.0000,2.7950,no
308_win,0.3080,eld_match,155.0000,vihtavuori_n133,89,39.7000,2684,24.000,12.0000,2.7990,no
308_win,0.3080,eld_match,155.0000,vihtavuori_n135,102,41.4000,2717,24.000,12.0000,2.7990,no
308_win,0.3080,eld_match,155.0000,vihtavuori_n140,112,44.1000,2759,24.000,12.0000,2.7990,no
308_win,0.3080,eld_match,155.0000,vihtavuori_n540,117,44.4000,2782,24.000,12.0000,2.7990,no
308_win,0.3080,scenar_l,155.0000,vihtavuori_n530,100,41.0000,2769,24.000,12.0000,2.7950,no
308_win,0.3080,scenar_l,155.0000,vihtavuori_n135,102,40.7000,2638,24.000,12.0000,2.7950,no
308_win,0.3080,scenar_l,155.0000,vihtavuori_n140,112,43.4000,2648,24.000,12.0000,2.7950,no
308_win,0.3080,scenar_l,155.0000,vihtavuori_n540,117,44.9000,2900,24.000,12.0000,2.7950,no
308_win,0.3080,scenar_l,155.0000,vihtavuori_n150,124,46.8000,2683,24.000,12.0000,2.7950,no
308_win,0.3080,hunting,155.0000,vihtavuori_n140,112,44.4000,2743,24.000,12.0000,2.7520,no
308_win,0.3080,hunting,155.0000,vihtavuori_n540,117,44.8000,2805,24.000,12.0000,2.7520,no
308_win,0.3080,hunting,155.0000,vihtavuori_n150,124,45.4000,2776,24.000,12.0000,2.7520,no
308_win,0.3080,custom_competition,155.0000,vihtavuori_n133,89,40.3000,2700,24.000,12.0000,2.7950,no
308_win,0.3080,custom_competition,155.0000,vihtavuori_n135,102,42.3000,2733,24.000,12.0000,2.7950,no
308_win,0.3080,custom_competition,155.0000,vihtavuori_n540,117,45.5000,2828,24.000,12.0000,2.7950,no
308_win,0.3080,hpbt,155.0000,vihtavuori_n135,102,41.3000,2674,24.000,12.0000,2.7950,no
308_win,0.3080,hpbt,155.0000,vihtavuori_n140,112,44.2000,2712,24.000,12.0000,2.7950,no
308_win,0.3080,hpbt,155.0000,vihtavuori_n540,117,45.1000,2750,24.000,12.0000,2.7950,no
308_win,0.3080,hpbt,155.0000,vihtavuori_n150,124,46.5000,2790,24.000,12.0000,2.7950,no
308_win,0.3080,tmk,155.0000,vihtavuori_n135,102,40.1000,2654,24.000,12.0000,2.7950,no
308_win,0.3080,tmk,155.0000,vihtavuori_n140,112,43.1000,2677,24.000,12.0000,2.7950,no
308_win,0.3080,tmk,155.0000,vihtavuori_n540,117,43.7000,2753,24.000,12.0000,2.7950,no
308_win,0.3080,tmk,155.0000,vihtavuori_n150,124,44.0000,2710,24.000,12.0000,2.7950,no
308_win,0.3080,tmk,155.0000,vihtavuori_n550,129,46.5000,2759,24.000,12.0000,2.7950,no
308_win,0.3080,fullbore_target,155.5000,vihtavuori_n130,84,38.0000,2635,24.000,12.0000,2.8000,no
308_win,0.3080,fullbore_target,155.5000,vihtavuori_n133,89,41.1000,2690,24.000,12.0000,2.8000,no
308_win,0.3080,fullbore_target,155.5000,vihtavuori_n135,102,42.6000,2733,24.000,12.0000,2.8000,no
308_win,0.3080,blade_656a,162.0000,vihtavuori_n540,117,42.6000,2615,24.000,12.0000,2.7950,no
308_win,0.3080,blade_656a,162.0000,vihtavuori_n150,124,41.2000,2503,24.000,12.0000,2.7950,no
308_win,0.3080,tsx,165.0000,vihtavuori_n140,112,43.1000,2674,24.000,12.0000,2.7950,no
308_win,0.3080,tsx,165.0000,vihtavuori_n150,124,44.6000,2703,24.000,12.0000,2.7950,no
308_win,0.3080,tsx,165.0000,vihtavuori_n550,129,47.1000,2733,24.000,12.0000,2.7950,no
308_win,0.3080,ttsx_bt,165.0000,vihtavuori_n135,102,39.4000,2507,24.000,12.0000,2.7990,no
308_win,0.3080,tog,165.0000,vihtavuori_n135,102,34.7000,2221,24.000,12.0000,2.6970,no
308_win,0.3080,tog,165.0000,vihtavuori_n140,112,42.1000,2585,24.000,12.0000,2.6970,no
308_win,0.3080,tog,165.0000,vihtavuori_n540,117,43.5000,2690,24.000,12.0000,2.6970,no
308_win,0.3080,tog,165.0000,vihtavuori_n150,124,43.4000,2605,24.000,12.0000,2.6970,no
308_win,0.3080,mth,165.0000,vihtavuori_n140,112,42.1000,2566,24.000,12.0000,2.7950,no
308_win,0.3080,mth,165.0000,vihtavuori_n540,117,42.9000,2644,24.000,12.0000,2.7950,no
308_win,0.3080,mth,165.0000,vihtavuori_n550,129,46.1000,2661,24.000,12.0000,2.7950,no
308_win,0.3080,cx,165.0000,vihtavuori_n135,102,38.1000,2438,24.000,12.0000,2.7990,no
308_win,0.3080,ecx,165.0000,vihtavuori_n135,102,37.5000,2395,24.000,12.0000,2.7950,no
308_win,0.3080,ecx,165.0000,vihtavuori_n140,112,42.1000,2510,24.000,12.0000,2.7950,no
308_win,0.3080,ecx,165.0000,vihtavuori_n540,117,43.4000,2595,24.000,12.0000,2.7950,no
308_win,0.3080,ecx,165.0000,vihtavuori_n150,124,42.3000,2530,24.000,12.0000,2.7950,no
308_win,0.3080,gmx,165.0000,vihtavuori_n140,112,41.2000,2480,24.000,12.0000,2.7950,no
308_win,0.3080,gmx,165.0000,vihtavuori_n540,117,41.7000,2549,24.000,12.0000,2.7950,no
308_win,0.3080,gmx,165.0000,vihtavuori_n150,124,41.7000,2497,24.000,12.0000,2.7950,no
308_win,0.3080,gmx,165.0000,vihtavuori_n550,129,45.2000,2592,24.000,12.0000,2.7950,no
308_win,0.3080,interlock_btsp,165.0000,vihtavuori_n130,84,36.6000,2520,24.000,12.0000,2.7400,no
308_win,0.3080,interlock_btsp,165.0000,vihtavuori_n133,89,39.7000,2582,24.000,12.0000,2.7400,no
308_win,0.3080,interlock_btsp,165.0000,vihtavuori_n135,102,41.1000,2615,24.000,12.0000,2.7400,no
308_win,0.3080,interlock_btsp,165.0000,vihtavuori_n140,112,44.4000,2687,24.000,12.0000,2.7400,no
308_win,0.3080,sst,165.0000,vihtavuori_n130,84,34.7000,2444,24.000,12.0000,2.7760,no
308_win,0.3080,sst,165.0000,vihtavuori_n133,89,37.2000,2497,24.000,12.0000,2.7760,no
308_win,0.3080,sst,165.0000,vihtavuori_n135,102,38.7000,2533,24.000,12.0000,2.7760,no
308_win,0.3080,sst,165.0000,vihtavuori_n140,112,42.4000,2595,24.000,12.0000,2.7760,no
308_win,0.3080,sst,165.0000,vihtavuori_n540,117,43.5000,2680,24.000,12.0000,2.7760,no
308_win,0.3080,sst,165.0000,vihtavuori_n150,124,42.7000,2631,24.000,12.0000,2.7760,no
308_win,0.3080,sst,165.0000,vihtavuori_n550,129,46.0000,2687,24.000,12.0000,2.7760,no
308_win,0.3080,solid_brass_tactic,165.0000,vihtavuori_n130,84,36.7000,2579,24.000,12.0000,2.7950,no
308_win,0.3080,solid_brass_tactic,165.0000,vihtavuori_n133,89,39.8000,2628,24.000,12.0000,2.7950,no
308_win,0.3080,tarvas,165.0000,vihtavuori_n140,112,43.5000,2687,24.000,12.0000,2.7240,no
308_win,0.3080,tarvas,165.0000,vihtavuori_n540,117,45.1000,2736,24.000,12.0000,2.7240,no
308_win,0.3080,tarvas,165.0000,vihtavuori_n150,124,44.6000,2684,24.000,12.0000,2.7240,no
308_win,0.3080,solid_shank,165.0000,vihtavuori_n140,112,42.9000,2612,24.000,12.0000,2.6570,no
308_win,0.3080,solid_shank,165.0000,vihtavuori_n540,117,44.0000,2651,24.000,12.0000,2.6570,no
308_win,0.3080,solid_shank,165.0000,vihtavuori_n150,124,44.0000,2651,24.000,12.0000,2.6570,no
308_win,0.3080,solid_shank,165.0000,vihtavuori_n550,129,47.4000,2667,24.000,12.0000,2.6570,no
308_win,0.3080,sbt,165.0000,vihtavuori_n135,102,40.0000,2579,24.000,12.0000,2.7520,no
308_win,0.3080,sbt,165.0000,vihtavuori_n140,112,43.4000,2651,24.000,12.0000,2.7520,no
308_win,0.3080,sbt,165.0000,vihtavuori_n540,117,44.4000,2713,24.000,12.0000,2.7520,no
308_win,0.3080,sbt,165.0000,vihtavuori_n150,124,44.0000,2648,24.000,12.0000,2.7520,no
308_win,0.3080,spbt,165.0000,vihtavuori_n133,89,41.9000,2653,24.000,12.0000,2.7950,no
308_win,0.3080,spbt,165.0000,vihtavuori_n135,102,44.1000,2703,24.000,12.0000,2.7950,no
308_win,0.3080,spbt,165.0000,vihtavuori_n140,112,46.3000,2750,24.000,12.0000,2.7950,no
308_win,0.3080,spbt,165.0000,vihtavuori_n150,124,47.9000,2761,24.000,12.0000,2.7950,no
308_win,0.3080,spbt,165.0000,vihtavuori_n550,129,49.3000,2789,24.000,12.0000,2.7950,no
308_win,0.3080,scirocco_ii,165.0000,vihtavuori_n140,112,40.6000,2549,24.000,12.0000,2.7950,no
308_win,0.3080,scirocco_ii,165.0000,vihtavuori_n540,117,41.5000,2579,24.000,12.0000,2.7950,no
308_win,0.3080,scirocco_ii,165.0000,vihtavuori_n150,124,41.7000,2566,24.000,12.0000,2.7950,no
308_win,0.3080,scirocco_ii,165.0000,vihtavuori_n550,129,45.2000,2615,24.000,12.0000,2.7950,no
308_win,0.3080,exhbt,166.0000,vihtavuori_n135,102,35.5000,2329,24.000,12.0000,2.6570,no
308_win,0.3080,exhbt,166.0000,vihtavuori_n140,112,42.0000,2510,24.000,12.0000,2.6570,no
308_win,0.3080,exhbt,166.0000,vihtavuori_n540,117,42.7000,2572,24.000,12.0000,2.6570,no
308_win,0.3080,exhbt,166.0000,vihtavuori_n150,124,41.7000,2500,24.000,12.0000,2.6570,no
308_win,0.3080,scenar,167.0000,vihtavuori_n135,102,40.0000,2667,24.000,12.0000,2.7950,no
308_win,0.3080,scenar,167.0000,vihtavuori_n140,112,44.0000,2628,24.000,12.0000,2.7950,no
308_win,0.3080,scenar,167.0000,vihtavuori_n540,117,44.0000,2661,24.000,12.0000,2.7950,no
308_win,0.3080,scenar,167.0000,vihtavuori_n150,124,44.8000,2744,24.000,12.0000,2.7950,no
308_win,0.3080,tsx,168.0000,vihtavuori_n140,112,44.1000,2664,24.000,12.0000,2.7950,no
308_win,0.3080,tsx,168.0000,vihtavuori_n540,117,45.4000,2749,24.000,12.0000,2.7950,no
308_win,0.3080,tsx,168.0000,vihtavuori_n150,124,44.9000,2671,24.000,12.0000,2.7950,no
308_win,0.3080,ttsx_bt,168.0000,vihtavuori_n133,89,38.4000,2467,24.000,12.0000,2.7360,no
308_win,0.3080,classic_hunter,168.0000,vihtavuori_n133,89,39.0000,2552,24.000,12.0000,2.7950,no
308_win,0.3080,classic_hunter,168.0000,vihtavuori_n135,102,40.6000,2582,24.000,12.0000,2.7950,no
308_win,0.3080,classic_hunter,168.0000,vihtavuori_n140,112,43.5000,2628,24.000,12.0000,2.7950,no
308_win,0.3080,classic_hunter,168.0000,vihtavuori_n540,117,44.1000,2687,24.000,12.0000,2.7950,no
308_win,0.3080,classic_hunter,168.0000,vihtavuori_n150,124,43.5000,2638,24.000,12.0000,2.7950,no
308_win,0.3080,hybrid_target,168.0000,vihtavuori_n140,112,41.8000,2556,24.000,12.0000,2.7950,no
308_win,0.3080,hybrid_target,168.0000,vihtavuori_n540,117,42.9000,2654,24.000,12.0000,2.7950,no
308_win,0.3080,hybrid_target,168.0000,vihtavuori_n150,124,42.8000,2602,24.000,12.0000,2.7950,no
308_win,0.3080,hybrid_target,168.0000,vihtavuori_n550,129,45.0000,2661,24.000,12.0000,2.7950,no
308_win,0.3080,vld_hunting,168.0000,vihtavuori_n130,84,36.9000,2497,24.000,12.0000,2.8000,no
308_win,0.3080,vld_hunting,168.0000,vihtavuori_n133,89,39.4000,2543,24.000,12.0000,2.8000,no
308_win,0.3080,vld_hunting,168.0000,vihtavuori_n135,102,41.1000,2579,24.000,12.0000,2.8000,no
308_win,0.3080,mtac,168.0000,vihtavuori_n135,102,38.6000,2490,24.000,12.0000,2.7950,no
308_win,0.3080,mtac,168.0000,vihtavuori_n140,112,41.8000,2562,24.000,12.0000,2.7950,no
308_win,0.3080,mtac,168.0000,vihtavuori_n540,117,42.6000,2621,24.000,12.0000,2.7950,no
308_win,0.3080,mtac,168.0000,vihtavuori_n150,124,42.0000,2559,24.000,12.0000,2.7950,no
308_win,0.3080,mtac,168.0000,vihtavuori_n550,129,45.8000,2641,24.000,12.0000,2.7950,no
308_win,0.3080,a_max,168.0000,vihtavuori_n133,89,38.3000,2503,24.000,12.0000,2.7950,no
308_win,0.3080,a_max,168.0000,vihtavuori_n135,102,39.8000,2533,24.000,12.0000,2.7950,no
308_win,0.3080,a_max,168.0000,vihtavuori_n140,112,42.1000,2569,24.000,12.0000,2.7950,no
308_win,0.3080,a_max,168.0000,vihtavuori_n540,117,43.5000,2651,24.000,12.0000,2.7950,no
308_win,0.3080,eld_match,168.0000,vihtavuori_n135,102,39.4000,2575,24.000,12.0000,2.7950,no
308_win,0.3080,eld_match,168.0000,vihtavuori_n140,112,42.4000,2648,24.000,12.0000,2.7950,no
308_win,0.3080,eld_match,168.0000,vihtavuori_n540,117,42.7000,2671,24.000,12.0000,2.7950,no
308_win,0.3080,eld_match,168.0000,vihtavuori_n150,124,42.9000,2644,24.000,12.0000,2.7950,no
308_win,0.3080,custom_competition,168.0000,vihtavuori_n133,89,38.9000,2569,24.000,12.0000,2.7990,no
308_win,0.3080,custom_competition,168.0000,vihtavuori_n135,102,40.6000,2592,24.000,12.0000,2.7990,no
308_win,0.3080,custom_competition,168.0000,vihtavuori_n540,117,43.7000,2680,24.000,12.0000,2.7990,no
308_win,0.3080,custom_competition,168.0000,vihtavuori_n150,124,43.1000,2638,24.000,12.0000,2.7990,no
308_win,0.3080,hpbt,168.0000,vihtavuori_n135,102,40.1000,2569,24.000,12.0000,2.7950,no
308_win,0.3080,hpbt,168.0000,vihtavuori_n140,112,42.9000,2631,24.000,12.0000,2.7950,no
308_win,0.3080,hpbt,168.0000,vihtavuori_n540,117,43.7000,2671,24.000,12.0000,2.7950,no
308_win,0.3080,hpbt,168.0000,vihtavuori_n150,124,43.5000,2635,24.000,12.0000,2.7950,no
308_win,0.3080,hpbt,168.0000,vihtavuori_n550,129,46.5000,2703,24.000,12.0000,2.7950,no
308_win,0.3080,target_match,168.0000,vihtavuori_n133,89,39.0000,2566,24.000,12.0000,2.7950,no
308_win,0.3080,target_match,168.0000,vihtavuori_n135,102,40.7000,2595,24.000,12.0000,2.7950,no
308_win,0.3080,target_match,168.0000,vihtavuori_n140,112,43.7000,2651,24.000,12.0000,2.7950,no
308_win,0.3080,target_match,168.0000,vihtavuori_n540,117,43.8000,2680,24.000,12.0000,2.7950,no
308_win,0.3080,target_match,168.0000,vihtavuori_n150,124,43.8000,2651,24.000,12.0000,2.7950,no
308_win,0.3080,lockbase_b476,170.0000,vihtavuori_n135,102,42.9000,2645,24.000,12.0000,2.7950,no
308_win,0.3080,lockbase_b476,170.0000,vihtavuori_n140,112,45.5000,2696,24.000,12.0000,2.7950,no
308_win,0.3080,lockbase_b476,170.0000,vihtavuori_n540,117,46.3000,2762,24.000,12.0000,2.7950,no
308_win,0.3080,lockbase_b476,170.0000,vihtavuori_n150,124,45.5000,2734,24.000,12.0000,2.7950,no
308_win,0.3080,lockbase_b476,170.0000,vihtavuori_n550,129,48.5000,2772,24.000,12.0000,2.7950,no
308_win,0.3080,naturalis_lr,170.0000,vihtavuori_n140,112,43.8000,2707,24.000,12.0000,2.7950,no
308_win,0.3080,naturalis_lr,170.0000,vihtavuori_n150,124,44.6000,2674,24.000,12.0000,2.7950,no
308_win,0.3080,naturalis_n558,170.0000,vihtavuori_n140,112,42.0000,2615,24.000,12.0000,2.7950,no
308_win,0.3080,naturalis_n558,170.0000,vihtavuori_n540,117,44.1000,2703,24.000,12.0000,2.7950,no
308_win,0.3080,naturalis_n558,170.0000,vihtavuori_n150,124,42.7000,2635,24.000,12.0000,2.7950,no
308_win,0.3080,naturalis_n558,170.0000,vihtavuori_n550,129,45.8000,2621,24.000,12.0000,2.7950,no
308_win,0.3080,eld_vt,174.0000,vihtavuori_n130,84,36.0000,2441,24.000,12.0000,2.8000,no
308_win,0.3080,hpbt,174.0000,vihtavuori_n133,89,37.5000,2480,24.000,12.0000,2.7950,no
308_win,0.3080,hpbt,174.0000,vihtavuori_n135,102,38.9000,2510,24.000,12.0000,2.7950,no
308_win,0.3080,hpbt,174.0000,vihtavuori_n140,112,41.7000,2569,24.000,12.0000,2.7950,no
308_win,0.3080,hpbt,174.0000,vihtavuori_n540,117,42.1000,2608,24.000,12.0000,2.7950,no
308_win,0.3080,hpbt,174.0000,vihtavuori_n150,124,42.3000,2592,24.000,12.0000,2.7950,no
308_win,0.3080,hpbt,174.0000,vihtavuori_n550,129,45.2000,2648,24.000,12.0000,2.7950,no
308_win,0.3080,lrx_bt,175.0000,vihtavuori_n133,89,37.7000,2415,24.000,12.0000,2.7950,no
308_win,0.3080,long_range_bt_target,175.0000,vihtavuori_n130,84,36.0000,2428,24.000,12.0000,2.8000,no
308_win,0.3080,long_range_bt_target,175.0000,vihtavuori_n133,89,38.9000,2477,24.000,12.0000,2.8000,no
308_win,0.3080,long_range_bt_target,175.0000,vihtavuori_n135,102,40.6000,2516,24.000,12.0000,2.8000,no
308_win,0.3080,long_range_bt_target,175.0000,vihtavuori_n140,112,43.5000,2579,24.000,12.0000,2.8000,no
308_win,0.3080,long_range_bt_target,175.0000,vihtavuori_n540,117,44.3000,2638,24.000,12.0000,2.8000,no
308_win,0.3080,long_range_bt_target,175.0000,vihtavuori_n150,124,44.1000,2585,24.000,12.0000,2.8000,no
308_win,0.3080,otm_tactical,175.0000,vihtavuori_n130,84,34.9000,2431,24.000,12.0000,2.7950,no
308_win,0.3080,otm_tactical,175.0000,vihtavuori_n133,89,37.3000,2477,24.000,12.0000,2.7950,no
308_win,0.3080,otm_tactical,175.0000,vihtavuori_n530,100,38.6000,2533,24.000,12.0000,2.7950,no
308_win,0.3080,otm_tactical,175.0000,vihtavuori_n135,102,39.0000,2510,24.000,12.0000,2.7950,no
308_win,0.3080,otm_tactical,175.0000,vihtavuori_n140,112,41.8000,2559,24.000,12.0000,2.7950,no
308_win,0.3080,otm_tactical,175.0000,vihtavuori_n540,117,42.9000,2628,24.000,12.0000,2.7950,no
308_win,0.3080,otm_tactical,175.0000,vihtavuori_n150,124,42.3000,2582,24.000,12.0000,2.7950,no
308_win,0.3080,otm_tactical,175.0000,vihtavuori_n550,129,45.4000,2641,24.000,12.0000,2.7950,no
308_win,0.3080,vld_hunting,175.0000,vihtavuori_n130,84,36.1000,2411,24.000,12.0000,2.8000,no
308_win,0.3080,vld_hunting,175.0000,vihtavuori_n133,89,38.9000,2470,24.000,12.0000,2.8000,no
308_win,0.3080,vld_hunting,175.0000,vihtavuori_n135,102,40.3000,2497,24.000,12.0000,2.8000,no
308_win,0.3080,vld_hunting,175.0000,vihtavuori_n140,112,43.4000,2566,24.000,12.0000,2.8000,no
308_win,0.3080,vld_hunting,175.0000,vihtavuori_n540,117,44.1000,2625,24.000,12.0000,2.8000,no
308_win,0.3080,maxrange_target_gb581,175.0000,vihtavuori_n135,102,39.5000,2533,24.000,12.0000,2.7950,no
308_win,0.3080,maxrange_target_gb581,175.0000,vihtavuori_n540,117,42.7000,2631,24.000,12.0000,2.7950,no
308_win,0.3080,otm_scenar_l,175.0000,vihtavuori_n135,102,38.6000,2579,24.000,12.0000,2.7950,no
308_win,0.3080,otm_scenar_l,175.0000,vihtavuori_n140,112,41.4000,2635,24.000,12.0000,2.7950,no
308_win,0.3080,otm_scenar_l,175.0000,vihtavuori_n540,117,42.4000,2697,24.000,12.0000,2.7950,no
308_win,0.3080,otm_scenar_l,175.0000,vihtavuori_n150,124,42.1000,2638,24.000,12.0000,2.7950,no
308_win,0.3080,a_tip_match,176.0000,vihtavuori_n135,102,39.8000,2507,24.000,12.0000,2.7950,no
308_win,0.3080,a_tip_match,176.0000,vihtavuori_n540,117,44.1000,2631,24.000,12.0000,2.7950,no
308_win,0.3080,eld_match,178.0000,vihtavuori_n130,84,36.1000,2441,24.000,12.0000,2.7950,no
308_win,0.3080,eld_match,178.0000,vihtavuori_n133,89,38.7000,2484,24.000,12.0000,2.7950,no
308_win,0.3080,eld_match,178.0000,vihtavuori_n135,102,40.1000,2510,24.000,12.0000,2.7950,no
308_win,0.3080,eld_match,178.0000,vihtavuori_n140,112,43.2000,2566,24.000,12.0000,2.7950,no
308_win,0.3080,eld_match,178.0000,vihtavuori_n540,117,43.7000,2602,24.000,12.0000,2.7950,no
308_win,0.3080,eld_match,178.0000,vihtavuori_n150,124,44.1000,2592,24.000,12.0000,2.7950,no
308_win,0.3080,ttsx_bt,180.0000,vihtavuori_n135,102,36.7000,2333,24.000,12.0000,2.7950,no
308_win,0.3080,ttsx_bt,180.0000,vihtavuori_n140,112,40.7000,2415,24.000,12.0000,2.7950,no
308_win,0.3080,ttsx_bt,180.0000,vihtavuori_n540,117,40.7000,2454,24.000,12.0000,2.7950,no
308_win,0.3080,ttsx_bt,180.0000,vihtavuori_n150,124,40.6000,2421,24.000,12.0000,2.7950,no
308_win,0.3080,ttsx_bt,180.0000,vihtavuori_n550,129,43.4000,2464,24.000,12.0000,2.7950,no
308_win,0.3080,xfb,180.0000,vihtavuori_n540,117,39.3000,2346,24.000,12.0000,2.7950,no
308_win,0.3080,xfb,180.0000,vihtavuori_n550,129,42.4000,2408,24.000,12.0000,2.7950,no
308_win,0.3080,elite_hunter,180.0000,vihtavuori_n135,102,39.0000,2448,24.000,12.0000,2.7950,no
308_win,0.3080,elite_hunter,180.0000,vihtavuori_n140,112,41.1000,2487,24.000,12.0000,2.7950,no
308_win,0.3080,elite_hunter,180.0000,vihtavuori_n540,117,42.1000,2549,24.000,12.0000,2.7950,no
308_win,0.3080,elite_hunter,180.0000,vihtavuori_n150,124,41.7000,2493,24.000,12.0000,2.7950,no
308_win,0.3080,elite_hunter,180.0000,vihtavuori_n550,129,44.8000,2575,24.000,12.0000,2.7950,no
308_win,0.3080,cx,180.0000,vihtavuori_n135,102,33.0000,2165,24.000,12.0000,2.7950,no
308_win,0.3080,cx,180.0000,vihtavuori_n140,112,38.7000,2329,24.000,12.0000,2.7950,no
308_win,0.3080,cx,180.0000,vihtavuori_n540,117,40.1000,2421,24.000,12.0000,2.7950,no
308_win,0.3080,cx,180.0000,vihtavuori_n150,124,39.2000,2346,24.000,12.0000,2.7950,no
308_win,0.3080,cx,180.0000,vihtavuori_n550,129,43.5000,2480,24.000,12.0000,2.7950,no
308_win,0.3080,interlock_btsp,180.0000,vihtavuori_n135,102,39.8000,2467,24.000,12.0000,2.7400,no
308_win,0.3080,oryx,180.0000,vihtavuori_n530,100,36.7000,2441,24.000,12.0000,2.7090,no
308_win,0.3080,oryx,180.0000,vihtavuori_n135,102,37.0000,2418,24.000,12.0000,2.7090,no
308_win,0.3080,oryx,180.0000,vihtavuori_n140,112,41.1000,2493,24.000,12.0000,2.7090,no
308_win,0.3080,oryx,180.0000,vihtavuori_n540,117,41.1000,2526,24.000,12.0000,2.7090,no
308_win,0.3080,oryx,180.0000,vihtavuori_n150,124,41.4000,2507,24.000,12.0000,2.7090,no
308_win,0.3080,oryx,180.0000,vihtavuori_n550,129,43.4000,2539,24.000,12.0000,2.7090,no
308_win,0.3080,hmk,180.0000,vihtavuori_n140,112,41.4000,2474,24.000,12.0000,2.6610,no
308_win,0.3080,hmk,180.0000,vihtavuori_n540,117,42.4000,2533,24.000,12.0000,2.6610,no
308_win,0.3080,hmk,180.0000,vihtavuori_n150,124,42.1000,2493,24.000,12.0000,2.6610,no
308_win,0.3080,uni_classic,180.0000,vihtavuori_n140,112,41.5000,2470,24.000,12.0000,2.6460,no
308_win,0.3080,uni_classic,180.0000,vihtavuori_n540,117,41.7000,2497,24.000,12.0000,2.6460,no
308_win,0.3080,uni_classic,180.0000,vihtavuori_n150,124,42.1000,2487,24.000,12.0000,2.6460,no
308_win,0.3080,tug,181.0000,vihtavuori_n135,102,38.4000,2402,24.000,12.0000,2.7010,no
308_win,0.3080,tug,181.0000,vihtavuori_n140,112,42.4000,2477,24.000,12.0000,2.7010,no
308_win,0.3080,tug,181.0000,vihtavuori_n540,117,42.9000,2549,24.000,12.0000,2.7010,no
308_win,0.3080,tug,181.0000,vihtavuori_n150,124,42.3000,2500,24.000,12.0000,2.7010,no
308_win,0.3080,tug,181.0000,vihtavuori_n550,129,46.3000,2582,24.000,12.0000,2.7010,no
308_win,0.3080,hybrid_target,185.0000,vihtavuori_n540,117,40.4000,2484,24.000,12.0000,2.7950,no
308_win,0.3080,hybrid_target,185.0000,vihtavuori_n150,124,40.6000,2421,24.000,12.0000,2.7950,no
308_win,0.3080,juggernaut_target,185.0000,vihtavuori_n140,112,40.3000,2395,24.000,12.0000,2.7950,no
308_win,0.3080,juggernaut_target,185.0000,vihtavuori_n540,117,41.1000,2487,24.000,12.0000,2.7950,no
308_win,0.3080,juggernaut_target,185.0000,vihtavuori_n150,124,40.6000,2408,24.000,12.0000,2.7950,no
308_win,0.3080,juggernaut_target,185.0000,vihtavuori_n550,129,43.4000,2507,24.000,12.0000,2.7950,no
308_win,0.3080,d46,185.0000,vihtavuori_n135,102,41.0000,2495,24.000,12.0000,2.7950,no
308_win,0.3080,d46,185.0000,vihtavuori_n140,112,43.7000,2551,24.000,12.0000,2.7950,no
308_win,0.3080,d46,185.0000,vihtavuori_n540,117,43.8000,2595,24.000,12.0000,2.7950,no
308_win,0.3080,d46,185.0000,vihtavuori_n150,124,43.8000,2641,24.000,12.0000,2.7950,no
308_win,0.3080,mega_e415,185.0000,vihtavuori_n135,102,39.7000,2398,24.000,12.0000,2.6570,no
308_win,0.3080,mega_e415,185.0000,vihtavuori_n140,112,43.5000,2480,24.000,12.0000,2.6570,no
308_win,0.3080,mega_e415,185.0000,vihtavuori_n540,117,45.1000,2628,24.000,12.0000,2.6570,no
308_win,0.3080,mega_e415,185.0000,vihtavuori_n150,124,45.2000,2480,24.000,12.0000,2.6570,no
308_win,0.3080,mega_e415,185.0000,vihtavuori_n550,129,47.4000,2520,24.000,12.0000,2.6570,no
308_win,0.3080,scenar,185.0000,vihtavuori_n140,112,41.5000,2552,24.000,12.0000,2.7950,no
308_win,0.3080,scenar,185.0000,vihtavuori_n540,117,42.6000,2628,24.000,12.0000,2.7950,no
308_win,0.3080,scenar,185.0000,vihtavuori_n150,124,42.0000,2575,24.000,12.0000,2.7950,no
308_win,0.3080,scenar,185.0000,vihtavuori_n550,129,46.9000,2608,24.000,12.0000,2.7950,no
308_win,0.3080,hpbt,190.0000,vihtavuori_n135,102,37.7000,2382,24.000,12.0000,2.7950,no
308_win,0.3080,hpbt,190.0000,vihtavuori_n140,112,40.0000,2448,24.000,12.0000,2.7950,no
308_win,0.3080,hpbt,190.0000,vihtavuori_n540,117,41.4000,2507,24.000,12.0000,2.7950,no
308_win,0.3080,hpbt,190.0000,vihtavuori_n150,124,41.1000,2467,24.000,12.0000,2.7950,no
308_win,0.3080,hpbt,190.0000,vihtavuori_n550,129,44.3000,2546,24.000,12.0000,2.7950,no
308_win,0.3080,eld_match,195.0000,vihtavuori_n140,112,41.5000,2431,24.000,12.0000,2.8000,no
308_win,0.3080,eld_match,195.0000,vihtavuori_n540,117,42.4000,2493,24.000,12.0000,2.8000,no
308_win,0.3080,sp,200.0000,vihtavuori_n140,112,41.2000,2335,24.000,12.0000,2.7950,no
308_win,0.3080,sp,200.0000,vihtavuori_n150,124,42.2000,2344,24.000,12.0000,2.7950,no
308_win,0.3080,200_20x_hybrid_target,200.2000,vihtavuori_n140,112,40.4000,2372,24.000,12.0000,2.7950,no
308_win,0.3080,200_20x_hybrid_target,200.2000,vihtavuori_n540,117,41.5000,2454,24.000,12.0000,2.7950,no
308_win,0.3080,200_20x_hybrid_target,200.2000,vihtavuori_n150,124,40.3000,2388,24.000,12.0000,2.7950,no
308_win,0.3080,200_20x_hybrid_target,200.2000,vihtavuori_n550,129,44.8000,2497,24.000,12.0000,2.7950,no
308_win,0.3080,elite_hunter,205.0000,vihtavuori_n540,117,41.5000,2415,24.000,12.0000,2.7950,no
308_win,0.3080,hammerhead,220.0000,vihtavuori_n140,112,39.2000,2192,24.000,12.0000,2.7760,no
308_win,0.3080,hammerhead,220.0000,vihtavuori_n540,117,38.4000,2182,24.000,12.0000,2.7760,no
308_win,0.3080,hammerhead,220.0000,vihtavuori_n150,124,38.9000,2152,24.000,12.0000,2.7760,no
308_win,0.3080,hammerhead,220.0000,vihtavuori_n550,129,43.1000,2270,24.000,12.0000,2.7760,no
6_5_creedmoor,0.2640,ttsx_bt,100.0000,vihtavuori_n550,129,44.8000,3153,25.500,8.0000,2.7950,yes
6_5_creedmoor,0.2640,ttsx_bt,100.0000,vihtavuori_n160,143,47.8000,3022,25.500,8.0000,2.7950,yes
6_5_creedmoor,0.2640,classic_hunter,100.0000,vihtavuori_n160,143,48.1000,3153,25.500,8.0000,2.7170,yes
6_5_creedmoor,0.2640,eld_match,100.0000,vihtavuori_n160,143,47.8000,3136,25.500,8.0000,2.5980,yes
6_5_creedmoor,0.2640,eld_vt,100.0000,vihtavuori_n550,129,42.9000,3186,25.500,8.0000,2.7520,yes
6_5_creedmoor,0.2640,eld_vt,100.0000,vihtavuori_n555,144,44.8000,3041,25.500,8.0000,2.7520,yes
6_5_creedmoor,0.2640,eld_vt,100.0000,vihtavuori_n160,143,47.8000,3159,25.500,8.0000,2.7520,yes
6_5_creedmoor,0.2640,fmj,100.0000,vihtavuori_n555,144,46.3000,3087,25.500,8.0000,2.5350,yes
6_5_creedmoor,0.2640,bt_target,120.0000,vihtavuori_n555,144,45.2000,2897,25.500,8.0000,2.7950,yes
6_5_creedmoor,0.2640,bt_target,120.0000,vihtavuori_n160,143,46.5000,2910,25.500,8.0000,2.7950,yes
6_5_creedmoor,0.2640,cx,120.0000,vihtavuori_n555,144,46.3000,2877,25.500,8.0000,2.6570,yes
6_5_creedmoor,0.2640,cx,120.0000,vihtavuori_n160,143,45.8000,2818,25.500,8.0000,2.6570,yes
6_5_creedmoor,0.2640,cx,120.0000,vihtavuori_n560,147,48.9000,2907,25.500,8.0000,2.6570,yes
6_5_creedmoor,0.2640,eld_match,120.0000,vihtavuori_n555,144,44.8000,2936,25.500,8.0000,2.7360,yes
6_5_creedmoor,0.2640,eld_match,120.0000,vihtavuori_n160,143,44.0000,2851,25.500,8.0000,2.7360,yes
6_5_creedmoor,0.2640,eld_match,120.0000,vihtavuori_n560,147,46.6000,2923,25.500,8.0000,2.7360,yes
6_5_creedmoor,0.2640,scenar_l,120.0000,vihtavuori_n555,144,45.4000,2992,25.500,8.0000,2.6770,yes
6_5_creedmoor,0.2640,trx,120.0000,vihtavuori_n555,144,44.0000,2897,25.500,8.0000,2.7950,yes
6_5_creedmoor,0.2640,trx,120.0000,vihtavuori_n160,143,43.8000,2835,25.500,8.0000,2.7950,yes
6_5_creedmoor,0.2640,trx,120.0000,vihtavuori_n165,153,47.1000,2874,25.500,8.0000,2.7950,yes
6_5_creedmoor,0.2640,trx,120.0000,vihtavuori_n560,147,46.0000,2894,25.500,8.0000,2.7950,yes
6_5_creedmoor,0.2640,trx,120.0000,vihtavuori_n565,156,46.3000,2756,25.500,8.0000,2.7950,yes
6_5_creedmoor,0.2640,blade_657h,120.0000,vihtavuori_n555,144,45.5000,2828,25.500,8.0000,2.7950,yes
6_5_creedmoor,0.2640,hpbt,120.0000,vihtavuori_n555,144,45.4000,2976,25.500,8.0000,2.6770,yes
6_5_creedmoor,0.2640,hpbt,120.0000,vihtavuori_n160,143,44.9000,2900,25.500,8.0000,2.6770,yes
6_5_creedmoor,0.2640,hpbt,120.0000,vihtavuori_n560,147,46.8000,2949,25.500,8.0000,2.6770,yes
6_5_creedmoor,0.2640,hpbt,120.0000,vihtavuori_n565,156,46.3000,2726,25.500,8.0000,2.6770,yes
6_5_creedmoor,0.2640,target,123.0000,vihtavuori_n555,144,44.3000,2881,25.500,8.0000,2.6180,yes
6_5_creedmoor,0.2640,eld_match,123.0000,vihtavuori_n555,144,44.4000,2930,25.500,8.0000,2.7640,yes
6_5_creedmoor,0.2640,eld_match,123.0000,vihtavuori_n560,147,46.0000,2907,25.500,8.0000,2.7640,yes
6_5_creedmoor,0.2640,eld_match,123.0000,vihtavuori_n565,156,46.3000,2759,25.500,8.0000,2.7640,yes
6_5_creedmoor,0.2640,scenar,123.0000,vihtavuori_n555,144,45.2000,2963,25.500,8.0000,2.6770,yes
6_5_creedmoor,0.2640,hpbt_matchking,123.0000,vihtavuori_n555,144,45.7000,2976,25.500,8.0000,2.7360,yes
6_5_creedmoor,0.2640,hpbt_matchking,123.0000,vihtavuori_n160,143,45.7000,2920,25.500,8.0000,2.7360,yes
6_5_creedmoor,0.2640,hpbt_matchking,123.0000,vihtavuori_n560,147,47.2000,2949,25.500,8.0000,2.7360,yes
6_5_creedmoor,0.2640,lrx_bt,127.0000,vihtavuori_n555,144,45.8000,2831,25.500,8.0000,2.7480,yes
6_5_creedmoor,0.2640,interlock_sp,129.0000,vihtavuori_n555,144,44.9000,2854,25.500,8.0000,2.6970,yes
6_5_creedmoor,0.2640,sst,129.0000,vihtavuori_n555,144,44.4000,2825,25.500,8.0000,2.6700,yes
6_5_creedmoor,0.2640,sst,129.0000,vihtavuori_n160,143,44.3000,2759,25.500,8.0000,2.6700,yes
6_5_creedmoor,0.2640,sst,129.0000,vihtavuori_n560,147,46.6000,2831,25.500,8.0000,2.6700,yes
6_5_creedmoor,0.2640,cx,130.0000,vihtavuori_n555,144,42.3000,2769,25.500,8.0000,2.7990,yes
6_5_creedmoor,0.2640,cx,130.0000,vihtavuori_n160,143,42.3000,2710,25.500,8.0000,2.7990,yes
6_5_creedmoor,0.2640,cx,130.0000,vihtavuori_n560,147,45.1000,2782,25.500,8.0000,2.7990,yes
6_5_creedmoor,0.2640,eld_match,130.0000,vihtavuori_n555,144,43.7000,2841,25.500,8.0000,2.7990,yes
6_5_creedmoor,0.2640,eld_match,130.0000,vihtavuori_n160,143,43.4000,2782,25.500,8.0000,2.7990,yes
6_5_creedmoor,0.2640,eld_match,130.0000,vihtavuori_n560,147,45.4000,2835,25.500,8.0000,2.7990,yes
6_5_creedmoor,0.2640,eld_match,130.0000,vihtavuori_n565,156,46.3000,2713,25.500,8.0000,2.7990,yes
6_5_creedmoor,0.2640,tgk,130.0000,vihtavuori_n555,144,43.1000,2818,25.500,8.0000,2.8070,yes
6_5_creedmoor,0.2640,tgk,130.0000,vihtavuori_n560,147,44.8000,2808,25.500,8.0000,2.8070,yes
6_5_creedmoor,0.2640,tmk,130.0000,vihtavuori_n555,144,44.1000,2854,25.500,8.0000,2.8070,yes
6_5_creedmoor,0.2640,tmk,130.0000,vihtavuori_n160,143,43.8000,2785,25.500,8.0000,2.8070,yes
6_5_creedmoor,0.2640,tmk,130.0000,vihtavuori_n560,147,45.7000,2831,25.500,8.0000,2.8070,yes
6_5_creedmoor,0.2640,scirocco_ii,130.0000,vihtavuori_n165,153,44.8000,2651,25.500,8.0000,2.6500,yes
6_5_creedmoor,0.2640,a_tip,135.0000,vihtavuori_n165,153,47.8000,2828,25.500,8.0000,2.7950,yes
6_5_creedmoor,0.2640,a_tip,135.0000,vihtavuori_n565,156,47.8000,2762,25.500,8.0000,2.7950,yes
6_5_creedmoor,0.2640,scenar_l,136.0000,vihtavuori_n555,144,44.1000,2822,25.500,8.0000,2.6770,yes
6_5_creedmoor,0.2640,scenar_l,136.0000,vihtavuori_n160,143,46.0000,2854,25.500,8.0000,2.6770,yes
6_5_creedmoor,0.2640,tog,139.0000,vihtavuori_n555,144,42.4000,2687,25.500,8.0000,2.6220,yes
6_5_creedmoor,0.2640,tog,139.0000,vihtavuori_n560,147,44.6000,2707,25.500,8.0000,2.6220,yes
6_5_creedmoor,0.2640,tog,139.0000,vihtavuori_n565,156,46.3000,2625,25.500,8.0000,2.6220,yes
6_5_creedmoor,0.2640,hybrid_target,140.0000,vihtavuori_n565,156,47.1000,2733,25.500,8.0000,2.7170,yes
6_5_creedmoor,0.2640,eld_match,140.0000,vihtavuori_n555,144,42.0000,2700,25.500,8.0000,2.7990,yes
6_5_creedmoor,0.2640,eld_match,140.0000,vihtavuori_n160,143,40.9000,2618,25.500,8.0000,2.7990,yes
6_5_creedmoor,0.2640,eld_match,140.0000,vihtavuori_n560,147,44.0000,2713,25.500,8.0000,2.7990,yes
6_5_creedmoor,0.2640,eld_match,140.0000,vihtavuori_n565,156,45.8000,2671,25.500,8.0000,2.7990,yes
6_5_creedmoor,0.2640,long_range_hybrid_target,144.0000,vihtavuori_n565,156,47.1000,2746,25.500,8.0000,2.7950,yes
6_5_creedmoor,0.2640,maxrange_target_gb582,144.0000,vihtavuori_n555,144,40.1000,2608,25.500,8.0000,2.8150,yes
6_5_creedmoor,0.2640,maxrange_target_gb582,144.0000,vihtavuori_n165,153,42.7000,2608,25.500,8.0000,2.8150,yes
6_5_creedmoor,0.2640,maxrange_target_gb582,144.0000,vihtavuori_n560,147,42.4000,2641,25.500,8.0000,2.8150,yes
6_5_creedmoor,0.2640,maxrange_target_gb582,144.0000,vihtavuori_n565,156,44.4000,2638,25.500,8.0000,2.8150,yes
6_5_creedmoor,0.2640,eld_match,147.0000,vihtavuori_n555,144,42.6000,2667,25.500,8.0000,2.7870,yes
6_5_creedmoor,0.2640,eld_match,147.0000,vihtavuori_n165,153,46.6000,2700,25.500,8.0000,2.7870,yes
6_5_creedmoor,0.2640,eld_match,147.0000,vihtavuori_n565,156,46.0000,2654,25.500,8.0000,2.7870,yes
6_5_creedmoor,0.2640,a_tip,153.0000,vihtavuori_n565,156,45.7000,2615,25.500,8.0000,2.7830,yes
6_5_creedmoor,0.2640,long_range_hybrid_target,153.5000,vihtavuori_n165,153,46.9000,2680,25.500,8.0000,2.7950,yes
6_5_creedmoor,0.2640,long_range_hybrid_target,153.5000,vihtavuori_n565,156,46.8000,2648,25.500,8.0000,2.7950,yes
6_5_creedmoor,0.2640,elite_hunter,156.0000,vihtavuori_n550,129,38.7000,2526,25.500,8.0000,2.7950,yes
6_5_creedmoor,0.2640,elite_hunter,156.0000,vihtavuori_n555,144,43.5000,2592,25.500,8.0000,2.7950,yes
6_5_creedmoor,0.2640,elite_hunter,156.0000,vihtavuori_n160,143,42.3000,2493,25.500,8.0000,2.7950,yes
6_5_creedmoor,0.2640,elite_hunter,156.0000,vihtavuori_n165,153,47.1000,2595,25.500,8.0000,2.7950,yes
6_5_creedmoor,0.2640,elite_hunter,156.0000,vihtavuori_n560,147,45.1000,2625,25.500,8.0000,2.7950,yes
6_5_creedmoor,0.2640,elite_hunter,156.0000,vihtavuori_n565,156,46.3000,2572,25.500,8.0000,2.7950,yes
6_5_creedmoor,0.2640,oryx,156.0000,vihtavuori_n565,156,41.8000,2470,25.500,8.0000,2.7360,yes
6_5_creedmoor,0.2640,interlock,160.0000,vihtavuori_n560,147,43.5000,2543,25.500,8.0000,2.7400,yes
6_5_creedmoor,0.2640,interlock,160.0000,vihtavuori_n565,156,45.8000,2546,25.500,8.0000,2.7400,yes
6_5_creedmoor,0.2640,terminal_ascent,130.0000,accurate_4350,135,39.5000,2614,,,,no
6_5_creedmoor,0.2640,terminal_ascent,130.0000,accurate_4350,135,39.5000,2628,,,,no
6_5_creedmoor,0.2640,terminal_ascent,130.0000,accurate_4350,135,39.5000,2662,,,,no
6_5_creedmoor,0.2640,terminal_ascent,130.0000,accurate_4350,135,40.0000,2691,,,,no
6_5_creedmoor,0.2640,terminal_ascent,130.0000,accurate_4350,135,40.0000,2690,,,,no
6_5_creedmoor,0.2640,terminal_ascent,130.0000,accurate_4350,135,40.0000,2684,,,,no
6_5_creedmoor,0.2640,terminal_ascent,130.0000,accurate_4350,135,40.5000,2737,,,,no
6_5_creedmoor,0.2640,terminal_ascent,130.0000,accurate_4350,135,40.5000,2732,,,,no
6_5_creedmoor,0.2640,terminal_ascent,130.0000,accurate_4350,135,40.5000,2718,,,,no
6_5_creedmoor,0.2640,terminal_ascent,130.0000,accurate_4350,135,41.0000,2786,,,,no
6_5_creedmoor,0.2640,terminal_ascent,130.0000,accurate_4350,135,41.0000,2770,,,,no
6_5_creedmoor,0.2640,terminal_ascent,130.0000,accurate_4350,135,41.0000,2768,,,,no
6_5_creedmoor,0.2640,v_max,95.0000,vihtavuori_n140,112,38.6000,2972,25.500,8.0000,2.6770,no
6_5_creedmoor,0.2640,v_max,95.0000,vihtavuori_n540,117,39.4000,3041,25.500,8.0000,2.6770,no
6_5_creedmoor,0.2640,v_max,95.0000,vihtavuori_n150,124,38.6000,3005,25.500,8.0000,2.6770,no
6_5_creedmoor,0.2640,v_max,95.0000,vihtavuori_n550,129,42.6000,3061,25.500,8.0000,2.6770,no
6_5_creedmoor,0.2640,ttsx_bt,100.0000,vihtavuori_n140,112,34.0000,2631,25.500,8.0000,2.7950,no
6_5_creedmoor,0.2640,ttsx_bt,100.0000,vihtavuori_n540,117,37.0000,2789,25.500,8.0000,2.7950,no
6_5_creedmoor,0.2640,ttsx_bt,100.0000,vihtavuori_n150,124,33.2000,2661,25.500,8.0000,2.7950,no
6_5_creedmoor,0.2640,ttsx_bt,100.0000,vihtavuori_n550,129,40.4000,2844,25.500,8.0000,2.7950,no
6_5_creedmoor,0.2640,ttsx_bt,100.0000,vihtavuori_n160,143,41.7000,2854,25.500,8.0000,2.7950,no
6_5_creedmoor,0.2640,classic_hunter,100.0000,vihtavuori_n140,112,34.0000,2680,25.500,8.0000,2.7170,no
6_5_creedmoor,0.2640,classic_hunter,100.0000,vihtavuori_n540,117,37.8000,2900,25.500,8.0000,2.7170,no
6_5_creedmoor,0.2640,classic_hunter,100.0000,vihtavuori_n150,124,34.9000,2746,25.500,8.0000,2.7170,no
6_5_creedmoor,0.2640,classic_hunter,100.0000,vihtavuori_n550,129,39.8000,2907,25.500,8.0000,2.7170,no
6_5_creedmoor,0.2640,classic_hunter,100.0000,vihtavuori_n160,143,44.4000,2900,25.500,8.0000,2.7170,no
6_5_creedmoor,0.2640,eld_match,100.0000,vihtavuori_n135,102,34.3000,2805,25.500,8.0000,2.5980,no
6_5_creedmoor,0.2640,eld_match,100.0000,vihtavuori_n140,112,36.7000,2854,25.500,8.0000,2.5980,no
6_5_creedmoor,0.2640,eld_match,100.0000,vihtavuori_n540,117,37.8000,2923,25.500,8.0000,2.5980,no
6_5_creedmoor,0.2640,eld_match,100.0000,vihtavuori_n150,124,37.3000,2881,25.500,8.0000,2.5980,no
6_5_creedmoor,0.2640,eld_match,100.0000,vihtavuori_n550,129,40.3000,2943,25.500,8.0000,2.5980,no
6_5_creedmoor,0.2640,eld_match,100.0000,vihtavuori_n160,143,46.0000,2989,25.500,8.0000,2.5980,no
6_5_creedmoor,0.2640,eld_vt,100.0000,vihtavuori_n140,112,35.5000,2802,25.500,8.0000,2.7520,no
6_5_creedmoor,0.2640,eld_vt,100.0000,vihtavuori_n540,117,37.0000,2904,25.500,8.0000,2.7520,no
6_5_creedmoor,0.2640,eld_vt,100.0000,vihtavuori_n150,124,36.3000,2818,25.500,8.0000,2.7520,no
6_5_creedmoor,0.2640,eld_vt,100.0000,vihtavuori_n550,129,39.7000,2927,25.500,8.0000,2.7520,no
6_5_creedmoor,0.2640,eld_vt,100.0000,vihtavuori_n555,144,43.7000,2963,25.500,8.0000,2.7520,no
6_5_creedmoor,0.2640,eld_vt,100.0000,vihtavuori_n160,143,44.8000,2946,25.500,8.0000,2.7520,no
6_5_creedmoor,0.2640,fmj,100.0000,vihtavuori_n140,112,36.1000,2756,25.500,8.0000,2.5350,no
6_5_creedmoor,0.2640,fmj,100.0000,vihtavuori_n540,117,37.7000,2831,25.500,8.0000,2.5350,no
6_5_creedmoor,0.2640,fmj,100.0000,vihtavuori_n150,124,35.3000,2671,25.500,8.0000,2.5350,no
6_5_creedmoor,0.2640,fmj,100.0000,vihtavuori_n550,129,41.4000,2900,25.500,8.0000,2.5350,no
6_5_creedmoor,0.2640,fmj,100.0000,vihtavuori_n555,144,44.8000,2972,25.500,8.0000,2.5350,no
6_5_creedmoor,0.2640,scenar,100.0000,vihtavuori_n140,112,37.2000,2851,25.500,8.0000,2.6770,no
6_5_creedmoor,0.2640,scenar,100.0000,vihtavuori_n540,117,37.3000,2890,25.500,8.0000,2.6770,no
6_5_creedmoor,0.2640,scenar,100.0000,vihtavuori_n150,124,36.9000,2828,25.500,8.0000,2.6770,no
6_5_creedmoor,0.2640,scenar,108.0000,vihtavuori_n540,117,35.6000,2766,25.500,8.0000,2.6770,no
6_5_creedmoor,0.2640,scenar,108.0000,vihtavuori_n150,124,33.6000,2677,25.500,8.0000,2.6770,no
6_5_creedmoor,0.2640,scenar,108.0000,vihtavuori_n550,129,38.3000,2772,25.500,8.0000,2.6770,no
6_5_creedmoor,0.2640,ttsx_bt,120.0000,vihtavuori_n140,112,30.9000,2415,25.500,8.0000,2.7870,no
6_5_creedmoor,0.2640,ttsx_bt,120.0000,vihtavuori_n150,124,27.8000,2224,25.500,8.0000,2.7870,no
6_5_creedmoor,0.2640,ttsx_bt,120.0000,vihtavuori_n550,129,34.6000,2464,25.500,8.0000,2.7870,no
6_5_creedmoor,0.2640,ttsx_bt,120.0000,vihtavuori_n555,144,40.3000,2635,25.500,8.0000,2.7870,no
6_5_creedmoor,0.2640,ttsx_bt,120.0000,vihtavuori_n160,143,36.3000,2500,25.500,8.0000,2.7870,no
6_5_creedmoor,0.2640,bt_target,120.0000,vihtavuori_n140,112,33.5000,2487,25.500,8.0000,2.7950,no
6_5_creedmoor,0.2640,bt_target,120.0000,vihtavuori_n540,117,35.5000,2635,25.500,8.0000,2.7950,no
6_5_creedmoor,0.2640,bt_target,120.0000,vihtavuori_n150,124,33.6000,2516,25.500,8.0000,2.7950,no
6_5_creedmoor,0.2640,bt_target,120.0000,vihtavuori_n550,129,37.7000,2657,25.500,8.0000,2.7950,no
6_5_creedmoor,0.2640,bt_target,120.0000,vihtavuori_n555,144,42.7000,2766,25.500,8.0000,2.7950,no
6_5_creedmoor,0.2640,bt_target,120.0000,vihtavuori_n160,143,42.0000,2654,25.500,8.0000,2.7950,no
6_5_creedmoor,0.2640,cx,120.0000,vihtavuori_n540,117,35.5000,2552,25.500,8.0000,2.6570,no
6_5_creedmoor,0.2640,cx,120.0000,vihtavuori_n150,124,31.6000,2306,25.500,8.0000,2.6570,no
6_5_creedmoor,0.2640,cx,120.0000,vihtavuori_n550,129,37.3000,2559,25.500,8.0000,2.6570,no
6_5_creedmoor,0.2640,cx,120.0000,vihtavuori_n555,144,41.7000,2648,25.500,8.0000,2.6570,no
6_5_creedmoor,0.2640,cx,120.0000,vihtavuori_n160,143,38.6000,2503,25.500,8.0000,2.6570,no
6_5_creedmoor,0.2640,cx,120.0000,vihtavuori_n560,147,44.8000,2631,25.500,8.0000,2.6570,no
6_5_creedmoor,0.2640,eld_match,120.0000,vihtavuori_n140,112,31.6000,2457,25.500,8.0000,2.7360,no
6_5_creedmoor,0.2640,eld_match,120.0000,vihtavuori_n540,117,33.2000,2552,25.500,8.0000,2.7360,no
6_5_creedmoor,0.2640,eld_match,120.0000,vihtavuori_n150,124,30.9000,2434,25.500,8.0000,2.7360,no
6_5_creedmoor,0.2640,eld_match,120.0000,vihtavuori_n550,129,36.3000,2605,25.500,8.0000,2.7360,no
6_5_creedmoor,0.2640,eld_match,120.0000,vihtavuori_n555,144,40.1000,2677,25.500,8.0000,2.7360,no
6_5_creedmoor,0.2640,eld_match,120.0000,vihtavuori_n160,143,34.9000,2474,25.500,8.0000,2.7360,no
6_5_creedmoor,0.2640,eld_match,120.0000,vihtavuori_n560,147,42.4000,2661,25.500,8.0000,2.7360,no
6_5_creedmoor,0.2640,gmx,120.0000,vihtavuori_n140,112,30.9000,2343,25.500,8.0000,2.7760,no
6_5_creedmoor,0.2640,gmx,120.0000,vihtavuori_n540,117,33.6000,2477,25.500,8.0000,2.7760,no
6_5_creedmoor,0.2640,gmx,120.0000,vihtavuori_n150,124,29.3000,2320,25.500,8.0000,2.7760,no
6_5_creedmoor,0.2640,gmx,120.0000,vihtavuori_n550,129,36.3000,2546,25.500,8.0000,2.7760,no
6_5_creedmoor,0.2640,scenar_l,120.0000,vihtavuori_n540,117,33.6000,2592,25.500,8.0000,2.6770,no
6_5_creedmoor,0.2640,scenar_l,120.0000,vihtavuori_n150,124,31.3000,2480,25.500,8.0000,2.6770,no
6_5_creedmoor,0.2640,scenar_l,120.0000,vihtavuori_n550,129,36.7000,2638,25.500,8.0000,2.6770,no
6_5_creedmoor,0.2640,scenar_l,120.0000,vihtavuori_n555,144,41.2000,2749,25.500,8.0000,2.6770,no
6_5_creedmoor,0.2640,trx,120.0000,vihtavuori_n540,117,34.0000,2589,25.500,8.0000,2.7950,no
6_5_creedmoor,0.2640,trx,120.0000,vihtavuori_n550,129,37.0000,2618,25.500,8.0000,2.7950,no
6_5_creedmoor,0.2640,trx,120.0000,vihtavuori_n555,144,40.4000,2694,25.500,8.0000,2.7950,no
6_5_creedmoor,0.2640,trx,120.0000,vihtavuori_n160,143,37.8000,2520,25.500,8.0000,2.7950,no
6_5_creedmoor,0.2640,trx,120.0000,vihtavuori_n165,153,44.4000,2720,25.500,8.0000,2.7950,no
6_5_creedmoor,0.2640,trx,120.0000,vihtavuori_n560,147,42.0000,2628,25.500,8.0000,2.7950,no
6_5_creedmoor,0.2640,trx,120.0000,vihtavuori_n565,156,44.0000,2621,25.500,8.0000,2.7950,no
6_5_creedmoor,0.2640,ballistic_tip,120.0000,vihtavuori_n540,117,34.6000,2579,25.500,8.0000,2.7360,no
6_5_creedmoor,0.2640,ballistic_tip,120.0000,vihtavuori_n150,124,31.6000,2421,25.500,8.0000,2.7360,no
6_5_creedmoor,0.2640,ballistic_tip,120.0000,vihtavuori_n550,129,36.4000,2595,25.500,8.0000,2.7360,no
6_5_creedmoor,0.2640,ballistic_tip,120.0000,vihtavuori_n555,144,41.4000,2710,25.500,8.0000,2.7360,no
6_5_creedmoor,0.2640,ballistic_tip,120.0000,vihtavuori_n160,143,39.4000,2552,25.500,8.0000,2.7360,no
6_5_creedmoor,0.2640,blade_657h,120.0000,vihtavuori_n140,112,33.2000,2343,25.500,8.0000,2.7950,no
6_5_creedmoor,0.2640,blade_657h,120.0000,vihtavuori_n540,117,36.1000,2526,25.500,8.0000,2.7950,no
6_5_creedmoor,0.2640,blade_657h,120.0000,vihtavuori_n150,124,31.2000,2251,25.500,8.0000,2.7950,no
6_5_creedmoor,0.2640,blade_657h,120.0000,vihtavuori_n550,129,38.6000,2566,25.500,8.0000,2.7950,no
6_5_creedmoor,0.2640,blade_657h,120.0000,vihtavuori_n555,144,42.4000,2638,25.500,8.0000,2.7950,no
6_5_creedmoor,0.2640,hpbt,120.0000,vihtavuori_n140,112,33.2000,2543,25.500,8.0000,2.6770,no
6_5_creedmoor,0.2640,hpbt,120.0000,vihtavuori_n540,117,34.7000,2621,25.500,8.0000,2.6770,no
6_5_creedmoor,0.2640,hpbt,120.0000,vihtavuori_n150,124,32.4000,2510,25.500,8.0000,2.6770,no
6_5_creedmoor,0.2640,hpbt,120.0000,vihtavuori_n550,129,37.8000,2671,25.500,8.0000,2.6770,no
6_5_creedmoor,0.2640,hpbt,120.0000,vihtavuori_n555,144,41.7000,2756,25.500,8.0000,2.6770,no
6_5_creedmoor,0.2640,hpbt,120.0000,vihtavuori_n160,143,40.1000,2641,25.500,8.0000,2.6770,no
6_5_creedmoor,0.2640,hpbt,120.0000,vihtavuori_n560,147,43.2000,2684,25.500,8.0000,2.6770,no
6_5_creedmoor,0.2640,hpbt,120.0000,vihtavuori_n565,156,45.1000,2644,25.500,8.0000,2.6770,no
6_5_creedmoor,0.2640,classic_hunter,123.0000,vihtavuori_n140,112,31.0000,2283,25.500,8.0000,2.7360,no
6_5_creedmoor,0.2640,classic_hunter,123.0000,vihtavuori_n540,117,33.2000,2467,25.500,8.0000,2.7360,no
6_5_creedmoor,0.2640,classic_hunter,123.0000,vihtavuori_n150,124,30.4000,2297,25.500,8.0000,2.7360,no
6_5_creedmoor,0.2640,classic_hunter,123.0000,vihtavuori_n550,129,34.7000,2484,25.500,8.0000,2.7360,no
6_5_creedmoor,0.2640,classic_hunter,123.0000,vihtavuori_n555,144,39.0000,2585,25.500,8.0000,2.7360,no
6_5_creedmoor,0.2640,classic_hunter,123.0000,vihtavuori_n160,143,37.8000,2457,25.500,8.0000,2.7360,no
6_5_creedmoor,0.2640,classic_hunter,123.0000,vihtavuori_n560,147,40.1000,2513,25.500,8.0000,2.7360,no
6_5_creedmoor,0.2640,target,123.0000,vihtavuori_n140,112,30.9000,2372,25.500,8.0000,2.6180,no
6_5_creedmoor,0.2640,target,123.0000,vihtavuori_n540,117,33.2000,2526,25.500,8.0000,2.6180,no
6_5_creedmoor,0.2640,target,123.0000,vihtavuori_n150,124,30.9000,2369,25.500,8.0000,2.6180,no
6_5_creedmoor,0.2640,target,123.0000,vihtavuori_n550,129,34.7000,2526,25.500,8.0000,2.6180,no
6_5_creedmoor,0.2640,target,123.0000,vihtavuori_n555,144,39.4000,2638,25.500,8.0000,2.6180,no
6_5_creedmoor,0.2640,target,123.0000,vihtavuori_n160,143,37.0000,2474,25.500,8.0000,2.6180,no
6_5_creedmoor,0.2640,eld_match,123.0000,vihtavuori_n140,112,31.6000,2461,25.500,8.0000,2.7640,no
6_5_creedmoor,0.2640,eld_match,123.0000,vihtavuori_n540,117,34.0000,2579,25.500,8.0000,2.7640,no
6_5_creedmoor,0.2640,eld_match,123.0000,vihtavuori_n150,124,31.6000,2457,25.500,8.0000,2.7640,no
6_5_creedmoor,0.2640,eld_match,123.0000,vihtavuori_n550,129,36.3000,2582,25.500,8.0000,2.7640,no
6_5_creedmoor,0.2640,eld_match,123.0000,vihtavuori_n555,144,40.9000,2694,25.500,8.0000,2.7640,no
6_5_creedmoor,0.2640,eld_match,123.0000,vihtavuori_n160,143,39.4000,2608,25.500,8.0000,2.7640,no
6_5_creedmoor,0.2640,eld_match,123.0000,vihtavuori_n560,147,42.4000,2644,25.500,8.0000,2.7640,no
6_5_creedmoor,0.2640,eld_match,123.0000,vihtavuori_n565,156,44.4000,2631,25.500,8.0000,2.7640,no
6_5_creedmoor,0.2640,scenar,123.0000,vihtavuori_n540,117,35.6000,2621,25.500,8.0000,2.6770,no
6_5_creedmoor,0.2640,scenar,123.0000,vihtavuori_n150,124,34.3000,2523,25.500,8.0000,2.6770,no
6_5_creedmoor,0.2640,scenar,123.0000,vihtavuori_n550,129,38.0000,2631,25.500,8.0000,2.6770,no
6_5_creedmoor,0.2640,scenar,123.0000,vihtavuori_n555,144,41.2000,2736,25.500,8.0000,2.6770,no
6_5_creedmoor,0.2640,hpbt_matchking,123.0000,vihtavuori_n140,112,32.4000,2503,25.500,8.0000,2.7360,no
6_5_creedmoor,0.2640,hpbt_matchking,123.0000,vihtavuori_n540,117,35.5000,2641,25.500,8.0000,2.7360,no
6_5_creedmoor,0.2640,hpbt_matchking,123.0000,vihtavuori_n150,124,33.2000,2533,25.500,8.0000,2.7360,no
6_5_creedmoor,0.2640,hpbt_matchking,123.0000,vihtavuori_n550,129,38.0000,2671,25.500,8.0000,2.7360,no
6_5_creedmoor,0.2640,hpbt_matchking,123.0000,vihtavuori_n555,144,41.7000,2720,25.500,8.0000,2.7360,no
6_5_creedmoor,0.2640,hpbt_matchking,123.0000,vihtavuori_n160,143,41.7000,2661,25.500,8.0000,2.7360,no
6_5_creedmoor,0.2640,hpbt_matchking,123.0000,vihtavuori_n560,147,43.5000,2687,25.500,8.0000,2.7360,no
6_5_creedmoor,0.2640,lrx_bt,127.0000,vihtavuori_n140,112,31.6000,2306,25.500,8.0000,2.7480,no
6_5_creedmoor,0.2640,lrx_bt,127.0000,vihtavuori_n540,117,34.0000,2428,25.500,8.0000,2.7480,no
6_5_creedmoor,0.2640,lrx_bt,127.0000,vihtavuori_n150,124,31.6000,2260,25.500,8.0000,2.7480,no
6_5_creedmoor,0.2640,lrx_bt,127.0000,vihtavuori_n550,129,36.3000,2484,25.500,8.0000,2.7480,no
6_5_creedmoor,0.2640,lrx_bt,127.0000,vihtavuori_n555,144,40.1000,2543,25.500,8.0000,2.7480,no
6_5_creedmoor,0.2640,lrx_bt,127.0000,vihtavuori_n160,143,38.6000,2421,25.500,8.0000,2.7480,no
6_5_creedmoor,0.2640,lrx_bt,127.0000,vihtavuori_n560,147,41.7000,2510,25.500,8.0000,2.7480,no
6_5_creedmoor,0.2640,interlock_sp,129.0000,vihtavuori_n140,112,31.9000,2329,25.500,8.0000,2.6970,no
6_5_creedmoor,0.2640,interlock_sp,129.0000,vihtavuori_n540,117,34.0000,2480,25.500,8.0000,2.6970,no
6_5_creedmoor,0.2640,interlock_sp,129.0000,vihtavuori_n150,124,32.4000,2333,25.500,8.0000,2.6970,no
6_5_creedmoor,0.2640,interlock_sp,129.0000,vihtavuori_n550,129,37.0000,2546,25.500,8.0000,2.6970,no
6_5_creedmoor,0.2640,interlock_sp,129.0000,vihtavuori_n555,144,40.9000,2608,25.500,8.0000,2.6970,no
6_5_creedmoor,0.2640,interlock_sp,129.0000,vihtavuori_n160,143,39.7000,2480,25.500,8.0000,2.6970,no
6_5_creedmoor,0.2640,interlock_sp,129.0000,vihtavuori_n560,147,42.0000,2566,25.500,8.0000,2.6970,no
6_5_creedmoor,0.2640,v_max,95.0000,vihtavuori_n140,112,42.1000,3219,25.500,8.0000,2.6770,no
6_5_creedmoor,0.2640,v_max,95.0000,vihtavuori_n540,117,43.1000,3323,25.500,8.0000,2.6770,no
6_5_creedmoor,0.2640,v_max,95.0000,vihtavuori_n150,124,42.1000,3219,25.500,8.0000,2.6770,no
6_5_creedmoor,0.2640,v_max,95.0000,vihtavuori_n550,129,45.5000,3340,25.500,8.0000,2.6770,no
6_5_creedmoor,0.2640,ttsx_bt,100.0000,vihtavuori_n140,112,39.7000,2956,25.500,8.0000,2.7950,no
6_5_creedmoor,0.2640,ttsx_bt,100.0000,vihtavuori_n540,117,41.7000,3097,25.500,8.0000,2.7950,no
6_5_creedmoor,0.2640,ttsx_bt,100.0000,vihtavuori_n150,124,35.5000,2799,25.500,8.0000,2.7950,no
6_5_creedmoor,0.2640,classic_hunter,100.0000,vihtavuori_n140,112,39.2000,3018,25.500,8.0000,2.7170,no
6_5_creedmoor,0.2640,classic_hunter,100.0000,vihtavuori_n540,117,41.5000,3179,25.500,8.0000,2.7170,no
6_5_creedmoor,0.2640,classic_hunter,100.0000,vihtavuori_n150,124,39.2000,3031,25.500,8.0000,2.7170,no
6_5_creedmoor,0.2640,classic_hunter,100.0000,vihtavuori_n550,129,44.1000,3219,25.500,8.0000,2.7170,no
6_5_creedmoor,0.2640,eld_match,100.0000,vihtavuori_n135,102,37.3000,3041,25.500,8.0000,2.5980,no
6_5_creedmoor,0.2640,eld_match,100.0000,vihtavuori_n140,112,40.1000,3130,25.500,8.0000,2.5980,no
6_5_creedmoor,0.2640,eld_match,100.0000,vihtavuori_n540,117,41.1000,3199,25.500,8.0000,2.5980,no
6_5_creedmoor,0.2640,eld_match,100.0000,vihtavuori_n150,124,40.9000,3130,25.500,8.0000,2.5980,no
6_5_creedmoor,0.2640,eld_match,100.0000,vihtavuori_n550,129,43.7000,3219,25.500,8.0000,2.5980,no
6_5_creedmoor,0.2640,eld_vt,100.0000,vihtavuori_n140,112,39.2000,3051,25.500,8.0000,2.7520,no
6_5_creedmoor,0.2640,eld_vt,100.0000,vihtavuori_n540,117,39.7000,3143,25.500,8.0000,2.7520,no
6_5_creedmoor,0.2640,eld_vt,100.0000,vihtavuori_n150,124,39.5000,3035,25.500,8.0000,2.7520,no
6_5_creedmoor,0.2640,fmj,100.0000,vihtavuori_n140,112,40.3000,3015,25.500,8.0000,2.5350,no
6_5_creedmoor,0.2640,fmj,100.0000,vihtavuori_n540,117,41.5000,3123,25.500,8.0000,2.5350,no
6_5_creedmoor,0.2640,fmj,100.0000,vihtavuori_n150,124,39.5000,2995,25.500,8.0000,2.5350,no
6_5_creedmoor,0.2640,fmj,100.0000,vihtavuori_n550,129,44.6000,3169,25.500,8.0000,2.5350,no
6_5_creedmoor,0.2640,scenar,100.0000,vihtavuori_n140,112,42.3000,3212,25.500,8.0000,2.6770,no
6_5_creedmoor,0.2640,scenar,100.0000,vihtavuori_n540,117,42.3000,3284,25.500,8.0000,2.6770,no
6_5_creedmoor,0.2640,scenar,100.0000,vihtavuori_n150,124,42.1000,3205,25.500,8.0000,2.6770,no
6_5_creedmoor,0.2640,scenar,108.0000,vihtavuori_n540,117,40.7000,3182,25.500,8.0000,2.6770,no
6_5_creedmoor,0.2640,scenar,108.0000,vihtavuori_n150,124,40.6000,3071,25.500,8.0000,2.6770,no
6_5_creedmoor,0.2640,scenar,108.0000,vihtavuori_n550,129,43.7000,3189,25.500,8.0000,2.6770,no
6_5_creedmoor,0.2640,ttsx_bt,120.0000,vihtavuori_n140,112,34.1000,2526,25.500,8.0000,2.7870,no
6_5_creedmoor,0.2640,ttsx_bt,120.0000,vihtavuori_n150,124,32.1000,2454,25.500,8.0000,2.7870,no
6_5_creedmoor,0.2640,ttsx_bt,120.0000,vihtavuori_n550,129,40.9000,2822,25.500,8.0000,2.7870,no
6_5_creedmoor,0.2640,ttsx_bt,120.0000,vihtavuori_n555,144,44.6000,2877,25.500,8.0000,2.7870,no
6_5_creedmoor,0.2640,ttsx_bt,120.0000,vihtavuori_n160,143,37.0000,2546,25.500,8.0000,2.7870,no
6_5_creedmoor,0.2640,bt_target,120.0000,vihtavuori_n140,112,37.3000,2723,25.500,8.0000,2.7950,no
6_5_creedmoor,0.2640,bt_target,120.0000,vihtavuori_n540,117,39.4000,2890,25.500,8.0000,2.7950,no
6_5_creedmoor,0.2640,bt_target,120.0000,vihtavuori_n150,124,37.8000,2759,25.500,8.0000,2.7950,no
6_5_creedmoor,0.2640,bt_target,120.0000,vihtavuori_n550,129,42.0000,2933,25.500,8.0000,2.7950,no
6_5_creedmoor,0.2640,cx,120.0000,vihtavuori_n540,117,38.6000,2782,25.500,8.0000,2.6570,no
6_5_creedmoor,0.2640,cx,120.0000,vihtavuori_n150,124,36.0000,2589,25.500,8.0000,2.6570,no
6_5_creedmoor,0.2640,cx,120.0000,vihtavuori_n550,129,40.9000,2818,25.500,8.0000,2.6570,no
6_5_creedmoor,0.2640,eld_match,120.0000,vihtavuori_n140,112,35.6000,2707,25.500,8.0000,2.7360,no
6_5_creedmoor,0.2640,eld_match,120.0000,vihtavuori_n540,117,37.8000,2828,25.500,8.0000,2.7360,no
6_5_creedmoor,0.2640,eld_match,120.0000,vihtavuori_n150,124,35.5000,2707,25.500,8.0000,2.7360,no
6_5_creedmoor,0.2640,eld_match,120.0000,vihtavuori_n550,129,40.0000,2867,25.500,8.0000,2.7360,no
6_5_creedmoor,0.2640,gmx,120.0000,vihtavuori_n140,112,35.2000,2625,25.500,8.0000,2.7760,no
6_5_creedmoor,0.2640,gmx,120.0000,vihtavuori_n540,117,37.7000,2802,25.500,8.0000,2.7760,no
6_5_creedmoor,0.2640,gmx,120.0000,vihtavuori_n150,124,35.0000,2625,25.500,8.0000,2.7760,no
6_5_creedmoor,0.2640,gmx,120.0000,vihtavuori_n550,129,40.6000,2851,25.500,8.0000,2.7760,no
6_5_creedmoor,0.2640,scenar_l,120.0000,vihtavuori_n540,117,38.9000,2936,25.500,8.0000,2.6770,no
6_5_creedmoor,0.2640,scenar_l,120.0000,vihtavuori_n150,124,38.1000,2854,25.500,8.0000,2.6770,no
6_5_creedmoor,0.2640,scenar_l,120.0000,vihtavuori_n550,129,42.1000,2995,25.500,8.0000,2.6770,no
6_5_creedmoor,0.2640,trx,120.0000,vihtavuori_n540,117,37.3000,2815,25.500,8.0000,2.7950,no
6_5_creedmoor,0.2640,trx,120.0000,vihtavuori_n550,129,40.1000,2858,25.500,8.0000,2.7950,no
6_5_creedmoor,0.2640,ballistic_tip,120.0000,vihtavuori_n540,117,38.7000,2844,25.500,8.0000,2.7360,no
6_5_creedmoor,0.2640,ballistic_tip,120.0000,vihtavuori_n150,124,36.4000,2694,25.500,8.0000,2.7360,no
6_5_creedmoor,0.2640,ballistic_tip,120.0000,vihtavuori_n550,129,40.7000,2867,25.500,8.0000,2.7360,no
6_5_creedmoor,0.2640,ballistic_tip,120.0000,vihtavuori_n555,144,45.7000,2953,25.500,8.0000,2.7360,no
6_5_creedmoor,0.2640,ballistic_tip,120.0000,vihtavuori_n160,143,44.6000,2858,25.500,8.0000,2.7360,no
6_5_creedmoor,0.2640,blade_657h,120.0000,vihtavuori_n140,112,37.5000,2615,25.500,8.0000,2.7950,no
6_5_creedmoor,0.2640,blade_657h,120.0000,vihtavuori_n540,117,39.8000,2812,25.500,8.0000,2.7950,no
6_5_creedmoor,0.2640,blade_657h,120.0000,vihtavuori_n150,124,35.8000,2562,25.500,8.0000,2.7950,no
6_5_creedmoor,0.2640,blade_657h,120.0000,vihtavuori_n550,129,42.0000,2848,25.500,8.0000,2.7950,no
6_5_creedmoor,0.2640,hpbt,120.0000,vihtavuori_n140,112,36.7000,2759,25.500,8.0000,2.6770,no
6_5_creedmoor,0.2640,hpbt,120.0000,vihtavuori_n540,117,38.4000,2871,25.500,8.0000,2.6770,no
6_5_creedmoor,0.2640,hpbt,120.0000,vihtavuori_n150,124,36.7000,2756,25.500,8.0000,2.6770,no
6_5_creedmoor,0.2640,hpbt,120.0000,vihtavuori_n550,129,40.7000,2904,25.500,8.0000,2.6770,no
6_5_creedmoor,0.2640,classic_hunter,123.0000,vihtavuori_n140,112,35.3000,2592,25.500,8.0000,2.7360,no
6_5_creedmoor,0.2640,classic_hunter,123.0000,vihtavuori_n540,117,36.7000,2746,25.500,8.0000,2.7360,no
6_5_creedmoor,0.2640,classic_hunter,123.0000,vihtavuori_n150,124,34.7000,2595,25.500,8.0000,2.7360,no
6_5_creedmoor,0.2640,classic_hunter,123.0000,vihtavuori_n550,129,39.0000,2779,25.500,8.0000,2.7360,no
6_5_creedmoor,0.2640,classic_hunter,123.0000,vihtavuori_n555,144,43.7000,2851,25.500,8.0000,2.7360,no
6_5_creedmoor,0.2640,classic_hunter,123.0000,vihtavuori_n160,143,43.1000,2772,25.500,8.0000,2.7360,no
6_5_creedmoor,0.2640,classic_hunter,123.0000,vihtavuori_n560,147,44.3000,2799,25.500,8.0000,2.7360,no
6_5_creedmoor,0.2640,target,123.0000,vihtavuori_n140,112,34.9000,2641,25.500,8.0000,2.6180,no
6_5_creedmoor,0.2640,target,123.0000,vihtavuori_n540,117,36.9000,2772,25.500,8.0000,2.6180,no
6_5_creedmoor,0.2640,target,123.0000,vihtavuori_n150,124,34.4000,2618,25.500,8.0000,2.6180,no
6_5_creedmoor,0.2640,target,123.0000,vihtavuori_n550,129,38.9000,2799,25.500,8.0000,2.6180,no
6_5_creedmoor,0.2640,target,123.0000,vihtavuori_n160,143,41.8000,2776,25.500,8.0000,2.6180,no
6_5_creedmoor,0.2640,eld_match,123.0000,vihtavuori_n140,112,35.8000,2710,25.500,8.0000,2.7640,no
6_5_creedmoor,0.2640,eld_match,123.0000,vihtavuori_n540,117,37.8000,2825,25.500,8.0000,2.7640,no
6_5_creedmoor,0.2640,eld_match,123.0000,vihtavuori_n150,124,36.0000,2710,25.500,8.0000,2.7640,no
6_5_creedmoor,0.2640,eld_match,123.0000,vihtavuori_n550,129,40.1000,2861,25.500,8.0000,2.7640,no
6_5_creedmoor,0.2640,eld_match,123.0000,vihtavuori_n160,143,44.0000,2854,25.500,8.0000,2.7640,no
6_5_creedmoor,0.2640,scenar,123.0000,vihtavuori_n540,117,40.4000,2963,25.500,8.0000,2.6770,no
6_5_creedmoor,0.2640,scenar,123.0000,vihtavuori_n150,124,39.8000,2874,25.500,8.0000,2.6770,no
6_5_creedmoor,0.2640,scenar,123.0000,vihtavuori_n550,129,42.9000,2989,25.500,8.0000,2.6770,no
6_5_creedmoor,0.2640,hpbt_matchking,123.0000,vihtavuori_n140,112,36.9000,2769,25.500,8.0000,2.7360,no
6_5_creedmoor,0.2640,hpbt_matchking,123.0000,vihtavuori_n540,117,38.4000,2867,25.500,8.0000,2.7360,no
6_5_creedmoor,0.2640,hpbt_matchking,123.0000,vihtavuori_n150,124,37.7000,2782,25.500,8.0000,2.7360,no
6_5_creedmoor,0.2640,hpbt_matchking,123.0000,vihtavuori_n550,129,40.9000,2907,25.500,8.0000,2.7360,no
6_5_creedmoor,0.2640,lrx_bt,127.0000,vihtavuori_n140,112,35.6000,2530,25.500,8.0000,2.7480,no
6_5_creedmoor,0.2640,lrx_bt,127.0000,vihtavuori_n540,117,37.7000,2697,25.500,8.0000,2.7480,no
6_5_creedmoor,0.2640,lrx_bt,127.0000,vihtavuori_n150,124,36.0000,2533,25.500,8.0000,2.7480,no
6_5_creedmoor,0.2640,lrx_bt,127.0000,vihtavuori_n550,129,39.8000,2743,25.500,8.0000,2.7480,no
6_5_creedmoor,0.2640,lrx_bt,127.0000,vihtavuori_n160,143,43.8000,2723,25.500,8.0000,2.7480,no
6_5_creedmoor,0.2640,lrx_bt,127.0000,vihtavuori_n560,147,46.5000,2805,25.500,8.0000,2.7480,no
6_5_creedmoor,0.2640,interlock_sp,129.0000,vihtavuori_n140,112,36.0000,2575,25.500,8.0000,2.6970,no
6_5_creedmoor,0.2640,interlock_sp,129.0000,vihtavuori_n540,117,38.3000,2740,25.500,8.0000,2.6970,no
6_5_creedmoor,0.2640,interlock_sp,129.0000,vihtavuori_n150,124,36.3000,2569,25.500,8.0000,2.6970,no
6_5_creedmoor,0.2640,interlock_sp,129.0000,vihtavuori_n550,129,40.6000,2782,25.500,8.0000,2.6970,no
6_5_creedmoor,0.2640,interlock_sp,129.0000,vihtavuori_n160,143,44.1000,2726,25.500,8.0000,2.6970,no
6_5_creedmoor,0.2640,interlock_sp,129.0000,vihtavuori_n560,147,46.6000,2825,25.500,8.0000,2.6970,no
6_5_creedmoor,0.2640,sst,129.0000,vihtavuori_n140,112,32.4000,2375,25.500,8.0000,2.6700,no
6_5_creedmoor,0.2640,sst,129.0000,vihtavuori_n540,117,34.0000,2500,25.500,8.0000,2.6700,no
6_5_creedmoor,0.2640,sst,129.0000,vihtavuori_n150,124,31.6000,2375,25.500,8.0000,2.6700,no
6_5_creedmoor,0.2640,sst,129.0000,vihtavuori_n550,129,36.3000,2520,25.500,8.0000,2.6700,no
6_5_creedmoor,0.2640,sst,129.0000,vihtavuori_n555,144,40.1000,2569,25.500,8.0000,2.6700,no
6_5_creedmoor,0.2640,sst,129.0000,vihtavuori_n160,143,39.4000,2500,25.500,8.0000,2.6700,no
6_5_creedmoor,0.2640,sst,129.0000,vihtavuori_n560,147,42.4000,2572,25.500,8.0000,2.6700,no
6_5_creedmoor,0.2640,tsx,130.0000,vihtavuori_n540,117,29.9000,2228,25.500,8.0000,2.7170,no
6_5_creedmoor,0.2640,tsx,130.0000,vihtavuori_n150,124,26.2000,2021,25.500,8.0000,2.7170,no
6_5_creedmoor,0.2640,tsx,130.0000,vihtavuori_n550,129,31.3000,2280,25.500,8.0000,2.7170,no
6_5_creedmoor,0.2640,ar_hybrid_otm_tactical,130.0000,vihtavuori_n150,124,32.4000,2441,25.500,8.0000,2.6770,no
6_5_creedmoor,0.2640,ar_hybrid_otm_tactical,130.0000,vihtavuori_n550,129,37.5000,2556,25.500,8.0000,2.6770,no
6_5_creedmoor,0.2640,ar_hybrid_otm_tactical,130.0000,vihtavuori_n555,144,40.1000,2605,25.500,8.0000,2.6770,no
6_5_creedmoor,0.2640,ar_hybrid_otm_tactical,130.0000,vihtavuori_n160,143,40.3000,2572,25.500,8.0000,2.6770,no
6_5_creedmoor,0.2640,ar_hybrid_otm_tactical,130.0000,vihtavuori_n560,147,43.1000,2585,25.500,8.0000,2.6770,no
6_5_creedmoor,0.2640,vld_target,130.0000,vihtavuori_n540,117,34.1000,2510,25.500,8.0000,2.7950,no
6_5_creedmoor,0.2640,vld_target,130.0000,vihtavuori_n150,124,32.4000,2421,25.500,8.0000,2.7950,no
6_5_creedmoor,0.2640,vld_target,130.0000,vihtavuori_n550,129,36.6000,2556,25.500,8.0000,2.7950,no
6_5_creedmoor,0.2640,vld_target,130.0000,vihtavuori_n555,144,40.9000,2644,25.500,8.0000,2.7950,no
6_5_creedmoor,0.2640,vld_target,130.0000,vihtavuori_n160,143,40.3000,2572,25.500,8.0000,2.7950,no
6_5_creedmoor,0.2640,vld_target,130.0000,vihtavuori_n560,147,42.9000,2592,25.500,8.0000,2.7950,no
6_5_creedmoor,0.2640,vld_target,130.0000,vihtavuori_n565,156,44.4000,2608,25.500,8.0000,2.7950,no
6_5_creedmoor,0.2640,cx,130.0000,vihtavuori_n140,112,28.5000,2169,25.500,8.0000,2.7990,no
6_5_creedmoor,0.2640,cx,130.0000,vihtavuori_n540,117,31.6000,2392,25.500,8.0000,2.7990,no
6_5_creedmoor,0.2640,cx,130.0000,vihtavuori_n150,124,30.1000,2264,25.500,8.0000,2.7990,no
6_5_creedmoor,0.2640,cx,130.0000,vihtavuori_n550,129,34.7000,2428,25.500,8.0000,2.7990,no
6_5_creedmoor,0.2640,cx,130.0000,vihtavuori_n555,144,37.8000,2500,25.500,8.0000,2.7990,no
6_5_creedmoor,0.2640,cx,130.0000,vihtavuori_n160,143,37.0000,2405,25.500,8.0000,2.7990,no
6_5_creedmoor,0.2640,cx,130.0000,vihtavuori_n560,147,40.6000,2487,25.500,8.0000,2.7990,no
6_5_creedmoor,0.2640,eld_match,130.0000,vihtavuori_n140,112,31.6000,2431,25.500,8.0000,2.7990,no
6_5_creedmoor,0.2640,eld_match,130.0000,vihtavuori_n540,117,33.2000,2484,25.500,8.0000,2.7990,no
6_5_creedmoor,0.2640,eld_match,130.0000,vihtavuori_n150,124,31.6000,2421,25.500,8.0000,2.7990,no
6_5_creedmoor,0.2640,eld_match,130.0000,vihtavuori_n550,129,36.3000,2552,25.500,8.0000,2.7990,no
6_5_creedmoor,0.2640,eld_match,130.0000,vihtavuori_n555,144,39.4000,2572,25.500,8.0000,2.7990,no
6_5_creedmoor,0.2640,eld_match,130.0000,vihtavuori_n160,143,38.6000,2513,25.500,8.0000,2.7990,no
6_5_creedmoor,0.2640,eld_match,130.0000,vihtavuori_n560,147,41.7000,2572,25.500,8.0000,2.7990,no
6_5_creedmoor,0.2640,eld_match,130.0000,vihtavuori_n565,156,43.5000,2562,25.500,8.0000,2.7990,no
6_5_creedmoor,0.2640,hpbt,130.0000,vihtavuori_n140,112,30.9000,2415,25.500,8.0000,2.6690,no
6_5_creedmoor,0.2640,hpbt,130.0000,vihtavuori_n540,117,31.6000,2474,25.500,8.0000,2.6690,no
6_5_creedmoor,0.2640,hpbt,130.0000,vihtavuori_n150,124,30.1000,2379,25.500,8.0000,2.6690,no
6_5_creedmoor,0.2640,hpbt,130.0000,vihtavuori_n550,129,34.7000,2536,25.500,8.0000,2.6690,no
6_5_creedmoor,0.2640,hpbt,130.0000,vihtavuori_n555,144,37.8000,2582,25.500,8.0000,2.6690,no
6_5_creedmoor,0.2640,hpbt,130.0000,vihtavuori_n160,143,37.0000,2516,25.500,8.0000,2.6690,no
6_5_creedmoor,0.2640,hpbt,130.0000,vihtavuori_n560,147,40.1000,2552,25.500,8.0000,2.6690,no
6_5_creedmoor,0.2640,tgk,130.0000,vihtavuori_n140,112,29.6000,2310,25.500,8.0000,2.8070,no
6_5_creedmoor,0.2640,tgk,130.0000,vihtavuori_n540,117,31.6000,2418,25.500,8.0000,2.8070,no
6_5_creedmoor,0.2640,tgk,130.0000,vihtavuori_n150,124,30.1000,2362,25.500,8.0000,2.8070,no
6_5_creedmoor,0.2640,tgk,130.0000,vihtavuori_n550,129,34.4000,2470,25.500,8.0000,2.8070,no
6_5_creedmoor,0.2640,tgk,130.0000,vihtavuori_n555,144,37.8000,2556,25.500,8.0000,2.8070,no
6_5_creedmoor,0.2640,tgk,130.0000,vihtavuori_n160,143,31.6000,2398,25.500,8.0000,2.8070,no
6_5_creedmoor,0.2640,tgk,130.0000,vihtavuori_n560,147,40.1000,2533,25.500,8.0000,2.8070,no
6_5_creedmoor,0.2640,tmk,130.0000,vihtavuori_n140,112,31.6000,2411,25.500,8.0000,2.8070,no
6_5_creedmoor,0.2640,tmk,130.0000,vihtavuori_n540,117,33.2000,2480,25.500,8.0000,2.8070,no
6_5_creedmoor,0.2640,tmk,130.0000,vihtavuori_n150,124,31.6000,2402,25.500,8.0000,2.8070,no
6_5_creedmoor,0.2640,tmk,130.0000,vihtavuori_n550,129,36.3000,2546,25.500,8.0000,2.8070,no
6_5_creedmoor,0.2640,tmk,130.0000,vihtavuori_n555,144,40.1000,2618,25.500,8.0000,2.8070,no
6_5_creedmoor,0.2640,tmk,130.0000,vihtavuori_n160,143,38.6000,2507,25.500,8.0000,2.8070,no
6_5_creedmoor,0.2640,tmk,130.0000,vihtavuori_n560,147,41.7000,2575,25.500,8.0000,2.8070,no
6_5_creedmoor,0.2640,scirocco_ii,130.0000,vihtavuori_n150,124,31.3000,2388,25.500,8.0000,2.6500,no
6_5_creedmoor,0.2640,scirocco_ii,130.0000,vihtavuori_n550,129,35.8000,2470,25.500,8.0000,2.6500,no
6_5_creedmoor,0.2640,scirocco_ii,130.0000,vihtavuori_n555,144,39.4000,2566,25.500,8.0000,2.6500,no
6_5_creedmoor,0.2640,scirocco_ii,130.0000,vihtavuori_n160,143,38.6000,2592,25.500,8.0000,2.6500,no
6_5_creedmoor,0.2640,scirocco_ii,130.0000,vihtavuori_n165,153,44.0000,2608,25.500,8.0000,2.6500,no
6_5_creedmoor,0.2640,scirocco_ii,130.0000,vihtavuori_n560,147,41.2000,2510,25.500,8.0000,2.6500,no
6_5_creedmoor,0.2640,a_tip,135.0000,vihtavuori_n150,124,31.6000,2356,25.500,8.0000,2.7950,no
6_5_creedmoor,0.2640,a_tip,135.0000,vihtavuori_n555,144,39.5000,2579,25.500,8.0000,2.7950,no
6_5_creedmoor,0.2640,a_tip,135.0000,vihtavuori_n160,143,38.6000,2493,25.500,8.0000,2.7950,no
6_5_creedmoor,0.2640,a_tip,135.0000,vihtavuori_n165,153,43.2000,2592,25.500,8.0000,2.7950,no
6_5_creedmoor,0.2640,a_tip,135.0000,vihtavuori_n560,147,41.7000,2549,25.500,8.0000,2.7950,no
6_5_creedmoor,0.2640,a_tip,135.0000,vihtavuori_n565,156,43.2000,2536,25.500,8.0000,2.7950,no
6_5_creedmoor,0.2640,scenar_l,136.0000,vihtavuori_n540,117,32.4000,2425,25.500,8.0000,2.6770,no
6_5_creedmoor,0.2640,scenar_l,136.0000,vihtavuori_n150,124,32.1000,2375,25.500,8.0000,2.6770,no
6_5_creedmoor,0.2640,scenar_l,136.0000,vihtavuori_n550,129,35.8000,2480,25.500,8.0000,2.6770,no
6_5_creedmoor,0.2640,scenar_l,136.0000,vihtavuori_n555,144,40.1000,2595,25.500,8.0000,2.6770,no
6_5_creedmoor,0.2640,scenar_l,136.0000,vihtavuori_n160,143,40.0000,2526,25.500,8.0000,2.6770,no
6_5_creedmoor,0.2640,tog,139.0000,vihtavuori_n140,112,29.8000,2198,25.500,8.0000,2.6220,no
6_5_creedmoor,0.2640,tog,139.0000,vihtavuori_n540,117,31.9000,2310,25.500,8.0000,2.6220,no
6_5_creedmoor,0.2640,tog,139.0000,vihtavuori_n150,124,28.5000,2175,25.500,8.0000,2.6220,no
6_5_creedmoor,0.2640,tog,139.0000,vihtavuori_n550,129,33.2000,2333,25.500,8.0000,2.6220,no
6_5_creedmoor,0.2640,tog,139.0000,vihtavuori_n555,144,36.3000,2411,25.500,8.0000,2.6220,no
6_5_creedmoor,0.2640,tog,139.0000,vihtavuori_n160,143,35.5000,2316,25.500,8.0000,2.6220,no
6_5_creedmoor,0.2640,tog,139.0000,vihtavuori_n560,147,38.6000,2369,25.500,8.0000,2.6220,no
6_5_creedmoor,0.2640,tog,139.0000,vihtavuori_n565,156,41.2000,2402,25.500,8.0000,2.6220,no
6_5_creedmoor,0.2640,classic_hunter,139.0000,vihtavuori_n140,112,27.8000,2011,25.500,8.0000,2.7360,no
6_5_creedmoor,0.2640,classic_hunter,139.0000,vihtavuori_n540,117,30.9000,2221,25.500,8.0000,2.7360,no
6_5_creedmoor,0.2640,classic_hunter,139.0000,vihtavuori_n150,124,28.1000,2051,25.500,8.0000,2.7360,no
6_5_creedmoor,0.2640,classic_hunter,139.0000,vihtavuori_n550,129,32.1000,2254,25.500,8.0000,2.7360,no
6_5_creedmoor,0.2640,classic_hunter,139.0000,vihtavuori_n555,144,36.0000,2365,25.500,8.0000,2.7360,no
6_5_creedmoor,0.2640,classic_hunter,139.0000,vihtavuori_n160,143,35.3000,2241,25.500,8.0000,2.7360,no
6_5_creedmoor,0.2640,classic_hunter,139.0000,vihtavuori_n560,147,36.7000,2290,25.500,8.0000,2.7360,no
6_5_creedmoor,0.2640,scenar,139.0000,vihtavuori_n540,117,30.9000,2339,25.500,8.0000,2.7170,no
6_5_creedmoor,0.2640,scenar,139.0000,vihtavuori_n150,124,29.3000,2264,25.500,8.0000,2.7170,no
6_5_creedmoor,0.2640,scenar,139.0000,vihtavuori_n550,129,34.0000,2411,25.500,8.0000,2.7170,no
6_5_creedmoor,0.2640,scenar,139.0000,vihtavuori_n555,144,37.8000,2500,25.500,8.0000,2.7170,no
6_5_creedmoor,0.2640,scenar,139.0000,vihtavuori_n160,143,33.0000,2297,25.500,8.0000,2.7170,no
6_5_creedmoor,0.2640,scenar,139.0000,vihtavuori_n560,147,40.4000,2474,25.500,8.0000,2.7170,no
6_5_creedmoor,0.2640,hybrid_target,140.0000,vihtavuori_n150,124,31.3000,2329,25.500,8.0000,2.7170,no
6_5_creedmoor,0.2640,hybrid_target,140.0000,vihtavuori_n550,129,35.3000,2444,25.500,8.0000,2.7170,no
6_5_creedmoor,0.2640,hybrid_target,140.0000,vihtavuori_n555,144,40.1000,2556,25.500,8.0000,2.7170,no
6_5_creedmoor,0.2640,hybrid_target,140.0000,vihtavuori_n160,143,37.2000,2441,25.500,8.0000,2.7170,no
6_5_creedmoor,0.2640,hybrid_target,140.0000,vihtavuori_n560,147,41.1000,2487,25.500,8.0000,2.7170,no
6_5_creedmoor,0.2640,hybrid_target,140.0000,vihtavuori_n565,156,42.7000,2516,25.500,8.0000,2.7170,no
6_5_creedmoor,0.2640,eld_match,140.0000,vihtavuori_n140,112,31.3000,2274,25.500,8.0000,2.7990,no
6_5_creedmoor,0.2640,eld_match,140.0000,vihtavuori_n540,117,31.8000,2359,25.500,8.0000,2.7990,no
6_5_creedmoor,0.2640,eld_match,140.0000,vihtavuori_n150,124,29.9000,2238,25.500,8.0000,2.7990,no
6_5_creedmoor,0.2640,eld_match,140.0000,vihtavuori_n550,129,34.7000,2421,25.500,8.0000,2.7990,no
6_5_creedmoor,0.2640,eld_match,140.0000,vihtavuori_n555,144,37.8000,2461,25.500,8.0000,2.7990,no
6_5_creedmoor,0.2640,eld_match,140.0000,vihtavuori_n160,143,35.0000,2336,25.500,8.0000,2.7990,no
6_5_creedmoor,0.2640,eld_match,140.0000,vihtavuori_n560,147,40.1000,2467,25.500,8.0000,2.7990,no
6_5_creedmoor,0.2640,eld_match,140.0000,vihtavuori_n565,156,41.7000,2434,25.500,8.0000,2.7990,no
6_5_creedmoor,0.2640,InterLock SP,140.0000,vihtavuori_n140,112,30.9000,2287,25.500,8.0000,2.6770,no
6_5_creedmoor,0.2640,InterLock SP,140.0000,vihtavuori_n540,117,30.9000,2323,25.500,8.0000,2.6770,no
6_5_creedmoor,0.2640,InterLock SP,140.0000,vihtavuori_n150,124,29.3000,2234,25.500,8.0000,2.6770,no
6_5_creedmoor,0.2640,InterLock SP,140.0000,vihtavuori_n550,129,34.0000,2375,25.500,8.0000,2.6770,no
6_5_creedmoor,0.2640,InterLock SP,140.0000,vihtavuori_n555,144,37.0000,2438,25.500,8.0000,2.6770,no
6_5_creedmoor,0.2640,InterLock SP,140.0000,vihtavuori_n160,143,35.5000,2333,25.500,8.0000,2.6770,no
6_5_creedmoor,0.2640,InterLock SP,140.0000,vihtavuori_n560,147,39.4000,2438,25.500,8.0000,2.6770,no
6_5_creedmoor,0.2640,naturalis_n563,140.0000,vihtavuori_n540,117,29.0000,2201,25.500,8.0000,2.7240,no
6_5_creedmoor,0.2640,naturalis_n563,140.0000,vihtavuori_n150,124,25.8000,1985,25.500,8.0000,2.7240,no
6_5_creedmoor,0.2640,naturalis_n563,140.0000,vihtavuori_n550,129,30.6000,2224,25.500,8.0000,2.7240,no
6_5_creedmoor,0.2640,accubond,140.0000,vihtavuori_n540,117,30.2000,2247,25.500,8.0000,2.7950,no
6_5_creedmoor,0.2640,accubond,140.0000,vihtavuori_n150,124,28.9000,2178,25.500,8.0000,2.7950,no
6_5_creedmoor,0.2640,accubond,140.0000,vihtavuori_n550,129,32.1000,2287,25.500,8.0000,2.7950,no
6_5_creedmoor,0.2640,ballistic_tip,140.0000,vihtavuori_n540,117,32.3000,2316,25.500,8.0000,2.7090,no
6_5_creedmoor,0.2640,ballistic_tip,140.0000,vihtavuori_n150,124,29.9000,2165,25.500,8.0000,2.7090,no
6_5_creedmoor,0.2640,ballistic_tip,140.0000,vihtavuori_n550,129,34.4000,2352,25.500,8.0000,2.7090,no
6_5_creedmoor,0.2640,ballistic_tip,140.0000,vihtavuori_n555,144,37.3000,2415,25.500,8.0000,2.7090,no
6_5_creedmoor,0.2640,ballistic_tip,140.0000,vihtavuori_n160,143,36.6000,2300,25.500,8.0000,2.7090,no
6_5_creedmoor,0.2640,ballistic_tip,140.0000,vihtavuori_n560,147,39.7000,2431,25.500,8.0000,2.7090,no
6_5_creedmoor,0.2640,hpbt,140.0000,vihtavuori_n140,112,29.8000,2277,25.500,8.0000,2.7760,no
6_5_creedmoor,0.2640,hpbt,140.0000,vihtavuori_n540,117,30.1000,2326,25.500,8.0000,2.7760,no
6_5_creedmoor,0.2640,hpbt,140.0000,vihtavuori_n150,124,28.9000,2244,25.500,8.0000,2.7760,no
6_5_creedmoor,0.2640,hpbt,140.0000,vihtavuori_n550,129,33.2000,2398,25.500,8.0000,2.7760,no
6_5_creedmoor,0.2640,hpbt,140.0000,vihtavuori_n555,144,35.5000,2434,25.500,8.0000,2.7760,no
6_5_creedmoor,0.2640,hpbt,140.0000,vihtavuori_n160,143,34.0000,2333,25.500,8.0000,2.7760,no
6_5_creedmoor,0.2640,hpbt,140.0000,vihtavuori_n560,147,38.6000,2454,25.500,8.0000,2.7760,no
6_5_creedmoor,0.2640,hpbt,142.0000,vihtavuori_n150,124,30.4000,2244,25.500,8.0000,2.6970,no
6_5_creedmoor,0.2640,hpbt,142.0000,vihtavuori_n550,129,35.5000,2418,25.500,8.0000,2.6970,no
6_5_creedmoor,0.2640,hpbt,142.0000,vihtavuori_n555,144,38.6000,2454,25.500,8.0000,2.6970,no
6_5_creedmoor,0.2640,hpbt,142.0000,vihtavuori_n160,143,36.7000,2356,25.500,8.0000,2.6970,no
6_5_creedmoor,0.2640,hpbt,142.0000,vihtavuori_n560,147,40.6000,2467,25.500,8.0000,2.6970,no
6_5_creedmoor,0.2640,hpbt,142.0000,vihtavuori_n565,156,42.4000,2464,25.500,8.0000,2.6970,no
6_5_creedmoor,0.2640,eld_x,143.0000,vihtavuori_n150,124,30.6000,2280,25.500,8.0000,2.7090,no
6_5_creedmoor,0.2640,eld_x,143.0000,vihtavuori_n550,129,34.6000,2431,25.500,8.0000,2.7090,no
6_5_creedmoor,0.2640,eld_x,143.0000,vihtavuori_n555,144,37.8000,2434,25.500,8.0000,2.7090,no
6_5_creedmoor,0.2640,eld_x,143.0000,vihtavuori_n160,143,36.4000,2392,25.500,8.0000,2.7090,no
6_5_creedmoor,0.2640,eld_x,143.0000,vihtavuori_n560,147,40.6000,2457,25.500,8.0000,2.7090,no
6_5_creedmoor,0.2640,eld_x,143.0000,vihtavuori_n565,156,42.3000,2493,25.500,8.0000,2.7090,no
6_5_creedmoor,0.2640,long_range_hybrid_target,144.0000,vihtavuori_n150,124,30.9000,2234,25.500,8.0000,2.7950,no
6_5_creedmoor,0.2640,long_range_hybrid_target,144.0000,vihtavuori_n550,129,35.5000,2425,25.500,8.0000,2.7950,no
6_5_creedmoor,0.2640,long_range_hybrid_target,144.0000,vihtavuori_n555,144,39.7000,2552,25.500,8.0000,2.7950,no
6_5_creedmoor,0.2640,long_range_hybrid_target,144.0000,vihtavuori_n160,143,38.6000,2369,25.500,8.0000,2.7950,no
6_5_creedmoor,0.2640,long_range_hybrid_target,144.0000,vihtavuori_n560,147,41.7000,2516,25.500,8.0000,2.7950,no
6_5_creedmoor,0.2640,long_range_hybrid_target,144.0000,vihtavuori_n565,156,43.2000,2543,25.500,8.0000,2.7950,no
6_5_creedmoor,0.2640,fmjbt,144.0000,vihtavuori_n540,117,28.5000,2211,25.500,8.0000,2.7170,no
6_5_creedmoor,0.2640,fmjbt,144.0000,vihtavuori_n150,124,27.6000,2172,25.500,8.0000,2.7170,no
6_5_creedmoor,0.2640,fmjbt,144.0000,vihtavuori_n550,129,31.3000,2280,25.500,8.0000,2.7170,no
6_5_creedmoor,0.2640,fmjbt,144.0000,vihtavuori_n555,144,37.0000,2402,25.500,8.0000,2.7170,no
6_5_creedmoor,0.2640,fmjbt,144.0000,vihtavuori_n160,143,33.5000,2241,25.500,8.0000,2.7170,no
6_5_creedmoor,0.2640,fmjbt,144.0000,vihtavuori_n560,147,39.7000,2418,25.500,8.0000,2.7170,no
6_5_creedmoor,0.2640,fmjbt,144.0000,vihtavuori_n565,156,41.5000,2457,25.500,8.0000,2.7170,no
6_5_creedmoor,0.2640,maxrange_target_gb582,144.0000,vihtavuori_n540,117,29.3000,2238,25.500,8.0000,2.8150,no
6_5_creedmoor,0.2640,maxrange_target_gb582,144.0000,vihtavuori_n150,124,27.8000,2126,25.500,8.0000,2.8150,no
6_5_creedmoor,0.2640,maxrange_target_gb582,144.0000,vihtavuori_n550,129,32.7000,2313,25.500,8.0000,2.8150,no
6_5_creedmoor,0.2640,maxrange_target_gb582,144.0000,vihtavuori_n555,144,34.7000,2346,25.500,8.0000,2.8150,no
6_5_creedmoor,0.2640,maxrange_target_gb582,144.0000,vihtavuori_n160,143,31.6000,2218,25.500,8.0000,2.8150,no
6_5_creedmoor,0.2640,maxrange_target_gb582,144.0000,vihtavuori_n165,153,35.5000,2310,25.500,8.0000,2.8150,no
6_5_creedmoor,0.2640,maxrange_target_gb582,144.0000,vihtavuori_n560,147,37.0000,2339,25.500,8.0000,2.8150,no
6_5_creedmoor,0.2640,maxrange_target_gb582,144.0000,vihtavuori_n565,156,39.4000,2365,25.500,8.0000,2.8150,no
6_5_creedmoor,0.2640,eld_match,147.0000,vihtavuori_n550,129,33.2000,2300,25.500,8.0000,2.7870,no
6_5_creedmoor,0.2640,eld_match,147.0000,vihtavuori_n555,144,38.6000,2434,25.500,8.0000,2.7870,no
6_5_creedmoor,0.2640,eld_match,147.0000,vihtavuori_n160,143,37.2000,2346,25.500,8.0000,2.7870,no
6_5_creedmoor,0.2640,eld_match,147.0000,vihtavuori_n165,153,42.3000,2467,25.500,8.0000,2.7870,no
6_5_creedmoor,0.2640,eld_match,147.0000,vihtavuori_n560,147,39.4000,2388,25.500,8.0000,2.7870,no
6_5_creedmoor,0.2640,eld_match,147.0000,vihtavuori_n565,156,41.7000,2405,25.500,8.0000,2.7870,no
6_5_creedmoor,0.2640,a_tip,153.0000,vihtavuori_n160,143,34.7000,2247,25.500,8.0000,2.7830,no
6_5_creedmoor,0.2640,a_tip,153.0000,vihtavuori_n165,153,37.0000,2244,25.500,8.0000,2.7830,no
6_5_creedmoor,0.2640,a_tip,153.0000,vihtavuori_n560,147,37.8000,2310,25.500,8.0000,2.7830,no
6_5_creedmoor,0.2640,a_tip,153.0000,vihtavuori_n565,156,40.9000,2382,25.500,8.0000,2.7830,no
6_5_creedmoor,0.2640,long_range_hybrid_target,153.5000,vihtavuori_n540,117,32.1000,2300,25.500,8.0000,2.7950,no
6_5_creedmoor,0.2640,long_range_hybrid_target,153.5000,vihtavuori_n150,124,30.4000,2201,25.500,8.0000,2.7950,no
6_5_creedmoor,0.2640,long_range_hybrid_target,153.5000,vihtavuori_n550,129,34.9000,2326,25.500,8.0000,2.7950,no
6_5_creedmoor,0.2640,long_range_hybrid_target,153.5000,vihtavuori_n555,144,37.8000,2392,25.500,8.0000,2.7950,no
6_5_creedmoor,0.2640,long_range_hybrid_target,153.5000,vihtavuori_n160,143,37.3000,2343,25.500,8.0000,2.7950,no
6_5_creedmoor,0.2640,long_range_hybrid_target,153.5000,vihtavuori_n165,153,42.0000,2448,25.500,8.0000,2.7950,no
6_5_creedmoor,0.2640,long_range_hybrid_target,153.5000,vihtavuori_n560,147,40.1000,2372,25.500,8.0000,2.7950,no
6_5_creedmoor,0.2640,long_range_hybrid_target,153.5000,vihtavuori_n565,156,41.7000,2418,25.500,8.0000,2.7950,no
6_5_creedmoor,0.2640,elite_hunter,156.0000,vihtavuori_n550,129,34.7000,2270,25.500,8.0000,2.7950,no
6_5_creedmoor,0.2640,elite_hunter,156.0000,vihtavuori_n555,144,40.1000,2425,25.500,8.0000,2.7950,no
6_5_creedmoor,0.2640,elite_hunter,156.0000,vihtavuori_n160,143,38.6000,2316,25.500,8.0000,2.7950,no
6_5_creedmoor,0.2640,elite_hunter,156.0000,vihtavuori_n165,153,42.4000,2336,25.500,8.0000,2.7950,no
6_5_creedmoor,0.2640,elite_hunter,156.0000,vihtavuori_n560,147,41.2000,2365,25.500,8.0000,2.7950,no
6_5_creedmoor,0.2640,elite_hunter,156.0000,vihtavuori_n565,156,43.2000,2395,25.500,8.0000,2.7950,no
6_5_creedmoor,0.2640,mega,156.0000,vihtavuori_n540,117,28.2000,2083,25.500,8.0000,2.6970,no
6_5_creedmoor,0.2640,mega,156.0000,vihtavuori_n150,124,26.4000,1978,25.500,8.0000,2.6970,no
6_5_creedmoor,0.2640,mega,156.0000,vihtavuori_n550,129,30.7000,2152,25.500,8.0000,2.6970,no
6_5_creedmoor,0.2640,mega,156.0000,vihtavuori_n160,143,29.8000,2051,25.500,8.0000,2.6970,no
6_5_creedmoor,0.2640,oryx,156.0000,vihtavuori_n550,129,30.1000,2136,25.500,8.0000,2.7360,no
6_5_creedmoor,0.2640,oryx,156.0000,vihtavuori_n555,144,33.2000,2201,25.500,8.0000,2.7360,no
6_5_creedmoor,0.2640,oryx,156.0000,vihtavuori_n160,143,31.6000,2119,25.500,8.0000,2.7360,no
6_5_creedmoor,0.2640,oryx,156.0000,vihtavuori_n560,147,35.5000,2238,25.500,8.0000,2.7360,no
6_5_creedmoor,0.2640,oryx,156.0000,vihtavuori_n565,156,37.8000,2247,25.500,8.0000,2.7360,no
6_5_creedmoor,0.2640,vulkan,156.0000,vihtavuori_n140,112,28.1000,2064,25.500,8.0000,2.7170,no
6_5_creedmoor,0.2640,vulkan,156.0000,vihtavuori_n540,117,28.1000,2073,25.500,8.0000,2.7170,no
6_5_creedmoor,0.2640,vulkan,156.0000,vihtavuori_n150,124,27.2000,2028,25.500,8.0000,2.7170,no
6_5_creedmoor,0.2640,vulkan,156.0000,vihtavuori_n550,129,30.6000,2152,25.500,8.0000,2.7170,no
6_5_creedmoor,0.2640,vulkan,156.0000,vihtavuori_n160,143,34.4000,2218,25.500,8.0000,2.7170,no
6_5_creedmoor,0.2640,vulkan,156.0000,vihtavuori_n560,147,37.0000,2260,25.500,8.0000,2.7170,no
6_5_creedmoor,0.2640,vulkan,156.0000,vihtavuori_n565,156,38.9000,2306,25.500,8.0000,2.7170,no
6_5_creedmoor,0.2640,interlock,160.0000,vihtavuori_n140,112,30.1000,2051,25.500,8.0000,2.7400,no
6_5_creedmoor,0.2640,interlock,160.0000,vihtavuori_n540,117,31.2000,2185,25.500,8.0000,2.7400,no
6_5_creedmoor,0.2640,interlock,160.0000,vihtavuori_n150,124,30.1000,2077,25.500,8.0000,2.7400,no
6_5_creedmoor,0.2640,interlock,160.0000,vihtavuori_n550,129,34.7000,2247,25.500,8.0000,2.7400,no
6_5_creedmoor,0.2640,interlock,160.0000,vihtavuori_n555,144,37.8000,2290,25.500,8.0000,2.7400,no
6_5_creedmoor,0.2640,interlock,160.0000,vihtavuori_n160,143,34.0000,2119,25.500,8.0000,2.7400,no
6_5_creedmoor,0.2640,interlock,160.0000,vihtavuori_n560,147,39.4000,2270,25.500,8.0000,2.7400,no
6_5_creedmoor,0.2640,interlock,160.0000,vihtavuori_n565,156,41.7000,2303,25.500,8.0000,2.7400,no
6_5_creedmoor,0.2640,sst,129.0000,vihtavuori_n140,112,36.4000,2608,25.500,8.0000,2.6700,no
6_5_creedmoor,0.2640,sst,129.0000,vihtavuori_n540,117,37.0000,2717,25.500,8.0000,2.6700,no
6_5_creedmoor,0.2640,sst,129.0000,vihtavuori_n150,124,35.8000,2598,25.500,8.0000,2.6700,no
6_5_creedmoor,0.2640,sst,129.0000,vihtavuori_n550,129,40.3000,2782,25.500,8.0000,2.6700,no
6_5_creedmoor,0.2640,tsx,130.0000,vihtavuori_n540,117,36.0000,2638,25.500,8.0000,2.7170,no
6_5_creedmoor,0.2640,tsx,130.0000,vihtavuori_n150,124,34.3000,2523,25.500,8.0000,2.7170,no
6_5_creedmoor,0.2640,tsx,130.0000,vihtavuori_n550,129,38.6000,2687,25.500,8.0000,2.7170,no
6_5_creedmoor,0.2640,ar_hybrid_otm_tactical,130.0000,vihtavuori_n150,124,36.6000,2677,25.500,8.0000,2.6770,no
6_5_creedmoor,0.2640,ar_hybrid_otm_tactical,130.0000,vihtavuori_n550,129,40.6000,2808,25.500,8.0000,2.6770,no
6_5_creedmoor,0.2640,ar_hybrid_otm_tactical,130.0000,vihtavuori_n555,144,44.1000,2851,25.500,8.0000,2.6770,no
6_5_creedmoor,0.2640,ar_hybrid_otm_tactical,130.0000,vihtavuori_n160,143,44.1000,2815,25.500,8.0000,2.6770,no
6_5_creedmoor,0.2640,ar_hybrid_otm_tactical,130.0000,vihtavuori_n560,147,47.2000,2874,25.500,8.0000,2.6770,no
6_5_creedmoor,0.2640,vld_target,130.0000,vihtavuori_n540,117,37.8000,2779,25.500,8.0000,2.7950,no
6_5_creedmoor,0.2640,vld_target,130.0000,vihtavuori_n150,124,36.1000,2654,25.500,8.0000,2.7950,no
6_5_creedmoor,0.2640,vld_target,130.0000,vihtavuori_n550,129,40.4000,2812,25.500,8.0000,2.7950,no
6_5_creedmoor,0.2640,vld_target,130.0000,vihtavuori_n555,144,44.1000,2851,25.500,8.0000,2.7950,no
6_5_creedmoor,0.2640,vld_target,130.0000,vihtavuori_n160,143,44.0000,2812,25.500,8.0000,2.7950,no
6_5_creedmoor,0.2640,vld_target,130.0000,vihtavuori_n560,147,46.8000,2871,25.500,8.0000,2.7950,no
6_5_creedmoor,0.2640,vld_target,130.0000,vihtavuori_n565,156,48.8000,2867,25.500,8.0000,2.7950,no
6_5_creedmoor,0.2640,cx,130.0000,vihtavuori_n140,112,33.2000,2454,25.500,8.0000,2.7990,no
6_5_creedmoor,0.2640,cx,130.0000,vihtavuori_n540,117,36.1000,2690,25.500,8.0000,2.7990,no
6_5_creedmoor,0.2640,cx,130.0000,vihtavuori_n150,124,34.4000,2543,25.500,8.0000,2.7990,no
6_5_creedmoor,0.2640,cx,130.0000,vihtavuori_n550,129,38.7000,2720,25.500,8.0000,2.7990,no
6_5_creedmoor,0.2640,eld_match,130.0000,vihtavuori_n140,112,35.3000,2638,25.500,8.0000,2.7990,no
6_5_creedmoor,0.2640,eld_match,130.0000,vihtavuori_n540,117,37.2000,2746,25.500,8.0000,2.7990,no
6_5_creedmoor,0.2640,eld_match,130.0000,vihtavuori_n150,124,35.6000,2638,25.500,8.0000,2.7990,no
6_5_creedmoor,0.2640,eld_match,130.0000,vihtavuori_n550,129,39.5000,2782,25.500,8.0000,2.7990,no
6_5_creedmoor,0.2640,hpbt,130.0000,vihtavuori_n140,112,34.1000,2612,25.500,8.0000,2.6690,no
6_5_creedmoor,0.2640,hpbt,130.0000,vihtavuori_n540,117,35.3000,2697,25.500,8.0000,2.6690,no
6_5_creedmoor,0.2640,hpbt,130.0000,vihtavuori_n150,124,34.1000,2602,25.500,8.0000,2.6690,no
6_5_creedmoor,0.2640,hpbt,130.0000,vihtavuori_n550,129,38.1000,2749,25.500,8.0000,2.6690,no
6_5_creedmoor,0.2640,hpbt,130.0000,vihtavuori_n555,144,42.0000,2805,25.500,8.0000,2.6690,no
6_5_creedmoor,0.2640,hpbt,130.0000,vihtavuori_n160,143,40.9000,2730,25.500,8.0000,2.6690,no
6_5_creedmoor,0.2640,hpbt,130.0000,vihtavuori_n560,147,44.1000,2802,25.500,8.0000,2.6690,no
6_5_creedmoor,0.2640,tgk,130.0000,vihtavuori_n140,112,34.0000,2562,25.500,8.0000,2.8070,no
6_5_creedmoor,0.2640,tgk,130.0000,vihtavuori_n540,117,36.1000,2687,25.500,8.0000,2.8070,no
6_5_creedmoor,0.2640,tgk,130.0000,vihtavuori_n150,124,33.8000,2556,25.500,8.0000,2.8070,no
6_5_creedmoor,0.2640,tgk,130.0000,vihtavuori_n550,129,38.7000,2740,25.500,8.0000,2.8070,no
6_5_creedmoor,0.2640,tgk,130.0000,vihtavuori_n160,143,36.7000,2598,25.500,8.0000,2.8070,no
6_5_creedmoor,0.2640,tmk,130.0000,vihtavuori_n140,112,35.3000,2628,25.500,8.0000,2.8070,no
6_5_creedmoor,0.2640,tmk,130.0000,vihtavuori_n540,117,37.5000,2756,25.500,8.0000,2.8070,no
6_5_creedmoor,0.2640,tmk,130.0000,vihtavuori_n150,124,35.5000,2635,25.500,8.0000,2.8070,no
6_5_creedmoor,0.2640,tmk,130.0000,vihtavuori_n550,129,39.7000,2789,25.500,8.0000,2.8070,no
6_5_creedmoor,0.2640,scirocco_ii,130.0000,vihtavuori_n150,124,35.3000,2631,25.500,8.0000,2.6500,no
6_5_creedmoor,0.2640,scirocco_ii,130.0000,vihtavuori_n550,129,39.4000,2723,25.500,8.0000,2.6500,no
6_5_creedmoor,0.2640,scirocco_ii,130.0000,vihtavuori_n555,144,43.8000,2792,25.500,8.0000,2.6500,no
6_5_creedmoor,0.2640,scirocco_ii,130.0000,vihtavuori_n160,143,41.8000,2697,25.500,8.0000,2.6500,no
6_5_creedmoor,0.2640,scirocco_ii,130.0000,vihtavuori_n560,147,46.9000,2812,25.500,8.0000,2.6500,no
6_5_creedmoor,0.2640,a_tip,135.0000,vihtavuori_n150,124,35.8000,2572,25.500,8.0000,2.7950,no
6_5_creedmoor,0.2640,a_tip,135.0000,vihtavuori_n555,144,43.2000,2795,25.500,8.0000,2.7950,no
6_5_creedmoor,0.2640,a_tip,135.0000,vihtavuori_n160,143,42.3000,2694,25.500,8.0000,2.7950,no
6_5_creedmoor,0.2640,a_tip,135.0000,vihtavuori_n560,147,45.8000,2822,25.500,8.0000,2.7950,no
6_5_creedmoor,0.2640,scenar_l,136.0000,vihtavuori_n540,117,37.7000,2756,25.500,8.0000,2.6770,no
6_5_creedmoor,0.2640,scenar_l,136.0000,vihtavuori_n150,124,38.3000,2733,25.500,8.0000,2.6770,no
6_5_creedmoor,0.2640,scenar_l,136.0000,vihtavuori_n550,129,41.1000,2838,25.500,8.0000,2.6770,no
6_5_creedmoor,0.2640,tog,139.0000,vihtavuori_n140,112,33.8000,2434,25.500,8.0000,2.6220,no
6_5_creedmoor,0.2640,tog,139.0000,vihtavuori_n540,117,35.8000,2559,25.500,8.0000,2.6220,no
6_5_creedmoor,0.2640,tog,139.0000,vihtavuori_n150,124,32.7000,2405,25.500,8.0000,2.6220,no
6_5_creedmoor,0.2640,tog,139.0000,vihtavuori_n550,129,38.1000,2615,25.500,8.0000,2.6220,no
6_5_creedmoor,0.2640,tog,139.0000,vihtavuori_n160,143,39.5000,2562,25.500,8.0000,2.6220,no
6_5_creedmoor,0.2640,classic_hunter,139.0000,vihtavuori_n140,112,32.1000,2303,25.500,8.0000,2.7360,no
6_5_creedmoor,0.2640,classic_hunter,139.0000,vihtavuori_n540,117,34.0000,2484,25.500,8.0000,2.7360,no
6_5_creedmoor,0.2640,classic_hunter,139.0000,vihtavuori_n150,124,31.9000,2326,25.500,8.0000,2.7360,no
6_5_creedmoor,0.2640,classic_hunter,139.0000,vihtavuori_n550,129,36.1000,2546,25.500,8.0000,2.7360,no
6_5_creedmoor,0.2640,classic_hunter,139.0000,vihtavuori_n555,144,40.4000,2621,25.500,8.0000,2.7360,no
6_5_creedmoor,0.2640,classic_hunter,139.0000,vihtavuori_n160,143,39.8000,2533,25.500,8.0000,2.7360,no
6_5_creedmoor,0.2640,classic_hunter,139.0000,vihtavuori_n560,147,41.1000,2585,25.500,8.0000,2.7360,no
6_5_creedmoor,0.2640,scenar,139.0000,vihtavuori_n540,117,36.7000,2680,25.500,8.0000,2.7170,no
6_5_creedmoor,0.2640,scenar,139.0000,vihtavuori_n150,124,35.5000,2602,25.500,8.0000,2.7170,no
6_5_creedmoor,0.2640,scenar,139.0000,vihtavuori_n550,129,39.7000,2759,25.500,8.0000,2.7170,no
6_5_creedmoor,0.2640,scenar,139.0000,vihtavuori_n555,144,42.6000,2749,25.500,8.0000,2.7170,no
6_5_creedmoor,0.2640,scenar,139.0000,vihtavuori_n160,143,42.1000,2733,25.500,8.0000,2.7170,no
6_5_creedmoor,0.2640,scenar,139.0000,vihtavuori_n560,147,44.4000,2730,25.500,8.0000,2.7170,no
6_5_creedmoor,0.2640,hybrid_target,140.0000,vihtavuori_n150,124,35.3000,2552,25.500,8.0000,2.7170,no
6_5_creedmoor,0.2640,hybrid_target,140.0000,vihtavuori_n550,129,39.0000,2677,25.500,8.0000,2.7170,no
6_5_creedmoor,0.2640,hybrid_target,140.0000,vihtavuori_n555,144,43.4000,2740,25.500,8.0000,2.7170,no
6_5_creedmoor,0.2640,hybrid_target,140.0000,vihtavuori_n160,143,41.8000,2667,25.500,8.0000,2.7170,no
6_5_creedmoor,0.2640,hybrid_target,140.0000,vihtavuori_n560,147,45.4000,2746,25.500,8.0000,2.7170,no
6_5_creedmoor,0.2640,eld_match,140.0000,vihtavuori_n140,112,35.0000,2500,25.500,8.0000,2.7990,no
6_5_creedmoor,0.2640,eld_match,140.0000,vihtavuori_n540,117,35.8000,2595,25.500,8.0000,2.7990,no
6_5_creedmoor,0.2640,eld_match,140.0000,vihtavuori_n150,124,34.1000,2467,25.500,8.0000,2.7990,no
6_5_creedmoor,0.2640,eld_match,140.0000,vihtavuori_n550,129,38.1000,2641,25.500,8.0000,2.7990,no
6_5_creedmoor,0.2640,InterLock SP,140.0000,vihtavuori_n140,112,34.6000,2497,25.500,8.0000,2.6770,no
6_5_creedmoor,0.2640,InterLock SP,140.0000,vihtavuori_n540,117,34.9000,2569,25.500,8.0000,2.6770,no
6_5_creedmoor,0.2640,InterLock SP,140.0000,vihtavuori_n150,124,33.0000,2438,25.500,8.0000,2.6770,no
6_5_creedmoor,0.2640,InterLock SP,140.0000,vihtavuori_n550,129,37.8000,2618,25.500,8.0000,2.6770,no
6_5_creedmoor,0.2640,InterLock SP,140.0000,vihtavuori_n555,144,40.9000,2654,25.500,8.0000,2.6770,no
6_5_creedmoor,0.2640,InterLock SP,140.0000,vihtavuori_n160,143,39.8000,2566,25.500,8.0000,2.6770,no
6_5_creedmoor,0.2640,InterLock SP,140.0000,vihtavuori_n560,147,43.5000,2687,25.500,8.0000,2.6770,no
6_5_creedmoor,0.2640,naturalis_n563,140.0000,vihtavuori_n540,117,34.0000,2523,25.500,8.0000,2.7240,no
6_5_creedmoor,0.2640,naturalis_n563,140.0000,vihtavuori_n150,124,31.6000,2339,25.500,8.0000,2.7240,no
6_5_creedmoor,0.2640,naturalis_n563,140.0000,vihtavuori_n550,129,36.0000,2546,25.500,8.0000,2.7240,no
6_5_creedmoor,0.2640,accubond,140.0000,vihtavuori_n540,117,35.5000,2592,25.500,8.0000,2.7950,no
6_5_creedmoor,0.2640,accubond,140.0000,vihtavuori_n150,124,35.0000,2526,25.500,8.0000,2.7950,no
6_5_creedmoor,0.2640,accubond,140.0000,vihtavuori_n550,129,38.3000,2651,25.500,8.0000,2.7950,no
6_5_creedmoor,0.2640,ballistic_tip,140.0000,vihtavuori_n540,117,36.0000,2549,25.500,8.0000,2.7090,no
6_5_creedmoor,0.2640,ballistic_tip,140.0000,vihtavuori_n150,124,33.8000,2402,25.500,8.0000,2.7090,no
6_5_creedmoor,0.2640,ballistic_tip,140.0000,vihtavuori_n550,129,37.8000,2582,25.500,8.0000,2.7090,no
6_5_creedmoor,0.2640,ballistic_tip,140.0000,vihtavuori_n555,144,42.0000,2651,25.500,8.0000,2.7090,no
6_5_creedmoor,0.2640,ballistic_tip,140.0000,vihtavuori_n160,143,41.2000,2559,25.500,8.0000,2.7090,no
6_5_creedmoor,0.2640,ballistic_tip,140.0000,vihtavuori_n560,147,44.3000,2684,25.500,8.0000,2.7090,no
6_5_creedmoor,0.2640,hpbt,140.0000,vihtavuori_n140,112,33.8000,2507,25.500,8.0000,2.7760,no
6_5_creedmoor,0.2640,hpbt,140.0000,vihtavuori_n540,117,34.3000,2582,25.500,8.0000,2.7760,no
6_5_creedmoor,0.2640,hpbt,140.0000,vihtavuori_n150,124,32.7000,2464,25.500,8.0000,2.7760,no
6_5_creedmoor,0.2640,hpbt,140.0000,vihtavuori_n550,129,37.3000,2641,25.500,8.0000,2.7760,no
6_5_creedmoor,0.2640,hpbt,140.0000,vihtavuori_n555,144,40.6000,2677,25.500,8.0000,2.7760,no
6_5_creedmoor,0.2640,hpbt,140.0000,vihtavuori_n160,143,38.6000,2575,25.500,8.0000,2.7760,no
6_5_creedmoor,0.2640,hpbt,140.0000,vihtavuori_n560,147,42.9000,2703,25.500,8.0000,2.7760,no
6_5_creedmoor,0.2640,hpbt,142.0000,vihtavuori_n150,124,34.3000,2467,25.500,8.0000,2.6970,no
6_5_creedmoor,0.2640,hpbt,142.0000,vihtavuori_n550,129,39.0000,2664,25.500,8.0000,2.6970,no
6_5_creedmoor,0.2640,hpbt,142.0000,vihtavuori_n555,144,42.0000,2684,25.500,8.0000,2.6970,no
6_5_creedmoor,0.2640,hpbt,142.0000,vihtavuori_n160,143,41.4000,2628,25.500,8.0000,2.6970,no
6_5_creedmoor,0.2640,hpbt,142.0000,vihtavuori_n560,147,44.1000,2717,25.500,8.0000,2.6970,no
6_5_creedmoor,0.2640,hpbt,142.0000,vihtavuori_n565,156,46.9000,2720,25.500,8.0000,2.6970,no
6_5_creedmoor,0.2640,eld_x,143.0000,vihtavuori_n150,124,34.4000,2503,25.500,8.0000,2.7090,no
6_5_creedmoor,0.2640,eld_x,143.0000,vihtavuori_n550,129,37.7000,2628,25.500,8.0000,2.7090,no
6_5_creedmoor,0.2640,eld_x,143.0000,vihtavuori_n555,144,41.7000,2664,25.500,8.0000,2.7090,no
6_5_creedmoor,0.2640,eld_x,143.0000,vihtavuori_n160,143,41.4000,2628,25.500,8.0000,2.7090,no
6_5_creedmoor,0.2640,eld_x,143.0000,vihtavuori_n560,147,44.9000,2733,25.500,8.0000,2.7090,no
6_5_creedmoor,0.2640,eld_x,143.0000,vihtavuori_n565,156,47.1000,2703,25.500,8.0000,2.7090,no
6_5_creedmoor,0.2640,long_range_hybrid_target,144.0000,vihtavuori_n150,124,35.3000,2461,25.500,8.0000,2.7950,no
6_5_creedmoor,0.2640,long_range_hybrid_target,144.0000,vihtavuori_n550,129,39.0000,2651,25.500,8.0000,2.7950,no
6_5_creedmoor,0.2640,long_range_hybrid_target,144.0000,vihtavuori_n555,144,43.2000,2746,25.500,8.0000,2.7950,no
6_5_creedmoor,0.2640,long_range_hybrid_target,144.0000,vihtavuori_n160,143,43.1000,2638,25.500,8.0000,2.7950,no
6_5_creedmoor,0.2640,long_range_hybrid_target,144.0000,vihtavuori_n560,147,44.6000,2740,25.500,8.0000,2.7950,no
6_5_creedmoor,0.2640,fmjbt,144.0000,vihtavuori_n540,117,34.9000,2585,25.500,8.0000,2.7170,no
6_5_creedmoor,0.2640,fmjbt,144.0000,vihtavuori_n150,124,35.3000,2562,25.500,8.0000,2.7170,no
6_5_creedmoor,0.2640,fmjbt,144.0000,vihtavuori_n550,129,37.7000,2664,25.500,8.0000,2.7170,no
6_5_creedmoor,0.2640,fmjbt,144.0000,vihtavuori_n555,144,41.2000,2631,25.500,8.0000,2.7170,no
6_5_creedmoor,0.2640,fmjbt,144.0000,vihtavuori_n160,143,40.3000,2566,25.500,8.0000,2.7170,no
6_5_creedmoor,0.2640,fmjbt,144.0000,vihtavuori_n560,147,44.1000,2700,25.500,8.0000,2.7170,no
6_5_creedmoor,0.2640,fmjbt,144.0000,vihtavuori_n565,156,45.7000,2694,25.500,8.0000,2.7170,no
6_5_creedmoor,0.2640,maxrange_target_gb582,144.0000,vihtavuori_n540,117,33.5000,2493,25.500,8.0000,2.8150,no
6_5_creedmoor,0.2640,maxrange_target_gb582,144.0000,vihtavuori_n150,124,32.3000,2388,25.500,8.0000,2.8150,no
6_5_creedmoor,0.2640,maxrange_target_gb582,144.0000,vihtavuori_n550,129,36.9000,2569,25.500,8.0000,2.8150,no
6_5_creedmoor,0.2640,maxrange_target_gb582,144.0000,vihtavuori_n160,143,37.2000,2480,25.500,8.0000,2.8150,no
6_5_creedmoor,0.2640,eld_match,147.0000,vihtavuori_n550,129,37.2000,2549,25.500,8.0000,2.7870,no
6_5_creedmoor,0.2640,eld_match,147.0000,vihtavuori_n160,143,41.8000,2598,25.500,8.0000,2.7870,no
6_5_creedmoor,0.2640,eld_match,147.0000,vihtavuori_n560,147,43.7000,2657,25.500,8.0000,2.7870,no
6_5_creedmoor,0.2640,a_tip,153.0000,vihtavuori_n160,143,38.7000,2434,25.500,8.0000,2.7830,no
6_5_creedmoor,0.2640,a_tip,153.0000,vihtavuori_n165,153,44.1000,2575,25.500,8.0000,2.7830,no
6_5_creedmoor,0.2640,a_tip,153.0000,vihtavuori_n560,147,42.4000,2582,25.500,8.0000,2.7830,no
6_5_creedmoor,0.2640,long_range_hybrid_target,153.5000,vihtavuori_n540,117,36.0000,2526,25.500,8.0000,2.7950,no
6_5_creedmoor,0.2640,long_range_hybrid_target,153.5000,vihtavuori_n150,124,34.3000,2425,25.500,8.0000,2.7950,no
6_5_creedmoor,0.2640,long_range_hybrid_target,153.5000,vihtavuori_n550,129,38.1000,2546,25.500,8.0000,2.7950,no
6_5_creedmoor,0.2640,long_range_hybrid_target,153.5000,vihtavuori_n555,144,41.7000,2618,25.500,8.0000,2.7950,no
6_5_creedmoor,0.2640,long_range_hybrid_target,153.5000,vihtavuori_n160,143,41.4000,2569,25.500,8.0000,2.7950,no
6_5_creedmoor,0.2640,long_range_hybrid_target,153.5000,vihtavuori_n560,147,43.8000,2625,25.500,8.0000,2.7950,no
6_5_creedmoor,0.2640,mega,156.0000,vihtavuori_n540,117,34.0000,2425,25.500,8.0000,2.6970,no
6_5_creedmoor,0.2640,mega,156.0000,vihtavuori_n150,124,33.5000,2385,25.500,8.0000,2.6970,no
6_5_creedmoor,0.2640,mega,156.0000,vihtavuori_n550,129,36.6000,2503,25.500,8.0000,2.6970,no
6_5_creedmoor,0.2640,mega,156.0000,vihtavuori_n160,143,38.3000,2474,25.500,8.0000,2.6970,no
6_5_creedmoor,0.2640,oryx,156.0000,vihtavuori_n550,129,34.4000,2379,25.500,8.0000,2.7360,no
6_5_creedmoor,0.2640,oryx,156.0000,vihtavuori_n555,144,37.3000,2428,25.500,8.0000,2.7360,no
6_5_creedmoor,0.2640,oryx,156.0000,vihtavuori_n160,143,36.4000,2352,25.500,8.0000,2.7360,no
6_5_creedmoor,0.2640,oryx,156.0000,vihtavuori_n560,147,39.5000,2464,25.500,8.0000,2.7360,no
6_5_creedmoor,0.2640,vulkan,156.0000,vihtavuori_n140,112,31.6000,2264,25.500,8.0000,2.7170,no
6_5_creedmoor,0.2640,vulkan,156.0000,vihtavuori_n540,117,32.9000,2343,25.500,8.0000,2.7170,no
6_5_creedmoor,0.2640,vulkan,156.0000,vihtavuori_n150,124,30.7000,2231,25.500,8.0000,2.7170,no
6_5_creedmoor,0.2640,vulkan,156.0000,vihtavuori_n550,129,35.5000,2425,25.500,8.0000,2.7170,no
6_5_creedmoor,0.2640,vulkan,156.0000,vihtavuori_n160,143,38.9000,2457,25.500,8.0000,2.7170,no
6_5_creedmoor,0.2640,vulkan,156.0000,vihtavuori_n560,147,41.1000,2507,25.500,8.0000,2.7170,no
6_5_creedmoor,0.2640,vulkan,156.0000,vihtavuori_n565,156,43.2000,2526,25.500,8.0000,2.7170,no
6_5_creedmoor,0.2640,interlock,160.0000,vihtavuori_n140,112,34.3000,2277,25.500,8.0000,2.7400,no
6_5_creedmoor,0.2640,interlock,160.0000,vihtavuori_n540,117,35.2000,2402,25.500,8.0000,2.7400,no
6_5_creedmoor,0.2640,interlock,160.0000,vihtavuori_n150,124,33.8000,2270,25.500,8.0000,2.7400,no
6_5_creedmoor,0.2640,interlock,160.0000,vihtavuori_n550,129,38.3000,2467,25.500,8.0000,2.7400,no
6_5_creedmoor,0.2640,interlock,160.0000,vihtavuori_n555,144,41.5000,2503,25.500,8.0000,2.7400,no
6_5_creedmoor,0.2640,interlock,160.0000,vihtavuori_n160,143,41.2000,2428,25.500,8.0000,2.7400,no
6mm_arc,0.2430,ballistic_tip_24055,55.0000,vihtavuori_n133,89,29.5000,3389,20.000,7.0000,2.0590,yes
6mm_arc,0.2430,ballistic_tip_24055,55.0000,vihtavuori_n135,102,30.9000,3406,20.000,7.0000,2.0590,yes
6mm_arc,0.2430,hp_fb,58.0000,vihtavuori_n135,102,30.7000,3199,20.000,7.0000,2.0080,yes
6mm_arc,0.2430,hp_fb,58.0000,vihtavuori_n540,117,32.4000,3173,20.000,7.0000,2.0080,yes
6mm_arc,0.2430,hp_fb_varmint_grenade,62.0000,vihtavuori_n140,112,30.2000,2986,20.000,7.0000,2.1100,yes
6mm_arc,0.2430,hp_fb_varmint_grenade,62.0000,vihtavuori_n540,117,28.9000,2969,20.000,7.0000,2.1100,yes
6mm_arc,0.2430,hp_fb_varmint_grenade,62.0000,vihtavuori_n150,124,26.4000,2841,20.000,7.0000,2.1100,yes
6mm_arc,0.2430,hp_fb_varmint_grenade,62.0000,vihtavuori_n550,129,31.5000,2995,20.000,7.0000,2.1100,yes
6mm_arc,0.2430,ttsx_bt,80.0000,vihtavuori_n140,112,29.0000,2802,20.000,7.0000,2.1650,yes
6mm_arc,0.2430,ttsx_bt,80.0000,vihtavuori_n540,117,27.9000,2844,20.000,7.0000,2.1650,yes
6mm_arc,0.2430,eld_vt,80.0000,vihtavuori_n135,102,27.2000,2828,20.000,7.0000,2.2600,yes
6mm_arc,0.2430,eld_vt,80.0000,vihtavuori_n140,112,29.3000,2802,20.000,7.0000,2.2600,yes
6mm_arc,0.2430,eld_vt,80.0000,vihtavuori_n540,117,29.2000,2877,20.000,7.0000,2.2600,yes
6mm_arc,0.2430,eld_vt,80.0000,vihtavuori_n150,124,28.9000,2815,20.000,7.0000,2.2600,yes
6mm_arc,0.2430,sbt_blitz,80.0000,vihtavuori_n140,112,29.3000,2769,20.000,7.0000,2.0750,yes
6mm_arc,0.2430,sbt_blitz,80.0000,vihtavuori_n540,117,29.5000,2861,20.000,7.0000,2.0750,yes
6mm_arc,0.2430,sbt_blitz,80.0000,vihtavuori_n150,124,29.0000,2785,20.000,7.0000,2.0750,yes
6mm_arc,0.2430,vld_hunting,87.0000,vihtavuori_n140,112,28.7000,2753,20.000,7.0000,2.2440,yes
6mm_arc,0.2430,vld_hunting,87.0000,vihtavuori_n540,117,28.4000,2792,20.000,7.0000,2.2440,yes
6mm_arc,0.2430,mth_gen2,88.0000,vihtavuori_n140,112,27.9000,2612,20.000,7.0000,2.0470,yes
6mm_arc,0.2430,mth_gen2,88.0000,vihtavuori_n150,124,26.9000,2556,20.000,7.0000,2.0470,yes
6mm_arc,0.2430,mth_gen2,88.0000,vihtavuori_n550,129,30.4000,2674,20.000,7.0000,2.0470,yes
6mm_arc,0.2430,otm_scenar_l,90.0000,vihtavuori_n140,112,28.2000,2687,20.000,7.0000,2.2520,yes
6mm_arc,0.2430,otm_scenar_l,90.0000,vihtavuori_n550,129,29.6000,2697,20.000,7.0000,2.2520,yes
6mm_arc,0.2430,hybrid_target,105.0000,vihtavuori_n140,112,26.9000,2467,20.000,7.0000,2.2600,yes
6mm_arc,0.2430,hybrid_target,105.0000,vihtavuori_n540,117,26.9000,2520,20.000,7.0000,2.2600,yes
6mm_arc,0.2430,hybrid_target,105.0000,vihtavuori_n150,124,25.6000,2411,20.000,7.0000,2.2600,yes
6mm_arc,0.2430,hybrid_target,105.0000,vihtavuori_n550,129,29.2000,2539,20.000,7.0000,2.2600,yes
6mm_arc,0.2430,otm_scenar_l,105.0000,vihtavuori_n140,112,25.6000,2395,20.000,7.0000,2.2130,yes
6mm_arc,0.2430,otm_scenar_l,105.0000,vihtavuori_n540,117,26.2000,2493,20.000,7.0000,2.2130,yes
6mm_arc,0.2430,otm_scenar_l,105.0000,vihtavuori_n150,124,25.2000,2398,20.000,7.0000,2.2130,yes
6mm_arc,0.2430,otm_scenar_l,105.0000,vihtavuori_n550,129,28.4000,2516,20.000,7.0000,2.2130,yes
6mm_arc,0.2430,custom_comp,107.0000,vihtavuori_n140,112,26.5000,2438,20.000,7.0000,2.2600,yes
6mm_arc,0.2430,custom_comp,107.0000,vihtavuori_n540,117,26.5000,2487,20.000,7.0000,2.2600,yes
6mm_arc,0.2430,custom_comp,107.0000,vihtavuori_n150,124,25.5000,2388,20.000,7.0000,2.2600,yes
6mm_arc,0.2430,custom_comp,107.0000,vihtavuori_n550,129,28.9000,2520,20.000,7.0000,2.2600,yes
6mm_arc,0.2430,hpbt_matchking,107.0000,vihtavuori_n135,102,24.8000,2398,20.000,7.0000,2.2600,yes
6mm_arc,0.2430,hpbt_matchking,107.0000,vihtavuori_n140,112,27.6000,2477,20.000,7.0000,2.2600,yes
6mm_arc,0.2430,hpbt_matchking,107.0000,vihtavuori_n540,117,27.2000,2526,20.000,7.0000,2.2600,yes
6mm_arc,0.2430,long_range_hybrid_target,109.0000,vihtavuori_n540,117,26.7000,2490,20.000,7.0000,2.2600,yes
6mm_arc,0.2430,long_range_hybrid_target,109.0000,vihtavuori_n150,124,25.8000,2408,20.000,7.0000,2.2600,yes
6mm_arc,0.2430,long_range_hybrid_target,109.0000,vihtavuori_n550,129,29.0000,2510,20.000,7.0000,2.2600,yes
6mm_arc,0.2430,matchking,110.0000,vihtavuori_n135,102,24.4000,2352,20.000,7.0000,2.2600,yes
6mm_arc,0.2430,matchking,110.0000,vihtavuori_n140,112,27.0000,2441,20.000,7.0000,2.2600,yes
6mm_arc,0.2430,matchking,110.0000,vihtavuori_n540,117,26.5000,2457,20.000,7.0000,2.2600,yes
6mm_arc,0.2430,matchking,110.0000,vihtavuori_n150,124,25.8000,2388,20.000,7.0000,2.2600,yes
6mm_arc,0.2430,matchking,110.0000,vihtavuori_n550,129,29.3000,2520,20.000,7.0000,2.2600,yes
6mm_arc,0.2430,ballistic_tip_24055,55.0000,vihtavuori_n120,81,22.7000,3107,20.000,7.0000,2.0590,no
6mm_arc,0.2430,ballistic_tip_24055,55.0000,vihtavuori_n130,84,26.2000,3156,20.000,7.0000,2.0590,no
6mm_arc,0.2430,ballistic_tip_24055,55.0000,vihtavuori_n133,89,27.8000,3199,20.000,7.0000,2.0590,no
6mm_arc,0.2430,ballistic_tip_24055,55.0000,vihtavuori_n135,102,29.3000,3215,20.000,7.0000,2.0590,no
6mm_arc,0.2430,hp_fb,58.0000,vihtavuori_n133,89,27.0000,2953,20.000,7.0000,2.0080,no
6mm_arc,0.2430,hp_fb,58.0000,vihtavuori_n135,102,29.0000,3022,20.000,7.0000,2.0080,no
6mm_arc,0.2430,hp_fb,58.0000,vihtavuori_n540,117,30.9000,3015,20.000,7.0000,2.0080,no
6mm_arc,0.2430,hp_fb_varmint_grenade,62.0000,vihtavuori_n133,89,20.8000,2546,20.000,7.0000,2.1100,no
6mm_arc,0.2430,hp_fb_varmint_grenade,62.0000,vihtavuori_n135,102,22.8000,2605,20.000,7.0000,2.1100,no
6mm_arc,0.2430,hp_fb_varmint_grenade,62.0000,vihtavuori_n140,112,26.1000,2697,20.000,7.0000,2.1100,no
6mm_arc,0.2430,hp_fb_varmint_grenade,62.0000,vihtavuori_n540,117,25.8000,2720,20.000,7.0000,2.1100,no
6mm_arc,0.2430,hp_fb_varmint_grenade,62.0000,vihtavuori_n150,124,23.9000,2598,20.000,7.0000,2.1100,no
6mm_arc,0.2430,hp_fb_varmint_grenade,62.0000,vihtavuori_n550,129,28.5000,2746,20.000,7.0000,2.1100,no
6mm_arc,0.2430,ttsx_bt,80.0000,vihtavuori_n133,89,21.6000,2467,20.000,7.0000,2.1650,no
6mm_arc,0.2430,ttsx_bt,80.0000,vihtavuori_n135,102,23.1000,2523,20.000,7.0000,2.1650,no
6mm_arc,0.2430,ttsx_bt,80.0000,vihtavuori_n140,112,26.2000,2546,20.000,7.0000,2.1650,no
6mm_arc,0.2430,ttsx_bt,80.0000,vihtavuori_n540,117,26.2000,2661,20.000,7.0000,2.1650,no
6mm_arc,0.2430,eld_vt,80.0000,vihtavuori_n133,89,23.1000,2579,20.000,7.0000,2.2600,no
6mm_arc,0.2430,eld_vt,80.0000,vihtavuori_n135,102,25.2000,2657,20.000,7.0000,2.2600,no
6mm_arc,0.2430,eld_vt,80.0000,vihtavuori_n140,112,27.8000,2664,20.000,7.0000,2.2600,no
6mm_arc,0.2430,eld_vt,80.0000,vihtavuori_n540,117,27.8000,2717,20.000,7.0000,2.2600,no
6mm_arc,0.2430,eld_vt,80.0000,vihtavuori_n150,124,27.0000,2674,20.000,7.0000,2.2600,no
6mm_arc,0.2430,sbt_blitz,80.0000,vihtavuori_n133,89,21.5000,2461,20.000,7.0000,2.0750,no
6mm_arc,0.2430,sbt_blitz,80.0000,vihtavuori_n135,102,23.0000,2500,20.000,7.0000,2.0750,no
6mm_arc,0.2430,sbt_blitz,80.0000,vihtavuori_n140,112,27.8000,2638,20.000,7.0000,2.0750,no
6mm_arc,0.2430,sbt_blitz,80.0000,vihtavuori_n540,117,27.8000,2684,20.000,7.0000,2.0750,no
6mm_arc,0.2430,sbt_blitz,80.0000,vihtavuori_n150,124,26.2000,2598,20.000,7.0000,2.0750,no
6mm_arc,0.2430,vld_hunting,87.0000,vihtavuori_n133,89,22.2000,2474,20.000,7.0000,2.2440,no
6mm_arc,0.2430,vld_hunting,87.0000,vihtavuori_n135,102,23.5000,2493,20.000,7.0000,2.2440,no
6mm_arc,0.2430,vld_hunting,87.0000,vihtavuori_n140,112,26.5000,2572,20.000,7.0000,2.2440,no
6mm_arc,0.2430,vld_hunting,87.0000,vihtavuori_n540,117,26.4000,2598,20.000,7.0000,2.2440,no
6mm_arc,0.2430,mth_gen2,88.0000,vihtavuori_n133,89,20.4000,2215,20.000,7.0000,2.0470,no
6mm_arc,0.2430,mth_gen2,88.0000,vihtavuori_n135,102,21.3000,2238,20.000,7.0000,2.0470,no
6mm_arc,0.2430,mth_gen2,88.0000,vihtavuori_n140,112,25.6000,2421,20.000,7.0000,2.0470,no
6mm_arc,0.2430,mth_gen2,88.0000,vihtavuori_n540,117,25.3000,2448,20.000,7.0000,2.0470,no
6mm_arc,0.2430,mth_gen2,88.0000,vihtavuori_n150,124,23.1000,2293,20.000,7.0000,2.0470,no
6mm_arc,0.2430,mth_gen2,88.0000,vihtavuori_n550,129,27.8000,2477,20.000,7.0000,2.0470,no
6mm_arc,0.2430,otm_scenar_l,90.0000,vihtavuori_n133,89,22.2000,2428,20.000,7.0000,2.2520,no
6mm_arc,0.2430,otm_scenar_l,90.0000,vihtavuori_n135,102,23.5000,2467,20.000,7.0000,2.2520,no
6mm_arc,0.2430,otm_scenar_l,90.0000,vihtavuori_n140,112,26.2000,2523,20.000,7.0000,2.2520,no
6mm_arc,0.2430,otm_scenar_l,90.0000,vihtavuori_n540,117,25.8000,2543,20.000,7.0000,2.2520,no
6mm_arc,0.2430,otm_scenar_l,90.0000,vihtavuori_n150,124,24.4000,2464,20.000,7.0000,2.2520,no
6mm_arc,0.2430,otm_scenar_l,90.0000,vihtavuori_n550,129,27.8000,2523,20.000,7.0000,2.2520,no
6mm_arc,0.2430,lrx_bt,95.0000,vihtavuori_n133,89,17.4000,2014,20.000,7.0000,2.2600,no
6mm_arc,0.2430,lrx_bt,95.0000,vihtavuori_n135,102,19.0000,2103,20.000,7.0000,2.2600,no
6mm_arc,0.2430,lrx_bt,95.0000,vihtavuori_n140,112,23.5000,2293,20.000,7.0000,2.2600,no
6mm_arc,0.2430,lrx_bt,95.0000,vihtavuori_n540,117,23.1000,2323,20.000,7.0000,2.2600,no
6mm_arc,0.2430,lrx_bt,95.0000,vihtavuori_n150,124,21.1000,2205,20.000,7.0000,2.2600,no
6mm_arc,0.2430,lrx_bt,95.0000,vihtavuori_n550,129,25.5000,2382,20.000,7.0000,2.2600,no
6mm_arc,0.2430,classic_hunter,95.0000,vihtavuori_n133,89,19.8000,2185,20.000,7.0000,2.1690,no
6mm_arc,0.2430,classic_hunter,95.0000,vihtavuori_n135,102,21.3000,2251,20.000,7.0000,2.1690,no
6mm_arc,0.2430,classic_hunter,95.0000,vihtavuori_n140,112,25.3000,2402,20.000,7.0000,2.1690,no
6mm_arc,0.2430,classic_hunter,95.0000,vihtavuori_n540,117,25.0000,2425,20.000,7.0000,2.1690,no
6mm_arc,0.2430,classic_hunter,95.0000,vihtavuori_n150,124,23.5000,2316,20.000,7.0000,2.1690,no
6mm_arc,0.2430,classic_hunter,95.0000,vihtavuori_n550,129,27.5000,2457,20.000,7.0000,2.1690,no
6mm_arc,0.2430,oryx,100.0000,vihtavuori_n133,89,18.5000,2041,20.000,7.0000,2.0470,no
6mm_arc,0.2430,oryx,100.0000,vihtavuori_n135,102,19.4000,2070,20.000,7.0000,2.0470,no
6mm_arc,0.2430,oryx,100.0000,vihtavuori_n140,112,22.7000,2221,20.000,7.0000,2.0470,no
6mm_arc,0.2430,oryx,100.0000,vihtavuori_n540,117,23.6000,2306,20.000,7.0000,2.0470,no
6mm_arc,0.2430,oryx,100.0000,vihtavuori_n150,124,20.8000,2162,20.000,7.0000,2.0470,no
6mm_arc,0.2430,oryx,100.0000,vihtavuori_n550,129,25.5000,2310,20.000,7.0000,2.0470,no
6mm_arc,0.2430,hybrid_target,105.0000,vihtavuori_n133,89,19.6000,2126,20.000,7.0000,2.2600,no
6mm_arc,0.2430,hybrid_target,105.0000,vihtavuori_n135,102,20.2000,2126,20.000,7.0000,2.2600,no
6mm_arc,0.2430,hybrid_target,105.0000,vihtavuori_n140,112,24.7000,2290,20.000,7.0000,2.2600,no
6mm_arc,0.2430,hybrid_target,105.0000,vihtavuori_n540,117,24.7000,2326,20.000,7.0000,2.2600,no
6mm_arc,0.2430,hybrid_target,105.0000,vihtavuori_n150,124,22.7000,2234,20.000,7.0000,2.2600,no
6mm_arc,0.2430,hybrid_target,105.0000,vihtavuori_n550,129,27.5000,2382,20.000,7.0000,2.2600,no
6mm_arc,0.2430,otm_scenar_l,105.0000,vihtavuori_n133,89,19.8000,2129,20.000,7.0000,2.2130,no
6mm_arc,0.2430,otm_scenar_l,105.0000,vihtavuori_n135,102,20.8000,2152,20.000,7.0000,2.2130,no
6mm_arc,0.2430,otm_scenar_l,105.0000,vihtavuori_n140,112,23.9000,2257,20.000,7.0000,2.2130,no
6mm_arc,0.2430,otm_scenar_l,105.0000,vihtavuori_n540,117,24.4000,2316,20.000,7.0000,2.2130,no
6mm_arc,0.2430,otm_scenar_l,105.0000,vihtavuori_n150,124,22.8000,2228,20.000,7.0000,2.2130,no
6mm_arc,0.2430,otm_scenar_l,105.0000,vihtavuori_n550,129,26.9000,2352,20.000,7.0000,2.2130,no
6mm_arc,0.2430,custom_comp,107.0000,vihtavuori_n133,89,20.1000,2123,20.000,7.0000,2.2600,no
6mm_arc,0.2430,custom_comp,107.0000,vihtavuori_n135,102,21.6000,2182,20.000,7.0000,2.2600,no
6mm_arc,0.2430,custom_comp,107.0000,vihtavuori_n140,112,24.7000,2283,20.000,7.0000,2.2600,no
6mm_arc,0.2430,custom_comp,107.0000,vihtavuori_n540,117,24.7000,2323,20.000,7.0000,2.2600,no
6mm_arc,0.2430,custom_comp,107.0000,vihtavuori_n150,124,23.6000,2238,20.000,7.0000,2.2600,no
6mm_arc,0.2430,custom_comp,107.0000,vihtavuori_n550,129,27.0000,2346,20.000,7.0000,2.2600,no
6mm_arc,0.2430,hpbt_matchking,107.0000,vihtavuori_n133,89,21.1000,2198,20.000,7.0000,2.2600,no
6mm_arc,0.2430,hpbt_matchking,107.0000,vihtavuori_n135,102,22.8000,2244,20.000,7.0000,2.2600,no
6mm_arc,0.2430,hpbt_matchking,107.0000,vihtavuori_n140,112,25.8000,2320,20.000,7.0000,2.2600,no
6mm_arc,0.2430,hpbt_matchking,107.0000,vihtavuori_n540,117,25.8000,2365,20.000,7.0000,2.2600,no
6mm_arc,0.2430,long_range_hybrid_target,109.0000,vihtavuori_n133,89,19.4000,2083,20.000,7.0000,2.2600,no
6mm_arc,0.2430,long_range_hybrid_target,109.0000,vihtavuori_n135,102,20.4000,2123,20.000,7.0000,2.2600,no
6mm_arc,0.2430,long_range_hybrid_target,109.0000,vihtavuori_n140,112,24.7000,2287,20.000,7.0000,2.2600,no
6mm_arc,0.2430,long_range_hybrid_target,109.0000,vihtavuori_n540,117,24.7000,2306,20.000,7.0000,2.2600,no
6mm_arc,0.2430,long_range_hybrid_target,109.0000,vihtavuori_n150,124,23.3000,2234,20.000,7.0000,2.2600,no
6mm_arc,0.2430,long_range_hybrid_target,109.0000,vihtavuori_n550,129,27.0000,2336,20.000,7.0000,2.2600,no
6mm_arc,0.2430,matchking,110.0000,vihtavuori_n133,89,19.3000,2051,20.000,7.0000,2.2600,no
6mm_arc,0.2430,matchking,110.0000,vihtavuori_n135,102,21.1000,2123,20.000,7.0000,2.2600,no
6mm_arc,0.2430,matchking,110.0000,vihtavuori_n140,112,25.2000,2277,20.000,7.0000,2.2600,no
6mm_arc,0.2430,matchking,110.0000,vihtavuori_n540,117,25.0000,2306,20.000,7.0000,2.2600,no
6mm_arc,0.2430,matchking,110.0000,vihtavuori_n150,124,23.0000,2215,20.000,7.0000,2.2600,no
6mm_arc,0.2430,matchking,110.0000,vihtavuori_n550,129,27.8000,2369,20.000,7.0000,2.2600,no
6mm_arc,0.2430,ballistic_tip_24055,55.0000,vihtavuori_n120,81,24.2000,3219,20.000,7.0000,2.0590,no
6mm_arc,0.2430,ballistic_tip_24055,55.0000,vihtavuori_n130,84,27.9000,3333,20.000,7.0000,2.0590,no
6mm_arc,0.2430,hp_fb,58.0000,vihtavuori_n133,89,29.2000,3150,20.000,7.0000,2.0080,no
6mm_arc,0.2430,hp_fb_varmint_grenade,62.0000,vihtavuori_n133,89,23.8000,2795,20.000,7.0000,2.1100,no
6mm_arc,0.2430,hp_fb_varmint_grenade,62.0000,vihtavuori_n135,102,25.5000,2864,20.000,7.0000,2.1100,no
6mm_arc,0.2430,ttsx_bt,80.0000,vihtavuori_n133,89,23.6000,2657,20.000,7.0000,2.1650,no
6mm_arc,0.2430,ttsx_bt,80.0000,vihtavuori_n135,102,25.2000,2713,20.000,7.0000,2.1650,no
6mm_arc,0.2430,eld_vt,80.0000,vihtavuori_n133,89,25.5000,2762,20.000,7.0000,2.2600,no
6mm_arc,0.2430,sbt_blitz,80.0000,vihtavuori_n133,89,23.8000,2641,20.000,7.0000,2.0750,no
6mm_arc,0.2430,sbt_blitz,80.0000,vihtavuori_n135,102,26.5000,2740,20.000,7.0000,2.0750,no
6mm_arc,0.2430,vld_hunting,87.0000,vihtavuori_n133,89,24.5000,2638,20.000,7.0000,2.2440,no
6mm_arc,0.2430,vld_hunting,87.0000,vihtavuori_n135,102,25.6000,2680,20.000,7.0000,2.2440,no
6mm_arc,0.2430,mth_gen2,88.0000,vihtavuori_n133,89,22.2000,2418,20.000,7.0000,2.0470,no
6mm_arc,0.2430,mth_gen2,88.0000,vihtavuori_n135,102,24.4000,2480,20.000,7.0000,2.0470,no
6mm_arc,0.2430,mth_gen2,88.0000,vihtavuori_n540,117,27.3000,2661,20.000,7.0000,2.0470,no
6mm_arc,0.2430,otm_scenar_l,90.0000,vihtavuori_n133,89,24.1000,2582,20.000,7.0000,2.2520,no
6mm_arc,0.2430,otm_scenar_l,90.0000,vihtavuori_n135,102,25.3000,2625,20.000,7.0000,2.2520,no
6mm_arc,0.2430,otm_scenar_l,90.0000,vihtavuori_n540,117,27.5000,2713,20.000,7.0000,2.2520,no
6mm_arc,0.2430,otm_scenar_l,90.0000,vihtavuori_n150,124,26.4000,2625,20.000,7.0000,2.2520,no
6mm_arc,0.2430,lrx_bt,95.0000,vihtavuori_n133,89,19.8000,2251,20.000,7.0000,2.2600,no
6mm_arc,0.2430,lrx_bt,95.0000,vihtavuori_n135,102,21.5000,2323,20.000,7.0000,2.2600,no
6mm_arc,0.2430,lrx_bt,95.0000,vihtavuori_n140,112,26.4000,2510,20.000,7.0000,2.2600,no
6mm_arc,0.2430,lrx_bt,95.0000,vihtavuori_n540,117,26.4000,2592,20.000,7.0000,2.2600,no
6mm_arc,0.2430,lrx_bt,95.0000,vihtavuori_n150,124,23.1000,2369,20.000,7.0000,2.2600,no
6mm_arc,0.2430,lrx_bt,95.0000,vihtavuori_n550,129,28.7000,2618,20.000,7.0000,2.2600,no
6mm_arc,0.2430,classic_hunter,95.0000,vihtavuori_n133,89,22.1000,2375,20.000,7.0000,2.1690,no
6mm_arc,0.2430,classic_hunter,95.0000,vihtavuori_n135,102,23.8000,2441,20.000,7.0000,2.1690,no
6mm_arc,0.2430,classic_hunter,95.0000,vihtavuori_n140,112,27.2000,2549,20.000,7.0000,2.1690,no
6mm_arc,0.2430,classic_hunter,95.0000,vihtavuori_n540,117,27.0000,2612,20.000,7.0000,2.1690,no
6mm_arc,0.2430,classic_hunter,95.0000,vihtavuori_n150,124,25.9000,2500,20.000,7.0000,2.1690,no
6mm_arc,0.2430,classic_hunter,95.0000,vihtavuori_n550,129,29.3000,2615,20.000,7.0000,2.1690,no
6mm_arc,0.2430,oryx,100.0000,vihtavuori_n133,89,21.0000,2241,20.000,7.0000,2.0470,no
6mm_arc,0.2430,oryx,100.0000,vihtavuori_n135,102,22.5000,2303,20.000,7.0000,2.0470,no
6mm_arc,0.2430,oryx,100.0000,vihtavuori_n140,112,24.5000,2388,20.000,7.0000,2.0470,no
6mm_arc,0.2430,oryx,100.0000,vihtavuori_n540,117,25.8000,2500,20.000,7.0000,2.0470,no
6mm_arc,0.2430,oryx,100.0000,vihtavuori_n150,124,23.9000,2369,20.000,7.0000,2.0470,no
6mm_arc,0.2430,oryx,100.0000,vihtavuori_n550,129,27.8000,2520,20.000,7.0000,2.0470,no
6mm_arc,0.2430,hybrid_target,105.0000,vihtavuori_n133,89,20.7000,2234,20.000,7.0000,2.2600,no
6mm_arc,0.2430,hybrid_target,105.0000,vihtavuori_n135,102,22.5000,2303,20.000,7.0000,2.2600,no
6mm_arc,0.2430,otm_scenar_l,105.0000,vihtavuori_n133,89,21.8000,2287,20.000,7.0000,2.2130,no
6mm_arc,0.2430,otm_scenar_l,105.0000,vihtavuori_n135,102,23.0000,2320,20.000,7.0000,2.2130,no
6mm_arc,0.2430,custom_comp,107.0000,vihtavuori_n133,89,21.9000,2270,20.000,7.0000,2.2600,no
6mm_arc,0.2430,custom_comp,107.0000,vihtavuori_n135,102,23.8000,2352,20.000,7.0000,2.2600,no
6mm_arc,0.2430,hpbt_matchking,107.0000,vihtavuori_n133,89,23.8000,2372,20.000,7.0000,2.2600,no
6mm_arc,0.2430,long_range_hybrid_target,109.0000,vihtavuori_n133,89,20.7000,2211,20.000,7.0000,2.2600,no
6mm_arc,0.2430,long_range_hybrid_target,109.0000,vihtavuori_n135,102,22.5000,2283,20.000,7.0000,2.2600,no
6mm_arc,0.2430,long_range_hybrid_target,109.0000,vihtavuori_n140,112,26.7000,2438,20.000,7.0000,2.2600,no
6mm_arc,0.2430,matchking,110.0000,vihtavuori_n133,89,21.0000,2195,20.000,7.0000,2.2600,no
7mm_rem_mag,0.2840,hybrid_target,180.0000,vihtavuori_n160,143,48.1000,2398,24.000,9.0000,3.2870,no
7mm_rem_mag,0.2840,hybrid_target,180.0000,vihtavuori_n560,147,52.9000,2507,24.000,9.0000,3.2870,no
7mm_rem_mag,0.2840,hybrid_target,180.0000,vihtavuori_n565,156,55.6000,2582,24.000,9.0000,3.2870,no
7mm_rem_mag,0.2840,elite_hunter,195.0000,vihtavuori_n165,153,54.9000,2415,24.000,9.0000,3.2870,no
7mm_rem_mag,0.2840,elite_hunter,195.0000,vihtavuori_n560,147,56.5000,2477,24.000,9.0000,3.2870,no
7mm_rem_mag,0.2840,elite_hunter,195.0000,vihtavuori_n565,156,57.4000,2487,24.000,9.0000,3.2870,no
7mm_rem_mag,0.2840,elite_hunter,195.0000,vihtavuori_n170,157,56.9000,2415,24.000,9.0000,3.2870,no
7mm_rem_mag,0.2840,hybrid_target,180.0000,vihtavuori_n160,143,54.2000,2615,24.000,9.0000,3.2870,no
7mm_rem_mag,0.2840,hybrid_target,180.0000,vihtavuori_n560,147,59.7000,2766,24.000,9.0000,3.2870,no
7mm_rem_mag,0.2840,hybrid_target,180.0000,vihtavuori_n565,156,62.7000,2799,24.000,9.0000,3.2870,no
7mm_rem_mag,0.2840,elite_hunter,195.0000,vihtavuori_n165,153,60.8000,2625,24.000,9.0000,3.2870,no
7mm_rem_mag,0.2840,elite_hunter,195.0000,vihtavuori_n560,147,62.3000,2713,24.000,9.0000,3.2870,no
7mm_rem_mag,0.2840,elite_hunter,195.0000,vihtavuori_n565,156,63.7000,2720,24.000,9.0000,3.2870,no
7mm_rem_mag,0.2840,elite_hunter,195.0000,vihtavuori_n170,157,62.8000,2638,24.000,9.0000,3.2870,no
7mm_rem_mag,0.2840,scenar_l,150.0000,vihtavuori_n160,143,50.5000,2605,24.000,9.0000,3.2870,no
7mm_rem_mag,0.2840,scenar_l,150.0000,vihtavuori_n165,153,57.4000,2690,24.000,9.0000,3.2870,no
7mm_rem_mag,0.2840,scenar_l,150.0000,vihtavuori_n560,147,59.6000,2779,24.000,9.0000,3.2870,no
7mm_rem_mag,0.2840,naturalis_n564,155.0000,vihtavuori_n160,143,46.1000,2349,24.000,9.0000,3.2680,no
7mm_rem_mag,0.2840,naturalis_n564,155.0000,vihtavuori_n165,153,50.9000,2438,24.000,9.0000,3.2680,no
7mm_rem_mag,0.2840,naturalis_n564,155.0000,vihtavuori_n560,147,54.0000,2536,24.000,9.0000,3.2680,no
7mm_rem_mag,0.2840,naturalis,160.0000,vihtavuori_n160,143,48.6000,2470,24.000,9.0000,3.2200,no
7mm_rem_mag,0.2840,naturalis,160.0000,vihtavuori_n165,153,56.3000,2579,24.000,9.0000,3.2200,no
7mm_rem_mag,0.2840,naturalis,160.0000,vihtavuori_n560,147,56.6000,2766,24.000,9.0000,3.2200,no
7mm_rem_mag,0.2840,scenar_l,180.0000,vihtavuori_n160,143,42.9000,2224,24.000,9.0000,3.2870,no
7mm_rem_mag,0.2840,scenar_l,180.0000,vihtavuori_n165,153,44.3000,2228,24.000,9.0000,3.2870,no
7mm_rem_mag,0.2840,scenar_l,180.0000,vihtavuori_n560,147,47.8000,2388,24.000,9.0000,3.2870,no
7mm_rem_mag,0.2840,scenar_l,180.0000,vihtavuori_n170,157,48.1000,2224,24.000,9.0000,3.2870,no
7mm_rem_mag,0.2840,scenar_l,150.0000,vihtavuori_n160,143,59.7000,2930,24.000,9.0000,3.2870,no
7mm_rem_mag,0.2840,scenar_l,150.0000,vihtavuori_n165,153,66.1000,3035,24.000,9.0000,3.2870,no
7mm_rem_mag,0.2840,scenar_l,150.0000,vihtavuori_n560,147,66.7000,3120,24.000,9.0000,3.2870,no
7mm_rem_mag,0.2840,naturalis_n564,155.0000,vihtavuori_n160,143,52.8000,2644,24.000,9.0000,3.2680,no
7mm_rem_mag,0.2840,naturalis_n564,155.0000,vihtavuori_n165,153,60.6000,2795,24.000,9.0000,3.2680,no
7mm_rem_mag,0.2840,naturalis_n564,155.0000,vihtavuori_n560,147,60.2000,2884,24.000,9.0000,3.2680,no
7mm_rem_mag,0.2840,naturalis,160.0000,vihtavuori_n160,143,58.0000,2818,24.000,9.0000,3.2200,no
7mm_rem_mag,0.2840,naturalis,160.0000,vihtavuori_n165,153,63.0000,2848,24.000,9.0000,3.2200,no
7mm_rem_mag,0.2840,naturalis,160.0000,vihtavuori_n560,147,62.2000,3094,24.000,9.0000,3.2200,no
7mm_rem_mag,0.2840,scenar_l,180.0000,vihtavuori_n160,143,50.0000,2510,24.000,9.0000,3.2870,no
7mm_rem_mag,0.2840,scenar_l,180.0000,vihtavuori_n165,153,53.7000,2569,24.000,9.0000,3.2870,no
7mm_rem_mag,0.2840,scenar_l,180.0000,vihtavuori_n560,147,53.2000,2651,24.000,9.0000,3.2870,no
7mm_rem_mag,0.2840,scenar_l,180.0000,vihtavuori_n170,157,58.5000,2644,24.000,9.0000,3.2870,no
7mm_rem_mag,0.2840,partition,150.0000,vihtavuori_n160,143,54.5000,2703,24.000,9.0000,3.2870,no
7mm_rem_mag,0.2840,partition,150.0000,vihtavuori_n165,153,59.0000,2779,24.000,9.0000,3.2870,no
7mm_rem_mag,0.2840,partition,150.0000,vihtavuori_n560,147,60.0000,2792,24.000,9.0000,3.2870,no
7mm_rem_mag,0.2840,partition,150.0000,vihtavuori_n160,143,60.8000,2992,24.000,9.0000,3.2870,no
7mm_rem_mag,0.2840,partition,150.0000,vihtavuori_n165,153,66.7000,3054,24.000,9.0000,3.2870,no
7mm_rem_mag,0.2840,partition,150.0000,vihtavuori_n560,147,67.1000,3110,24.000,9.0000,3.2870,no
7mm_rem_mag,0.2840,hpbt,168.0000,vihtavuori_n160,143,50.3000,2516,24.000,9.0000,3.2870,no
7mm_rem_mag,0.2840,hpbt,168.0000,vihtavuori_n165,153,55.7000,2585,24.000,9.0000,3.2870,no
7mm_rem_mag,0.2840,hpbt,168.0000,vihtavuori_n560,147,57.9000,2661,24.000,9.0000,3.2870,no
7mm_rem_mag,0.2840,hpbt,168.0000,vihtavuori_n170,157,58.3000,2552,24.000,9.0000,3.2870,no
7mm_rem_mag,0.2840,sbt,175.0000,vihtavuori_n160,143,47.7000,2418,24.000,9.0000,3.2870,no
7mm_rem_mag,0.2840,sbt,175.0000,vihtavuori_n165,153,52.6000,2448,24.000,9.0000,3.2870,no
7mm_rem_mag,0.2840,sbt,175.0000,vihtavuori_n560,147,56.5000,2595,24.000,9.0000,3.2870,no
7mm_rem_mag,0.2840,sbt,175.0000,vihtavuori_n170,157,57.6000,2497,24.000,9.0000,3.2870,no
7mm_rem_mag,0.2840,hpbt,168.0000,vihtavuori_n160,143,59.6000,2828,24.000,9.0000,3.2870,no
7mm_rem_mag,0.2840,hpbt,168.0000,vihtavuori_n165,153,63.9000,2799,24.000,9.0000,3.2870,no
7mm_rem_mag,0.2840,hpbt,168.0000,vihtavuori_n560,147,65.7000,2963,24.000,9.0000,3.2870,no
7mm_rem_mag,0.2840,hpbt,168.0000,vihtavuori_n170,157,69.8000,2910,24.000,9.0000,3.2870,no
7mm_rem_mag,0.2840,sbt,175.0000,vihtavuori_n160,143,56.2000,2710,24.000,9.0000,3.2870,no
7mm_rem_mag,0.2840,sbt,175.0000,vihtavuori_n165,153,62.7000,2802,24.000,9.0000,3.2870,no
7mm_rem_mag,0.2840,sbt,175.0000,vihtavuori_n560,147,64.5000,2904,24.000,9.0000,3.2870,no
7mm_rem_mag,0.2840,sbt,175.0000,vihtavuori_n170,157,67.1000,2828,24.000,9.0000,3.2870,no
7mm_rem_mag,0.2840,grand_slam,160.0000,vihtavuori_n160,143,51.1000,2572,24.000,9.0000,3.2280,no
7mm_rem_mag,0.2840,grand_slam,160.0000,vihtavuori_n165,153,59.1000,2664,24.000,9.0000,3.2280,no
7mm_rem_mag,0.2840,grand_slam,160.0000,vihtavuori_n560,147,60.3000,2700,24.000,9.0000,3.2280,no
7mm_rem_mag,0.2840,grand_slam,160.0000,vihtavuori_n160,143,61.6000,2887,24.000,9.0000,3.2280,no
7mm_rem_mag,0.2840,grand_slam,160.0000,vihtavuori_n165,153,68.1000,2982,24.000,9.0000,3.2280,no
7mm_rem_mag,0.2840,grand_slam,160.0000,vihtavuori_n560,147,68.7000,3035,24.000,9.0000,3.2280,no
7mm_rem_mag,0.2840,a_frame,140.0000,vihtavuori_n160,143,53.2000,2717,24.000,9.0000,3.2680,no
7mm_rem_mag,0.2840,a_frame,140.0000,vihtavuori_n165,153,59.9000,2831,24.000,9.0000,3.2680,no
7mm_rem_mag,0.2840,a_frame,140.0000,vihtavuori_n560,147,59.3000,2795,24.000,9.0000,3.2680,no
7mm_rem_mag,0.2840,a_frame,140.0000,vihtavuori_n160,143,62.2000,3068,24.000,9.0000,3.2680,no
7mm_rem_mag,0.2840,a_frame,140.0000,vihtavuori_n165,153,67.4000,3133,24.000,9.0000,3.2680,no
7mm_rem_mag,0.2840,a_frame,140.0000,vihtavuori_n560,147,67.3000,3169,24.000,9.0000,3.2680,no
