cartridge,bullet_diameter,bullet_brand,bullet_type,bullet_weight,powder_type,burn_rate_index,charge_weight,velocity_fps,coal
223_rem,0.225,barnes,hpfb,36.0,vihtavuori_n130,84,21.1,3402,2.181
223_rem,0.225,barnes,hpfb,36.0,vihtavuori_n133,89,22.8,3481,2.181
223_rem,0.225,barnes,hpfb,36.0,vihtavuori_n135,102,24.7,3514,2.181
223_rem,0.225,barnes,hpfb,36.0,vihtavuori_n140,112,26.2,3425,2.181
223_rem,0.225,barnes,hpfb,36.0,vihtavuori_n540,117,25.8,3301,2.181
223_rem,0.225,barnes,varmint_grenade,50.0,vihtavuori_n130,84,19.1,2877,2.201
223_rem,0.225,barnes,varmint_grenade,50.0,vihtavuori_n133,89,20.8,2959,2.201
223_rem,0.225,barnes,varmint_grenade,50.0,vihtavuori_n135,102,21.9,2976,2.201
223_rem,0.225,barnes,varmint_grenade,50.0,vihtavuori_n140,112,23.5,2963,2.201
223_rem,0.225,barnes,varmint_grenade,50.0,vihtavuori_n540,117,23.6,2920,2.201
223_rem,0.225,barnes,mpg_fb,55.0,vihtavuori_n130,84,19.3,2785,2.165
223_rem,0.225,barnes,mpg_fb,55.0,vihtavuori_n133,89,18.5,2726,2.165
223_rem,0.225,barnes,mpg_fb,55.0,vihtavuori_n135,102,19.3,2746,2.165
223_rem,0.225,barnes,mpg_fb,55.0,vihtavuori_n140,112,24.2,2910,2.165
223_rem,0.225,barnes,mpg_fb,55.0,vihtavuori_n540,117,25.2,2920,2.165
223_rem,0.225,barnes,ttsx_bt,55.0,vihtavuori_n130,84,20.7,2881,2.205
223_rem,0.225,barnes,ttsx_bt,55.0,vihtavuori_n133,89,19.3,2818,2.205
223_rem,0.225,barnes,ttsx_bt,55.0,vihtavuori_n135,102,21.3,2877,2.205
223_rem,0.225,barnes,ttsx_bt,55.0,vihtavuori_n140,112,25.0,2966,2.205
223_rem,0.225,barnes,ttsx_bt,55.0,vihtavuori_n540,117,25.2,2963,2.205
223_rem,0.225,barnes,tac_x_bt,62.0,vihtavuori_n133,89,20.7,2730,2.260
223_rem,0.225,barnes,tac_x_bt,62.0,vihtavuori_n530,100,21.6,2694,2.260
223_rem,0.225,barnes,tac_x_bt,62.0,vihtavuori_n135,102,21.0,2618,2.260
223_rem,0.225,barnes,tac_x_bt,62.0,vihtavuori_n140,112,23.5,2694,2.260
223_rem,0.225,barnes,tac_x_bt,62.0,vihtavuori_n540,117,23.9,2756,2.260
223_rem,0.225,barnes,ttsx_bt,62.0,vihtavuori_n133,89,19.9,2694,2.244
223_rem,0.225,barnes,ttsx_bt,62.0,vihtavuori_n530,100,21.5,2746,2.244
223_rem,0.225,barnes,ttsx_bt,62.0,vihtavuori_n135,102,21.1,2736,2.244
223_rem,0.225,barnes,ttsx_bt,62.0,vihtavuori_n140,112,24.2,2779,2.244
223_rem,0.225,barnes,ttsx_bt,62.0,vihtavuori_n540,117,23.9,2805,2.244
223_rem,0.225,barnes,lrx_bt,77.0,vihtavuori_n140,112,21.6,2339,2.260
223_rem,0.225,barnes,lrx_bt,77.0,vihtavuori_n540,117,21.6,2425,2.260
223_rem,0.225,barnes,bt_match,85.0,vihtavuori_n135,102,18.8,2310,2.228
223_rem,0.225,barnes,bt_match,85.0,vihtavuori_n140,112,20.8,2375,2.228
223_rem,0.225,barnes,bt_match,85.0,vihtavuori_n540,117,22.1,2470,2.228
223_rem,0.225,barnes,bt_match,85.0,vihtavuori_n150,124,21.5,2418,2.228
223_rem,0.225,barnes,hpfb,36.0,vihtavuori_n130,84,24.1,3786,2.181
223_rem,0.225,barnes,hpfb,36.0,vihtavuori_n133,89,25.9,3842,2.181
223_rem,0.225,barnes,hpfb,36.0,vihtavuori_n135,102,26.2,3717,2.181
223_rem,0.225,barnes,hpfb,36.0,vihtavuori_n140,112,27.0,3514,2.181
223_rem,0.225,barnes,hpfb,36.0,vihtavuori_n540,117,27.8,3576,2.181
223_rem,0.225,barnes,varmint_grenade,50.0,vihtavuori_n130,84,21.5,3179,2.201
223_rem,0.225,barnes,varmint_grenade,50.0,vihtavuori_n133,89,23.1,3255,2.201
223_rem,0.225,barnes,varmint_grenade,50.0,vihtavuori_n135,102,24.5,3297,2.201
223_rem,0.225,barnes,varmint_grenade,50.0,vihtavuori_n140,112,26.9,3317,2.201
223_rem,0.225,barnes,varmint_grenade,50.0,vihtavuori_n540,117,26.2,3278,2.201
223_rem,0.225,barnes,mpg_fb,55.0,vihtavuori_n130,84,21.6,3068,2.165
223_rem,0.225,barnes,mpg_fb,55.0,vihtavuori_n133,89,20.8,3028,2.165
223_rem,0.225,barnes,mpg_fb,55.0,vihtavuori_n135,102,21.9,3048,2.165
223_rem,0.225,barnes,mpg_fb,55.0,vihtavuori_n140,112,25.5,3035,2.165
223_rem,0.225,barnes,mpg_fb,55.0,vihtavuori_n540,117,27.8,3196,2.165
223_rem,0.225,barnes,ttsx_bt,55.0,vihtavuori_n130,84,23.1,3176,2.205
223_rem,0.225,barnes,ttsx_bt,55.0,vihtavuori_n133,89,23.5,3196,2.205
223_rem,0.225,barnes,ttsx_bt,55.0,vihtavuori_n135,102,25.0,3228,2.205
223_rem,0.225,barnes,ttsx_bt,55.0,vihtavuori_n140,112,27.0,3169,2.205
223_rem,0.225,barnes,ttsx_bt,55.0,vihtavuori_n540,117,27.8,3232,2.205
223_rem,0.225,barnes,tac_x_bt,62.0,vihtavuori_n133,89,23.1,2966,2.260
223_rem,0.225,barnes,tac_x_bt,62.0,vihtavuori_n530,100,24.4,3100,2.260
223_rem,0.225,barnes,tac_x_bt,62.0,vihtavuori_n135,102,25.2,3054,2.260
223_rem,0.225,barnes,tac_x_bt,62.0,vihtavuori_n140,112,26.2,3031,2.260
223_rem,0.225,barnes,tac_x_bt,62.0,vihtavuori_n540,117,27.2,3159,2.260
223_rem,0.225,barnes,ttsx_bt,62.0,vihtavuori_n133,89,22.2,2966,2.244
223_rem,0.225,barnes,ttsx_bt,62.0,vihtavuori_n530,100,23.3,3035,2.244
223_rem,0.225,barnes,ttsx_bt,62.0,vihtavuori_n135,102,23.3,3022,2.244
223_rem,0.225,barnes,ttsx_bt,62.0,vihtavuori_n140,112,26.2,2976,2.244
223_rem,0.225,barnes,ttsx_bt,62.0,vihtavuori_n540,117,26.9,3146,2.244
223_rem,0.225,barnes,lrx_bt,77.0,vihtavuori_n140,112,24.7,2674,2.260
223_rem,0.225,barnes,lrx_bt,77.0,vihtavuori_n540,117,24.8,2776,2.260
223_rem,0.225,barnes,bt_match,85.0,vihtavuori_n135,102,20.8,2493,2.228
223_rem,0.225,barnes,bt_match,85.0,vihtavuori_n140,112,23.6,2641,2.228
223_rem,0.225,barnes,bt_match,85.0,vihtavuori_n540,117,23.6,2687,2.228
223_rem,0.225,barnes,bt_match,85.0,vihtavuori_n150,124,23.8,2648,2.228
223_rem,0.225,berger,fb_target,52.0,vihtavuori_n120,81,18.5,2940,2.260
223_rem,0.225,berger,fb_target,52.0,vihtavuori_n130,84,20.8,3022,2.260
223_rem,0.225,berger,fb_target,52.0,vihtavuori_n133,89,22.5,3077,2.260
223_rem,0.225,berger,fb_target,52.0,vihtavuori_n530,100,22.7,3041,2.260
223_rem,0.225,berger,fb_target,52.0,vihtavuori_n135,102,23.9,3136,2.260
223_rem,0.225,berger,fb_varmint,52.0,vihtavuori_n130,84,21.1,2972,2.260
223_rem,0.225,berger,fb_varmint,52.0,vihtavuori_n133,89,23.0,3048,2.260
223_rem,0.225,berger,fb_varmint,52.0,vihtavuori_n530,100,23.6,3068,2.260
223_rem,0.225,berger,fb_varmint,52.0,vihtavuori_n135,102,24.1,3054,2.260
223_rem,0.225,berger,fb_varmint,52.0,vihtavuori_n140,112,25.0,2982,2.260
223_rem,0.225,berger,fb_varmint,55.0,vihtavuori_n130,84,20.7,2877,2.260
223_rem,0.225,berger,fb_varmint,55.0,vihtavuori_n133,89,22.4,2933,2.260
223_rem,0.225,berger,fb_varmint,55.0,vihtavuori_n530,100,23.1,2969,2.260
223_rem,0.225,berger,fb_varmint,55.0,vihtavuori_n135,102,23.8,2956,2.260
223_rem,0.225,berger,fb_varmint,55.0,vihtavuori_n140,112,24.7,2917,2.260
223_rem,0.225,berger,fb_varmint,60.0,vihtavuori_n133,89,21.5,2782,2.260
223_rem,0.225,berger,fb_varmint,60.0,vihtavuori_n530,100,22.4,2822,2.260
223_rem,0.225,berger,fb_varmint,60.0,vihtavuori_n135,102,23.0,2822,2.260
223_rem,0.225,berger,fb_varmint,60.0,vihtavuori_n140,112,23.9,2818,2.260
223_rem,0.225,berger,fb_varmint,60.0,vihtavuori_n540,117,24.8,2897,2.260
223_rem,0.225,berger,bt_target,73.0,vihtavuori_n133,89,18.5,2451,2.260
223_rem,0.225,berger,bt_target,73.0,vihtavuori_n530,100,20.5,2533,2.260
223_rem,0.225,berger,bt_target,73.0,vihtavuori_n135,102,20.2,2438,2.260
223_rem,0.225,berger,bt_target,73.0,vihtavuori_n140,112,21.9,2503,2.260
223_rem,0.225,berger,bt_target,73.0,vihtavuori_n540,117,22.7,2582,2.260
223_rem,0.225,berger,vld_target,75.0,vihtavuori_n133,89,18.7,2402,2.260
223_rem,0.225,berger,vld_target,75.0,vihtavuori_n530,100,20.8,2546,2.260
223_rem,0.225,berger,vld_target,75.0,vihtavuori_n135,102,20.8,2503,2.260
223_rem,0.225,berger,vld_target,75.0,vihtavuori_n140,112,22.2,2530,2.260
223_rem,0.225,berger,vld_target,75.0,vihtavuori_n540,117,22.7,786,2.260
223_rem,0.225,berger,otm_tactical,77.0,vihtavuori_n133,89,17.7,2402,2.260
223_rem,0.225,berger,otm_tactical,77.0,vihtavuori_n135,102,17.7,2336,2.260
223_rem,0.225,berger,otm_tactical,77.0,vihtavuori_n140,112,22.1,2533,2.260
223_rem,0.225,berger,otm_tactical,77.0,vihtavuori_n540,117,22.4,2543,2.260
223_rem,0.225,berger,otm_tactical,77.0,vihtavuori_n150,124,21.6,2575,2.260
223_rem,0.225,berger,otm_tactical,77.0,vihtavuori_n550,129,23.9,2549,2.260
223_rem,0.225,berger,fullbore_target,80.5,vihtavuori_n133,89,19.3,2444,2.244
223_rem,0.225,berger,fullbore_target,80.5,vihtavuori_n530,100,20.5,2500,2.244
223_rem,0.225,berger,fullbore_target,80.5,vihtavuori_n135,102,19.6,2428,2.244
223_rem,0.225,berger,fullbore_target,80.5,vihtavuori_n140,112,21.9,2500,2.244
223_rem,0.225,berger,fullbore_target,80.5,vihtavuori_n540,117,22.5,2556,2.244
223_rem,0.225,berger,fullbore_target,80.5,vihtavuori_n150,124,22.2,2543,2.244
223_rem,0.225,berger,fullbore_target,80.5,vihtavuori_n550,129,24.1,2523,2.244
223_rem,0.225,berger,long_range_hybrid_target,85.5,vihtavuori_n133,89,19.3,2375,2.323
223_rem,0.225,berger,long_range_hybrid_target,85.5,vihtavuori_n135,102,20.1,2408,2.323
223_rem,0.225,berger,long_range_hybrid_target,85.5,vihtavuori_n140,112,21.9,2477,2.323
223_rem,0.225,berger,long_range_hybrid_target,85.5,vihtavuori_n540,117,22.8,2523,2.323
223_rem,0.225,berger,long_range_hybrid_target,85.5,vihtavuori_n150,124,22.4,2487,2.323
223_rem,0.225,berger,hpbt,90.0,vihtavuori_n140,112,19.3,2119,2.457
223_rem,0.225,berger,hpbt,90.0,vihtavuori_n540,117,20.7,2238,2.457
223_rem,0.225,berger,hpbt,90.0,vihtavuori_n150,124,19.4,2136,2.457
223_rem,0.225,berger,fb_target,52.0,vihtavuori_n120,81,20.4,3189,2.260
223_rem,0.225,berger,fb_target,52.0,vihtavuori_n130,84,22.5,3271,2.260
223_rem,0.225,berger,fb_target,52.0,vihtavuori_n133,89,24.8,3360,2.260
223_rem,0.225,berger,fb_target,52.0,vihtavuori_n530,100,25.3,3369,2.260
223_rem,0.225,berger,fb_target,52.0,vihtavuori_n135,102,26.1,3402,2.260
223_rem,0.225,berger,fb_varmint,52.0,vihtavuori_n130,84,23.5,3310,2.260
223_rem,0.225,berger,fb_varmint,52.0,vihtavuori_n133,89,25.0,3343,2.260
223_rem,0.225,berger,fb_varmint,52.0,vihtavuori_n530,100,25.8,3369,2.260
223_rem,0.225,berger,fb_varmint,52.0,vihtavuori_n135,102,26.7,3373,2.260
223_rem,0.225,berger,fb_varmint,52.0,vihtavuori_n140,112,26.2,3146,2.260
223_rem,0.225,berger,fb_varmint,55.0,vihtavuori_n130,84,23.0,3196,2.260
223_rem,0.225,berger,fb_varmint,55.0,vihtavuori_n133,89,24.7,3251,2.260
223_rem,0.225,berger,fb_varmint,55.0,vihtavuori_n530,100,25.2,3268,2.260
223_rem,0.225,berger,fb_varmint,55.0,vihtavuori_n135,102,26.2,3271,2.260
223_rem,0.225,berger,fb_varmint,55.0,vihtavuori_n140,112,26.5,3166,2.260
223_rem,0.225,berger,fb_varmint,60.0,vihtavuori_n133,89,24.2,3107,2.260
223_rem,0.225,berger,fb_varmint,60.0,vihtavuori_n530,100,24.4,3156,2.260
223_rem,0.225,berger,fb_varmint,60.0,vihtavuori_n135,102,25.8,3140,2.260
223_rem,0.225,berger,fb_varmint,60.0,vihtavuori_n140,112,26.2,3068,2.260
223_rem,0.225,berger,fb_varmint,60.0,vihtavuori_n540,117,27.2,3219,2.260
223_rem,0.225,berger,bt_target,73.0,vihtavuori_n133,89,21.8,2697,2.260
223_rem,0.225,berger,bt_target,73.0,vihtavuori_n530,100,23.1,2910,2.260
223_rem,0.225,berger,bt_target,73.0,vihtavuori_n135,102,23.3,2805,2.260
223_rem,0.225,berger,bt_target,73.0,vihtavuori_n140,112,25.3,2871,2.260
223_rem,0.225,berger,bt_target,73.0,vihtavuori_n540,117,25.5,2949,2.260
223_rem,0.225,berger,vld_target,75.0,vihtavuori_n133,89,21.9,2746,2.260
223_rem,0.225,berger,vld_target,75.0,vihtavuori_n530,100,23.1,2894,2.260
223_rem,0.225,berger,vld_target,75.0,vihtavuori_n135,102,23.8,2835,2.260
223_rem,0.225,berger,vld_target,75.0,vihtavuori_n140,112,25.5,2877,2.260
223_rem,0.225,berger,vld_target,75.0,vihtavuori_n540,117,25.9,2963,2.260
223_rem,0.225,berger,otm_tactical,77.0,vihtavuori_n133,89,20.1,2595,2.260
223_rem,0.225,berger,otm_tactical,77.0,vihtavuori_n135,102,21.3,2661,2.260
223_rem,0.225,berger,otm_tactical,77.0,vihtavuori_n140,112,25.0,2815,2.260
223_rem,0.225,berger,otm_tactical,77.0,vihtavuori_n540,117,24.8,2841,2.260
223_rem,0.225,berger,otm_tactical,77.0,vihtavuori_n150,124,25.2,2812,2.260
223_rem,0.225,berger,otm_tactical,77.0,vihtavuori_n550,129,27.0,2881,2.260
223_rem,0.225,berger,fullbore_target,80.5,vihtavuori_n133,89,21.0,2638,2.244
223_rem,0.225,berger,fullbore_target,80.5,vihtavuori_n530,100,22.5,2740,2.244
223_rem,0.225,berger,fullbore_target,80.5,vihtavuori_n135,102,22.1,2690,2.244
223_rem,0.225,berger,fullbore_target,80.5,vihtavuori_n140,112,24.4,2753,2.244
223_rem,0.225,berger,fullbore_target,80.5,vihtavuori_n540,117,24.8,2828,2.244
223_rem,0.225,berger,fullbore_target,80.5,vihtavuori_n150,124,24.7,2792,2.244
223_rem,0.225,berger,fullbore_target,80.5,vihtavuori_n550,129,26.9,2799,2.244
223_rem,0.225,berger,long_range_hybrid_target,85.5,vihtavuori_n133,89,21.3,2602,2.323
223_rem,0.225,berger,long_range_hybrid_target,85.5,vihtavuori_n135,102,22.1,2638,2.323
223_rem,0.225,berger,long_range_hybrid_target,85.5,vihtavuori_n140,112,23.9,2710,2.323
223_rem,0.225,berger,long_range_hybrid_target,85.5,vihtavuori_n540,117,24.7,2746,2.323
223_rem,0.225,berger,long_range_hybrid_target,85.5,vihtavuori_n150,124,24.7,2700,2.323
223_rem,0.225,berger,hpbt,90.0,vihtavuori_n140,112,21.8,2411,2.457
223_rem,0.225,berger,hpbt,90.0,vihtavuori_n540,117,23.0,2490,2.457
223_rem,0.225,berger,hpbt,90.0,vihtavuori_n150,124,22.5,2431,2.457
223_rem,0.225,campro,spitzer_bt_fmj,55.0,vihtavuori_n120,81,18.7,2881,2.244
223_rem,0.225,campro,spitzer_bt_fmj,55.0,vihtavuori_n130,84,21.1,2969,2.244
223_rem,0.225,campro,spitzer_bt_fmj,55.0,vihtavuori_n133,89,22.4,2982,2.244
223_rem,0.225,campro,spitzer_bt_fmj,55.0,vihtavuori_n135,102,23.9,3071,2.244
223_rem,0.225,campro,spitzer_bt_fmj,62.0,vihtavuori_n130,84,18.5,2703,2.244
223_rem,0.225,campro,spitzer_bt_fmj,62.0,vihtavuori_n133,89,18.5,2690,2.244
223_rem,0.225,campro,spitzer_bt_fmj,62.0,vihtavuori_n135,102,19.3,2700,2.244
223_rem,0.225,campro,spitzer_bt_fmj,62.0,vihtavuori_n140,112,23.9,2792,2.244
223_rem,0.225,campro,spitzer_bt_fmj,62.0,vihtavuori_n540,117,24.7,2861,2.244
223_rem,0.225,campro,spitzer_bt_fmj,55.0,vihtavuori_n120,81,20.7,3130,2.244
223_rem,0.225,campro,spitzer_bt_fmj,55.0,vihtavuori_n130,84,23.6,3245,2.244
223_rem,0.225,campro,spitzer_bt_fmj,55.0,vihtavuori_n133,89,25.5,3314,2.244
223_rem,0.225,campro,spitzer_bt_fmj,55.0,vihtavuori_n135,102,25.9,3271,2.244
223_rem,0.225,campro,spitzer_bt_fmj,62.0,vihtavuori_n130,84,21.6,2992,2.244
223_rem,0.225,campro,spitzer_bt_fmj,62.0,vihtavuori_n133,89,23.3,3058,2.244
223_rem,0.225,campro,spitzer_bt_fmj,62.0,vihtavuori_n135,102,24.2,3091,2.244
223_rem,0.225,campro,spitzer_bt_fmj,62.0,vihtavuori_n140,112,26.2,3031,2.244
223_rem,0.225,campro,spitzer_bt_fmj,62.0,vihtavuori_n540,117,27.3,3173,2.244
223_rem,0.225,cutting_edge,mth,65.0,vihtavuori_n135,102,18.5,2507,2.252
223_rem,0.225,cutting_edge,mth,65.0,vihtavuori_n140,112,20.5,2526,2.252
223_rem,0.225,cutting_edge,mth,65.0,vihtavuori_n540,117,21.6,2615,2.252
223_rem,0.225,cutting_edge,mth,65.0,vihtavuori_n135,102,21.3,2805,2.252
223_rem,0.225,cutting_edge,mth,65.0,vihtavuori_n140,112,24.4,2897,2.252
223_rem,0.225,cutting_edge,mth,65.0,vihtavuori_n540,117,24.7,2956,2.252
223_rem,0.225,fox,classic_hunter,50.0,vihtavuori_n130,84,19.9,2972,2.165
223_rem,0.225,fox,classic_hunter,50.0,vihtavuori_n133,89,20.8,3005,2.165
223_rem,0.225,fox,classic_hunter,50.0,vihtavuori_n530,100,22.2,3048,2.165
223_rem,0.225,fox,classic_hunter,50.0,vihtavuori_n135,102,23.1,3120,2.165
223_rem,0.225,fox,classic_hunter,55.0,vihtavuori_n130,84,18.2,2772,2.165
223_rem,0.225,fox,classic_hunter,55.0,vihtavuori_n133,89,20.1,2864,2.165
223_rem,0.225,fox,classic_hunter,55.0,vihtavuori_n530,100,20.8,2867,2.165
223_rem,0.225,fox,classic_hunter,55.0,vihtavuori_n135,102,20.8,2884,2.165
223_rem,0.225,fox,classic_hunter,50.0,vihtavuori_n130,84,21.8,3261,2.165
223_rem,0.225,fox,classic_hunter,50.0,vihtavuori_n133,89,23.8,3343,2.165
223_rem,0.225,fox,classic_hunter,50.0,vihtavuori_n530,100,24.8,3399,2.165
223_rem,0.225,fox,classic_hunter,50.0,vihtavuori_n135,102,25.6,3422,2.165
223_rem,0.225,fox,classic_hunter,55.0,vihtavuori_n130,84,20.5,3068,2.165
223_rem,0.225,fox,classic_hunter,55.0,vihtavuori_n133,89,22.5,3163,2.165
223_rem,0.225,fox,classic_hunter,55.0,vihtavuori_n530,100,23.3,3199,2.165
223_rem,0.225,fox,classic_hunter,55.0,vihtavuori_n135,102,23.9,3219,2.165
223_rem,0.225,hornady,ntx,35.0,vihtavuori_n120,81,19.6,3458,2.205
223_rem,0.225,hornady,ntx,35.0,vihtavuori_n130,84,23.1,3543,2.205
223_rem,0.225,hornady,ntx,35.0,vihtavuori_n133,89,24.7,3632,2.205
223_rem,0.225,hornady,ntx,35.0,vihtavuori_n135,102,25.8,3665,2.205
223_rem,0.225,hornady,v_max,40.0,vihtavuori_n120,81,19.8,3346,2.224
223_rem,0.225,hornady,v_max,40.0,vihtavuori_n130,84,21.8,3396,2.224
223_rem,0.225,hornady,v_max,40.0,vihtavuori_n133,89,24.7,3517,2.224
223_rem,0.225,hornady,v_max,40.0,vihtavuori_n530,100,24.2,3376,2.224
223_rem,0.225,hornady,ecx,50.0,vihtavuori_n133,89,19.8,2861,2.205
223_rem,0.225,hornady,ecx,50.0,vihtavuori_n135,102,20.8,2923,2.205
223_rem,0.225,hornady,ecx,50.0,vihtavuori_n140,112,23.5,2946,2.205
223_rem,0.225,hornady,ecx,50.0,vihtavuori_n540,117,23.9,2959,2.205
223_rem,0.225,hornady,v_max,53.0,vihtavuori_n130,84,20.8,3025,2.256
223_rem,0.225,hornady,v_max,53.0,vihtavuori_n133,89,22.8,3077,2.256
223_rem,0.225,hornady,v_max,53.0,vihtavuori_n530,100,22.8,3084,2.256
223_rem,0.225,hornady,v_max,53.0,vihtavuori_n135,102,23.9,3133,2.256
223_rem,0.225,hornady,fmjbt,55.0,vihtavuori_n120,81,18.7,2917,2.244
223_rem,0.225,hornady,fmjbt,55.0,vihtavuori_n130,84,21.8,3136,2.244
223_rem,0.225,hornady,fmjbt,55.0,vihtavuori_n133,89,22.1,3045,2.244
223_rem,0.225,hornady,fmjbt,55.0,vihtavuori_n530,100,23.1,3087,2.244
223_rem,0.225,hornady,fmjbt,55.0,vihtavuori_n135,102,23.3,3077,2.244
223_rem,0.225,hornady,fmjbt,55.0,vihtavuori_n140,112,24.7,3051,2.244
223_rem,0.225,hornady,v_max,55.0,vihtavuori_n130,84,20.4,2812,2.260
223_rem,0.225,hornady,v_max,55.0,vihtavuori_n133,89,21.5,2782,2.260
223_rem,0.225,hornady,v_max,55.0,vihtavuori_n530,100,23.0,2927,2.260
223_rem,0.225,hornady,v_max,55.0,vihtavuori_n135,102,23.5,2900,2.260
223_rem,0.225,hornady,v_max,55.0,vihtavuori_n140,112,25.3,2900,2.260
223_rem,0.225,hornady,hp,60.0,vihtavuori_n130,84,20.5,2867,2.244
223_rem,0.225,hornady,hp,60.0,vihtavuori_n133,89,22.1,2913,2.244
223_rem,0.225,hornady,hp,60.0,vihtavuori_n135,102,23.1,2930,2.244
223_rem,0.225,hornady,hp,60.0,vihtavuori_n140,112,25.0,2936,2.244
223_rem,0.225,hornady,eld_vt,62.0,vihtavuori_n130,84,21.1,2825,2.260
223_rem,0.225,hornady,eld_vt,62.0,vihtavuori_n133,89,22.2,2864,2.260
223_rem,0.225,hornady,eld_vt,62.0,vihtavuori_n135,102,23.3,2874,2.260
223_rem,0.225,hornady,eld_vt,62.0,vihtavuori_n140,112,25.5,2904,2.260
223_rem,0.225,hornady,eld_vt,62.0,vihtavuori_n540,117,25.0,2894,2.260
223_rem,0.225,hornady,gmx,70.0,vihtavuori_n133,89,19.3,2552,2.240
223_rem,0.225,hornady,gmx,70.0,vihtavuori_n530,100,19.3,2474,2.240
223_rem,0.225,hornady,gmx,70.0,vihtavuori_n135,102,19.3,2467,2.240
223_rem,0.225,hornady,gmx,70.0,vihtavuori_n140,112,21.6,2497,2.240
223_rem,0.225,hornady,gmx,70.0,vihtavuori_n540,117,21.9,2523,2.240
223_rem,0.225,hornady,bthp,75.0,vihtavuori_n135,102,20.7,2467,2.260
223_rem,0.225,hornady,bthp,75.0,vihtavuori_n140,112,22.1,2474,2.260
223_rem,0.225,hornady,bthp,75.0,vihtavuori_n540,117,23.1,2536,2.260
223_rem,0.225,hornady,eld_match,75.0,vihtavuori_n530,100,20.5,2549,2.260
223_rem,0.225,hornady,eld_match,75.0,vihtavuori_n135,102,21.3,2513,2.260
223_rem,0.225,hornady,eld_match,75.0,vihtavuori_n140,112,22.8,2523,2.260
223_rem,0.225,hornady,eld_match,75.0,vihtavuori_n540,117,22.7,2595,2.260
223_rem,0.225,hornady,eld_match,88.0,vihtavuori_n133,89,19.3,2352,2.323
223_rem,0.225,hornady,eld_match,88.0,vihtavuori_n530,100,19.3,2365,2.323
223_rem,0.225,hornady,eld_match,88.0,vihtavuori_n135,102,20.1,2365,2.323
223_rem,0.225,hornady,eld_match,88.0,vihtavuori_n140,112,21.6,2434,2.323
223_rem,0.225,hornady,eld_match,88.0,vihtavuori_n540,117,21.9,2431,2.323
223_rem,0.225,hornady,eld_match,88.0,vihtavuori_n150,124,21.9,2411,2.323
223_rem,0.225,hornady,ntx,35.0,vihtavuori_n120,81,22.1,3783,2.205
223_rem,0.225,hornady,ntx,35.0,vihtavuori_n130,84,25.9,3911,2.205
223_rem,0.225,hornady,ntx,35.0,vihtavuori_n133,89,25.9,3809,2.205
223_rem,0.225,hornady,ntx,35.0,vihtavuori_n135,102,26.2,3727,2.205
223_rem,0.225,hornady,v_max,40.0,vihtavuori_n120,81,22.4,3678,2.224
223_rem,0.225,hornady,v_max,40.0,vihtavuori_n130,84,24.2,3711,2.224
223_rem,0.225,hornady,v_max,40.0,vihtavuori_n133,89,25.9,3681,2.224
223_rem,0.225,hornady,v_max,40.0,vihtavuori_n530,100,26.9,3747,2.224
223_rem,0.225,hornady,ecx,50.0,vihtavuori_n133,89,23.1,3251,2.205
223_rem,0.225,hornady,ecx,50.0,vihtavuori_n135,102,24.2,3294,2.205
223_rem,0.225,hornady,ecx,50.0,vihtavuori_n140,112,26.9,3317,2.205
223_rem,0.225,hornady,ecx,50.0,vihtavuori_n540,117,26.7,3327,2.205
223_rem,0.225,hornady,v_max,53.0,vihtavuori_n130,84,22.7,3274,2.256
223_rem,0.225,hornady,v_max,53.0,vihtavuori_n133,89,24.7,3337,2.256
223_rem,0.225,hornady,v_max,53.0,vihtavuori_n530,100,24.7,3314,2.256
223_rem,0.225,hornady,v_max,53.0,vihtavuori_n135,102,25.8,3376,2.256
223_rem,0.225,hornady,fmjbt,55.0,vihtavuori_n120,81,20.7,3150,2.244
223_rem,0.225,hornady,fmjbt,55.0,vihtavuori_n130,84,23.5,3323,2.244
223_rem,0.225,hornady,fmjbt,55.0,vihtavuori_n133,89,24.5,3301,2.244
223_rem,0.225,hornady,fmjbt,55.0,vihtavuori_n530,100,25.0,3353,2.244
223_rem,0.225,hornady,fmjbt,55.0,vihtavuori_n135,102,25.6,3337,2.244
223_rem,0.225,hornady,fmjbt,55.0,vihtavuori_n140,112,26.8,3343,2.244
223_rem,0.225,hornady,v_max,55.0,vihtavuori_n130,84,23.0,3166,2.260
223_rem,0.225,hornady,v_max,55.0,vihtavuori_n133,89,25.0,3222,2.260
223_rem,0.225,hornady,v_max,55.0,vihtavuori_n530,100,25.3,3261,2.260
223_rem,0.225,hornady,v_max,55.0,vihtavuori_n135,102,26.2,3212,2.260
223_rem,0.225,hornady,v_max,55.0,vihtavuori_n140,112,26.5,3045,2.260
223_rem,0.225,hornady,hp,60.0,vihtavuori_n130,84,23.1,3173,2.244
223_rem,0.225,hornady,hp,60.0,vihtavuori_n133,89,24.7,3209,2.244
223_rem,0.225,hornady,hp,60.0,vihtavuori_n135,102,25.8,3202,2.244
223_rem,0.225,hornady,hp,60.0,vihtavuori_n140,112,26.8,3166,2.244
223_rem,0.225,hornady,eld_vt,62.0,vihtavuori_n130,84,23.0,3061,2.260
223_rem,0.225,hornady,eld_vt,62.0,vihtavuori_n133,89,24.1,3094,2.260
223_rem,0.225,hornady,eld_vt,62.0,vihtavuori_n135,102,25.9,3169,2.260
223_rem,0.225,hornady,eld_vt,62.0,vihtavuori_n140,112,27.0,3110,2.260
223_rem,0.225,hornady,eld_vt,62.0,vihtavuori_n540,117,27.6,3199,2.260
223_rem,0.225,hornady,gmx,70.0,vihtavuori_n133,89,20.2,2667,2.240
223_rem,0.225,hornady,gmx,70.0,vihtavuori_n530,100,21.1,2736,2.240
223_rem,0.225,hornady,gmx,70.0,vihtavuori_n135,102,21.8,2740,2.240
223_rem,0.225,hornady,gmx,70.0,vihtavuori_n140,112,24.5,2828,2.240
223_rem,0.225,hornady,gmx,70.0,vihtavuori_n540,117,24.4,2854,2.240
223_rem,0.225,hornady,bthp,75.0,vihtavuori_n135,102,23.3,2723,2.260
223_rem,0.225,hornady,bthp,75.0,vihtavuori_n140,112,25.0,2766,2.260
223_rem,0.225,hornady,bthp,75.0,vihtavuori_n540,117,25.8,2831,2.260
223_rem,0.225,hornady,eld_match,75.0,vihtavuori_n530,100,23.3,2910,2.260
223_rem,0.225,hornady,eld_match,75.0,vihtavuori_n135,102,24.4,2874,2.260
223_rem,0.225,hornady,eld_match,75.0,vihtavuori_n140,112,26.2,2917,2.260
223_rem,0.225,hornady,eld_match,75.0,vihtavuori_n540,117,25.8,2956,2.260
223_rem,0.225,hornady,eld_match,88.0,vihtavuori_n133,89,21.3,2559,2.323
223_rem,0.225,hornady,eld_match,88.0,vihtavuori_n530,100,21.8,2605,2.323
223_rem,0.225,hornady,eld_match,88.0,vihtavuori_n135,102,21.9,2575,2.323
223_rem,0.225,hornady,eld_match,88.0,vihtavuori_n140,112,23.5,2631,2.323
223_rem,0.225,hornady,eld_match,88.0,vihtavuori_n540,117,24.2,2687,2.323
223_rem,0.225,hornady,eld_match,88.0,vihtavuori_n150,124,23.1,2539,2.323
223_rem,0.225,infitech,target_line,53.0,vihtavuori_n130,84,21.5,3031,2.220
223_rem,0.225,infitech,target_line,53.0,vihtavuori_n133,89,22.4,3087,2.220
223_rem,0.225,infitech,target_line,53.0,vihtavuori_n135,102,24.5,3143,2.220
223_rem,0.225,infitech,target_line,53.0,vihtavuori_n130,84,23.8,3323,2.220
223_rem,0.225,infitech,target_line,53.0,vihtavuori_n133,89,25.2,3386,2.220
223_rem,0.225,infitech,target_line,53.0,vihtavuori_n135,102,26.2,3327,2.220
223_rem,0.225,lapua,naturalis_n566,50.0,vihtavuori_n130,84,18.1,2825,2.205
223_rem,0.225,lapua,naturalis_n566,50.0,vihtavuori_n133,89,20.7,2927,2.205
223_rem,0.225,lapua,naturalis_n566,50.0,vihtavuori_n530,100,21.0,2913,2.205
223_rem,0.225,lapua,naturalis_n566,50.0,vihtavuori_n135,102,21.9,2972,2.205
223_rem,0.225,lapua,hpce,51.0,vihtavuori_n120,81,19.0,2982,2.244
223_rem,0.225,lapua,hpce,51.0,vihtavuori_n130,84,20.8,3051,2.244
223_rem,0.225,lapua,hpce,51.0,vihtavuori_n133,89,22.4,3094,2.244
223_rem,0.225,lapua,hpce,51.0,vihtavuori_n530,100,23.6,3159,2.244
223_rem,0.225,lapua,hpce,51.0,vihtavuori_n135,102,23.8,3140,2.244
223_rem,0.225,lapua,fmj,55.0,vihtavuori_n120,81,18.7,2874,2.244
223_rem,0.225,lapua,fmj,55.0,vihtavuori_n130,84,20.5,2936,2.244
223_rem,0.225,lapua,fmj,55.0,vihtavuori_n133,89,22.1,2989,2.244
223_rem,0.225,lapua,fmj,55.0,vihtavuori_n530,100,23.3,3054,2.244
223_rem,0.225,lapua,fmj,55.0,vihtavuori_n135,102,23.3,3041,2.244
223_rem,0.225,lapua,fmj,55.0,vihtavuori_n140,112,24.8,3009,2.244
223_rem,0.225,lapua,fmjbt_s569,55.0,vihtavuori_n130,84,20.1,2930,2.244
223_rem,0.225,lapua,fmjbt_s569,55.0,vihtavuori_n133,89,22.1,3002,2.244
223_rem,0.225,lapua,fmjbt_s569,55.0,vihtavuori_n135,102,22.8,3035,2.244
223_rem,0.225,lapua,fmjbt_s569,55.0,vihtavuori_n140,112,25.2,3058,2.244
223_rem,0.225,lapua,fmjbt_s569,55.0,vihtavuori_n540,117,24.8,3022,2.244
223_rem,0.225,lapua,soft_point,55.0,vihtavuori_n120,81,16.8,2690,2.224
223_rem,0.225,lapua,soft_point,55.0,vihtavuori_n130,84,18.7,2812,2.224
223_rem,0.225,lapua,soft_point,55.0,vihtavuori_n133,89,21.0,2874,2.224
223_rem,0.225,lapua,soft_point,55.0,vihtavuori_n530,100,22.2,2923,2.224
223_rem,0.225,lapua,soft_point,55.0,vihtavuori_n135,102,22.1,2949,2.224
223_rem,0.225,lapua,soft_point,55.0,vihtavuori_n140,112,24.2,3002,2.224
223_rem,0.225,lapua,scenar,69.0,vihtavuori_n133,89,20.2,2589,2.260
223_rem,0.225,lapua,scenar,69.0,vihtavuori_n530,100,21.1,2654,2.260
223_rem,0.225,lapua,scenar,69.0,vihtavuori_n135,102,21.1,2612,2.260
223_rem,0.225,lapua,scenar,69.0,vihtavuori_n140,112,22.8,2700,2.260
223_rem,0.225,lapua,scenar,69.0,vihtavuori_n540,117,23.1,2648,2.260
223_rem,0.225,lapua,scenar,77.0,vihtavuori_n530,100,19.3,2336,2.260
223_rem,0.225,lapua,scenar,77.0,vihtavuori_n135,102,18.8,2300,2.260
223_rem,0.225,lapua,scenar,77.0,vihtavuori_n140,112,20.8,2310,2.260
223_rem,0.225,lapua,scenar,77.0,vihtavuori_n540,117,21.8,2362,2.260
223_rem,0.225,lapua,naturalis_n566,50.0,vihtavuori_n130,84,21.6,3238,2.205
223_rem,0.225,lapua,naturalis_n566,50.0,vihtavuori_n133,89,24.1,3337,2.205
223_rem,0.225,lapua,naturalis_n566,50.0,vihtavuori_n530,100,23.8,3301,2.205
223_rem,0.225,lapua,naturalis_n566,50.0,vihtavuori_n135,102,25.6,3366,2.205
223_rem,0.225,lapua,hpce,51.0,vihtavuori_n120,81,21.1,3251,2.244
223_rem,0.225,lapua,hpce,51.0,vihtavuori_n130,84,23.3,3340,2.244
223_rem,0.225,lapua,hpce,51.0,vihtavuori_n133,89,24.8,3389,2.244
223_rem,0.225,lapua,hpce,51.0,vihtavuori_n530,100,25.6,3451,2.244
223_rem,0.225,lapua,hpce,51.0,vihtavuori_n135,102,25.9,3392,2.244
223_rem,0.225,lapua,fmj,55.0,vihtavuori_n120,81,20.8,3127,2.244
223_rem,0.225,lapua,fmj,55.0,vihtavuori_n130,84,23.1,3232,2.244
223_rem,0.225,lapua,fmj,55.0,vihtavuori_n133,89,24.5,3278,2.244
223_rem,0.225,lapua,fmj,55.0,vihtavuori_n530,100,25.3,3330,2.244
223_rem,0.225,lapua,fmj,55.0,vihtavuori_n135,102,25.9,3278,2.244
223_rem,0.225,lapua,fmj,55.0,vihtavuori_n140,112,27.3,3294,2.244
223_rem,0.225,lapua,fmjbt_s569,55.0,vihtavuori_n130,84,22.1,3179,2.244
223_rem,0.225,lapua,fmjbt_s569,55.0,vihtavuori_n133,89,24.4,3268,2.244
223_rem,0.225,lapua,fmjbt_s569,55.0,vihtavuori_n135,102,25.5,3291,2.244
223_rem,0.225,lapua,fmjbt_s569,55.0,vihtavuori_n140,112,26.7,3241,2.244
223_rem,0.225,lapua,fmjbt_s569,55.0,vihtavuori_n540,117,27.3,3310,2.244
223_rem,0.225,lapua,soft_point,55.0,vihtavuori_n120,81,20.2,3081,2.224
223_rem,0.225,lapua,soft_point,55.0,vihtavuori_n130,84,21.9,3146,2.224
223_rem,0.225,lapua,soft_point,55.0,vihtavuori_n133,89,24.1,3215,2.224
223_rem,0.225,lapua,soft_point,55.0,vihtavuori_n530,100,24.8,3264,2.224
223_rem,0.225,lapua,soft_point,55.0,vihtavuori_n135,102,25.3,3294,2.224
223_rem,0.225,lapua,soft_point,55.0,vihtavuori_n140,112,26.9,3327,2.224
223_rem,0.225,lapua,scenar,69.0,vihtavuori_n133,89,21.9,2785,2.260
223_rem,0.225,lapua,scenar,69.0,vihtavuori_n530,100,22.7,2851,2.260
223_rem,0.225,lapua,scenar,69.0,vihtavuori_n135,102,23.0,2828,2.260
223_rem,0.225,lapua,scenar,69.0,vihtavuori_n140,112,24.7,2884,2.260
223_rem,0.225,lapua,scenar,69.0,vihtavuori_n540,117,25.5,2936,2.260
223_rem,0.225,lapua,scenar,77.0,vihtavuori_n530,100,22.2,2664,2.260
223_rem,0.225,lapua,scenar,77.0,vihtavuori_n135,102,21.5,2635,2.260
223_rem,0.225,lapua,scenar,77.0,vihtavuori_n140,112,24.2,2628,2.260
223_rem,0.225,lapua,scenar,77.0,vihtavuori_n540,117,24.5,2671,2.260
223_rem,0.225,lehigh,controlled_chaos,55.0,vihtavuori_n130,84,19.3,2789,2.260
223_rem,0.225,lehigh,controlled_chaos,55.0,vihtavuori_n133,89,19.3,2776,2.260
223_rem,0.225,lehigh,controlled_chaos,55.0,vihtavuori_n135,102,20.8,2851,2.260
223_rem,0.225,lehigh,controlled_chaos,55.0,vihtavuori_n140,112,23.3,2858,2.260
223_rem,0.225,lehigh,controlled_chaos,55.0,vihtavuori_n540,117,23.9,2904,2.260
223_rem,0.225,lehigh,controlled_chaos,55.0,vihtavuori_n130,84,21.9,3094,2.260
223_rem,0.225,lehigh,controlled_chaos,55.0,vihtavuori_n133,89,22.7,3117,2.260
223_rem,0.225,lehigh,controlled_chaos,55.0,vihtavuori_n135,102,23.8,3179,2.260
223_rem,0.225,lehigh,controlled_chaos,55.0,vihtavuori_n140,112,26.5,3192,2.260
223_rem,0.225,lehigh,controlled_chaos,55.0,vihtavuori_n540,117,26.4,3219,2.260
223_rem,0.225,los,tactic,52.0,vihtavuori_n120,81,18.7,2963,2.193
223_rem,0.225,los,tactic,52.0,vihtavuori_n130,84,20.1,3028,2.193
223_rem,0.225,los,tactic,52.0,vihtavuori_n133,89,21.9,3094,2.193
223_rem,0.225,los,tactic,52.0,vihtavuori_n135,102,23.5,3150,2.193
223_rem,0.225,los,tactic,52.0,vihtavuori_n120,81,20.2,3212,2.193
223_rem,0.225,los,tactic,52.0,vihtavuori_n130,84,22.4,3297,2.193
223_rem,0.225,los,tactic,52.0,vihtavuori_n133,89,24.4,3383,2.193
223_rem,0.225,los,tactic,52.0,vihtavuori_n135,102,25.5,3386,2.193
223_rem,0.225,nosler,btlf,40.0,vihtavuori_n120,81,19.0,3238,2.260
223_rem,0.225,nosler,btlf,40.0,vihtavuori_n130,84,22.4,3356,2.260
223_rem,0.225,nosler,btlf,40.0,vihtavuori_n133,89,22.7,3363,2.260
223_rem,0.225,nosler,btlf,40.0,vihtavuori_n135,102,24.5,3448,2.260
223_rem,0.225,nosler,btlf,40.0,vihtavuori_n140,112,25.3,3186,2.260
223_rem,0.225,nosler,hpbt_custom_comp,52.0,vihtavuori_n130,84,21.0,2989,2.260
223_rem,0.225,nosler,hpbt_custom_comp,52.0,vihtavuori_n133,89,22.1,3045,2.260
223_rem,0.225,nosler,hpbt_custom_comp,52.0,vihtavuori_n135,102,23.6,3107,2.260
223_rem,0.225,nosler,hpbt_custom_comp,52.0,vihtavuori_n140,112,26.2,3107,2.260
223_rem,0.225,nosler,hpbt_custom_comp,52.0,vihtavuori_n540,117,25.8,3110,2.260
223_rem,0.225,nosler,fb_varmageddon,53.0,vihtavuori_n130,84,20.8,2972,2.260
223_rem,0.225,nosler,fb_varmageddon,53.0,vihtavuori_n133,89,22.4,3038,2.260
223_rem,0.225,nosler,fb_varmageddon,53.0,vihtavuori_n135,102,23.9,3100,2.260
223_rem,0.225,nosler,fb_varmageddon,53.0,vihtavuori_n140,112,26.2,3077,2.260
223_rem,0.225,nosler,fb_varmageddon,53.0,vihtavuori_n540,117,25.5,3028,2.260
223_rem,0.225,nosler,ballistic_tip_varmint,55.0,vihtavuori_n130,84,20.8,2923,2.260
223_rem,0.225,nosler,ballistic_tip_varmint,55.0,vihtavuori_n133,89,20.8,2890,2.260
223_rem,0.225,nosler,ballistic_tip_varmint,55.0,vihtavuori_n135,102,22.4,2953,2.260
223_rem,0.225,nosler,ballistic_tip_varmint,55.0,vihtavuori_n140,112,25.9,3015,2.260
223_rem,0.225,nosler,ballistic_tip_varmint,55.0,vihtavuori_n540,117,25.5,3031,2.260
223_rem,0.225,nosler,fb_varmageddon,55.0,vihtavuori_n130,84,21.0,2949,2.260
223_rem,0.225,nosler,fb_varmageddon,55.0,vihtavuori_n133,89,22.4,2986,2.260
223_rem,0.225,nosler,fb_varmageddon,55.0,vihtavuori_n135,102,23.5,3002,2.260
223_rem,0.225,nosler,fb_varmageddon,55.0,vihtavuori_n140,112,25.6,3028,2.260
223_rem,0.225,nosler,fb_varmageddon,55.0,vihtavuori_n540,117,25.5,3035,2.260
223_rem,0.225,nosler,ballistic_tip_varmint,60.0,vihtavuori_n130,84,20.1,2782,2.260
223_rem,0.225,nosler,ballistic_tip_varmint,60.0,vihtavuori_n133,89,20.2,2756,2.260
223_rem,0.225,nosler,ballistic_tip_varmint,60.0,vihtavuori_n135,102,21.6,2799,2.260
223_rem,0.225,nosler,ballistic_tip_varmint,60.0,vihtavuori_n140,112,24.5,2841,2.260
223_rem,0.225,nosler,ballistic_tip_varmint,60.0,vihtavuori_n540,117,24.7,2887,2.260
223_rem,0.225,nosler,fbhp_varmageddon,62.0,vihtavuori_n130,84,19.4,2684,2.197
223_rem,0.225,nosler,fbhp_varmageddon,62.0,vihtavuori_n133,89,20.5,2736,2.197
223_rem,0.225,nosler,fbhp_varmageddon,62.0,vihtavuori_n135,102,22.1,2795,2.197
223_rem,0.225,nosler,fbhp_varmageddon,62.0,vihtavuori_n140,112,23.9,2818,2.197
223_rem,0.225,nosler,fbhp_varmageddon,62.0,vihtavuori_n540,117,23.9,2808,2.197
223_rem,0.225,nosler,rdf,70.0,vihtavuori_n133,89,20.5,2648,2.260
223_rem,0.225,nosler,rdf,70.0,vihtavuori_n135,102,21.6,2694,2.260
223_rem,0.225,nosler,rdf,70.0,vihtavuori_n140,112,23.6,2726,2.260
223_rem,0.225,nosler,rdf,70.0,vihtavuori_n540,117,23.8,2746,2.260
223_rem,0.225,nosler,custom_competition,77.0,vihtavuori_n135,102,20.5,2507,2.260
223_rem,0.225,nosler,custom_competition,77.0,vihtavuori_n140,112,23.1,2605,2.260
223_rem,0.225,nosler,custom_competition,77.0,vihtavuori_n540,117,23.3,2615,2.260
223_rem,0.225,nosler,custom_competition,77.0,vihtavuori_n150,124,23.1,2608,2.260
223_rem,0.225,nosler,custom_competition,77.0,vihtavuori_n550,129,24.4,2598,2.260
223_rem,0.225,nosler,btlf,40.0,vihtavuori_n120,81,21.3,3560,2.260
223_rem,0.225,nosler,btlf,40.0,vihtavuori_n130,84,25.2,3711,2.260
223_rem,0.225,nosler,btlf,40.0,vihtavuori_n133,89,25.9,3724,2.260
223_rem,0.225,nosler,btlf,40.0,vihtavuori_n135,102,25.9,3612,2.260
223_rem,0.225,nosler,btlf,40.0,vihtavuori_n140,112,26.9,3360,2.260
223_rem,0.225,nosler,hpbt_custom_comp,52.0,vihtavuori_n130,84,23.5,3310,2.260
223_rem,0.225,nosler,hpbt_custom_comp,52.0,vihtavuori_n133,89,24.7,3323,2.260
223_rem,0.225,nosler,hpbt_custom_comp,52.0,vihtavuori_n135,102,26.1,3383,2.260
223_rem,0.225,nosler,hpbt_custom_comp,52.0,vihtavuori_n140,112,27.0,3205,2.260
223_rem,0.225,nosler,hpbt_custom_comp,52.0,vihtavuori_n540,117,28.2,3415,2.260
223_rem,0.225,nosler,fb_varmageddon,53.0,vihtavuori_n130,84,23.1,3258,2.260
223_rem,0.225,nosler,fb_varmageddon,53.0,vihtavuori_n133,89,24.8,3320,2.260
223_rem,0.225,nosler,fb_varmageddon,53.0,vihtavuori_n135,102,25.9,3340,2.260
223_rem,0.225,nosler,fb_varmageddon,53.0,vihtavuori_n140,112,27.0,3166,2.260
223_rem,0.225,nosler,fb_varmageddon,53.0,vihtavuori_n540,117,27.9,3389,2.260
223_rem,0.225,nosler,ballistic_tip_varmint,55.0,vihtavuori_n130,84,23.5,3212,2.260
223_rem,0.225,nosler,ballistic_tip_varmint,55.0,vihtavuori_n133,89,24.8,3261,2.260
223_rem,0.225,nosler,ballistic_tip_varmint,55.0,vihtavuori_n135,102,25.9,3264,2.260
223_rem,0.225,nosler,ballistic_tip_varmint,55.0,vihtavuori_n140,112,27.0,3130,2.260
223_rem,0.225,nosler,ballistic_tip_varmint,55.0,vihtavuori_n540,117,27.9,3333,2.260
223_rem,0.225,nosler,fb_varmageddon,55.0,vihtavuori_n130,84,23.1,3212,2.260
223_rem,0.225,nosler,fb_varmageddon,55.0,vihtavuori_n133,89,24.7,3255,2.260
223_rem,0.225,nosler,fb_varmageddon,55.0,vihtavuori_n135,102,25.9,3281,2.260
223_rem,0.225,nosler,fb_varmageddon,55.0,vihtavuori_n140,112,27.0,3159,2.260
223_rem,0.225,nosler,fb_varmageddon,55.0,vihtavuori_n540,117,27.8,3317,2.260
223_rem,0.225,nosler,ballistic_tip_varmint,60.0,vihtavuori_n130,84,22.4,3054,2.260
223_rem,0.225,nosler,ballistic_tip_varmint,60.0,vihtavuori_n133,89,23.5,3068,2.260
223_rem,0.225,nosler,ballistic_tip_varmint,60.0,vihtavuori_n135,102,24.5,3107,2.260
223_rem,0.225,nosler,ballistic_tip_varmint,60.0,vihtavuori_n140,112,27.0,3104,2.260
223_rem,0.225,nosler,ballistic_tip_varmint,60.0,vihtavuori_n540,117,26.9,3189,2.260
223_rem,0.225,nosler,fbhp_varmageddon,62.0,vihtavuori_n130,84,21.8,2963,2.197
223_rem,0.225,nosler,fbhp_varmageddon,62.0,vihtavuori_n133,89,23.1,3022,2.197
223_rem,0.225,nosler,fbhp_varmageddon,62.0,vihtavuori_n135,102,24.2,3028,2.197
223_rem,0.225,nosler,fbhp_varmageddon,62.0,vihtavuori_n140,112,26.4,3091,2.197
223_rem,0.225,nosler,fbhp_varmageddon,62.0,vihtavuori_n540,117,26.4,3120,2.197
223_rem,0.225,nosler,rdf,70.0,vihtavuori_n133,89,22.8,2917,2.260
223_rem,0.225,nosler,rdf,70.0,vihtavuori_n135,102,23.8,2956,2.260
223_rem,0.225,nosler,rdf,70.0,vihtavuori_n140,112,26.1,3005,2.260
223_rem,0.225,nosler,rdf,70.0,vihtavuori_n540,117,25.8,3022,2.260
223_rem,0.225,nosler,custom_competition,77.0,vihtavuori_n135,102,22.8,2759,2.260
223_rem,0.225,nosler,custom_competition,77.0,vihtavuori_n140,112,25.0,2828,2.260
223_rem,0.225,nosler,custom_competition,77.0,vihtavuori_n540,117,25.2,2864,2.260
223_rem,0.225,nosler,custom_competition,77.0,vihtavuori_n150,124,25.6,2838,2.260
223_rem,0.225,nosler,custom_competition,77.0,vihtavuori_n550,129,27.0,2884,2.260
223_rem,0.225,sako,blade_648g,55.0,vihtavuori_n130,84,21.1,2867,2.248
223_rem,0.225,sako,blade_648g,55.0,vihtavuori_n133,89,19.3,2789,2.248
223_rem,0.225,sako,blade_648g,55.0,vihtavuori_n135,102,22.4,2900,2.248
223_rem,0.225,sako,blade_648g,55.0,vihtavuori_n140,112,25.9,2995,2.248
223_rem,0.225,sako,blade_648g,55.0,vihtavuori_n130,84,23.8,3176,2.248
223_rem,0.225,sako,blade_648g,55.0,vihtavuori_n133,89,24.7,3209,2.248
223_rem,0.225,sako,blade_648g,55.0,vihtavuori_n135,102,25.9,3241,2.248
223_rem,0.225,sako,blade_648g,55.0,vihtavuori_n140,112,26.9,3077,2.248
223_rem,0.225,sierra,blitzking,50.0,vihtavuori_n130,84,21.1,3091,2.260
223_rem,0.225,sierra,blitzking,50.0,vihtavuori_n133,89,23.3,3176,2.260
223_rem,0.225,sierra,blitzking,50.0,vihtavuori_n530,100,23.1,3114,2.260
223_rem,0.225,sierra,blitzking,50.0,vihtavuori_n135,102,24.2,3199,2.260
223_rem,0.225,sierra,blitzking,50.0,vihtavuori_n140,112,25.5,3120,2.260
223_rem,0.225,sierra,spitzer,50.0,vihtavuori_n130,84,21.6,3087,2.248
223_rem,0.225,sierra,spitzer,50.0,vihtavuori_n133,89,22.7,3133,2.248
223_rem,0.225,sierra,spitzer,50.0,vihtavuori_n135,102,23.9,3156,2.248
223_rem,0.225,sierra,spitzer,50.0,vihtavuori_n140,112,26.2,3179,2.248
223_rem,0.225,sierra,spitzer,50.0,vihtavuori_n540,117,26.2,3153,2.248
223_rem,0.225,sierra,hpbt,52.0,vihtavuori_n130,84,21.1,3071,2.244
223_rem,0.225,sierra,hpbt,52.0,vihtavuori_n133,89,22.5,3110,2.244
223_rem,0.225,sierra,hpbt,52.0,vihtavuori_n135,102,23.8,3140,2.244
223_rem,0.225,sierra,varminter_hp,60.0,vihtavuori_n130,84,20.1,2782,2.236
223_rem,0.225,sierra,varminter_hp,60.0,vihtavuori_n133,89,20.8,2808,2.236
223_rem,0.225,sierra,varminter_hp,60.0,vihtavuori_n135,102,21.8,2841,2.236
223_rem,0.225,sierra,varminter_hp,60.0,vihtavuori_n140,112,24.2,2890,2.236
223_rem,0.225,sierra,varminter_hp,60.0,vihtavuori_n540,117,24.7,2877,2.236
223_rem,0.225,sierra,sbt,65.0,vihtavuori_n130,84,19.0,2687,2.244
223_rem,0.225,sierra,sbt,65.0,vihtavuori_n133,89,20.7,2733,2.244
223_rem,0.225,sierra,sbt,65.0,vihtavuori_n135,102,21.6,2766,2.244
223_rem,0.225,sierra,sbt,65.0,vihtavuori_n140,112,23.8,2808,2.244
223_rem,0.225,sierra,sbt,65.0,vihtavuori_n540,117,23.5,2769,2.244
223_rem,0.225,sierra,hpbt,69.0,vihtavuori_n133,89,20.7,2598,2.244
223_rem,0.225,sierra,hpbt,69.0,vihtavuori_n135,102,21.6,2638,2.244
223_rem,0.225,sierra,hpbt,69.0,vihtavuori_n140,112,23.6,2690,2.244
223_rem,0.225,sierra,hpbt,69.0,vihtavuori_n540,117,24.1,2703,2.244
223_rem,0.225,sierra,hpbt,77.0,vihtavuori_n530,100,19.8,2336,2.260
223_rem,0.225,sierra,hpbt,77.0,vihtavuori_n135,102,19.6,2316,2.260
223_rem,0.225,sierra,hpbt,77.0,vihtavuori_n140,112,21.0,2336,2.260
223_rem,0.225,sierra,hpbt,77.0,vihtavuori_n540,117,22.7,2428,2.260
223_rem,0.225,sierra,tmk,77.0,vihtavuori_n530,100,20.2,2441,2.260
223_rem,0.225,sierra,tmk,77.0,vihtavuori_n135,102,19.9,2375,2.260
223_rem,0.225,sierra,tmk,77.0,vihtavuori_n140,112,22.2,2441,2.260
223_rem,0.225,sierra,tmk,77.0,vihtavuori_n540,117,22.5,2477,2.260
223_rem,0.225,sierra,hpbt,80.0,vihtavuori_n530,100,20.0,2339,2.551
223_rem,0.225,sierra,hpbt,80.0,vihtavuori_n135,102,18.8,2333,2.551
223_rem,0.225,sierra,hpbt,80.0,vihtavuori_n140,112,20.7,2395,2.551
223_rem,0.225,sierra,hpbt,80.0,vihtavuori_n540,117,21.4,2395,2.551
223_rem,0.225,sierra,hpbt,90.0,vihtavuori_n140,112,19.3,2100,2.354
223_rem,0.225,sierra,hpbt,90.0,vihtavuori_n540,117,20.7,2224,2.354
223_rem,0.225,sierra,hpbt,90.0,vihtavuori_n150,124,19.1,2126,2.354
223_rem,0.225,sierra,blitzking,50.0,vihtavuori_n130,84,23.0,3356,2.260
223_rem,0.225,sierra,blitzking,50.0,vihtavuori_n133,89,25.3,3448,2.260
223_rem,0.225,sierra,blitzking,50.0,vihtavuori_n530,100,25.3,3406,2.260
223_rem,0.225,sierra,blitzking,50.0,vihtavuori_n135,102,26.2,3471,2.260
223_rem,0.225,sierra,blitzking,50.0,vihtavuori_n140,112,27.0,3333,2.260
223_rem,0.225,sierra,spitzer,50.0,vihtavuori_n130,84,23.8,3369,2.248
223_rem,0.225,sierra,spitzer,50.0,vihtavuori_n133,89,25.5,3425,2.248
223_rem,0.225,sierra,spitzer,50.0,vihtavuori_n135,102,25.9,3379,2.248
223_rem,0.225,sierra,spitzer,50.0,vihtavuori_n140,112,27.0,3264,2.248
223_rem,0.225,sierra,spitzer,50.0,vihtavuori_n540,117,28.5,3442,2.248
223_rem,0.225,sierra,hpbt,52.0,vihtavuori_n130,84,23.8,3373,2.244
223_rem,0.225,sierra,hpbt,52.0,vihtavuori_n133,89,25.0,3389,2.244
223_rem,0.225,sierra,hpbt,52.0,vihtavuori_n135,102,25.6,3409,2.244
223_rem,0.225,sierra,varminter_hp,60.0,vihtavuori_n130,84,22.2,3035,2.236
223_rem,0.225,sierra,varminter_hp,60.0,vihtavuori_n133,89,23.5,3084,2.236
223_rem,0.225,sierra,varminter_hp,60.0,vihtavuori_n135,102,24.5,3133,2.236
223_rem,0.225,sierra,varminter_hp,60.0,vihtavuori_n140,112,26.9,3176,2.236
223_rem,0.225,sierra,varminter_hp,60.0,vihtavuori_n540,117,27.2,3196,2.236
223_rem,0.225,sierra,sbt,65.0,vihtavuori_n130,84,21.0,2927,2.244
223_rem,0.225,sierra,sbt,65.0,vihtavuori_n133,89,22.7,2989,2.244
223_rem,0.225,sierra,sbt,65.0,vihtavuori_n135,102,23.8,3025,2.244
223_rem,0.225,sierra,sbt,65.0,vihtavuori_n140,112,25.6,3054,2.244
223_rem,0.225,sierra,sbt,65.0,vihtavuori_n540,117,25.6,3058,2.244
223_rem,0.225,sierra,hpbt,69.0,vihtavuori_n133,89,22.8,2844,2.244
223_rem,0.225,sierra,hpbt,69.0,vihtavuori_n135,102,23.8,2871,2.244
223_rem,0.225,sierra,hpbt,69.0,vihtavuori_n140,112,25.9,2943,2.244
223_rem,0.225,sierra,hpbt,69.0,vihtavuori_n540,117,26.4,2986,2.244
223_rem,0.225,sierra,hpbt,77.0,vihtavuori_n530,100,22.1,2608,2.260
223_rem,0.225,sierra,hpbt,77.0,vihtavuori_n135,102,22.5,2595,2.260
223_rem,0.225,sierra,hpbt,77.0,vihtavuori_n140,112,24.7,2657,2.260
223_rem,0.225,sierra,hpbt,77.0,vihtavuori_n540,117,25.3,2717,2.260
223_rem,0.225,sierra,tmk,77.0,vihtavuori_n530,100,22.7,2789,2.260
223_rem,0.225,sierra,tmk,77.0,vihtavuori_n135,102,23.0,2707,2.260
223_rem,0.225,sierra,tmk,77.0,vihtavuori_n140,112,25.5,2795,2.260
223_rem,0.225,sierra,tmk,77.0,vihtavuori_n540,117,25.2,2854,2.260
223_rem,0.225,sierra,hpbt,80.0,vihtavuori_n530,100,23.1,2630,2.551
223_rem,0.225,sierra,hpbt,80.0,vihtavuori_n135,102,21.6,2587,2.551
223_rem,0.225,sierra,hpbt,80.0,vihtavuori_n140,112,23.0,2646,2.551
223_rem,0.225,sierra,hpbt,80.0,vihtavuori_n540,117,23.7,2652,2.551
223_rem,0.225,sierra,hpbt,90.0,vihtavuori_n140,112,22.2,2434,2.354
223_rem,0.225,sierra,hpbt,90.0,vihtavuori_n540,117,23.5,2500,2.354
223_rem,0.225,sierra,hpbt,90.0,vihtavuori_n150,124,22.8,2454,2.354
223_rem,0.225,speer,spire_point,40.0,vihtavuori_n120,81,19.0,3159,2.075
223_rem,0.225,speer,spire_point,40.0,vihtavuori_n130,84,22.5,3386,2.075
223_rem,0.225,speer,spire_point,40.0,vihtavuori_n133,89,23.8,3402,2.075
223_rem,0.225,speer,spitzer,45.0,vihtavuori_n120,81,19.3,3061,2.126
223_rem,0.225,speer,spitzer,45.0,vihtavuori_n130,84,22.2,3251,2.126
223_rem,0.225,speer,spitzer,45.0,vihtavuori_n133,89,23.3,3238,2.126
223_rem,0.225,speer,spitzer,45.0,vihtavuori_n135,102,25.3,3314,2.126
223_rem,0.225,speer,tnt_hp,50.0,vihtavuori_n120,81,19.3,2989,2.244
223_rem,0.225,speer,tnt_hp,50.0,vihtavuori_n130,84,22.1,3107,2.244
223_rem,0.225,speer,tnt_hp,50.0,vihtavuori_n133,89,24.1,3248,2.244
223_rem,0.225,speer,tnt_hp,50.0,vihtavuori_n135,102,25.5,3278,2.244
223_rem,0.225,speer,fmjbt,62.0,vihtavuori_n530,100,22.1,2825,2.260
223_rem,0.225,speer,fmjbt,62.0,vihtavuori_n135,102,22.1,2795,2.260
223_rem,0.225,speer,fmjbt,62.0,vihtavuori_n140,112,25.0,2956,2.260
223_rem,0.225,speer,spire_point,40.0,vihtavuori_n120,81,23.0,3668,2.075
223_rem,0.225,speer,spire_point,40.0,vihtavuori_n130,84,25.5,3763,2.075
223_rem,0.225,speer,spire_point,40.0,vihtavuori_n133,89,25.9,3625,2.075
223_rem,0.225,speer,spitzer,45.0,vihtavuori_n120,81,22.8,3517,2.126
223_rem,0.225,speer,spitzer,45.0,vihtavuori_n130,84,25.0,3583,2.126
223_rem,0.225,speer,spitzer,45.0,vihtavuori_n133,89,25.9,3579,2.126
223_rem,0.225,speer,spitzer,45.0,vihtavuori_n135,102,25.9,3392,2.126
223_rem,0.225,speer,tnt_hp,50.0,vihtavuori_n120,81,22.7,3399,2.244
223_rem,0.225,speer,tnt_hp,50.0,vihtavuori_n130,84,24.5,3432,2.244
223_rem,0.225,speer,tnt_hp,50.0,vihtavuori_n133,89,25.9,3533,2.244
223_rem,0.225,speer,tnt_hp,50.0,vihtavuori_n135,102,25.9,3340,2.244
223_rem,0.225,speer,fmjbt,62.0,vihtavuori_n530,100,24.1,3127,2.260
223_rem,0.225,speer,fmjbt,62.0,vihtavuori_n135,102,24.7,3091,2.260
223_rem,0.225,speer,fmjbt,62.0,vihtavuori_n140,112,26.2,3094,2.260
223_rem,0.225,swift,scirocco_ii,62.0,vihtavuori_n530,100,21.1,2661,2.260
223_rem,0.225,swift,scirocco_ii,62.0,vihtavuori_n135,102,21.0,2572,2.260
223_rem,0.225,swift,scirocco_ii,62.0,vihtavuori_n140,112,23.5,2638,2.260
223_rem,0.225,swift,scirocco_ii,62.0,vihtavuori_n540,117,23.8,2720,2.260
223_rem,0.225,swift,scirocco_ii,75.0,vihtavuori_n530,100,19.8,2323,2.260
223_rem,0.225,swift,scirocco_ii,75.0,vihtavuori_n135,102,19.0,2290,2.260
223_rem,0.225,swift,scirocco_ii,75.0,vihtavuori_n140,112,21.8,2356,2.260
223_rem,0.225,swift,scirocco_ii,75.0,vihtavuori_n540,117,22.1,2438,2.260
223_rem,0.225,swift,scirocco_ii,62.0,vihtavuori_n530,100,23.8,2982,2.260
223_rem,0.225,swift,scirocco_ii,62.0,vihtavuori_n135,102,24.4,2972,2.260
223_rem,0.225,swift,scirocco_ii,62.0,vihtavuori_n140,112,26.7,3015,2.260
223_rem,0.225,swift,scirocco_ii,62.0,vihtavuori_n540,117,26.5,3087,2.260
223_rem,0.225,swift,scirocco_ii,75.0,vihtavuori_n530,100,22.4,2671,2.260
223_rem,0.225,swift,scirocco_ii,75.0,vihtavuori_n135,102,22.4,2608,2.260
223_rem,0.225,swift,scirocco_ii,75.0,vihtavuori_n140,112,25.0,2674,2.260
223_rem,0.225,swift,scirocco_ii,75.0,vihtavuori_n540,117,25.3,2776,2.260
243_win,0.243,barnes,tsx,85.0,vihtavuori_n540,117,33.8,2812,2.638
243_win,0.243,barnes,tsx,85.0,vihtavuori_n150,124,33.2,2717,2.638
243_win,0.243,barnes,tsx,85.0,vihtavuori_n550,129,39.5,3064,2.638
243_win,0.243,barnes,tsx,85.0,vihtavuori_n160,143,40.9,2822,2.638
243_win,0.243,barnes,tsx,85.0,vihtavuori_n540,117,39.5,3219,2.638
243_win,0.243,barnes,tsx,85.0,vihtavuori_n150,124,39.4,3114,2.638
243_win,0.243,barnes,tsx,85.0,vihtavuori_n550,129,42.0,3255,2.638
243_win,0.243,barnes,tsx,85.0,vihtavuori_n160,143,46.0,3189,2.638
243_win,0.243,berger,bt_target,90.0,vihtavuori_n140,112,32.9,2615,2.693
243_win,0.243,berger,bt_target,90.0,vihtavuori_n540,117,34.7,2707,2.693
243_win,0.243,berger,bt_target,90.0,vihtavuori_n150,124,32.1,2605,2.693
243_win,0.243,berger,bt_target,90.0,vihtavuori_n550,129,37.8,2743,2.693
243_win,0.243,berger,bt_target,90.0,vihtavuori_n555,144,40.9,2749,2.693
243_win,0.243,berger,bt_target,90.0,vihtavuori_n160,143,38.1,2631,2.693
243_win,0.243,berger,bt_target,90.0,vihtavuori_n560,147,43.1,2707,2.693
243_win,0.243,berger,classic_hunter,95.0,vihtavuori_n555,144,37.8,2644,2.681
243_win,0.243,berger,classic_hunter,95.0,vihtavuori_n160,143,35.8,2516,2.681
243_win,0.243,berger,classic_hunter,95.0,vihtavuori_n165,153,41.8,2638,2.681
243_win,0.243,berger,classic_hunter,95.0,vihtavuori_n560,147,40.6,2608,2.681
243_win,0.243,berger,bt_target,108.0,vihtavuori_n550,129,33.0,2451,2.709
243_win,0.243,berger,bt_target,108.0,vihtavuori_n555,144,35.5,2461,2.709
243_win,0.243,berger,bt_target,108.0,vihtavuori_n160,143,34.0,2372,2.709
243_win,0.243,berger,bt_target,108.0,vihtavuori_n165,153,38.7,2451,2.709
243_win,0.243,berger,bt_target,108.0,vihtavuori_n560,147,38.9,2457,2.709
243_win,0.243,berger,elite_hunter,108.0,vihtavuori_n550,129,34.0,2461,2.709
243_win,0.243,berger,elite_hunter,108.0,vihtavuori_n555,144,38.1,2530,2.709
243_win,0.243,berger,elite_hunter,108.0,vihtavuori_n160,143,36.4,2398,2.709
243_win,0.243,berger,elite_hunter,108.0,vihtavuori_n165,153,41.8,2516,2.709
243_win,0.243,berger,elite_hunter,108.0,vihtavuori_n560,147,39.4,2487,2.709
243_win,0.243,berger,elite_hunter,108.0,vihtavuori_n565,156,41.4,2500,2.709
243_win,0.243,berger,long_range_hybrid_target,109.0,vihtavuori_n550,129,33.8,2434,2.795
243_win,0.243,berger,long_range_hybrid_target,109.0,vihtavuori_n555,144,35.8,2438,2.795
243_win,0.243,berger,long_range_hybrid_target,109.0,vihtavuori_n160,143,31.8,2290,2.795
243_win,0.243,berger,long_range_hybrid_target,109.0,vihtavuori_n165,153,38.0,2408,2.795
243_win,0.243,berger,long_range_hybrid_target,109.0,vihtavuori_n560,147,38.1,2444,2.795
243_win,0.243,berger,long_range_hybrid_target,109.0,vihtavuori_n565,156,40.0,2464,2.795
243_win,0.243,berger,bt_target,90.0,vihtavuori_n140,112,37.3,2887,2.693
243_win,0.243,berger,bt_target,90.0,vihtavuori_n540,117,39.5,2995,2.693
243_win,0.243,berger,bt_target,90.0,vihtavuori_n150,124,36.7,2887,2.693
243_win,0.243,berger,bt_target,90.0,vihtavuori_n550,129,41.7,3015,2.693
243_win,0.243,berger,bt_target,90.0,vihtavuori_n555,144,44.9,3054,2.693
243_win,0.243,berger,bt_target,90.0,vihtavuori_n160,143,45.1,2969,2.693
243_win,0.243,berger,bt_target,90.0,vihtavuori_n560,147,46.6,2999,2.693
243_win,0.243,berger,classic_hunter,95.0,vihtavuori_n555,144,42.4,2946,2.681
243_win,0.243,berger,classic_hunter,95.0,vihtavuori_n160,143,41.2,2828,2.681
243_win,0.243,berger,classic_hunter,95.0,vihtavuori_n165,153,46.0,2917,2.681
243_win,0.243,berger,classic_hunter,95.0,vihtavuori_n560,147,44.6,2910,2.681
243_win,0.243,berger,bt_target,108.0,vihtavuori_n550,129,37.3,2713,2.709
243_win,0.243,berger,bt_target,108.0,vihtavuori_n555,144,40.4,2743,2.709
243_win,0.243,berger,bt_target,108.0,vihtavuori_n160,143,40.1,2680,2.709
243_win,0.243,berger,bt_target,108.0,vihtavuori_n165,153,43.8,2736,2.709
243_win,0.243,berger,bt_target,108.0,vihtavuori_n560,147,43.2,2749,2.709
243_win,0.243,berger,elite_hunter,108.0,vihtavuori_n550,129,38.4,2746,2.709
243_win,0.243,berger,elite_hunter,108.0,vihtavuori_n555,144,41.8,2785,2.709
243_win,0.243,berger,elite_hunter,108.0,vihtavuori_n160,143,41.8,2703,2.709
243_win,0.243,berger,elite_hunter,108.0,vihtavuori_n165,153,45.7,2766,2.709
243_win,0.243,berger,elite_hunter,108.0,vihtavuori_n560,147,43.4,2756,2.709
243_win,0.243,berger,elite_hunter,108.0,vihtavuori_n565,156,45.4,2766,2.709
243_win,0.243,berger,long_range_hybrid_target,109.0,vihtavuori_n550,129,38.3,2720,2.795
243_win,0.243,berger,long_range_hybrid_target,109.0,vihtavuori_n555,144,41.8,2756,2.795
243_win,0.243,berger,long_range_hybrid_target,109.0,vihtavuori_n160,143,38.4,2615,2.795
243_win,0.243,berger,long_range_hybrid_target,109.0,vihtavuori_n165,153,45.1,2736,2.795
243_win,0.243,berger,long_range_hybrid_target,109.0,vihtavuori_n560,147,43.2,2749,2.795
243_win,0.243,berger,long_range_hybrid_target,109.0,vihtavuori_n565,156,45.1,2749,2.795
243_win,0.243,brenneke,tog,96.0,vihtavuori_n540,117,33.2,2690,2.638
243_win,0.243,brenneke,tog,96.0,vihtavuori_n550,129,38.0,2766,2.638
243_win,0.243,brenneke,tog,96.0,vihtavuori_n160,143,40.1,2703,2.638
243_win,0.243,brenneke,tog,96.0,vihtavuori_n540,117,38.6,3045,2.638
243_win,0.243,brenneke,tog,96.0,vihtavuori_n550,129,41.4,3081,2.638
243_win,0.243,brenneke,tog,96.0,vihtavuori_n160,143,45.2,3048,2.638
243_win,0.243,fox,classic_hunter,80.0,vihtavuori_n540,117,34.7,2802,2.697
243_win,0.243,fox,classic_hunter,80.0,vihtavuori_n150,124,30.1,2733,2.697
243_win,0.243,fox,classic_hunter,80.0,vihtavuori_n550,129,36.9,2799,2.697
243_win,0.243,fox,classic_hunter,80.0,vihtavuori_n555,144,41.7,2887,2.697
243_win,0.243,fox,classic_hunter,80.0,vihtavuori_n540,117,40.3,3143,2.697
243_win,0.243,fox,classic_hunter,80.0,vihtavuori_n150,124,34.7,2930,2.697
243_win,0.243,fox,classic_hunter,80.0,vihtavuori_n550,129,41.2,3133,2.697
243_win,0.243,fox,classic_hunter,80.0,vihtavuori_n555,144,46.1,3209,2.697
243_win,0.243,hornady,v_max,58.0,vihtavuori_n135,102,35.6,3402,2.579
243_win,0.243,hornady,v_max,58.0,vihtavuori_n140,112,39.0,3422,2.579
243_win,0.243,hornady,v_max,58.0,vihtavuori_n540,117,37.8,3448,2.579
243_win,0.243,hornady,v_max,58.0,vihtavuori_n550,129,40.9,3501,2.579
243_win,0.243,hornady,v_max,65.0,vihtavuori_n135,102,34.0,3022,2.701
243_win,0.243,hornady,v_max,65.0,vihtavuori_n140,112,38.0,3051,2.701
243_win,0.243,hornady,v_max,65.0,vihtavuori_n540,117,39.4,3153,2.701
243_win,0.243,hornady,v_max,65.0,vihtavuori_n150,124,36.6,3064,2.701
243_win,0.243,hornady,v_max,65.0,vihtavuori_n550,129,42.0,3143,2.701
243_win,0.243,hornady,v_max,65.0,vihtavuori_n555,144,45.4,3192,2.701
243_win,0.243,hornady,v_max,65.0,vihtavuori_n160,143,45.7,3117,2.701
243_win,0.243,hornady,v_max,75.0,vihtavuori_n135,102,31.9,2818,2.630
243_win,0.243,hornady,v_max,75.0,vihtavuori_n140,112,34.0,2848,2.630
243_win,0.243,hornady,v_max,75.0,vihtavuori_n150,124,34.0,2828,2.630
243_win,0.243,hornady,v_max,75.0,vihtavuori_n550,129,38.6,3058,2.630
243_win,0.243,hornady,v_max,75.0,vihtavuori_n555,144,43.2,3035,2.630
243_win,0.243,hornady,v_max,75.0,vihtavuori_n160,143,43.2,2946,2.630
243_win,0.243,hornady,fmj,80.0,vihtavuori_n140,112,31.5,2726,2.638
243_win,0.243,hornady,fmj,80.0,vihtavuori_n150,124,31.8,2756,2.638
243_win,0.243,hornady,fmj,80.0,vihtavuori_n550,129,37.3,2936,2.638
243_win,0.243,hornady,fmj,80.0,vihtavuori_n160,143,39.2,2920,2.638
243_win,0.243,hornady,v_max,87.0,vihtavuori_n140,112,31.6,2592,2.689
243_win,0.243,hornady,v_max,87.0,vihtavuori_n150,124,32.4,2621,2.689
243_win,0.243,hornady,v_max,87.0,vihtavuori_n550,129,35.5,2687,2.689
243_win,0.243,hornady,v_max,87.0,vihtavuori_n555,144,40.9,2818,2.689
243_win,0.243,hornady,v_max,87.0,vihtavuori_n160,143,39.4,2667,2.689
243_win,0.243,hornady,v_max,87.0,vihtavuori_n560,147,43.2,2749,2.689
243_win,0.243,hornady,v_max,58.0,vihtavuori_n135,102,39.3,3698,2.579
243_win,0.243,hornady,v_max,58.0,vihtavuori_n140,112,43.2,3730,2.579
243_win,0.243,hornady,v_max,58.0,vihtavuori_n540,117,44.3,3776,2.579
243_win,0.243,hornady,v_max,58.0,vihtavuori_n550,129,44.4,3822,2.579
243_win,0.243,hornady,v_max,65.0,vihtavuori_n135,102,38.4,3314,2.701
243_win,0.243,hornady,v_max,65.0,vihtavuori_n140,112,42.4,3379,2.701
243_win,0.243,hornady,v_max,65.0,vihtavuori_n540,117,43.4,3474,2.701
243_win,0.243,hornady,v_max,65.0,vihtavuori_n150,124,41.8,3386,2.701
243_win,0.243,hornady,v_max,65.0,vihtavuori_n550,129,45.4,3478,2.701
243_win,0.243,hornady,v_max,65.0,vihtavuori_n555,144,47.8,3373,2.701
243_win,0.243,hornady,v_max,65.0,vihtavuori_n160,143,49.8,3435,2.701
243_win,0.243,hornady,v_max,75.0,vihtavuori_n135,102,35.6,3100,2.630
243_win,0.243,hornady,v_max,75.0,vihtavuori_n140,112,39.0,3169,2.630
243_win,0.243,hornady,v_max,75.0,vihtavuori_n150,124,38.9,3140,2.630
243_win,0.243,hornady,v_max,75.0,vihtavuori_n550,129,43.4,3297,2.630
243_win,0.243,hornady,v_max,75.0,vihtavuori_n555,144,46.9,3340,2.630
243_win,0.243,hornady,v_max,75.0,vihtavuori_n160,143,46.9,3238,2.630
243_win,0.243,hornady,fmj,80.0,vihtavuori_n140,112,37.2,3114,2.638
243_win,0.243,hornady,fmj,80.0,vihtavuori_n150,124,37.5,3107,2.638
243_win,0.243,hornady,fmj,80.0,vihtavuori_n550,129,43.1,3287,2.638
243_win,0.243,hornady,fmj,80.0,vihtavuori_n160,143,45.4,3258,2.638
243_win,0.243,hornady,v_max,87.0,vihtavuori_n140,112,36.3,2897,2.689
243_win,0.243,hornady,v_max,87.0,vihtavuori_n150,124,36.6,2884,2.689
243_win,0.243,hornady,v_max,87.0,vihtavuori_n550,129,40.7,3048,2.689
243_win,0.243,hornady,v_max,87.0,vihtavuori_n555,144,44.4,3087,2.689
243_win,0.243,hornady,v_max,87.0,vihtavuori_n160,143,44.4,2979,2.689
243_win,0.243,hornady,v_max,87.0,vihtavuori_n560,147,47.1,3048,2.689
243_win,0.243,lapua,hp,77.0,vihtavuori_n135,102,30.7,2805,2.638
243_win,0.243,lapua,hp,77.0,vihtavuori_n140,112,34.4,2897,2.638
243_win,0.243,lapua,hp,77.0,vihtavuori_n150,124,34.6,2890,2.638
243_win,0.243,lapua,hp,77.0,vihtavuori_n550,129,39.7,3012,2.638
243_win,0.243,lapua,naturalis,90.0,vihtavuori_n540,117,34.9,2756,2.638
243_win,0.243,lapua,naturalis,90.0,vihtavuori_n150,124,31.2,2621,2.638
243_win,0.243,lapua,naturalis,90.0,vihtavuori_n550,129,37.7,2776,2.638
243_win,0.243,lapua,naturalis,90.0,vihtavuori_n160,143,37.5,2700,2.638
243_win,0.243,lapua,scenar,90.0,vihtavuori_n540,117,35.0,2822,2.689
243_win,0.243,lapua,scenar,90.0,vihtavuori_n150,124,32.1,2680,2.689
243_win,0.243,lapua,scenar,90.0,vihtavuori_n550,129,38.0,2838,2.689
243_win,0.243,lapua,scenar,90.0,vihtavuori_n160,143,38.9,2779,2.689
243_win,0.243,lapua,scenar,105.0,vihtavuori_n150,124,30.1,2392,2.689
243_win,0.243,lapua,scenar,105.0,vihtavuori_n550,129,36.1,2566,2.689
243_win,0.243,lapua,scenar,105.0,vihtavuori_n160,143,37.5,2513,2.689
243_win,0.243,lapua,scenar,105.0,vihtavuori_n165,153,40.4,2569,2.689
243_win,0.243,lapua,hp,77.0,vihtavuori_n135,102,35.8,3176,2.638
243_win,0.243,lapua,hp,77.0,vihtavuori_n140,112,39.2,3255,2.638
243_win,0.243,lapua,hp,77.0,vihtavuori_n150,124,39.8,3264,2.638
243_win,0.243,lapua,hp,77.0,vihtavuori_n550,129,43.2,3386,2.638
243_win,0.243,lapua,naturalis,90.0,vihtavuori_n540,117,39.0,3100,2.638
243_win,0.243,lapua,naturalis,90.0,vihtavuori_n150,124,36.9,2963,2.638
243_win,0.243,lapua,naturalis,90.0,vihtavuori_n550,129,42.0,3123,2.638
243_win,0.243,lapua,naturalis,90.0,vihtavuori_n160,143,44.0,3091,2.638
243_win,0.243,lapua,scenar,90.0,vihtavuori_n540,117,39.2,3156,2.689
243_win,0.243,lapua,scenar,90.0,vihtavuori_n150,124,37.7,2999,2.689
243_win,0.243,lapua,scenar,90.0,vihtavuori_n550,129,41.4,3173,2.689
243_win,0.243,lapua,scenar,90.0,vihtavuori_n160,143,43.7,3123,2.689
243_win,0.243,lapua,scenar,105.0,vihtavuori_n150,124,35.0,2694,2.689
243_win,0.243,lapua,scenar,105.0,vihtavuori_n550,129,40.0,2920,2.689
243_win,0.243,lapua,scenar,105.0,vihtavuori_n160,143,41.7,2851,2.689
243_win,0.243,lapua,scenar,105.0,vihtavuori_n165,153,46.3,2933,2.689
243_win,0.243,norma,fmj,95.0,vihtavuori_n550,129,34.7,2549,2.508
243_win,0.243,norma,fmj,95.0,vihtavuori_n555,144,36.4,2582,2.508
243_win,0.243,norma,fmj,95.0,vihtavuori_n160,143,34.7,2461,2.508
243_win,0.243,norma,fmj,95.0,vihtavuori_n165,153,41.4,2582,2.508
243_win,0.243,norma,fmj,95.0,vihtavuori_n560,147,40.0,2549,2.508
243_win,0.243,norma,fmj,95.0,vihtavuori_n550,129,39.5,2848,2.508
243_win,0.243,norma,fmj,95.0,vihtavuori_n555,144,42.4,2900,2.508
243_win,0.243,norma,fmj,95.0,vihtavuori_n160,143,40.9,2769,2.508
243_win,0.243,norma,fmj,95.0,vihtavuori_n165,153,45.2,2844,2.508
243_win,0.243,norma,fmj,95.0,vihtavuori_n560,147,44.0,2841,2.508
243_win,0.243,nosler,partition,85.0,vihtavuori_n540,117,33.5,2822,2.677
243_win,0.243,nosler,partition,85.0,vihtavuori_n150,124,29.3,2628,2.677
243_win,0.243,nosler,partition,85.0,vihtavuori_n550,129,36.4,2841,2.677
243_win,0.243,nosler,partition,85.0,vihtavuori_n160,143,37.3,2776,2.677
243_win,0.243,nosler,partition,85.0,vihtavuori_n540,117,38.6,3186,2.677
243_win,0.243,nosler,partition,85.0,vihtavuori_n150,124,35.2,3025,2.677
243_win,0.243,nosler,partition,85.0,vihtavuori_n550,129,41.8,3205,2.677
243_win,0.243,nosler,partition,85.0,vihtavuori_n160,143,43.8,3179,2.677
243_win,0.243,sierra,blitz_king,70.0,vihtavuori_n135,102,33.5,2940,2.681
243_win,0.243,sierra,blitz_king,70.0,vihtavuori_n140,112,36.6,2995,2.681
243_win,0.243,sierra,blitz_king,70.0,vihtavuori_n550,129,42.6,3071,2.681
243_win,0.243,sierra,fmj,90.0,vihtavuori_n540,117,33.5,2762,2.689
243_win,0.243,sierra,fmj,90.0,vihtavuori_n150,124,30.6,2641,2.689
243_win,0.243,sierra,fmj,90.0,vihtavuori_n550,129,35.6,2782,2.689
243_win,0.243,sierra,fmj,90.0,vihtavuori_n160,143,37.2,2743,2.689
243_win,0.243,sierra,blitz_king,70.0,vihtavuori_n135,102,38.4,3241,2.681
243_win,0.243,sierra,blitz_king,70.0,vihtavuori_n140,112,41.7,3310,2.681
243_win,0.243,sierra,blitz_king,70.0,vihtavuori_n550,129,45.7,3402,2.681
243_win,0.243,sierra,fmj,90.0,vihtavuori_n540,117,38.4,3104,2.689
243_win,0.243,sierra,fmj,90.0,vihtavuori_n150,124,35.5,2959,2.689
243_win,0.243,sierra,fmj,90.0,vihtavuori_n550,129,40.6,3123,2.689
243_win,0.243,sierra,fmj,90.0,vihtavuori_n160,143,42.6,3087,2.689
243_win,0.243,speer,grand_slam,100.0,vihtavuori_n540,117,30.4,2526,2.689
243_win,0.243,speer,grand_slam,100.0,vihtavuori_n150,124,28.7,2369,2.689
243_win,0.243,speer,grand_slam,100.0,vihtavuori_n550,129,34.1,2582,2.689
243_win,0.243,speer,grand_slam,100.0,vihtavuori_n160,143,34.4,2523,2.689
243_win,0.243,speer,grand_slam,100.0,vihtavuori_n540,117,36.0,2881,2.689
243_win,0.243,speer,grand_slam,100.0,vihtavuori_n150,124,34.4,2753,2.689
243_win,0.243,speer,grand_slam,100.0,vihtavuori_n550,129,38.3,2904,2.689
243_win,0.243,speer,grand_slam,100.0,vihtavuori_n160,143,39.8,2864,2.689
243_win,0.243,swift,scirocco_ii,90.0,vihtavuori_n550,129,33.5,2585,2.689
243_win,0.243,swift,scirocco_ii,90.0,vihtavuori_n555,144,34.0,2579,2.689
243_win,0.243,swift,scirocco_ii,90.0,vihtavuori_n160,143,27.9,2343,2.689
243_win,0.243,swift,scirocco_ii,90.0,vihtavuori_n165,153,34.0,2520,2.689
243_win,0.243,swift,scirocco_ii,90.0,vihtavuori_n560,147,38.0,2546,2.689
243_win,0.243,swift,scirocco_ii,90.0,vihtavuori_n550,129,38.3,2884,2.689
243_win,0.243,swift,scirocco_ii,90.0,vihtavuori_n555,144,42.0,2936,2.689
243_win,0.243,swift,scirocco_ii,90.0,vihtavuori_n160,143,35.0,2687,2.689
243_win,0.243,swift,scirocco_ii,90.0,vihtavuori_n165,153,43.2,2854,2.689
243_win,0.243,swift,scirocco_ii,90.0,vihtavuori_n560,147,43.4,2884,2.689
260_rem,0.264,berger,hpbt,130.0,alliant_reloder_17,134,42.5,2950,
260_rem,0.264,berger,vld,140.0,hodgdon_h4350,133,42.0,2700,2.850
260_rem,0.264,berger,,130.0,alliant_reloder_17,134,44.5,3050,2.390
260_rem,0.264,berger,vld,130.0,alliant_reloder_17,134,43.5,3072,2.940
260_rem,0.264,berger,vld,130.0,hodgdon_h4350,133,44.5,2890,
260_rem,0.264,berger,vld,140.0,hodgdon_h4350,133,41.7,2835,
260_rem,0.264,berger,vld,130.0,alliant_reloder_17,134,45.0,3120,2.990
260_rem,0.264,berger,vld,140.0,hodgdon_h4350,133,43.0,2865,
260_rem,0.264,berger,vld,130.0,hodgdon_h4350,133,43.5,2950,
260_rem,0.264,berger,vld,140.0,hodgdon_h4350,133,41.5,2690,
260_rem,0.264,hornady,a_max,140.0,hodgdon_h4350,133,43.5,2810,
260_rem,0.264,hornady,sp,129.0,vihtavuori_n165,153,46.6,2750,
260_rem,0.264,hornady,sst,129.0,alliant_reloder_19,140,45.2,2703,
260_rem,0.264,hornady,a_max,140.0,vihtavuori_n165,153,43.5,2582,
260_rem,0.264,hornady,a_max,123.0,hodgdon_h4831,146,48.0,3000,2.850
260_rem,0.264,hornady,a_max,123.0,hodgdon_varget,113,39.3,2930,2.850
260_rem,0.264,hornady,a_max,123.0,alliant_reloder_17,134,44.0,3030,2.850
260_rem,0.264,hornady,a_max,140.0,imr_7828sc,154,47.0,2780,
260_rem,0.264,lapua,hpbt,123.0,hodgdon_h4350,133,43.5,2975,
260_rem,0.264,lapua,scenar,139.0,hodgdon_h4350,133,42.0,2820,2.845
260_rem,0.264,norma,diamond,130.0,hodgdon_hybrid_100v,137,44.0,2900,
260_rem,0.264,norma,golden,130.0,alliant_reloder_17,134,43.5,2969,2.865
260_rem,0.264,nosler,bt,120.0,hodgdon_h380,122,41.5,2675,2.790
260_rem,0.264,nosler,ballistic_tip,120.0,alliant_reloder_19,140,46.3,3040,2.875
260_rem,0.264,sierra,match_king,142.0,vihtavuori_n165,153,44.5,2620,
300_blk,0.308,berger,fb_target,115.0,hodgdon_trail_boss,22,4.5,965,2.050
300_blk,0.308,berger,fb_target,115.0,hodgdon_trail_boss,22,5.5,1062,2.050
300_blk,0.308,berrys,spire_point,200.0,imr_4198,79,11.5,890,2.200
300_blk,0.308,berrys,spire_point,220.0,hodgdon_h110,66,9.0,940,2.300
300_blk,0.308,berrys,spire_point,220.0,hodgdon_h110,66,9.5,1000,2.300
300_blk,0.308,berrys,spire_point,220.0,hodgdon_h110,66,10.0,1060,2.300
300_blk,0.308,hornady,v_max,110.0,hodgdon_trail_boss,22,4.9,1023,2.050
300_blk,0.308,hornady,v_max,110.0,hodgdon_trail_boss,22,6.2,1040,2.050
300_blk,0.308,hornady,interbond,150.0,hodgdon_trail_boss,22,6.0,871,2.235
300_blk,0.308,hornady,sub_x,190.0,imr_4198,79,11.4,1032,2.050
300_blk,0.308,hornady,sub_x,190.0,hodgdon_cfe_blk,74,12.3,1062,2.050
300_blk,0.308,hornady,sub_x,190.0,hodgdon_h4198,80,11.5,1059,2.050
300_blk,0.308,hornady,sub_x,190.0,imr_4227,69,10.4,1056,2.050
300_blk,0.308,hornady,sub_x,190.0,hodgdon_h110,66,9.6,1067,2.050
300_blk,0.308,lapua,hpce_otce,100.0,vihtavuori_n105,59,10.3,1867,1.831
300_blk,0.308,lapua,hpce_otce,100.0,vihtavuori_n110,64,14.4,2077,1.831
300_blk,0.308,lapua,fmj,123.0,vihtavuori_n105,59,10.3,1575,1.976
300_blk,0.308,lapua,fmj,123.0,vihtavuori_n110,64,14.5,1857,1.976
300_blk,0.308,lapua,lock_base,150.0,vihtavuori_n120,81,9.3,1040,2.244
300_blk,0.308,lapua,scenar_l,155.0,vihtavuori_n120,81,9.6,1037,2.244
300_blk,0.308,lapua,scenar,167.0,vihtavuori_n120,81,9.4,1027,2.244
300_blk,0.308,lapua,scenar,185.0,vihtavuori_n120,81,10.2,1043,2.244
300_blk,0.308,lapua,fmjbt,200.0,vihtavuori_n110,64,8.3,1047,2.244
300_blk,0.308,lapua,fmjbt,200.0,vihtavuori_n120,81,10.2,1037,2.244
300_blk,0.308,lapua,hpce_otce,100.0,vihtavuori_n105,59,13.0,2110,1.831
300_blk,0.308,lapua,hpce_otce,100.0,vihtavuori_n110,64,17.0,2257,1.831
300_blk,0.308,lapua,fmj,123.0,vihtavuori_n105,59,11.9,1775,1.976
300_blk,0.308,lapua,fmj,123.0,vihtavuori_n110,64,15.9,1991,1.976
300_blk,0.308,lapua,lock_base,150.0,vihtavuori_n120,81,19.6,2018,2.244
300_blk,0.308,lapua,scenar_l,155.0,vihtavuori_n120,81,18.4,1929,2.244
300_blk,0.308,lapua,scenar,167.0,vihtavuori_n120,81,18.1,1841,2.244
300_blk,0.308,lapua,scenar,185.0,vihtavuori_n120,81,16.8,1713,2.244
300_blk,0.308,lapua,fmjbt,200.0,vihtavuori_n110,64,12.2,1430,2.244
300_blk,0.308,lapua,fmjbt,200.0,vihtavuori_n120,81,15.7,1506,2.244
300_blk,0.308,nosler,bt,125.0,hodgdon_trail_boss,22,6.1,1060,2.060
300_blk,0.308,nosler,hpbt,140.0,hodgdon_trail_boss,22,6.0,929,2.055
300_blk,0.308,nosler,accubond,125.0,vihtavuori_n105,59,10.2,1699,2.024
300_blk,0.308,nosler,accubond,125.0,vihtavuori_n110,64,13.7,1903,2.024
300_blk,0.308,nosler,accubond,125.0,vihtavuori_n105,59,11.9,1893,2.024
300_blk,0.308,nosler,accubond,125.0,vihtavuori_n110,64,15.3,2024,2.024
300_blk,0.308,sierra,varmint_hp,135.0,hodgdon_trail_boss,22,6.4,869,2.055
300_blk,0.308,sierra,match_king,125.0,vihtavuori_n105,59,10.2,1742,2.209
300_blk,0.308,sierra,match_king,125.0,vihtavuori_n110,64,14.2,1864,2.209
300_blk,0.308,sierra,match_king,125.0,vihtavuori_n105,59,11.7,1811,2.209
300_blk,0.308,sierra,match_king,125.0,vihtavuori_n110,64,15.7,2011,2.209
300_blk,0.308,speer,tnt,125.0,accurate_4100,61,16.4,1948,
300_blk,0.308,speer,tnt,125.0,accurate_4100,61,16.6,1960,
300_blk,0.308,speer,tnt,125.0,accurate_4100,61,16.8,1978,
300_blk,0.308,speer,tnt,125.0,accurate_4100,61,17.0,2015,
300_blk,0.308,speer,tnt,125.0,accurate_4100,61,17.2,2018,
300_blk,0.308,speer,tnt,125.0,accurate_4100,61,17.4,2032,
300_blk,0.308,speer,tnt,125.0,accurate_4100,61,17.6,2030,
300_blk,0.308,speer,tnt,125.0,accurate_4100,61,17.8,2005,
300_blk,0.308,speer,tnt,125.0,accurate_4100,61,18.0,2000,
300_blk,0.308,speer,tnt,125.0,accurate_4100,61,18.2,2005,
300_blk,0.308,speer,tnt,125.0,accurate_4100,61,18.4,2025,
300_blk,0.308,speer,hp,130.0,hodgdon_trail_boss,22,6.4,967,2.005
300_blk,0.308,berrys,spire_point,200.0,ramshot_enforcer,58,7.0,710,2.200
300_blk,0.308,berrys,spire_point,200.0,ramshot_enforcer,58,7.5,877,2.200
300_blk,0.308,berrys,spire_point,200.0,hodgdon_lil_gun,65,8.5,1015,2.200
300_blk,0.308,berrys,spire_point,200.0,hodgdon_lil_gun,65,9.0,1080,2.200
300_blk,0.308,berrys,spire_point,200.0,alliant_reloder_7,77,11.0,904,2.200
300_blk,0.308,berrys,spire_point,200.0,alliant_reloder_7,77,11.5,945,2.200
300_blk,0.308,berrys,spire_point,200.0,hodgdon_cfe_blk,74,11.5,925,2.200
300_blk,0.308,berrys,spire_point,200.0,hodgdon_cfe_blk,74,12.0,905,2.200
300_blk,0.308,berrys,spire_point,200.0,imr_4198,79,11.0,823,2.200
308_win,0.308,lapua,als,57.0,vihtavuori_n110,64,27.5,3481,2.638
308_win,0.308,lapua,g589_ot,100.0,vihtavuori_n120,81,33.6,2890,2.638
308_win,0.308,lapua,g589_ot,100.0,vihtavuori_n130,84,37.8,2986,2.638
308_win,0.308,lapua,g589_ot,100.0,vihtavuori_n133,89,41.7,3097,2.638
308_win,0.308,lapua,g589_ot,100.0,vihtavuori_n135,102,43.2,3123,2.638
308_win,0.308,lapua,g589_ot,100.0,vihtavuori_n540,117,47.4,3114,2.638
308_win,0.308,lapua,hpce_otce,100.0,vihtavuori_n110,64,20.4,2333,2.638
308_win,0.308,lapua,hpce_otce,100.0,vihtavuori_n120,81,30.6,2663,2.638
308_win,0.308,lapua,hpce_otce,100.0,vihtavuori_n130,84,33.7,2794,2.638
308_win,0.308,lapua,hpce_otce,100.0,vihtavuori_n133,89,40.6,3012,2.638
308_win,0.308,lapua,hpce_otce,100.0,vihtavuori_n530,100,41.4,3002,2.638
308_win,0.308,lapua,hpce_otce,100.0,vihtavuori_n135,102,38.1,2837,2.638
308_win,0.308,barnes,tsx_fb,110.0,vihtavuori_n130,84,38.0,2887,2.697
308_win,0.308,barnes,tsx_fb,110.0,vihtavuori_n133,89,41.7,2986,2.697
308_win,0.308,barnes,tsx_fb,110.0,vihtavuori_n530,100,43.5,2995,2.697
308_win,0.308,barnes,tsx_fb,110.0,vihtavuori_n135,102,43.2,2999,2.697
308_win,0.308,fox,classic_hunter,110.0,vihtavuori_n133,89,37.0,2838,2.697
308_win,0.308,fox,classic_hunter,110.0,vihtavuori_n135,102,39.7,2897,2.697
308_win,0.308,fox,classic_hunter,110.0,vihtavuori_n140,112,46.3,3035,2.697
308_win,0.308,hornady,cx,110.0,vihtavuori_n130,84,38.3,2864,2.795
308_win,0.308,hornady,cx,110.0,vihtavuori_n133,89,42.4,2969,2.795
308_win,0.308,hornady,cx,110.0,vihtavuori_n135,102,44.0,3002,2.795
308_win,0.308,hornady,cx,110.0,vihtavuori_n540,117,47.1,2999,2.795
308_win,0.308,hornady,gmx,110.0,vihtavuori_n130,84,37.0,2848,2.795
308_win,0.308,hornady,gmx,110.0,vihtavuori_n133,89,40.6,2897,2.795
308_win,0.308,hornady,gmx,110.0,vihtavuori_n530,100,41.1,2890,2.795
308_win,0.308,hornady,gmx,110.0,vihtavuori_n135,102,42.3,2930,2.795
308_win,0.308,hornady,gmx,110.0,vihtavuori_n540,117,45.8,2930,2.795
308_win,0.308,hornady,v_max,110.0,vihtavuori_n130,84,37.2,2871,2.697
308_win,0.308,hornady,v_max,110.0,vihtavuori_n133,89,40.6,2943,2.697
308_win,0.308,hornady,v_max,110.0,vihtavuori_n530,100,42.1,2969,2.697
308_win,0.308,hornady,v_max,110.0,vihtavuori_n135,102,42.6,3002,2.697
308_win,0.308,hornady,v_max,110.0,vihtavuori_n140,112,46.0,2992,2.697
308_win,0.308,nosler,varmageddon,110.0,vihtavuori_n120,81,34.9,2848,2.598
308_win,0.308,nosler,varmageddon,110.0,vihtavuori_n130,84,38.6,2920,2.598
308_win,0.308,nosler,varmageddon,110.0,vihtavuori_n133,89,42.4,2995,2.598
308_win,0.308,sierra,hp_varminter,110.0,vihtavuori_n130,84,39.4,2930,2.600
308_win,0.308,sierra,hp_varminter,110.0,vihtavuori_n133,89,42.4,3002,2.600
308_win,0.308,sierra,hp_varminter,110.0,vihtavuori_n135,102,44.0,3018,2.600
308_win,0.308,sierra,hp_varminter,110.0,vihtavuori_n140,112,46.3,2946,2.600
308_win,0.308,lehigh,controlled_chaos_copper,115.0,vihtavuori_n130,84,38.6,2854,2.756
308_win,0.308,lehigh,controlled_chaos_copper,115.0,vihtavuori_n133,89,41.7,2920,2.756
308_win,0.308,lehigh,controlled_chaos_copper,115.0,vihtavuori_n135,102,44.0,2959,2.756
308_win,0.308,lehigh,controlled_chaos_copper,115.0,vihtavuori_n140,112,46.9,2946,2.756
308_win,0.308,sierra,hp_varminter,115.0,vihtavuori_n130,84,38.6,2861,2.736
308_win,0.308,sierra,hp_varminter,115.0,vihtavuori_n133,89,41.7,2904,2.736
308_win,0.308,sierra,hp_varminter,115.0,vihtavuori_n135,102,43.2,2953,2.736
308_win,0.308,sierra,hp_varminter,115.0,vihtavuori_n140,112,46.3,2953,2.736
308_win,0.308,sako,blade_633a,120.0,vihtavuori_n133,89,39.5,2720,2.795
308_win,0.308,sako,blade_633a,120.0,vihtavuori_n530,100,40.9,2762,2.795
308_win,0.308,sako,blade_633a,120.0,vihtavuori_n135,102,41.7,2769,2.795
308_win,0.308,sako,blade_633a,120.0,vihtavuori_n140,112,44.8,2792,2.795
308_win,0.308,sako,blade_633a,120.0,vihtavuori_n540,117,45.5,2825,2.795
308_win,0.308,sako,blade_633a,120.0,vihtavuori_n150,124,44.8,2785,2.795
308_win,0.308,lapua,fmj,123.0,vihtavuori_n120,81,32.1,2664,2.634
308_win,0.308,lapua,fmj,123.0,vihtavuori_n130,84,34.9,2566,2.634
308_win,0.308,lapua,fmj,123.0,vihtavuori_n133,89,40.4,2815,2.634
308_win,0.308,lapua,fmj,123.0,vihtavuori_n530,100,40.0,2789,2.634
308_win,0.308,lapua,fmj,123.0,vihtavuori_n135,102,42.0,2723,2.634
308_win,0.308,hornady,ecx,125.0,vihtavuori_n133,89,33.2,2579,2.728
308_win,0.308,hornady,ecx,125.0,vihtavuori_n135,102,34.7,2582,2.728
308_win,0.308,hornady,ecx,125.0,vihtavuori_n140,112,42.4,2740,2.728
308_win,0.308,hornady,ecx,125.0,vihtavuori_n540,117,43.2,2759,2.728
308_win,0.308,hornady,ecx,125.0,vihtavuori_n150,124,42.7,2753,2.728
308_win,0.308,hornady,sst,125.0,vihtavuori_n130,84,37.0,2720,2.728
308_win,0.308,hornady,sst,125.0,vihtavuori_n133,89,40.1,2789,2.728
308_win,0.308,hornady,sst,125.0,vihtavuori_n135,102,42.4,2812,2.728
308_win,0.308,hornady,sst,125.0,vihtavuori_n140,112,45.5,2828,2.728
308_win,0.308,hornady,sst,125.0,vihtavuori_n540,117,45.5,2795,2.728
308_win,0.308,lehigh,controlled_chaos,125.0,vihtavuori_n133,89,33.5,2507,2.756
308_win,0.308,lehigh,controlled_chaos,125.0,vihtavuori_n135,102,36.0,2592,2.756
308_win,0.308,lehigh,controlled_chaos,125.0,vihtavuori_n140,112,39.2,2612,2.756
308_win,0.308,lehigh,controlled_chaos,125.0,vihtavuori_n540,117,42.4,2726,2.756
308_win,0.308,lehigh,controlled_chaos,125.0,vihtavuori_n150,124,39.4,2651,2.756
308_win,0.308,nosler,accubond,125.0,vihtavuori_n130,84,36.7,2717,2.748
308_win,0.308,nosler,accubond,125.0,vihtavuori_n133,89,40.4,2812,2.748
308_win,0.308,nosler,accubond,125.0,vihtavuori_n135,102,42.4,2835,2.748
308_win,0.308,nosler,accubond,125.0,vihtavuori_n140,112,44.8,2825,2.748
308_win,0.308,nosler,accubond,125.0,vihtavuori_n540,117,45.8,2858,2.748
308_win,0.308,nosler,ballistic_tip,125.0,vihtavuori_n130,84,37.0,2684,2.756
308_win,0.308,nosler,ballistic_tip,125.0,vihtavuori_n133,89,40.1,2721,2.756
308_win,0.308,nosler,ballistic_tip,125.0,vihtavuori_n135,102,41.6,2732,2.756
308_win,0.308,nosler,ballistic_tip,125.0,vihtavuori_n140,112,44.1,2739,2.756
308_win,0.308,sierra,tmk,125.0,vihtavuori_n130,84,35.2,2664,2.795
308_win,0.308,sierra,tmk,125.0,vihtavuori_n133,89,39.7,2756,2.795
308_win,0.308,sierra,tmk,125.0,vihtavuori_n530,100,38.7,2733,2.795
308_win,0.308,sierra,tmk,125.0,vihtavuori_n135,102,40.4,2759,2.795
308_win,0.308,sierra,tmk,125.0,vihtavuori_n140,112,43.2,2743,2.795
308_win,0.308,speer,tnt_hp,125.0,vihtavuori_n133,89,41.2,2851,2.638
308_win,0.308,speer,tnt_hp,125.0,vihtavuori_n135,102,42.9,2884,2.638
308_win,0.308,speer,tnt_hp,125.0,vihtavuori_n140,112,44.0,2871,2.638
308_win,0.308,speer,tnt_hp,125.0,vihtavuori_n540,117,45.8,2867,2.638
308_win,0.308,speer,tnt_hp,125.0,vihtavuori_n150,124,46.3,2917,2.638
308_win,0.308,infitech,target_line,130.0,vihtavuori_n135,102,40.1,2759,2.799
308_win,0.308,infitech,target_line,130.0,vihtavuori_n140,112,43.8,2795,2.799
308_win,0.308,infitech,target_line,130.0,vihtavuori_n540,117,44.0,2815,2.799
308_win,0.308,sako,blade_636a,130.0,vihtavuori_n133,89,38.9,2680,2.800
308_win,0.308,sako,blade_636a,130.0,vihtavuori_n135,102,40.6,2717,2.800
308_win,0.308,sako,blade_636a,130.0,vihtavuori_n140,112,43.8,2733,2.800
308_win,0.308,barnes,tsx_bt,130.0,vihtavuori_n130,84,35.3,2615,2.783
308_win,0.308,barnes,tsx_bt,130.0,vihtavuori_n133,89,38.6,2697,2.783
308_win,0.308,barnes,tsx_bt,130.0,vihtavuori_n530,100,40.4,2723,2.783
308_win,0.308,barnes,tsx_bt,130.0,vihtavuori_n135,102,40.1,2720,2.783
308_win,0.308,barnes,tsx_bt,130.0,vihtavuori_n140,112,43.4,2740,2.783
308_win,0.308,sierra,hp_varminter,135.0,vihtavuori_n130,84,34.7,2572,2.650
308_win,0.308,sierra,hp_varminter,135.0,vihtavuori_n133,89,40.4,2717,2.650
308_win,0.308,sierra,hp_varminter,135.0,vihtavuori_n135,102,42.0,2746,2.650
308_win,0.308,sierra,hp_varminter,135.0,vihtavuori_n140,112,44.8,2772,2.650
308_win,0.308,brenneke,basic_nature,139.0,vihtavuori_n130,84,34.0,2356,2.626
308_win,0.308,brenneke,basic_nature,139.0,vihtavuori_n133,89,36.0,2405,2.626
308_win,0.308,brenneke,basic_nature,139.0,vihtavuori_n135,102,38.6,2490,2.626
308_win,0.308,brenneke,basic_nature,139.0,vihtavuori_n140,112,42.4,2536,2.626
308_win,0.308,brenneke,basic_nature,139.0,vihtavuori_n540,117,41.7,2592,2.626
308_win,0.308,brenneke,basic_nature,139.0,vihtavuori_n150,124,42.4,2556,2.626
308_win,0.308,brenneke,basic_nature,139.0,vihtavuori_n550,129,45.8,2589,2.626
308_win,0.308,infitech,target_line,140.0,vihtavuori_n135,102,38.6,2618,2.799
308_win,0.308,infitech,target_line,140.0,vihtavuori_n140,112,43.2,2703,2.799
308_win,0.308,infitech,target_line,140.0,vihtavuori_n540,117,43.2,2733,2.799
308_win,0.308,los,hunting_tactic,140.0,vihtavuori_n135,102,39.4,2664,2.776
308_win,0.308,los,hunting_tactic,140.0,vihtavuori_n140,112,41.7,2654,2.776
308_win,0.308,los,hunting_tactic,140.0,vihtavuori_n540,117,42.0,2677,2.776
308_win,0.308,npb,hunting_expandable,140.0,vihtavuori_n135,102,35.5,2428,2.697
308_win,0.308,npb,hunting_expandable,140.0,vihtavuori_n140,112,38.7,2457,2.697
308_win,0.308,npb,hunting_expandable,140.0,vihtavuori_n540,117,41.4,2572,2.697
308_win,0.308,npb,hunting_expandable,140.0,vihtavuori_n150,124,39.4,2480,2.697
308_win,0.308,npb,hunting_expandable,140.0,vihtavuori_n550,129,44.0,2556,2.697
308_win,0.308,brenneke,tug_nature,147.0,vihtavuori_n133,89,34.7,2388,2.618
308_win,0.308,brenneke,tug_nature,147.0,vihtavuori_n135,102,35.8,2388,2.618
308_win,0.308,brenneke,tug_nature,147.0,vihtavuori_n140,112,39.0,2425,2.618
308_win,0.308,brenneke,tug_nature,147.0,vihtavuori_n540,117,40.4,2477,2.618
308_win,0.308,brenneke,tug_nature,147.0,vihtavuori_n150,124,40.1,2457,2.618
308_win,0.308,brenneke,tug_nature,147.0,vihtavuori_n550,129,43.2,2474,2.618
308_win,0.308,campro,spitzer_bt_fmj,147.0,vihtavuori_n130,84,34.3,2484,2.783
308_win,0.308,campro,spitzer_bt_fmj,147.0,vihtavuori_n133,89,37.8,2536,2.783
308_win,0.308,campro,spitzer_bt_fmj,147.0,vihtavuori_n135,102,39.8,2575,2.783
308_win,0.308,campro,spitzer_bt_fmj,147.0,vihtavuori_n140,112,42.4,2618,2.783
308_win,0.308,campro,spitzer_bt_fmj,147.0,vihtavuori_n540,117,43.5,2661,2.783
308_win,0.308,barnes,mpg_fb,150.0,vihtavuori_n130,84,35.5,2398,2.795
308_win,0.308,barnes,mpg_fb,150.0,vihtavuori_n133,89,35.0,2398,2.795
308_win,0.308,barnes,mpg_fb,150.0,vihtavuori_n135,102,37.0,2448,2.795
308_win,0.308,barnes,mpg_fb,150.0,vihtavuori_n140,112,40.9,2503,2.795
308_win,0.308,barnes,mpg_fb,150.0,vihtavuori_n540,117,41.2,2533,2.795
308_win,0.308,barnes,mpg_fb,150.0,vihtavuori_n150,124,41.7,2552,2.795
308_win,0.308,barnes,mpg_fb,150.0,vihtavuori_n550,129,43.2,2480,2.795
308_win,0.308,barnes,ttsx_bt,150.0,vihtavuori_n135,102,35.2,2379,2.795
308_win,0.308,barnes,ttsx_bt,150.0,vihtavuori_n140,112,39.2,2474,2.795
308_win,0.308,barnes,ttsx_bt,150.0,vihtavuori_n540,117,39.7,2497,2.795
308_win,0.308,barnes,ttsx_bt,150.0,vihtavuori_n150,124,40.1,2507,2.795
308_win,0.308,barnes,ttsx_bt,150.0,vihtavuori_n550,129,42.9,2484,2.795
308_win,0.308,fox,classic_hunter,150.0,vihtavuori_n530,100,35.5,2454,2.638
308_win,0.308,fox,classic_hunter,150.0,vihtavuori_n135,102,34.0,2398,2.638
308_win,0.308,fox,classic_hunter,150.0,vihtavuori_n140,112,39.8,2480,2.638
308_win,0.308,fox,classic_hunter,150.0,vihtavuori_n540,117,41.7,2552,2.638
308_win,0.308,fox,classic_hunter,150.0,vihtavuori_n150,124,40.1,2513,2.638
308_win,0.308,fox,classic_hunter,150.0,vihtavuori_n550,129,44.0,2539,2.638
308_win,0.308,fox,target,150.0,vihtavuori_n130,84,34.0,2408,2.697
308_win,0.308,fox,target,150.0,vihtavuori_n133,89,35.5,2431,2.697
308_win,0.308,fox,target,150.0,vihtavuori_n135,102,37.0,2484,2.697
308_win,0.308,fox,target,150.0,vihtavuori_n140,112,41.7,2556,2.697
308_win,0.308,fox,target,150.0,vihtavuori_n150,124,42.6,2592,2.697
308_win,0.308,hornady,cx,150.0,vihtavuori_n135,102,34.1,2320,2.799
308_win,0.308,hornady,cx,150.0,vihtavuori_n140,112,39.5,2451,2.799
308_win,0.308,hornady,cx,150.0,vihtavuori_n540,117,39.4,2480,2.799
308_win,0.308,hornady,cx,150.0,vihtavuori_n150,124,38.6,2454,2.799
308_win,0.308,hornady,cx,150.0,vihtavuori_n550,129,42.4,2503,2.799
308_win,0.308,hornady,fmj_bt,150.0,vihtavuori_n130,84,36.3,2523,2.795
308_win,0.308,hornady,fmj_bt,150.0,vihtavuori_n133,89,40.1,2612,2.795
308_win,0.308,hornady,fmj_bt,150.0,vihtavuori_n135,102,41.7,2621,2.795
308_win,0.308,hornady,fmj_bt,150.0,vihtavuori_n140,112,44.0,2648,2.795
308_win,0.308,hornady,fmj_bt,150.0,vihtavuori_n540,117,44.0,2641,2.795
308_win,0.308,hornady,fmj_bt,150.0,vihtavuori_n150,124,44.8,2651,2.795
308_win,0.308,hornady,fmj_bt,150.0,vihtavuori_n550,129,47.8,2674,2.795
308_win,0.308,hornady,gmx,150.0,vihtavuori_n135,102,36.3,2359,2.795
308_win,0.308,hornady,gmx,150.0,vihtavuori_n140,112,39.0,2411,2.795
308_win,0.308,hornady,gmx,150.0,vihtavuori_n540,117,40.1,2441,2.795
308_win,0.308,hornady,gmx,150.0,vihtavuori_n150,124,39.4,2415,2.795
308_win,0.308,hornady,interlock_btsp,150.0,vihtavuori_n130,84,35.5,2513,2.740
308_win,0.308,hornady,interlock_btsp,150.0,vihtavuori_n133,89,38.7,2566,2.740
308_win,0.308,hornady,interlock_btsp,150.0,vihtavuori_n135,102,39.4,2552,2.740
308_win,0.308,hornady,interlock_btsp,150.0,vihtavuori_n140,112,41.7,2575,2.740
308_win,0.308,hornady,interlock_btsp,150.0,vihtavuori_n540,117,43.5,2641,2.740
308_win,0.308,hornady,interlock_btsp,150.0,vihtavuori_n150,124,43.2,2628,2.740
308_win,0.308,hornady,interlock_btsp,150.0,vihtavuori_n550,129,47.1,2667,2.740
308_win,0.308,hornady,sst,150.0,vihtavuori_n133,89,37.0,2500,2.732
308_win,0.308,hornady,sst,150.0,vihtavuori_n530,100,38.0,2533,2.732
308_win,0.308,hornady,sst,150.0,vihtavuori_n135,102,39.0,2539,2.732
308_win,0.308,hornady,sst,150.0,vihtavuori_n140,112,40.9,2516,2.732
308_win,0.308,hornady,sst,150.0,vihtavuori_n540,117,41.8,2585,2.732
308_win,0.308,hornady,sst,150.0,vihtavuori_n150,124,41.7,2552,2.732
308_win,0.308,lapua,lockbase,150.0,vihtavuori_n530,100,37.8,2605,2.756
308_win,0.308,lapua,lockbase,150.0,vihtavuori_n135,102,39.5,2657,2.756
308_win,0.308,lapua,lockbase,150.0,vihtavuori_n140,112,42.4,2625,2.756
308_win,0.308,lapua,lockbase,150.0,vihtavuori_n540,117,42.9,2648,2.756
308_win,0.308,lapua,lockbase,150.0,vihtavuori_n150,124,43.2,2635,2.756
308_win,0.308,lapua,mega_e469,150.0,vihtavuori_n135,102,36.3,2451,2.567
308_win,0.308,lapua,mega_e469,150.0,vihtavuori_n140,112,36.3,2346,2.567
308_win,0.308,lapua,mega_e469,150.0,vihtavuori_n540,117,40.7,2382,2.567
308_win,0.308,lapua,trx,150.0,vihtavuori_n133,89,34.7,2425,2.776
308_win,0.308,lapua,trx,150.0,vihtavuori_n135,102,36.1,2474,2.776
308_win,0.308,lapua,trx,150.0,vihtavuori_n140,112,42.4,2589,2.776
308_win,0.308,lapua,trx,150.0,vihtavuori_n540,117,41.7,2602,2.776
308_win,0.308,lapua,trx,150.0,vihtavuori_n150,124,41.7,2585,2.776
308_win,0.308,lapua,trx,150.0,vihtavuori_n550,129,44.8,2595,2.776
308_win,0.308,los,tactic,150.0,vihtavuori_n530,100,36.7,2536,2.780
308_win,0.308,los,tactic,150.0,vihtavuori_n135,102,38.0,2566,2.780
308_win,0.308,los,tactic,150.0,vihtavuori_n140,112,40.7,2559,2.780
308_win,0.308,los,tactic,150.0,vihtavuori_n540,117,41.2,2589,2.780
308_win,0.308,norma,fmj,150.0,vihtavuori_n130,84,31.2,2362,2.693
308_win,0.308,norma,fmj,150.0,vihtavuori_n133,89,35.8,2484,2.693
308_win,0.308,norma,fmj,150.0,vihtavuori_n530,100,37.0,2503,2.693
308_win,0.308,norma,fmj,150.0,vihtavuori_n135,102,37.8,2539,2.693
308_win,0.308,norma,fmj,150.0,vihtavuori_n140,112,40.6,2562,2.693
308_win,0.308,nosler,accubond,150.0,vihtavuori_n133,89,36.7,2503,2.795
308_win,0.308,nosler,accubond,150.0,vihtavuori_n135,102,39.0,2520,2.795
308_win,0.308,nosler,accubond,150.0,vihtavuori_n140,112,42.3,2569,2.795
308_win,0.308,nosler,accubond,150.0,vihtavuori_n540,117,43.2,2618,2.795
308_win,0.308,nosler,accubond,150.0,vihtavuori_n150,124,42.6,2618,2.795
308_win,0.308,nosler,accubond,150.0,vihtavuori_n550,129,45.8,2631,2.795
308_win,0.308,red_moose,tarvas,150.0,vihtavuori_n135,102,38.6,2595,2.724
308_win,0.308,red_moose,tarvas,150.0,vihtavuori_n140,112,40.9,2582,2.724
308_win,0.308,red_moose,tarvas,150.0,vihtavuori_n540,117,42.7,2651,2.724
308_win,0.308,red_moose,tarvas,150.0,vihtavuori_n150,124,42.4,2635,2.724
308_win,0.308,red_moose,tarvas,150.0,vihtavuori_n550,129,45.5,2654,2.724
308_win,0.308,sako,blade_645a,150.0,vihtavuori_n133,89,34.0,2297,2.795
308_win,0.308,sako,blade_645a,150.0,vihtavuori_n135,102,36.6,2402,2.795
308_win,0.308,sako,blade_645a,150.0,vihtavuori_n140,112,40.1,2480,2.795
308_win,0.308,sako,blade_645a,150.0,vihtavuori_n540,117,40.9,2520,2.795
308_win,0.308,sako,blade_645a,150.0,vihtavuori_n150,124,40.1,2470,2.795
308_win,0.308,sako,blade_645a,150.0,vihtavuori_n550,129,43.2,2516,2.795
308_win,0.308,sierra,hpbt,150.0,vihtavuori_n130,84,36.0,2510,2.795
308_win,0.308,sierra,hpbt,150.0,vihtavuori_n133,89,38.9,2566,2.795
308_win,0.308,sierra,hpbt,150.0,vihtavuori_n135,102,40.9,2602,2.795
308_win,0.308,sierra,hpbt,150.0,vihtavuori_n140,112,40.4,2467,2.795
308_win,0.308,sierra,hpbt,150.0,vihtavuori_n540,117,41.8,2487,2.795
308_win,0.308,sierra,hpbt,150.0,vihtavuori_n150,124,42.2,2545,2.795
308_win,0.308,sierra,hpbt,150.0,vihtavuori_n550,129,44.5,2534,2.795
308_win,0.308,sierra,spbt,150.0,vihtavuori_n133,89,35.0,2391,2.756
308_win,0.308,sierra,spbt,150.0,vihtavuori_n135,102,39.5,2505,2.756
308_win,0.308,sierra,spbt,150.0,vihtavuori_n140,112,41.8,2516,2.756
308_win,0.308,sierra,spbt,150.0,vihtavuori_n150,124,43.6,2545,2.756
308_win,0.308,swift,scirocco_ii,150.0,vihtavuori_n135,102,35.2,2448,2.795
308_win,0.308,swift,scirocco_ii,150.0,vihtavuori_n140,112,38.6,2484,2.795
308_win,0.308,swift,scirocco_ii,150.0,vihtavuori_n540,117,39.4,2533,2.795
308_win,0.308,swift,scirocco_ii,150.0,vihtavuori_n150,124,39.4,2526,2.795
308_win,0.308,swift,scirocco_ii,150.0,vihtavuori_n550,129,42.4,2503,2.795
308_win,0.308,woodleigh,weldcore_pp,150.0,vihtavuori_n135,102,37.3,2464,2.795
308_win,0.308,woodleigh,weldcore_pp,150.0,vihtavuori_n140,112,39.0,2444,2.795
308_win,0.308,woodleigh,weldcore_pp,150.0,vihtavuori_n540,117,40.6,2520,2.795
308_win,0.308,berger,hybrid_target,155.0,vihtavuori_n135,102,37.2,2461,2.795
308_win,0.308,berger,hybrid_target,155.0,vihtavuori_n140,112,39.8,2474,2.795
308_win,0.308,berger,hybrid_target,155.0,vihtavuori_n540,117,40.7,2520,2.795
308_win,0.308,berger,hybrid_target,155.0,vihtavuori_n150,124,40.3,2497,2.795
308_win,0.308,berger,hybrid_target,155.0,vihtavuori_n550,129,42.6,2490,2.795
308_win,0.308,berger,vld_hunting,155.0,vihtavuori_n130,84,34.3,2425,2.800
308_win,0.308,berger,vld_hunting,155.0,vihtavuori_n133,89,37.3,2477,2.800
308_win,0.308,berger,vld_hunting,155.0,vihtavuori_n135,102,38.6,2500,2.800
308_win,0.308,berger,vld_hunting,155.0,vihtavuori_n140,112,40.9,2516,2.800
308_win,0.308,berger,vld_hunting,155.0,vihtavuori_n540,117,41.7,2562,2.800
308_win,0.308,berger,vld_hunting,155.0,vihtavuori_n150,124,42.3,2569,2.800
308_win,0.308,berger,vld_hunting,155.0,vihtavuori_n550,129,44.9,2572,2.800
308_win,0.308,brenneke,tag,155.0,vihtavuori_n140,112,41.1,2510,2.740
308_win,0.308,brenneke,tag,155.0,vihtavuori_n540,117,41.5,2546,2.740
308_win,0.308,brenneke,tag,155.0,vihtavuori_n150,124,42.3,2533,2.740
308_win,0.308,hornady,bthp,155.0,vihtavuori_n130,84,35.5,2470,2.795
308_win,0.308,hornady,bthp,155.0,vihtavuori_n133,89,38.6,2536,2.795
308_win,0.308,hornady,bthp,155.0,vihtavuori_n135,102,39.4,2530,2.795
308_win,0.308,hornady,bthp,155.0,vihtavuori_n140,112,42.0,2556,2.795
308_win,0.308,hornady,bthp,155.0,vihtavuori_n540,117,42.7,2592,2.795
308_win,0.308,hornady,bthp,155.0,vihtavuori_n150,124,42.9,2602,2.795
308_win,0.308,hornady,bthp,155.0,vihtavuori_n550,129,46.3,2595,2.795
308_win,0.308,hornady,eld_match,155.0,vihtavuori_n133,89,37.0,2507,2.799
308_win,0.308,hornady,eld_match,155.0,vihtavuori_n135,102,38.4,2526,2.799
308_win,0.308,hornady,eld_match,155.0,vihtavuori_n140,112,40.3,2543,2.799
308_win,0.308,hornady,eld_match,155.0,vihtavuori_n540,117,40.9,2566,2.799
308_win,0.308,hornady,eld_match,155.0,vihtavuori_n150,124,41.7,2595,2.799
308_win,0.308,hornady,eld_match,155.0,vihtavuori_n550,129,44.0,2585,2.799
308_win,0.308,lapua,scenar_l,155.0,vihtavuori_n530,100,34.6,2385,2.795
308_win,0.308,lapua,scenar_l,155.0,vihtavuori_n135,102,34.4,2254,2.795
308_win,0.308,lapua,scenar_l,155.0,vihtavuori_n140,112,36.7,2251,2.795
308_win,0.308,lapua,scenar_l,155.0,vihtavuori_n540,117,40.6,2562,2.795
308_win,0.308,lapua,scenar_l,155.0,vihtavuori_n150,124,39.0,2359,2.795
308_win,0.308,lapua,scenar_l,155.0,vihtavuori_n550,129,44.4,2605,2.795
308_win,0.308,los,hunting,155.0,vihtavuori_n140,112,40.4,2513,2.752
308_win,0.308,los,hunting,155.0,vihtavuori_n540,117,41.1,2556,2.752
308_win,0.308,los,hunting,155.0,vihtavuori_n150,124,41.4,2546,2.752
308_win,0.308,nosler,custom_competition,155.0,vihtavuori_n133,89,37.3,2503,2.795
308_win,0.308,nosler,custom_competition,155.0,vihtavuori_n135,102,38.9,2546,2.795
308_win,0.308,nosler,custom_competition,155.0,vihtavuori_n140,112,41.7,2575,2.795
308_win,0.308,nosler,custom_competition,155.0,vihtavuori_n540,117,42.1,2598,2.795
308_win,0.308,nosler,custom_competition,155.0,vihtavuori_n150,124,41.7,2559,2.795
308_win,0.308,sierra,hpbt,155.0,vihtavuori_n135,102,35.1,2337,2.795
308_win,0.308,sierra,hpbt,155.0,vihtavuori_n140,112,37.0,2354,2.795
308_win,0.308,sierra,hpbt,155.0,vihtavuori_n540,117,37.9,2337,2.795
308_win,0.308,sierra,hpbt,155.0,vihtavuori_n150,124,40.6,2466,2.795
308_win,0.308,sierra,hpbt,155.0,vihtavuori_n550,129,42.5,2479,2.795
308_win,0.308,sierra,tmk,155.0,vihtavuori_n135,102,37.3,2470,2.795
308_win,0.308,sierra,tmk,155.0,vihtavuori_n140,112,39.8,2464,2.795
308_win,0.308,sierra,tmk,155.0,vihtavuori_n540,117,40.4,2513,2.795
308_win,0.308,sierra,tmk,155.0,vihtavuori_n150,124,40.6,2497,2.795
308_win,0.308,sierra,tmk,155.0,vihtavuori_n550,129,42.9,2510,2.795
308_win,0.308,berger,fullbore_target,155.5,vihtavuori_n130,84,34.9,2441,2.800
308_win,0.308,berger,fullbore_target,155.5,vihtavuori_n133,89,38.1,2507,2.800
308_win,0.308,berger,fullbore_target,155.5,vihtavuori_n135,102,39.7,2526,2.800
308_win,0.308,berger,fullbore_target,155.5,vihtavuori_n140,112,42.0,2569,2.800
308_win,0.308,berger,fullbore_target,155.5,vihtavuori_n540,117,42.7,2615,2.800
308_win,0.308,berger,fullbore_target,155.5,vihtavuori_n150,124,43.2,2605,2.800
308_win,0.308,berger,fullbore_target,155.5,vihtavuori_n550,129,46.3,2618,2.800
308_win,0.308,sako,blade_656a,162.0,vihtavuori_n140,112,36.3,2297,2.795
308_win,0.308,sako,blade_656a,162.0,vihtavuori_n540,117,37.8,2352,2.795
308_win,0.308,sako,blade_656a,162.0,vihtavuori_n150,124,37.0,2277,2.795
308_win,0.308,sako,blade_656a,162.0,vihtavuori_n550,129,41.7,2392,2.795
308_win,0.308,barnes,tsx,165.0,vihtavuori_n140,112,37.8,2303,2.795
308_win,0.308,barnes,tsx,165.0,vihtavuori_n150,124,38.9,2346,2.795
308_win,0.308,barnes,tsx,165.0,vihtavuori_n550,129,41.8,2382,2.795
308_win,0.308,barnes,ttsx_bt,165.0,vihtavuori_n135,102,34.4,2254,2.799
308_win,0.308,barnes,ttsx_bt,165.0,vihtavuori_n140,112,40.1,2382,2.799
308_win,0.308,barnes,ttsx_bt,165.0,vihtavuori_n540,117,40.1,2431,2.799
308_win,0.308,barnes,ttsx_bt,165.0,vihtavuori_n150,124,40.1,2411,2.799
308_win,0.308,barnes,ttsx_bt,165.0,vihtavuori_n550,129,44.0,2470,2.799
308_win,0.308,brenneke,tog,165.0,vihtavuori_n135,102,31.0,2011,2.697
308_win,0.308,brenneke,tog,165.0,vihtavuori_n140,112,38.4,2392,2.697
308_win,0.308,brenneke,tog,165.0,vihtavuori_n540,117,39.0,2415,2.697
308_win,0.308,brenneke,tog,165.0,vihtavuori_n150,124,38.7,2359,2.697
308_win,0.308,cutting_edge,mth,165.0,vihtavuori_n140,112,38.3,2352,2.795
308_win,0.308,cutting_edge,mth,165.0,vihtavuori_n540,117,39.5,2421,2.795
308_win,0.308,cutting_edge,mth,165.0,vihtavuori_n150,124,38.9,2372,2.795
308_win,0.308,cutting_edge,mth,165.0,vihtavuori_n550,129,42.1,2431,2.795
308_win,0.308,fox,target,165.0,vihtavuori_n140,112,40.1,2398,2.697
308_win,0.308,fox,target,165.0,vihtavuori_n540,117,41.7,2487,2.697
308_win,0.308,fox,target,165.0,vihtavuori_n150,124,40.6,2421,2.697
308_win,0.308,hornady,cx,165.0,vihtavuori_n135,102,33.2,2205,2.799
308_win,0.308,hornady,cx,165.0,vihtavuori_n140,112,38.6,2306,2.799
308_win,0.308,hornady,cx,165.0,vihtavuori_n540,117,38.6,2329,2.799
308_win,0.308,hornady,cx,165.0,vihtavuori_n150,124,37.8,2313,2.799
308_win,0.308,hornady,cx,165.0,vihtavuori_n550,129,42.4,2392,2.799
308_win,0.308,hornady,ecx,165.0,vihtavuori_n135,102,33.0,2136,2.795
308_win,0.308,hornady,ecx,165.0,vihtavuori_n140,112,37.0,2251,2.795
308_win,0.308,hornady,ecx,165.0,vihtavuori_n540,117,39.4,2346,2.795
308_win,0.308,hornady,ecx,165.0,vihtavuori_n150,124,37.0,2267,2.795
308_win,0.308,hornady,ecx,165.0,vihtavuori_n550,129,42.1,2375,2.795
308_win,0.308,hornady,gmx,165.0,vihtavuori_n140,112,38.0,2238,2.795
308_win,0.308,hornady,gmx,165.0,vihtavuori_n540,117,37.2,2247,2.795
308_win,0.308,hornady,gmx,165.0,vihtavuori_n150,124,37.3,2234,2.795
308_win,0.308,hornady,gmx,165.0,vihtavuori_n550,129,40.3,2293,2.795
308_win,0.308,hornady,interlock_btsp,165.0,vihtavuori_n130,84,34.0,2349,2.740
308_win,0.308,hornady,interlock_btsp,165.0,vihtavuori_n133,89,36.3,2385,2.740
308_win,0.308,hornady,interlock_btsp,165.0,vihtavuori_n135,102,37.8,2428,2.740
308_win,0.308,hornady,interlock_btsp,165.0,vihtavuori_n140,112,40.9,2470,2.740
308_win,0.308,hornady,interlock_btsp,165.0,vihtavuori_n540,117,40.9,2490,2.740
308_win,0.308,hornady,interlock_btsp,165.0,vihtavuori_n150,124,41.4,2493,2.740
308_win,0.308,hornady,interlock_btsp,165.0,vihtavuori_n550,129,45.1,2552,2.740
308_win,0.308,hornady,sst,165.0,vihtavuori_n130,84,32.4,2293,2.776
308_win,0.308,hornady,sst,165.0,vihtavuori_n133,89,34.3,2300,2.776
308_win,0.308,hornady,sst,165.0,vihtavuori_n135,102,36.0,2343,2.776
308_win,0.308,hornady,sst,165.0,vihtavuori_n140,112,38.9,2398,2.776
308_win,0.308,hornady,sst,165.0,vihtavuori_n540,117,40.1,2467,2.776
308_win,0.308,hornady,sst,165.0,vihtavuori_n150,124,39.2,2421,2.776
308_win,0.308,hornady,sst,165.0,vihtavuori_n550,129,42.0,2451,2.776
308_win,0.308,lapua,trx,165.0,vihtavuori_n135,102,36.6,2382,2.799
308_win,0.308,lapua,trx,165.0,vihtavuori_n140,112,40.1,2434,2.799
308_win,0.308,lapua,trx,165.0,vihtavuori_n540,117,40.1,2448,2.799
308_win,0.308,lapua,trx,165.0,vihtavuori_n150,124,40.1,2454,2.799
308_win,0.308,lapua,trx,165.0,vihtavuori_n550,129,44.0,2480,2.799
308_win,0.308,los,solid_brass_tactic,165.0,vihtavuori_n130,84,33.2,2375,2.795
308_win,0.308,los,solid_brass_tactic,165.0,vihtavuori_n133,89,36.3,2434,2.795
308_win,0.308,los,solid_brass_tactic,165.0,vihtavuori_n135,102,38.6,2467,2.795
308_win,0.308,los,solid_brass_tactic,165.0,vihtavuori_n140,112,41.1,2493,2.795
308_win,0.308,los,solid_brass_tactic,165.0,vihtavuori_n540,117,42.4,2556,2.795
308_win,0.308,los,solid_brass_tactic,165.0,vihtavuori_n150,124,42.1,2539,2.795
308_win,0.308,red_moose,tarvas,165.0,vihtavuori_n140,112,40.1,2490,2.724
308_win,0.308,red_moose,tarvas,165.0,vihtavuori_n540,117,40.9,2484,2.724
308_win,0.308,red_moose,tarvas,165.0,vihtavuori_n150,124,40.9,2477,2.724
308_win,0.308,red_moose,tarvas,165.0,vihtavuori_n550,129,43.7,2516,2.724
308_win,0.308,rhino,solid_shank,165.0,vihtavuori_n140,112,39.5,2415,2.657
308_win,0.308,rhino,solid_shank,165.0,vihtavuori_n540,117,40.1,2425,2.657
308_win,0.308,rhino,solid_shank,165.0,vihtavuori_n150,124,41.5,2487,2.657
308_win,0.308,rhino,solid_shank,165.0,vihtavuori_n550,129,44.1,2444,2.657
308_win,0.308,sierra,sbt,165.0,vihtavuori_n135,102,36.7,2382,2.752
308_win,0.308,sierra,sbt,165.0,vihtavuori_n140,112,39.4,2434,2.752
308_win,0.308,sierra,sbt,165.0,vihtavuori_n540,117,40.6,2474,2.752
308_win,0.308,sierra,sbt,165.0,vihtavuori_n150,124,40.4,2438,2.752
308_win,0.308,sierra,sbt,165.0,vihtavuori_n550,129,43.2,2497,2.752
308_win,0.308,speer,spbt,165.0,vihtavuori_n133,89,36.8,2345,2.795
308_win,0.308,speer,spbt,165.0,vihtavuori_n135,102,38.3,2376,2.795
308_win,0.308,speer,spbt,165.0,vihtavuori_n140,112,40.1,2390,2.795
308_win,0.308,speer,spbt,165.0,vihtavuori_n150,124,41.0,2411,2.795
308_win,0.308,speer,spbt,165.0,vihtavuori_n550,129,44.1,2495,2.795
308_win,0.308,swift,scirocco_ii,165.0,vihtavuori_n140,112,36.9,2346,2.795
308_win,0.308,swift,scirocco_ii,165.0,vihtavuori_n540,117,37.7,2349,2.795
308_win,0.308,swift,scirocco_ii,165.0,vihtavuori_n150,124,38.1,2372,2.795
308_win,0.308,swift,scirocco_ii,165.0,vihtavuori_n550,129,41.4,2375,2.795
308_win,0.308,copperbear,exhbt,166.0,vihtavuori_n135,102,34.0,2228,2.657
308_win,0.308,copperbear,exhbt,166.0,vihtavuori_n140,112,37.0,2247,2.657
308_win,0.308,copperbear,exhbt,166.0,vihtavuori_n540,117,38.6,2320,2.657
308_win,0.308,copperbear,exhbt,166.0,vihtavuori_n150,124,37.0,2267,2.657
308_win,0.308,copperbear,exhbt,166.0,vihtavuori_n550,129,41.1,2339,2.657
308_win,0.308,lapua,scenar,167.0,vihtavuori_n135,102,36.7,2425,2.795
308_win,0.308,lapua,scenar,167.0,vihtavuori_n140,112,40.0,2356,2.795
308_win,0.308,lapua,scenar,167.0,vihtavuori_n540,117,39.8,2405,2.795
308_win,0.308,lapua,scenar,167.0,vihtavuori_n150,124,41.8,2451,2.795
308_win,0.308,lapua,scenar,167.0,vihtavuori_n550,129,44.4,2503,2.795
308_win,0.308,barnes,tsx,168.0,vihtavuori_n140,112,40.0,2425,2.795
308_win,0.308,barnes,tsx,168.0,vihtavuori_n540,117,41.4,2448,2.795
308_win,0.308,barnes,tsx,168.0,vihtavuori_n150,124,40.6,2428,2.795
308_win,0.308,barnes,ttsx_bt,168.0,vihtavuori_n133,89,35.2,2264,2.736
308_win,0.308,barnes,ttsx_bt,168.0,vihtavuori_n135,102,37.3,2320,2.736
308_win,0.308,barnes,ttsx_bt,168.0,vihtavuori_n140,112,40.0,2356,2.736
308_win,0.308,barnes,ttsx_bt,168.0,vihtavuori_n540,117,41.7,2411,2.736
308_win,0.308,barnes,ttsx_bt,168.0,vihtavuori_n150,124,40.9,2392,2.736
308_win,0.308,barnes,ttsx_bt,168.0,vihtavuori_n550,129,44.0,2428,2.736
308_win,0.308,berger,classic_hunter,168.0,vihtavuori_n133,89,36.3,2385,2.795
308_win,0.308,berger,classic_hunter,168.0,vihtavuori_n135,102,38.1,2385,2.795
308_win,0.308,berger,classic_hunter,168.0,vihtavuori_n140,112,40.6,2441,2.795
308_win,0.308,berger,classic_hunter,168.0,vihtavuori_n540,117,40.9,2470,2.795
308_win,0.308,berger,classic_hunter,168.0,vihtavuori_n150,124,40.3,2448,2.795
308_win,0.308,berger,classic_hunter,168.0,vihtavuori_n550,129,42.9,2474,2.795
308_win,0.308,berger,hybrid_target,168.0,vihtavuori_n140,112,38.6,2346,2.795
308_win,0.308,berger,hybrid_target,168.0,vihtavuori_n540,117,39.8,2415,2.795
308_win,0.308,berger,hybrid_target,168.0,vihtavuori_n150,124,39.5,2398,2.795
308_win,0.308,berger,hybrid_target,168.0,vihtavuori_n550,129,42.1,2425,2.795
308_win,0.308,berger,vld_hunting,168.0,vihtavuori_n130,84,33.2,2293,2.800
308_win,0.308,berger,vld_hunting,168.0,vihtavuori_n133,89,36.3,2365,2.800
308_win,0.308,berger,vld_hunting,168.0,vihtavuori_n135,102,37.8,2385,2.800
308_win,0.308,berger,vld_hunting,168.0,vihtavuori_n140,112,40.3,2425,2.800
308_win,0.308,berger,vld_hunting,168.0,vihtavuori_n540,117,40.9,2470,2.800
308_win,0.308,berger,vld_hunting,168.0,vihtavuori_n150,124,40.9,2444,2.800
308_win,0.308,berger,vld_hunting,168.0,vihtavuori_n550,129,44.0,2477,2.800
308_win,0.308,cutting_edge,mtac,168.0,vihtavuori_n135,102,35.5,2326,2.795
308_win,0.308,cutting_edge,mtac,168.0,vihtavuori_n140,112,37.8,2346,2.795
308_win,0.308,cutting_edge,mtac,168.0,vihtavuori_n540,117,39.0,2392,2.795
308_win,0.308,cutting_edge,mtac,168.0,vihtavuori_n150,124,38.1,2346,2.795
308_win,0.308,cutting_edge,mtac,168.0,vihtavuori_n550,129,41.8,2408,2.795
308_win,0.308,hornady,a_max,168.0,vihtavuori_n133,89,34.7,2297,2.795
308_win,0.308,hornady,a_max,168.0,vihtavuori_n135,102,37.0,2343,2.795
308_win,0.308,hornady,a_max,168.0,vihtavuori_n140,112,39.4,2372,2.795
308_win,0.308,hornady,a_max,168.0,vihtavuori_n540,117,40.3,2415,2.795
308_win,0.308,hornady,a_max,168.0,vihtavuori_n150,124,39.4,2372,2.795
308_win,0.308,hornady,a_max,168.0,vihtavuori_n550,129,42.4,2418,2.795
308_win,0.308,hornady,eld_match,168.0,vihtavuori_n135,102,36.4,2395,2.795
308_win,0.308,hornady,eld_match,168.0,vihtavuori_n140,112,38.9,2431,2.795
308_win,0.308,hornady,eld_match,168.0,vihtavuori_n540,117,39.4,2444,2.795
308_win,0.308,hornady,eld_match,168.0,vihtavuori_n150,124,39.4,2441,2.795
308_win,0.308,hornady,eld_match,168.0,vihtavuori_n550,129,42.0,2477,2.795
308_win,0.308,nosler,custom_competition,168.0,vihtavuori_n133,89,35.8,2382,2.799
308_win,0.308,nosler,custom_competition,168.0,vihtavuori_n135,102,37.7,2411,2.799
308_win,0.308,nosler,custom_competition,168.0,vihtavuori_n140,112,40.0,2428,2.799
308_win,0.308,nosler,custom_competition,168.0,vihtavuori_n540,117,40.3,2467,2.799
308_win,0.308,nosler,custom_competition,168.0,vihtavuori_n150,124,40.3,2464,2.799
308_win,0.308,nosler,custom_competition,168.0,vihtavuori_n550,129,42.7,2470,2.799
308_win,0.308,nosler,expansion_tip,168.0,vihtavuori_n135,102,36.4,2316,2.748
308_win,0.308,nosler,expansion_tip,168.0,vihtavuori_n140,112,39.2,2356,2.748
308_win,0.308,nosler,expansion_tip,168.0,vihtavuori_n540,117,41.4,2408,2.748
308_win,0.308,nosler,expansion_tip,168.0,vihtavuori_n150,124,39.7,2388,2.748
308_win,0.308,nosler,expansion_tip,168.0,vihtavuori_n550,129,44.0,2451,2.748
308_win,0.308,sierra,hpbt,168.0,vihtavuori_n135,102,37.0,2388,2.795
308_win,0.308,sierra,hpbt,168.0,vihtavuori_n140,112,39.7,2428,2.795
308_win,0.308,sierra,hpbt,168.0,vihtavuori_n540,117,40.4,2464,2.795
308_win,0.308,sierra,hpbt,168.0,vihtavuori_n150,124,40.1,2441,2.795
308_win,0.308,sierra,hpbt,168.0,vihtavuori_n550,129,42.7,2477,2.795
308_win,0.308,speer,target_match,168.0,vihtavuori_n133,89,36.1,2382,2.795
308_win,0.308,speer,target_match,168.0,vihtavuori_n135,102,37.8,2421,2.795
308_win,0.308,speer,target_match,168.0,vihtavuori_n140,112,40.1,2448,2.795
308_win,0.308,speer,target_match,168.0,vihtavuori_n540,117,40.1,2454,2.795
308_win,0.308,speer,target_match,168.0,vihtavuori_n150,124,40.1,2454,2.795
308_win,0.308,speer,target_match,168.0,vihtavuori_n550,129,43.2,2487,2.795
308_win,0.308,lapua,lockbase_b476,170.0,vihtavuori_n135,102,37.4,2328,2.795
308_win,0.308,lapua,lockbase_b476,170.0,vihtavuori_n140,112,39.5,2345,2.795
308_win,0.308,lapua,lockbase_b476,170.0,vihtavuori_n540,117,40.1,2308,2.795
308_win,0.308,lapua,lockbase_b476,170.0,vihtavuori_n150,124,40.2,2361,2.795
308_win,0.308,lapua,lockbase_b476,170.0,vihtavuori_n550,129,42.8,2360,2.795
308_win,0.308,lapua,naturalis_lr,170.0,vihtavuori_n140,112,39.2,2441,2.795
308_win,0.308,lapua,naturalis_lr,170.0,vihtavuori_n150,124,41.2,2493,2.795
308_win,0.308,lapua,naturalis_lr,170.0,vihtavuori_n550,129,42.9,2418,2.795
308_win,0.308,lapua,naturalis_n558,170.0,vihtavuori_n140,112,38.0,2372,2.795
308_win,0.308,lapua,naturalis_n558,170.0,vihtavuori_n540,117,39.7,2467,2.795
308_win,0.308,lapua,naturalis_n558,170.0,vihtavuori_n150,124,39.5,2395,2.795
308_win,0.308,lapua,naturalis_n558,170.0,vihtavuori_n550,129,42.0,2415,2.795
308_win,0.308,hornady,eld_vt,174.0,vihtavuori_n130,84,32.4,2254,2.800
308_win,0.308,hornady,eld_vt,174.0,vihtavuori_n133,89,36.0,2323,2.800
308_win,0.308,hornady,eld_vt,174.0,vihtavuori_n135,102,37.5,2346,2.800
308_win,0.308,hornady,eld_vt,174.0,vihtavuori_n140,112,40.1,2392,2.800
308_win,0.308,hornady,eld_vt,174.0,vihtavuori_n540,117,40.1,2438,2.800
308_win,0.308,hornady,eld_vt,174.0,vihtavuori_n150,124,40.1,2385,2.800
308_win,0.308,hornady,eld_vt,174.0,vihtavuori_n550,129,43.2,2441,2.800
308_win,0.308,sierra,hpbt,174.0,vihtavuori_n133,89,34.3,2293,2.795
308_win,0.308,sierra,hpbt,174.0,vihtavuori_n135,102,36.1,2336,2.795
308_win,0.308,sierra,hpbt,174.0,vihtavuori_n140,112,38.6,2375,2.795
308_win,0.308,sierra,hpbt,174.0,vihtavuori_n540,117,38.9,2395,2.795
308_win,0.308,sierra,hpbt,174.0,vihtavuori_n150,124,38.6,2388,2.795
308_win,0.308,sierra,hpbt,174.0,vihtavuori_n550,129,41.8,2425,2.795
308_win,0.308,barnes,lrx_bt,175.0,vihtavuori_n133,89,34.0,2208,2.795
308_win,0.308,barnes,lrx_bt,175.0,vihtavuori_n135,102,36.1,2247,2.795
308_win,0.308,barnes,lrx_bt,175.0,vihtavuori_n140,112,38.7,2300,2.795
308_win,0.308,barnes,lrx_bt,175.0,vihtavuori_n540,117,40.1,2336,2.795
308_win,0.308,barnes,lrx_bt,175.0,vihtavuori_n150,124,39.7,2329,2.795
308_win,0.308,barnes,lrx_bt,175.0,vihtavuori_n550,129,42.4,2392,2.795
308_win,0.308,berger,long_range_bt_target,175.0,vihtavuori_n130,84,33.2,2254,2.800
308_win,0.308,berger,long_range_bt_target,175.0,vihtavuori_n133,89,36.3,2329,2.800
308_win,0.308,berger,long_range_bt_target,175.0,vihtavuori_n135,102,37.0,2316,2.800
308_win,0.308,berger,long_range_bt_target,175.0,vihtavuori_n140,112,39.7,2372,2.800
308_win,0.308,berger,long_range_bt_target,175.0,vihtavuori_n540,117,40.9,2418,2.800
308_win,0.308,berger,long_range_bt_target,175.0,vihtavuori_n150,124,40.9,2418,2.800
308_win,0.308,berger,long_range_bt_target,175.0,vihtavuori_n550,129,44.8,2457,2.800
308_win,0.308,berger,otm_tactical,175.0,vihtavuori_n130,84,31.6,2244,2.795
308_win,0.308,berger,otm_tactical,175.0,vihtavuori_n133,89,34.7,2287,2.795
308_win,0.308,berger,otm_tactical,175.0,vihtavuori_n530,100,35.3,2339,2.795
308_win,0.308,berger,otm_tactical,175.0,vihtavuori_n135,102,35.8,2313,2.795
308_win,0.308,berger,otm_tactical,175.0,vihtavuori_n140,112,38.7,2365,2.795
308_win,0.308,berger,otm_tactical,175.0,vihtavuori_n540,117,39.8,2418,2.795
308_win,0.308,berger,otm_tactical,175.0,vihtavuori_n150,124,38.7,2388,2.795
308_win,0.308,berger,otm_tactical,175.0,vihtavuori_n550,129,41.8,2421,2.795
308_win,0.308,berger,vld_hunting,175.0,vihtavuori_n130,84,33.2,2241,2.800
308_win,0.308,berger,vld_hunting,175.0,vihtavuori_n133,89,35.8,2287,2.800
308_win,0.308,berger,vld_hunting,175.0,vihtavuori_n135,102,37.0,2306,2.800
308_win,0.308,berger,vld_hunting,175.0,vihtavuori_n140,112,39.7,2356,2.800
308_win,0.308,berger,vld_hunting,175.0,vihtavuori_n540,117,40.9,2408,2.800
308_win,0.308,berger,vld_hunting,175.0,vihtavuori_n150,124,40.9,2408,2.800
308_win,0.308,berger,vld_hunting,175.0,vihtavuori_n550,129,44.8,2467,2.800
308_win,0.308,lapua,maxrange_target_gb581,175.0,vihtavuori_n135,102,36.1,2346,2.795
308_win,0.308,lapua,maxrange_target_gb581,175.0,vihtavuori_n140,112,39.4,2388,2.795
308_win,0.308,lapua,maxrange_target_gb581,175.0,vihtavuori_n540,117,39.4,2418,2.795
308_win,0.308,lapua,maxrange_target_gb581,175.0,vihtavuori_n150,124,40.1,2428,2.795
308_win,0.308,lapua,maxrange_target_gb581,175.0,vihtavuori_n550,129,42.4,2441,2.795
308_win,0.308,lapua,otm_scenar_l,175.0,vihtavuori_n135,102,35.3,2362,2.795
308_win,0.308,lapua,otm_scenar_l,175.0,vihtavuori_n140,112,38.0,2411,2.795
308_win,0.308,lapua,otm_scenar_l,175.0,vihtavuori_n540,117,38.7,2448,2.795
308_win,0.308,lapua,otm_scenar_l,175.0,vihtavuori_n150,124,39.2,2431,2.795
308_win,0.308,hornady,a_tip_match,176.0,vihtavuori_n135,102,36.6,2310,2.795
308_win,0.308,hornady,a_tip_match,176.0,vihtavuori_n140,112,39.7,2359,2.795
308_win,0.308,hornady,a_tip_match,176.0,vihtavuori_n540,117,40.1,2425,2.795
308_win,0.308,hornady,a_tip_match,176.0,vihtavuori_n150,124,40.1,2411,2.795
308_win,0.308,hornady,a_tip_match,176.0,vihtavuori_n550,129,43.2,2448,2.795
308_win,0.308,hornady,eld_match,178.0,vihtavuori_n130,84,33.2,2257,2.795
308_win,0.308,hornady,eld_match,178.0,vihtavuori_n133,89,36.0,2303,2.795
308_win,0.308,hornady,eld_match,178.0,vihtavuori_n135,102,37.0,2316,2.795
308_win,0.308,hornady,eld_match,178.0,vihtavuori_n140,112,40.1,2385,2.795
308_win,0.308,hornady,eld_match,178.0,vihtavuori_n540,117,40.4,2395,2.795
308_win,0.308,hornady,eld_match,178.0,vihtavuori_n150,124,40.9,2405,2.795
308_win,0.308,hornady,eld_match,178.0,vihtavuori_n550,129,43.4,2418,2.795
308_win,0.308,barnes,ttsx_bt,180.0,vihtavuori_n135,102,32.1,2110,2.795
308_win,0.308,barnes,ttsx_bt,180.0,vihtavuori_n140,112,36.9,2185,2.795
308_win,0.308,barnes,ttsx_bt,180.0,vihtavuori_n540,117,36.9,2215,2.795
308_win,0.308,barnes,ttsx_bt,180.0,vihtavuori_n150,124,36.4,2198,2.795
308_win,0.308,barnes,ttsx_bt,180.0,vihtavuori_n550,129,39.7,2234,2.795
308_win,0.308,barnes,xfb,180.0,vihtavuori_n540,117,32.2,1938,2.795
308_win,0.308,barnes,xfb,180.0,vihtavuori_n550,129,35.5,2043,2.795
308_win,0.308,berger,elite_hunter,180.0,vihtavuori_n135,102,36.4,2274,2.795
308_win,0.308,berger,elite_hunter,180.0,vihtavuori_n140,112,37.8,2277,2.795
308_win,0.308,berger,elite_hunter,180.0,vihtavuori_n540,117,39.0,2339,2.795
308_win,0.308,berger,elite_hunter,180.0,vihtavuori_n150,124,38.3,2287,2.795
308_win,0.308,berger,elite_hunter,180.0,vihtavuori_n550,129,41.2,2346,2.795
308_win,0.308,hornady,cx,180.0,vihtavuori_n135,102,30.1,1975,2.795
308_win,0.308,hornady,cx,180.0,vihtavuori_n140,112,34.0,2100,2.795
308_win,0.308,hornady,cx,180.0,vihtavuori_n540,117,36.6,2182,2.795
308_win,0.308,hornady,cx,180.0,vihtavuori_n150,124,34.7,2103,2.795
308_win,0.308,hornady,cx,180.0,vihtavuori_n550,129,39.2,2231,2.795
308_win,0.308,hornady,interlock_btsp,180.0,vihtavuori_n135,102,36.3,2264,2.740
308_win,0.308,hornady,interlock_btsp,180.0,vihtavuori_n140,112,39.4,2349,2.740
308_win,0.308,hornady,interlock_btsp,180.0,vihtavuori_n540,117,39.8,2362,2.740
308_win,0.308,hornady,interlock_btsp,180.0,vihtavuori_n150,124,39.4,2336,2.740
308_win,0.308,hornady,interlock_btsp,180.0,vihtavuori_n550,129,43.8,2415,2.740
308_win,0.308,norma,oryx,180.0,vihtavuori_n530,100,34.6,2274,2.709
308_win,0.308,norma,oryx,180.0,vihtavuori_n135,102,34.3,2231,2.709
308_win,0.308,norma,oryx,180.0,vihtavuori_n140,112,37.3,2287,2.709
308_win,0.308,norma,oryx,180.0,vihtavuori_n540,117,37.8,2323,2.709
308_win,0.308,norma,oryx,180.0,vihtavuori_n150,124,37.5,2303,2.709
308_win,0.308,norma,oryx,180.0,vihtavuori_n550,129,40.0,2336,2.709
308_win,0.308,rws,hmk,180.0,vihtavuori_n140,112,38.1,2274,2.661
308_win,0.308,rws,hmk,180.0,vihtavuori_n540,117,38.4,2300,2.661
308_win,0.308,rws,hmk,180.0,vihtavuori_n150,124,38.3,2287,2.661
308_win,0.308,rws,hmk,180.0,vihtavuori_n550,129,42.3,2336,2.661
308_win,0.308,rws,uni_classic,180.0,vihtavuori_n140,112,37.5,2260,2.646
308_win,0.308,rws,uni_classic,180.0,vihtavuori_n540,117,37.8,2264,2.646
308_win,0.308,rws,uni_classic,180.0,vihtavuori_n150,124,38.6,2290,2.646
308_win,0.308,rws,uni_classic,180.0,vihtavuori_n550,129,41.7,2310,2.646
308_win,0.308,brenneke,tug,181.0,vihtavuori_n135,102,35.8,2228,2.701
308_win,0.308,brenneke,tug,181.0,vihtavuori_n140,112,38.7,2287,2.701
308_win,0.308,brenneke,tug,181.0,vihtavuori_n540,117,39.7,2343,2.701
308_win,0.308,brenneke,tug,181.0,vihtavuori_n150,124,38.4,2297,2.701
308_win,0.308,brenneke,tug,181.0,vihtavuori_n550,129,41.4,2329,2.701
308_win,0.308,berger,hybrid_target,185.0,vihtavuori_n540,117,37.3,2244,2.795
308_win,0.308,berger,hybrid_target,185.0,vihtavuori_n150,124,37.2,2205,2.795
308_win,0.308,berger,juggernaut_target,185.0,vihtavuori_n140,112,37.0,2192,2.795
308_win,0.308,berger,juggernaut_target,185.0,vihtavuori_n540,117,37.8,2254,2.795
308_win,0.308,berger,juggernaut_target,185.0,vihtavuori_n150,124,37.5,2211,2.795
308_win,0.308,berger,juggernaut_target,185.0,vihtavuori_n550,129,40.6,2293,2.795
308_win,0.308,lapua,d46,185.0,vihtavuori_n135,102,36.0,2188,2.795
308_win,0.308,lapua,d46,185.0,vihtavuori_n140,112,37.6,2215,2.795
308_win,0.308,lapua,d46,185.0,vihtavuori_n540,117,39.2,2335,2.795
308_win,0.308,lapua,d46,185.0,vihtavuori_n150,124,39.7,2388,2.795
308_win,0.308,lapua,d46,185.0,vihtavuori_n550,129,42.1,2398,2.795
308_win,0.308,lapua,mega_e415,185.0,vihtavuori_n135,102,36.9,2208,2.657
308_win,0.308,lapua,mega_e415,185.0,vihtavuori_n140,112,39.0,2215,2.657
308_win,0.308,lapua,mega_e415,185.0,vihtavuori_n540,117,40.6,2320,2.657
308_win,0.308,lapua,mega_e415,185.0,vihtavuori_n150,124,40.9,2257,2.657
308_win,0.308,lapua,mega_e415,185.0,vihtavuori_n550,129,42.6,2247,2.657
308_win,0.308,lapua,scenar,185.0,vihtavuori_n140,112,37.7,2316,2.795
308_win,0.308,lapua,scenar,185.0,vihtavuori_n540,117,36.7,2379,2.795
308_win,0.308,lapua,scenar,185.0,vihtavuori_n150,124,37.3,2179,2.795
308_win,0.308,lapua,scenar,185.0,vihtavuori_n550,129,40.5,2203,2.795
308_win,0.308,sierra,hpbt,190.0,vihtavuori_n135,102,34.4,2208,2.795
308_win,0.308,sierra,hpbt,190.0,vihtavuori_n140,112,37.0,2267,2.795
308_win,0.308,sierra,hpbt,190.0,vihtavuori_n540,117,38.0,2303,2.795
308_win,0.308,sierra,hpbt,190.0,vihtavuori_n150,124,37.3,2260,2.795
308_win,0.308,sierra,hpbt,190.0,vihtavuori_n550,129,40.4,2329,2.795
308_win,0.308,hornady,eld_match,195.0,vihtavuori_n140,112,38.6,2254,2.800
308_win,0.308,hornady,eld_match,195.0,vihtavuori_n540,117,39.4,2290,2.800
308_win,0.308,hornady,eld_match,195.0,vihtavuori_n150,124,38.6,2257,2.800
308_win,0.308,hornady,eld_match,195.0,vihtavuori_n550,129,42.1,2306,2.800
308_win,0.308,speer,sp,200.0,vihtavuori_n140,112,35.2,1999,2.795
308_win,0.308,speer,sp,200.0,vihtavuori_n150,124,34.5,1982,2.795
308_win,0.308,berger,200_20x_hybrid_target,200.2,vihtavuori_n140,112,37.2,2201,2.795
308_win,0.308,berger,200_20x_hybrid_target,200.2,vihtavuori_n540,117,38.3,2254,2.795
308_win,0.308,berger,200_20x_hybrid_target,200.2,vihtavuori_n150,124,37.2,2221,2.795
308_win,0.308,berger,200_20x_hybrid_target,200.2,vihtavuori_n550,129,40.4,2267,2.795
308_win,0.308,berger,elite_hunter,205.0,vihtavuori_n140,112,36.0,2126,2.795
308_win,0.308,berger,elite_hunter,205.0,vihtavuori_n540,117,37.8,2195,2.795
308_win,0.308,berger,elite_hunter,205.0,vihtavuori_n150,124,36.9,2136,2.795
308_win,0.308,berger,elite_hunter,205.0,vihtavuori_n550,129,40.4,2224,2.795
308_win,0.308,hornady,a_max,208.0,vihtavuori_n140,112,35.2,2080,2.795
308_win,0.308,hornady,a_max,208.0,vihtavuori_n540,117,37.8,2192,2.795
308_win,0.308,hornady,a_max,208.0,vihtavuori_n150,124,37.0,2123,2.795
308_win,0.308,hornady,a_max,208.0,vihtavuori_n550,129,40.1,2208,2.795
308_win,0.308,sako,hammerhead,220.0,vihtavuori_n140,112,35.5,1998,2.776
308_win,0.308,sako,hammerhead,220.0,vihtavuori_n540,117,35.0,1978,2.776
308_win,0.308,sako,hammerhead,220.0,vihtavuori_n150,124,34.9,1946,2.776
308_win,0.308,sako,hammerhead,220.0,vihtavuori_n550,129,40.1,2087,2.776
308_win,0.308,lapua,als,57.0,vihtavuori_n110,64,34.5,3993,2.638
308_win,0.308,lapua,g589_ot,100.0,vihtavuori_n120,81,37.5,3143,2.638
308_win,0.308,lapua,g589_ot,100.0,vihtavuori_n130,84,41.5,3251,2.638
308_win,0.308,lapua,g589_ot,100.0,vihtavuori_n133,89,44.6,3304,2.638
308_win,0.308,lapua,g589_ot,100.0,vihtavuori_n135,102,47.8,3360,2.638
308_win,0.308,lapua,g589_ot,100.0,vihtavuori_n540,117,50.9,3337,2.638
308_win,0.308,lapua,hpce_otce,100.0,vihtavuori_n110,64,27.8,2854,2.638
308_win,0.308,lapua,hpce_otce,100.0,vihtavuori_n120,81,36.0,3051,2.638
308_win,0.308,lapua,hpce_otce,100.0,vihtavuori_n130,84,40.1,3203,2.638
308_win,0.308,lapua,hpce_otce,100.0,vihtavuori_n133,89,45.5,3356,2.638
308_win,0.308,lapua,hpce_otce,100.0,vihtavuori_n530,100,46.5,3425,2.638
308_win,0.308,lapua,hpce_otce,100.0,vihtavuori_n135,102,46.1,3255,2.638
308_win,0.308,barnes,tsx_fb,110.0,vihtavuori_n130,84,41.7,3127,2.697
308_win,0.308,barnes,tsx_fb,110.0,vihtavuori_n133,89,45.4,3225,2.697
308_win,0.308,barnes,tsx_fb,110.0,vihtavuori_n530,100,47.1,3274,2.697
308_win,0.308,barnes,tsx_fb,110.0,vihtavuori_n135,102,46.3,3186,2.697
308_win,0.308,fox,classic_hunter,110.0,vihtavuori_n133,89,41.7,3104,2.697
308_win,0.308,fox,classic_hunter,110.0,vihtavuori_n135,102,45.2,3186,2.697
308_win,0.308,fox,classic_hunter,110.0,vihtavuori_n140,112,48.6,3196,2.697
308_win,0.308,hornady,cx,110.0,vihtavuori_n130,84,41.8,3107,2.795
308_win,0.308,hornady,cx,110.0,vihtavuori_n133,89,45.5,3196,2.795
308_win,0.308,hornady,cx,110.0,vihtavuori_n135,102,48.1,3248,2.795
308_win,0.308,hornady,cx,110.0,vihtavuori_n540,117,51.7,3287,2.795
308_win,0.308,hornady,gmx,110.0,vihtavuori_n130,84,40.3,3077,2.795
308_win,0.308,hornady,gmx,110.0,vihtavuori_n133,89,44.6,3169,2.795
308_win,0.308,hornady,gmx,110.0,vihtavuori_n530,100,45.5,3209,2.795
308_win,0.308,hornady,gmx,110.0,vihtavuori_n135,102,46.3,3189,2.795
308_win,0.308,hornady,gmx,110.0,vihtavuori_n540,117,48.9,3130,2.795
308_win,0.308,hornady,v_max,110.0,vihtavuori_n130,84,40.3,3081,2.697
308_win,0.308,hornady,v_max,110.0,vihtavuori_n133,89,43.8,3163,2.697
308_win,0.308,hornady,v_max,110.0,vihtavuori_n530,100,45.5,3189,2.697
308_win,0.308,hornady,v_max,110.0,vihtavuori_n135,102,46.5,3215,2.697
308_win,0.308,hornady,v_max,110.0,vihtavuori_n140,112,49.4,3199,2.697
308_win,0.308,nosler,varmageddon,110.0,vihtavuori_n120,81,37.5,3054,2.598
308_win,0.308,nosler,varmageddon,110.0,vihtavuori_n130,84,41.5,3130,2.598
308_win,0.308,nosler,varmageddon,110.0,vihtavuori_n133,89,46.3,3248,2.598
308_win,0.308,sierra,hp_varminter,110.0,vihtavuori_n130,84,43.2,3166,2.600
308_win,0.308,sierra,hp_varminter,110.0,vihtavuori_n133,89,46.3,3228,2.600
308_win,0.308,sierra,hp_varminter,110.0,vihtavuori_n135,102,48.6,3281,2.600
308_win,0.308,sierra,hp_varminter,110.0,vihtavuori_n140,112,49.4,3136,2.600
308_win,0.308,lehigh,controlled_chaos_copper,115.0,vihtavuori_n130,84,41.4,3071,2.756
308_win,0.308,lehigh,controlled_chaos_copper,115.0,vihtavuori_n133,89,45.2,3150,2.756
308_win,0.308,lehigh,controlled_chaos_copper,115.0,vihtavuori_n135,102,48.6,3189,2.756
308_win,0.308,lehigh,controlled_chaos_copper,115.0,vihtavuori_n140,112,50.2,3133,2.756
308_win,0.308,sierra,hp_varminter,115.0,vihtavuori_n130,84,42.3,3094,2.736
308_win,0.308,sierra,hp_varminter,115.0,vihtavuori_n133,89,45.2,3150,2.736
308_win,0.308,sierra,hp_varminter,115.0,vihtavuori_n135,102,47.2,3186,2.736
308_win,0.308,sierra,hp_varminter,115.0,vihtavuori_n140,112,49.4,3123,2.736
308_win,0.308,sako,blade_633a,120.0,vihtavuori_n133,89,43.7,2992,2.795
308_win,0.308,sako,blade_633a,120.0,vihtavuori_n530,100,44.6,3048,2.795
308_win,0.308,sako,blade_633a,120.0,vihtavuori_n135,102,45.8,3045,2.795
308_win,0.308,sako,blade_633a,120.0,vihtavuori_n140,112,48.0,3028,2.795
308_win,0.308,sako,blade_633a,120.0,vihtavuori_n540,117,49.8,3110,2.795
308_win,0.308,sako,blade_633a,120.0,vihtavuori_n150,124,47.8,2956,2.795
308_win,0.308,lapua,fmj,123.0,vihtavuori_n120,81,36.9,2940,2.634
308_win,0.308,lapua,fmj,123.0,vihtavuori_n130,84,42.9,3028,2.634
308_win,0.308,lapua,fmj,123.0,vihtavuori_n133,89,44.3,3084,2.634
308_win,0.308,lapua,fmj,123.0,vihtavuori_n530,100,44.4,3146,2.634
308_win,0.308,lapua,fmj,123.0,vihtavuori_n135,102,47.2,3022,2.634
308_win,0.308,hornady,ecx,125.0,vihtavuori_n133,89,38.1,2822,2.728
308_win,0.308,hornady,ecx,125.0,vihtavuori_n135,102,40.3,2871,2.728
308_win,0.308,hornady,ecx,125.0,vihtavuori_n140,112,46.8,2992,2.728
308_win,0.308,hornady,ecx,125.0,vihtavuori_n540,117,48.3,3048,2.728
308_win,0.308,hornady,ecx,125.0,vihtavuori_n150,124,47.1,2986,2.728
308_win,0.308,hornady,sst,125.0,vihtavuori_n130,84,40.0,2936,2.728
308_win,0.308,hornady,sst,125.0,vihtavuori_n133,89,43.1,2999,2.728
308_win,0.308,hornady,sst,125.0,vihtavuori_n135,102,46.1,3041,2.728
308_win,0.308,hornady,sst,125.0,vihtavuori_n140,112,49.1,3054,2.728
308_win,0.308,hornady,sst,125.0,vihtavuori_n540,117,49.5,3074,2.728
308_win,0.308,lehigh,controlled_chaos,125.0,vihtavuori_n133,89,38.6,2808,2.756
308_win,0.308,lehigh,controlled_chaos,125.0,vihtavuori_n135,102,41.2,2881,2.756
308_win,0.308,lehigh,controlled_chaos,125.0,vihtavuori_n140,112,46.0,2949,2.756
308_win,0.308,lehigh,controlled_chaos,125.0,vihtavuori_n540,117,47.8,3022,2.756
308_win,0.308,lehigh,controlled_chaos,125.0,vihtavuori_n150,124,46.5,2966,2.756
308_win,0.308,nosler,accubond,125.0,vihtavuori_n130,84,40.3,2953,2.748
308_win,0.308,nosler,accubond,125.0,vihtavuori_n133,89,43.7,3025,2.748
308_win,0.308,nosler,accubond,125.0,vihtavuori_n135,102,46.8,3071,2.748
308_win,0.308,nosler,accubond,125.0,vihtavuori_n140,112,49.5,3071,2.748
308_win,0.308,nosler,accubond,125.0,vihtavuori_n540,117,50.2,3130,2.748
308_win,0.308,nosler,ballistic_tip,125.0,vihtavuori_n130,84,43.0,3068,2.756
308_win,0.308,nosler,ballistic_tip,125.0,vihtavuori_n133,89,46.3,3120,2.756
308_win,0.308,nosler,ballistic_tip,125.0,vihtavuori_n135,102,48.9,3143,2.756
308_win,0.308,nosler,ballistic_tip,125.0,vihtavuori_n140,112,49.8,3071,2.756
308_win,0.308,sierra,tmk,125.0,vihtavuori_n130,84,39.4,2900,2.795
308_win,0.308,sierra,tmk,125.0,vihtavuori_n133,89,42.4,2953,2.795
308_win,0.308,sierra,tmk,125.0,vihtavuori_n530,100,44.0,3048,2.795
308_win,0.308,sierra,tmk,125.0,vihtavuori_n135,102,43.4,2979,2.795
308_win,0.308,sierra,tmk,125.0,vihtavuori_n140,112,47.2,2986,2.795
308_win,0.308,speer,tnt_hp,125.0,vihtavuori_n133,89,44.3,3058,2.638
308_win,0.308,speer,tnt_hp,125.0,vihtavuori_n135,102,46.1,3091,2.638
308_win,0.308,speer,tnt_hp,125.0,vihtavuori_n140,112,48.6,3054,2.638
308_win,0.308,speer,tnt_hp,125.0,vihtavuori_n540,117,49.4,3094,2.638
308_win,0.308,speer,tnt_hp,125.0,vihtavuori_n150,124,47.8,3022,2.638
308_win,0.308,infitech,target_line,130.0,vihtavuori_n135,102,44.8,3009,2.799
308_win,0.308,infitech,target_line,130.0,vihtavuori_n140,112,48.6,3051,2.799
308_win,0.308,infitech,target_line,130.0,vihtavuori_n540,117,48.6,3077,2.799
308_win,0.308,sako,blade_636a,130.0,vihtavuori_n133,89,42.0,2877,2.800
308_win,0.308,sako,blade_636a,130.0,vihtavuori_n135,102,43.8,2910,2.800
308_win,0.308,sako,blade_636a,130.0,vihtavuori_n140,112,49.2,3002,2.800
308_win,0.308,barnes,tsx_bt,130.0,vihtavuori_n130,84,39.0,2848,2.783
308_win,0.308,barnes,tsx_bt,130.0,vihtavuori_n133,89,41.7,2904,2.783
308_win,0.308,barnes,tsx_bt,130.0,vihtavuori_n530,100,43.8,2953,2.783
308_win,0.308,barnes,tsx_bt,130.0,vihtavuori_n135,102,43.7,2946,2.783
308_win,0.308,barnes,tsx_bt,130.0,vihtavuori_n140,112,47.1,2976,2.783
308_win,0.308,sierra,hp_varminter,135.0,vihtavuori_n130,84,40.7,2867,2.650
308_win,0.308,sierra,hp_varminter,135.0,vihtavuori_n133,89,43.8,2917,2.650
308_win,0.308,sierra,hp_varminter,135.0,vihtavuori_n135,102,45.5,2956,2.650
308_win,0.308,sierra,hp_varminter,135.0,vihtavuori_n140,112,48.8,2995,2.650
308_win,0.308,brenneke,basic_nature,139.0,vihtavuori_n130,84,37.8,2605,2.626
308_win,0.308,brenneke,basic_nature,139.0,vihtavuori_n133,89,40.4,2657,2.626
308_win,0.308,brenneke,basic_nature,139.0,vihtavuori_n135,102,42.7,2723,2.626
308_win,0.308,brenneke,basic_nature,139.0,vihtavuori_n140,112,46.5,2769,2.626
308_win,0.308,brenneke,basic_nature,139.0,vihtavuori_n540,117,45.8,2831,2.626
308_win,0.308,brenneke,basic_nature,139.0,vihtavuori_n150,124,45.8,2762,2.626
308_win,0.308,brenneke,basic_nature,139.0,vihtavuori_n550,129,50.5,2844,2.626
308_win,0.308,infitech,target_line,140.0,vihtavuori_n135,102,43.2,2877,2.799
308_win,0.308,infitech,target_line,140.0,vihtavuori_n140,112,46.9,2930,2.799
308_win,0.308,infitech,target_line,140.0,vihtavuori_n540,117,46.6,2953,2.799
308_win,0.308,los,hunting_tactic,140.0,vihtavuori_n135,102,42.9,2894,2.776
308_win,0.308,los,hunting_tactic,140.0,vihtavuori_n140,112,45.7,2894,2.776
308_win,0.308,los,hunting_tactic,140.0,vihtavuori_n540,117,45.8,2943,2.776
308_win,0.308,npb,hunting_expandable,140.0,vihtavuori_n135,102,40.7,2697,2.697
308_win,0.308,npb,hunting_expandable,140.0,vihtavuori_n140,112,44.1,2759,2.697
308_win,0.308,npb,hunting_expandable,140.0,vihtavuori_n540,117,45.8,2844,2.697
308_win,0.308,npb,hunting_expandable,140.0,vihtavuori_n150,124,45.1,2782,2.697
308_win,0.308,npb,hunting_expandable,140.0,vihtavuori_n550,129,49.1,2848,2.697
308_win,0.308,brenneke,tug_nature,147.0,vihtavuori_n133,89,38.3,2602,2.618
308_win,0.308,brenneke,tug_nature,147.0,vihtavuori_n135,102,40.0,2641,2.618
308_win,0.308,brenneke,tug_nature,147.0,vihtavuori_n140,112,43.7,2694,2.618
308_win,0.308,brenneke,tug_nature,147.0,vihtavuori_n540,117,45.1,2766,2.618
308_win,0.308,brenneke,tug_nature,147.0,vihtavuori_n150,124,45.1,2713,2.618
308_win,0.308,brenneke,tug_nature,147.0,vihtavuori_n550,129,48.9,2782,2.618
308_win,0.308,campro,spitzer_bt_fmj,147.0,vihtavuori_n130,84,37.7,2684,2.783
308_win,0.308,campro,spitzer_bt_fmj,147.0,vihtavuori_n133,89,41.4,2746,2.783
308_win,0.308,campro,spitzer_bt_fmj,147.0,vihtavuori_n135,102,43.7,2799,2.783
308_win,0.308,campro,spitzer_bt_fmj,147.0,vihtavuori_n140,112,46.6,2835,2.783
308_win,0.308,campro,spitzer_bt_fmj,147.0,vihtavuori_n540,117,47.7,2887,2.783
308_win,0.308,barnes,mpg_fb,150.0,vihtavuori_n130,84,37.2,2621,2.795
308_win,0.308,barnes,mpg_fb,150.0,vihtavuori_n133,89,38.7,2635,2.795
308_win,0.308,barnes,mpg_fb,150.0,vihtavuori_n135,102,41.2,2671,2.795
308_win,0.308,barnes,mpg_fb,150.0,vihtavuori_n140,112,44.8,2749,2.795
308_win,0.308,barnes,mpg_fb,150.0,vihtavuori_n540,117,45.5,2792,2.795
308_win,0.308,barnes,mpg_fb,150.0,vihtavuori_n150,124,46.1,2779,2.795
308_win,0.308,barnes,mpg_fb,150.0,vihtavuori_n550,129,49.4,2815,2.795
308_win,0.308,barnes,ttsx_bt,150.0,vihtavuori_n135,102,39.4,2625,2.795
308_win,0.308,barnes,ttsx_bt,150.0,vihtavuori_n140,112,42.7,2697,2.795
308_win,0.308,barnes,ttsx_bt,150.0,vihtavuori_n540,117,43.5,2756,2.795
308_win,0.308,barnes,ttsx_bt,150.0,vihtavuori_n150,124,43.5,2720,2.795
308_win,0.308,barnes,ttsx_bt,150.0,vihtavuori_n550,129,47.8,2776,2.795
308_win,0.308,fox,classic_hunter,150.0,vihtavuori_n530,100,39.7,2697,2.638
308_win,0.308,fox,classic_hunter,150.0,vihtavuori_n135,102,37.3,2592,2.638
308_win,0.308,fox,classic_hunter,150.0,vihtavuori_n140,112,43.5,2707,2.638
308_win,0.308,fox,classic_hunter,150.0,vihtavuori_n540,117,46.0,2815,2.638
308_win,0.308,fox,classic_hunter,150.0,vihtavuori_n150,124,44.9,2756,2.638
308_win,0.308,fox,classic_hunter,150.0,vihtavuori_n550,129,47.8,2726,2.638
308_win,0.308,fox,target,150.0,vihtavuori_n130,84,37.5,2631,2.697
308_win,0.308,fox,target,150.0,vihtavuori_n133,89,39.7,2677,2.697
308_win,0.308,fox,target,150.0,vihtavuori_n135,102,41.4,2713,2.697
308_win,0.308,fox,target,150.0,vihtavuori_n140,112,46.1,2795,2.697
308_win,0.308,fox,target,150.0,vihtavuori_n150,124,46.9,2818,2.697
308_win,0.308,hornady,cx,150.0,vihtavuori_n135,102,38.6,2575,2.799
308_win,0.308,hornady,cx,150.0,vihtavuori_n140,112,43.8,2697,2.799
308_win,0.308,hornady,cx,150.0,vihtavuori_n540,117,43.7,2743,2.799
308_win,0.308,hornady,cx,150.0,vihtavuori_n150,124,43.2,2684,2.799
308_win,0.308,hornady,cx,150.0,vihtavuori_n550,129,47.5,2772,2.799
308_win,0.308,hornady,fmj_bt,150.0,vihtavuori_n130,84,39.5,2720,2.795
308_win,0.308,hornady,fmj_bt,150.0,vihtavuori_n133,89,42.9,2785,2.795
308_win,0.308,hornady,fmj_bt,150.0,vihtavuori_n135,102,44.4,2799,2.795
308_win,0.308,hornady,fmj_bt,150.0,vihtavuori_n140,112,47.4,2835,2.795
308_win,0.308,hornady,fmj_bt,150.0,vihtavuori_n540,117,48.1,2887,2.795
308_win,0.308,hornady,fmj_bt,150.0,vihtavuori_n150,124,48.0,2848,2.795
308_win,0.308,hornady,fmj_bt,150.0,vihtavuori_n550,129,50.2,2799,2.795
308_win,0.308,hornady,gmx,150.0,vihtavuori_n135,102,39.7,2608,2.795
308_win,0.308,hornady,gmx,150.0,vihtavuori_n140,112,43.1,2657,2.795
308_win,0.308,hornady,gmx,150.0,vihtavuori_n540,117,43.7,2713,2.795
308_win,0.308,hornady,gmx,150.0,vihtavuori_n150,124,43.5,2661,2.795
308_win,0.308,hornady,interlock_btsp,150.0,vihtavuori_n130,84,38.7,2703,2.740
308_win,0.308,hornady,interlock_btsp,150.0,vihtavuori_n133,89,42.0,2762,2.740
308_win,0.308,hornady,interlock_btsp,150.0,vihtavuori_n135,102,43.2,2779,2.740
308_win,0.308,hornady,interlock_btsp,150.0,vihtavuori_n140,112,45.8,2815,2.740
308_win,0.308,hornady,interlock_btsp,150.0,vihtavuori_n540,117,47.4,2874,2.740
308_win,0.308,hornady,interlock_btsp,150.0,vihtavuori_n150,124,46.6,2818,2.740
308_win,0.308,hornady,interlock_btsp,150.0,vihtavuori_n550,129,50.9,2894,2.740
308_win,0.308,hornady,sst,150.0,vihtavuori_n133,89,39.8,2690,2.732
308_win,0.308,hornady,sst,150.0,vihtavuori_n530,100,40.7,2743,2.732
308_win,0.308,hornady,sst,150.0,vihtavuori_n135,102,41.2,2726,2.732
308_win,0.308,hornady,sst,150.0,vihtavuori_n140,112,44.1,2749,2.732
308_win,0.308,hornady,sst,150.0,vihtavuori_n540,117,45.1,2818,2.732
308_win,0.308,hornady,sst,150.0,vihtavuori_n150,124,44.9,2753,2.732
308_win,0.308,lapua,lockbase,150.0,vihtavuori_n530,100,42.6,2927,2.756
308_win,0.308,lapua,lockbase,150.0,vihtavuori_n135,102,43.7,2904,2.756
308_win,0.308,lapua,lockbase,150.0,vihtavuori_n140,112,44.7,2799,2.756
308_win,0.308,lapua,lockbase,150.0,vihtavuori_n540,117,46.3,2956,2.756
308_win,0.308,lapua,lockbase,150.0,vihtavuori_n150,124,45.2,2740,2.756
308_win,0.308,lapua,mega_e469,150.0,vihtavuori_n135,102,41.4,2762,2.567
308_win,0.308,lapua,mega_e469,150.0,vihtavuori_n140,112,45.5,2703,2.567
308_win,0.308,lapua,mega_e469,150.0,vihtavuori_n540,117,45.8,2733,2.567
308_win,0.308,lapua,trx,150.0,vihtavuori_n133,89,38.6,2677,2.776
308_win,0.308,lapua,trx,150.0,vihtavuori_n135,102,40.3,2697,2.776
308_win,0.308,lapua,trx,150.0,vihtavuori_n140,112,46.0,2802,2.776
308_win,0.308,lapua,trx,150.0,vihtavuori_n540,117,44.6,2808,2.776
308_win,0.308,lapua,trx,150.0,vihtavuori_n150,124,45.7,2795,2.776
308_win,0.308,lapua,trx,150.0,vihtavuori_n550,129,49.1,2838,2.776
308_win,0.308,los,tactic,150.0,vihtavuori_n530,100,40.7,2799,2.780
308_win,0.308,los,tactic,150.0,vihtavuori_n135,102,41.4,2766,2.780
308_win,0.308,los,tactic,150.0,vihtavuori_n140,112,45.5,2805,2.780
308_win,0.308,los,tactic,150.0,vihtavuori_n540,117,45.5,2864,2.780
308_win,0.308,norma,fmj,150.0,vihtavuori_n130,84,36.4,2631,2.693
308_win,0.308,norma,fmj,150.0,vihtavuori_n133,89,39.0,2697,2.693
308_win,0.308,norma,fmj,150.0,vihtavuori_n530,100,39.8,2713,2.693
308_win,0.308,norma,fmj,150.0,vihtavuori_n135,102,41.2,2736,2.693
308_win,0.308,norma,fmj,150.0,vihtavuori_n140,112,44.1,2785,2.693
308_win,0.308,nosler,accubond,150.0,vihtavuori_n133,89,40.4,2710,2.795
308_win,0.308,nosler,accubond,150.0,vihtavuori_n135,102,42.7,2746,2.795
308_win,0.308,nosler,accubond,150.0,vihtavuori_n140,112,45.7,2782,2.795
308_win,0.308,nosler,accubond,150.0,vihtavuori_n540,117,47.2,2858,2.795
308_win,0.308,nosler,accubond,150.0,vihtavuori_n150,124,46.0,2812,2.795
308_win,0.308,nosler,accubond,150.0,vihtavuori_n550,129,50.5,2877,2.795
308_win,0.308,red_moose,tarvas,150.0,vihtavuori_n135,102,41.7,2795,2.724
308_win,0.308,red_moose,tarvas,150.0,vihtavuori_n140,112,45.4,2838,2.724
308_win,0.308,red_moose,tarvas,150.0,vihtavuori_n540,117,46.6,2881,2.724
308_win,0.308,red_moose,tarvas,150.0,vihtavuori_n150,124,46.1,2825,2.724
308_win,0.308,red_moose,tarvas,150.0,vihtavuori_n550,129,47.8,2792,2.724
308_win,0.308,sako,blade_645a,150.0,vihtavuori_n133,89,38.6,2585,2.795
308_win,0.308,sako,blade_645a,150.0,vihtavuori_n135,102,40.3,2628,2.795
308_win,0.308,sako,blade_645a,150.0,vihtavuori_n140,112,43.8,2697,2.795
308_win,0.308,sako,blade_645a,150.0,vihtavuori_n540,117,44.1,2736,2.795
308_win,0.308,sako,blade_645a,150.0,vihtavuori_n150,124,44.8,2703,2.795
308_win,0.308,sako,blade_645a,150.0,vihtavuori_n550,129,47.8,2779,2.795
308_win,0.308,sierra,hpbt,150.0,vihtavuori_n130,84,39.4,2710,2.795
308_win,0.308,sierra,hpbt,150.0,vihtavuori_n133,89,42.1,2766,2.795
308_win,0.308,sierra,hpbt,150.0,vihtavuori_n135,102,44.0,2789,2.795
308_win,0.308,sierra,hpbt,150.0,vihtavuori_n140,112,47.3,2851,2.795
308_win,0.308,sierra,hpbt,150.0,vihtavuori_n540,117,48.3,2956,2.795
308_win,0.308,sierra,hpbt,150.0,vihtavuori_n150,124,48.4,2869,2.795
308_win,0.308,sierra,hpbt,150.0,vihtavuori_n550,129,50.3,2855,2.795
308_win,0.308,sierra,spbt,150.0,vihtavuori_n133,89,44.1,2831,2.756
308_win,0.308,sierra,spbt,150.0,vihtavuori_n135,102,45.7,2857,2.756
308_win,0.308,sierra,spbt,150.0,vihtavuori_n140,112,47.1,2815,2.756
308_win,0.308,sierra,spbt,150.0,vihtavuori_n150,124,49.9,2880,2.756
308_win,0.308,swift,scirocco_ii,150.0,vihtavuori_n135,102,38.3,2621,2.795
308_win,0.308,swift,scirocco_ii,150.0,vihtavuori_n140,112,42.4,2697,2.795
308_win,0.308,swift,scirocco_ii,150.0,vihtavuori_n540,117,42.7,2733,2.795
308_win,0.308,swift,scirocco_ii,150.0,vihtavuori_n150,124,42.9,2713,2.795
308_win,0.308,swift,scirocco_ii,150.0,vihtavuori_n550,129,46.0,2726,2.795
308_win,0.308,woodleigh,weldcore_pp,150.0,vihtavuori_n135,102,41.4,2680,2.795
308_win,0.308,woodleigh,weldcore_pp,150.0,vihtavuori_n140,112,44.3,2697,2.795
308_win,0.308,woodleigh,weldcore_pp,150.0,vihtavuori_n540,117,45.2,2802,2.795
308_win,0.308,berger,hybrid_target,155.0,vihtavuori_n135,102,40.3,2664,2.795
308_win,0.308,berger,hybrid_target,155.0,vihtavuori_n140,112,43.2,2687,2.795
308_win,0.308,berger,hybrid_target,155.0,vihtavuori_n540,117,44.0,2762,2.795
308_win,0.308,berger,hybrid_target,155.0,vihtavuori_n150,124,43.8,2720,2.795
308_win,0.308,berger,hybrid_target,155.0,vihtavuori_n550,129,46.5,2756,2.795
308_win,0.308,berger,vld_hunting,155.0,vihtavuori_n130,84,37.7,2612,2.800
308_win,0.308,berger,vld_hunting,155.0,vihtavuori_n133,89,40.3,2667,2.800
308_win,0.308,berger,vld_hunting,155.0,vihtavuori_n135,102,41.8,2694,2.800
308_win,0.308,berger,vld_hunting,155.0,vihtavuori_n140,112,44.9,2746,2.800
308_win,0.308,berger,vld_hunting,155.0,vihtavuori_n540,117,45.7,2795,2.800
308_win,0.308,berger,vld_hunting,155.0,vihtavuori_n150,124,45.5,2769,2.800
308_win,0.308,berger,vld_hunting,155.0,vihtavuori_n550,129,49.7,2835,2.800
308_win,0.308,brenneke,tag,155.0,vihtavuori_n140,112,45.4,2772,2.740
308_win,0.308,brenneke,tag,155.0,vihtavuori_n540,117,46.1,2858,2.740
308_win,0.308,brenneke,tag,155.0,vihtavuori_n150,124,46.3,2782,2.740
308_win,0.308,hornady,bthp,155.0,vihtavuori_n130,84,38.3,2648,2.795
308_win,0.308,hornady,bthp,155.0,vihtavuori_n133,89,41.4,2720,2.795
308_win,0.308,hornady,bthp,155.0,vihtavuori_n135,102,43.4,2749,2.795
308_win,0.308,hornady,bthp,155.0,vihtavuori_n140,112,46.0,2785,2.795
308_win,0.308,hornady,bthp,155.0,vihtavuori_n540,117,46.6,2828,2.795
308_win,0.308,hornady,bthp,155.0,vihtavuori_n150,124,46.1,2805,2.795
308_win,0.308,hornady,bthp,155.0,vihtavuori_n550,129,50.0,2831,2.795
308_win,0.308,hornady,eld_match,155.0,vihtavuori_n133,89,39.7,2684,2.799
308_win,0.308,hornady,eld_match,155.0,vihtavuori_n135,102,41.4,2717,2.799
308_win,0.308,hornady,eld_match,155.0,vihtavuori_n140,112,44.1,2759,2.799
308_win,0.308,hornady,eld_match,155.0,vihtavuori_n540,117,44.4,2782,2.799
308_win,0.308,hornady,eld_match,155.0,vihtavuori_n150,124,44.8,2769,2.799
308_win,0.308,hornady,eld_match,155.0,vihtavuori_n550,129,48.0,2812,2.799
308_win,0.308,lapua,scenar_l,155.0,vihtavuori_n530,100,41.0,2769,2.795
308_win,0.308,lapua,scenar_l,155.0,vihtavuori_n135,102,40.7,2638,2.795
308_win,0.308,lapua,scenar_l,155.0,vihtavuori_n140,112,43.4,2648,2.795
308_win,0.308,lapua,scenar_l,155.0,vihtavuori_n540,117,44.9,2900,2.795
308_win,0.308,lapua,scenar_l,155.0,vihtavuori_n150,124,46.8,2683,2.795
308_win,0.308,lapua,scenar_l,155.0,vihtavuori_n550,129,50.2,2956,2.795
308_win,0.308,los,hunting,155.0,vihtavuori_n140,112,44.4,2743,2.752
308_win,0.308,los,hunting,155.0,vihtavuori_n540,117,44.8,2805,2.752
308_win,0.308,los,hunting,155.0,vihtavuori_n150,124,45.4,2776,2.752
308_win,0.308,nosler,custom_competition,155.0,vihtavuori_n133,89,40.3,2700,2.795
308_win,0.308,nosler,custom_competition,155.0,vihtavuori_n135,102,42.3,2733,2.795
308_win,0.308,nosler,custom_competition,155.0,vihtavuori_n140,112,45.2,2772,2.795
308_win,0.308,nosler,custom_competition,155.0,vihtavuori_n540,117,45.5,2828,2.795
308_win,0.308,nosler,custom_competition,155.0,vihtavuori_n150,124,45.2,2785,2.795
308_win,0.308,sierra,hpbt,155.0,vihtavuori_n135,102,41.3,2674,2.795
308_win,0.308,sierra,hpbt,155.0,vihtavuori_n140,112,44.2,2712,2.795
308_win,0.308,sierra,hpbt,155.0,vihtavuori_n540,117,45.1,2750,2.795
308_win,0.308,sierra,hpbt,155.0,vihtavuori_n150,124,46.5,2790,2.795
308_win,0.308,sierra,hpbt,155.0,vihtavuori_n550,129,49.7,2888,2.795
308_win,0.308,sierra,tmk,155.0,vihtavuori_n135,102,40.1,2654,2.795
308_win,0.308,sierra,tmk,155.0,vihtavuori_n140,112,43.1,2677,2.795
308_win,0.308,sierra,tmk,155.0,vihtavuori_n540,117,43.7,2753,2.795
308_win,0.308,sierra,tmk,155.0,vihtavuori_n150,124,44.0,2710,2.795
308_win,0.308,sierra,tmk,155.0,vihtavuori_n550,129,46.5,2759,2.795
308_win,0.308,berger,fullbore_target,155.5,vihtavuori_n130,84,38.0,2635,2.800
308_win,0.308,berger,fullbore_target,155.5,vihtavuori_n133,89,41.1,2690,2.800
308_win,0.308,berger,fullbore_target,155.5,vihtavuori_n135,102,42.6,2733,2.800
308_win,0.308,berger,fullbore_target,155.5,vihtavuori_n140,112,45.7,2769,2.800
308_win,0.308,berger,fullbore_target,155.5,vihtavuori_n540,117,46.6,2835,2.800
308_win,0.308,berger,fullbore_target,155.5,vihtavuori_n150,124,46.3,2782,2.800
308_win,0.308,berger,fullbore_target,155.5,vihtavuori_n550,129,50.6,2861,2.800
308_win,0.308,sako,blade_656a,162.0,vihtavuori_n140,112,40.4,2520,2.795
308_win,0.308,sako,blade_656a,162.0,vihtavuori_n540,117,42.6,2615,2.795
308_win,0.308,sako,blade_656a,162.0,vihtavuori_n150,124,41.2,2503,2.795
308_win,0.308,sako,blade_656a,162.0,vihtavuori_n550,129,46.9,2667,2.795
308_win,0.308,barnes,tsx,165.0,vihtavuori_n140,112,43.1,2674,2.795
308_win,0.308,barnes,tsx,165.0,vihtavuori_n150,124,44.6,2703,2.795
308_win,0.308,barnes,tsx,165.0,vihtavuori_n550,129,47.1,2733,2.795
308_win,0.308,barnes,ttsx_bt,165.0,vihtavuori_n135,102,39.4,2507,2.799
308_win,0.308,barnes,ttsx_bt,165.0,vihtavuori_n140,112,43.8,2618,2.799
308_win,0.308,barnes,ttsx_bt,165.0,vihtavuori_n540,117,44.1,2687,2.799
308_win,0.308,barnes,ttsx_bt,165.0,vihtavuori_n150,124,43.8,2608,2.799
308_win,0.308,barnes,ttsx_bt,165.0,vihtavuori_n550,129,48.8,2720,2.799
308_win,0.308,brenneke,tog,165.0,vihtavuori_n135,102,34.7,2221,2.697
308_win,0.308,brenneke,tog,165.0,vihtavuori_n140,112,42.1,2585,2.697
308_win,0.308,brenneke,tog,165.0,vihtavuori_n540,117,43.5,2690,2.697
308_win,0.308,brenneke,tog,165.0,vihtavuori_n150,124,43.4,2605,2.697
308_win,0.308,cutting_edge,mth,165.0,vihtavuori_n140,112,42.1,2566,2.795
308_win,0.308,cutting_edge,mth,165.0,vihtavuori_n540,117,42.9,2644,2.795
308_win,0.308,cutting_edge,mth,165.0,vihtavuori_n150,124,42.6,2592,2.795
308_win,0.308,cutting_edge,mth,165.0,vihtavuori_n550,129,46.1,2661,2.795
308_win,0.308,fox,target,165.0,vihtavuori_n140,112,43.1,2608,2.697
308_win,0.308,fox,target,165.0,vihtavuori_n540,117,45.2,2690,2.697
308_win,0.308,fox,target,165.0,vihtavuori_n150,124,44.9,2651,2.697
308_win,0.308,hornady,cx,165.0,vihtavuori_n135,102,38.1,2438,2.799
308_win,0.308,hornady,cx,165.0,vihtavuori_n140,112,42.9,2562,2.799
308_win,0.308,hornady,cx,165.0,vihtavuori_n540,117,42.9,2612,2.799
308_win,0.308,hornady,cx,165.0,vihtavuori_n150,124,42.3,2552,2.799
308_win,0.308,hornady,cx,165.0,vihtavuori_n550,129,48.0,2671,2.799
308_win,0.308,hornady,ecx,165.0,vihtavuori_n135,102,37.5,2395,2.795
308_win,0.308,hornady,ecx,165.0,vihtavuori_n140,112,42.1,2510,2.795
308_win,0.308,hornady,ecx,165.0,vihtavuori_n540,117,43.4,2595,2.795
308_win,0.308,hornady,ecx,165.0,vihtavuori_n150,124,42.3,2530,2.795
308_win,0.308,hornady,ecx,165.0,vihtavuori_n550,129,46.5,2625,2.795
308_win,0.308,hornady,gmx,165.0,vihtavuori_n140,112,41.2,2480,2.795
308_win,0.308,hornady,gmx,165.0,vihtavuori_n540,117,41.7,2549,2.795
308_win,0.308,hornady,gmx,165.0,vihtavuori_n150,124,41.7,2497,2.795
308_win,0.308,hornady,gmx,165.0,vihtavuori_n550,129,45.2,2592,2.795
308_win,0.308,hornady,interlock_btsp,165.0,vihtavuori_n130,84,36.6,2520,2.740
308_win,0.308,hornady,interlock_btsp,165.0,vihtavuori_n133,89,39.7,2582,2.740
308_win,0.308,hornady,interlock_btsp,165.0,vihtavuori_n135,102,41.1,2615,2.740
308_win,0.308,hornady,interlock_btsp,165.0,vihtavuori_n140,112,44.4,2687,2.740
308_win,0.308,hornady,interlock_btsp,165.0,vihtavuori_n540,117,44.9,2726,2.740
308_win,0.308,hornady,interlock_btsp,165.0,vihtavuori_n150,124,44.9,2694,2.740
308_win,0.308,hornady,interlock_btsp,165.0,vihtavuori_n550,129,49.1,2769,2.740
308_win,0.308,hornady,sst,165.0,vihtavuori_n130,84,34.7,2444,2.776
308_win,0.308,hornady,sst,165.0,vihtavuori_n133,89,37.2,2497,2.776
308_win,0.308,hornady,sst,165.0,vihtavuori_n135,102,38.7,2533,2.776
308_win,0.308,hornady,sst,165.0,vihtavuori_n140,112,42.4,2595,2.776
308_win,0.308,hornady,sst,165.0,vihtavuori_n540,117,43.5,2680,2.776
308_win,0.308,hornady,sst,165.0,vihtavuori_n150,124,42.7,2631,2.776
308_win,0.308,hornady,sst,165.0,vihtavuori_n550,129,46.0,2687,2.776
308_win,0.308,lapua,trx,165.0,vihtavuori_n135,102,40.3,2582,2.799
308_win,0.308,lapua,trx,165.0,vihtavuori_n140,112,44.3,2661,2.799
308_win,0.308,lapua,trx,165.0,vihtavuori_n540,117,43.7,2690,2.799
308_win,0.308,lapua,trx,165.0,vihtavuori_n150,124,44.0,2667,2.799
308_win,0.308,lapua,trx,165.0,vihtavuori_n550,129,48.1,2707,2.799
308_win,0.308,los,solid_brass_tactic,165.0,vihtavuori_n130,84,36.7,2579,2.795
308_win,0.308,los,solid_brass_tactic,165.0,vihtavuori_n133,89,39.8,2628,2.795
308_win,0.308,los,solid_brass_tactic,165.0,vihtavuori_n135,102,42.7,2677,2.795
308_win,0.308,los,solid_brass_tactic,165.0,vihtavuori_n140,112,45.2,2717,2.795
308_win,0.308,los,solid_brass_tactic,165.0,vihtavuori_n540,117,46.8,2795,2.795
308_win,0.308,los,solid_brass_tactic,165.0,vihtavuori_n150,124,45.5,2713,2.795
308_win,0.308,red_moose,tarvas,165.0,vihtavuori_n140,112,43.5,2687,2.724
308_win,0.308,red_moose,tarvas,165.0,vihtavuori_n540,117,45.1,2736,2.724
308_win,0.308,red_moose,tarvas,165.0,vihtavuori_n150,124,44.6,2684,2.724
308_win,0.308,red_moose,tarvas,165.0,vihtavuori_n550,129,47.7,2743,2.724
308_win,0.308,rhino,solid_shank,165.0,vihtavuori_n140,112,42.9,2612,2.657
308_win,0.308,rhino,solid_shank,165.0,vihtavuori_n540,117,44.0,2651,2.657
308_win,0.308,rhino,solid_shank,165.0,vihtavuori_n150,124,44.0,2651,2.657
308_win,0.308,rhino,solid_shank,165.0,vihtavuori_n550,129,47.4,2667,2.657
308_win,0.308,sierra,sbt,165.0,vihtavuori_n135,102,40.0,2579,2.752
308_win,0.308,sierra,sbt,165.0,vihtavuori_n140,112,43.4,2651,2.752
308_win,0.308,sierra,sbt,165.0,vihtavuori_n540,117,44.4,2713,2.752
308_win,0.308,sierra,sbt,165.0,vihtavuori_n150,124,44.0,2648,2.752
308_win,0.308,sierra,sbt,165.0,vihtavuori_n550,129,47.1,2726,2.752
308_win,0.308,speer,spbt,165.0,vihtavuori_n133,89,41.9,2653,2.795
308_win,0.308,speer,spbt,165.0,vihtavuori_n135,102,44.1,2703,2.795
308_win,0.308,speer,spbt,165.0,vihtavuori_n140,112,46.3,2750,2.795
308_win,0.308,speer,spbt,165.0,vihtavuori_n150,124,47.9,2761,2.795
308_win,0.308,speer,spbt,165.0,vihtavuori_n550,129,49.3,2789,2.795
308_win,0.308,swift,scirocco_ii,165.0,vihtavuori_n140,112,40.6,2549,2.795
308_win,0.308,swift,scirocco_ii,165.0,vihtavuori_n540,117,41.5,2579,2.795
308_win,0.308,swift,scirocco_ii,165.0,vihtavuori_n150,124,41.7,2566,2.795
308_win,0.308,swift,scirocco_ii,165.0,vihtavuori_n550,129,45.2,2615,2.795
308_win,0.308,copperbear,exhbt,166.0,vihtavuori_n135,102,35.5,2329,2.657
308_win,0.308,copperbear,exhbt,166.0,vihtavuori_n140,112,42.0,2510,2.657
308_win,0.308,copperbear,exhbt,166.0,vihtavuori_n540,117,42.7,2572,2.657
308_win,0.308,copperbear,exhbt,166.0,vihtavuori_n150,124,41.7,2500,2.657
308_win,0.308,copperbear,exhbt,166.0,vihtavuori_n550,129,46.5,2628,2.657
308_win,0.308,lapua,scenar,167.0,vihtavuori_n135,102,40.0,2667,2.795
308_win,0.308,lapua,scenar,167.0,vihtavuori_n140,112,44.0,2628,2.795
308_win,0.308,lapua,scenar,167.0,vihtavuori_n540,117,44.0,2661,2.795
308_win,0.308,lapua,scenar,167.0,vihtavuori_n150,124,44.8,2744,2.795
308_win,0.308,lapua,scenar,167.0,vihtavuori_n550,129,48.9,2743,2.795
308_win,0.308,barnes,tsx,168.0,vihtavuori_n140,112,44.1,2664,2.795
308_win,0.308,barnes,tsx,168.0,vihtavuori_n540,117,45.4,2749,2.795
308_win,0.308,barnes,tsx,168.0,vihtavuori_n150,124,44.9,2671,2.795
308_win,0.308,barnes,ttsx_bt,168.0,vihtavuori_n133,89,38.4,2467,2.736
308_win,0.308,barnes,ttsx_bt,168.0,vihtavuori_n135,102,41.5,2549,2.736
308_win,0.308,barnes,ttsx_bt,168.0,vihtavuori_n140,112,44.3,2592,2.736
308_win,0.308,barnes,ttsx_bt,168.0,vihtavuori_n540,117,45.7,2644,2.736
308_win,0.308,barnes,ttsx_bt,168.0,vihtavuori_n150,124,44.8,2598,2.736
308_win,0.308,barnes,ttsx_bt,168.0,vihtavuori_n550,129,48.9,2687,2.736
308_win,0.308,berger,classic_hunter,168.0,vihtavuori_n133,89,39.0,2552,2.795
308_win,0.308,berger,classic_hunter,168.0,vihtavuori_n135,102,40.6,2582,2.795
308_win,0.308,berger,classic_hunter,168.0,vihtavuori_n140,112,43.5,2628,2.795
308_win,0.308,berger,classic_hunter,168.0,vihtavuori_n540,117,44.1,2687,2.795
308_win,0.308,berger,classic_hunter,168.0,vihtavuori_n150,124,43.5,2638,2.795
308_win,0.308,berger,classic_hunter,168.0,vihtavuori_n550,129,46.8,2694,2.795
308_win,0.308,berger,hybrid_target,168.0,vihtavuori_n140,112,41.8,2556,2.795
308_win,0.308,berger,hybrid_target,168.0,vihtavuori_n540,117,42.9,2654,2.795
308_win,0.308,berger,hybrid_target,168.0,vihtavuori_n150,124,42.8,2602,2.795
308_win,0.308,berger,hybrid_target,168.0,vihtavuori_n550,129,45.0,2661,2.795
308_win,0.308,berger,vld_hunting,168.0,vihtavuori_n130,84,36.9,2497,2.800
308_win,0.308,berger,vld_hunting,168.0,vihtavuori_n133,89,39.4,2543,2.800
308_win,0.308,berger,vld_hunting,168.0,vihtavuori_n135,102,41.1,2579,2.800
308_win,0.308,berger,vld_hunting,168.0,vihtavuori_n140,112,44.1,2641,2.800
308_win,0.308,berger,vld_hunting,168.0,vihtavuori_n540,117,44.9,2700,2.800
308_win,0.308,berger,vld_hunting,168.0,vihtavuori_n150,124,44.4,2648,2.800
308_win,0.308,berger,vld_hunting,168.0,vihtavuori_n550,129,48.6,2723,2.800
308_win,0.308,cutting_edge,mtac,168.0,vihtavuori_n135,102,38.6,2490,2.795
308_win,0.308,cutting_edge,mtac,168.0,vihtavuori_n140,112,41.8,2562,2.795
308_win,0.308,cutting_edge,mtac,168.0,vihtavuori_n540,117,42.6,2621,2.795
308_win,0.308,cutting_edge,mtac,168.0,vihtavuori_n150,124,42.0,2559,2.795
308_win,0.308,cutting_edge,mtac,168.0,vihtavuori_n550,129,45.8,2641,2.795
308_win,0.308,hornady,a_max,168.0,vihtavuori_n133,89,38.3,2503,2.795
308_win,0.308,hornady,a_max,168.0,vihtavuori_n135,102,39.8,2533,2.795
308_win,0.308,hornady,a_max,168.0,vihtavuori_n140,112,42.1,2569,2.795
308_win,0.308,hornady,a_max,168.0,vihtavuori_n540,117,43.5,2651,2.795
308_win,0.308,hornady,a_max,168.0,vihtavuori_n150,124,42.7,2579,2.795
308_win,0.308,hornady,a_max,168.0,vihtavuori_n550,129,45.5,2651,2.795
308_win,0.308,hornady,eld_match,168.0,vihtavuori_n135,102,39.4,2575,2.795
308_win,0.308,hornady,eld_match,168.0,vihtavuori_n140,112,42.4,2648,2.795
308_win,0.308,hornady,eld_match,168.0,vihtavuori_n540,117,42.7,2671,2.795
308_win,0.308,hornady,eld_match,168.0,vihtavuori_n150,124,42.9,2644,2.795
308_win,0.308,hornady,eld_match,168.0,vihtavuori_n550,129,45.7,2703,2.795
308_win,0.308,nosler,custom_competition,168.0,vihtavuori_n133,89,38.9,2569,2.799
308_win,0.308,nosler,custom_competition,168.0,vihtavuori_n135,102,40.6,2592,2.799
308_win,0.308,nosler,custom_competition,168.0,vihtavuori_n140,112,43.5,2625,2.799
308_win,0.308,nosler,custom_competition,168.0,vihtavuori_n540,117,43.7,2680,2.799
308_win,0.308,nosler,custom_competition,168.0,vihtavuori_n150,124,43.1,2638,2.799
308_win,0.308,nosler,custom_competition,168.0,vihtavuori_n550,129,46.6,2700,2.799
308_win,0.308,nosler,expansion_tip,168.0,vihtavuori_n135,102,40.9,2539,2.748
308_win,0.308,nosler,expansion_tip,168.0,vihtavuori_n140,112,43.5,2582,2.748
308_win,0.308,nosler,expansion_tip,168.0,vihtavuori_n540,117,45.7,2651,2.748
308_win,0.308,nosler,expansion_tip,168.0,vihtavuori_n150,124,44.3,2602,2.748
308_win,0.308,nosler,expansion_tip,168.0,vihtavuori_n550,129,48.5,2684,2.748
308_win,0.308,sierra,hpbt,168.0,vihtavuori_n135,102,40.1,2569,2.795
308_win,0.308,sierra,hpbt,168.0,vihtavuori_n140,112,42.9,2631,2.795
308_win,0.308,sierra,hpbt,168.0,vihtavuori_n540,117,43.7,2671,2.795
308_win,0.308,sierra,hpbt,168.0,vihtavuori_n150,124,43.5,2635,2.795
308_win,0.308,sierra,hpbt,168.0,vihtavuori_n550,129,46.5,2703,2.795
308_win,0.308,speer,target_match,168.0,vihtavuori_n133,89,39.0,2566,2.795
308_win,0.308,speer,target_match,168.0,vihtavuori_n135,102,40.7,2595,2.795
308_win,0.308,speer,target_match,168.0,vihtavuori_n140,112,43.7,2651,2.795
308_win,0.308,speer,target_match,168.0,vihtavuori_n540,117,43.8,2680,2.795
308_win,0.308,speer,target_match,168.0,vihtavuori_n150,124,43.8,2651,2.795
308_win,0.308,speer,target_match,168.0,vihtavuori_n550,129,47.2,2717,2.795
308_win,0.308,lapua,lockbase_b476,170.0,vihtavuori_n135,102,42.9,2645,2.795
308_win,0.308,lapua,lockbase_b476,170.0,vihtavuori_n140,112,45.5,2696,2.795
308_win,0.308,lapua,lockbase_b476,170.0,vihtavuori_n540,117,46.3,2762,2.795
308_win,0.308,lapua,lockbase_b476,170.0,vihtavuori_n150,124,45.5,2734,2.795
308_win,0.308,lapua,lockbase_b476,170.0,vihtavuori_n550,129,48.5,2772,2.795
308_win,0.308,lapua,naturalis_lr,170.0,vihtavuori_n140,112,43.8,2707,2.795
308_win,0.308,lapua,naturalis_lr,170.0,vihtavuori_n150,124,44.6,2674,2.795
308_win,0.308,lapua,naturalis_lr,170.0,vihtavuori_n550,129,48.3,2733,2.795
308_win,0.308,lapua,naturalis_n558,170.0,vihtavuori_n140,112,42.0,2615,2.795
308_win,0.308,lapua,naturalis_n558,170.0,vihtavuori_n540,117,44.1,2703,2.795
308_win,0.308,lapua,naturalis_n558,170.0,vihtavuori_n150,124,42.7,2635,2.795
308_win,0.308,lapua,naturalis_n558,170.0,vihtavuori_n550,129,45.8,2621,2.795
308_win,0.308,hornady,eld_vt,174.0,vihtavuori_n130,84,36.0,2441,2.800
308_win,0.308,hornady,eld_vt,174.0,vihtavuori_n133,89,38.7,2490,2.800
308_win,0.308,hornady,eld_vt,174.0,vihtavuori_n135,102,40.3,2533,2.800
308_win,0.308,hornady,eld_vt,174.0,vihtavuori_n140,112,43.4,2589,2.800
308_win,0.308,hornady,eld_vt,174.0,vihtavuori_n540,117,43.2,2648,2.800
308_win,0.308,hornady,eld_vt,174.0,vihtavuori_n150,124,43.5,2579,2.800
308_win,0.308,hornady,eld_vt,174.0,vihtavuori_n550,129,47.7,2687,2.800
308_win,0.308,sierra,hpbt,174.0,vihtavuori_n133,89,37.5,2480,2.795
308_win,0.308,sierra,hpbt,174.0,vihtavuori_n135,102,38.9,2510,2.795
308_win,0.308,sierra,hpbt,174.0,vihtavuori_n140,112,41.7,2569,2.795
308_win,0.308,sierra,hpbt,174.0,vihtavuori_n540,117,42.1,2608,2.795
308_win,0.308,sierra,hpbt,174.0,vihtavuori_n150,124,42.3,2592,2.795
308_win,0.308,sierra,hpbt,174.0,vihtavuori_n550,129,45.2,2648,2.795
308_win,0.308,barnes,lrx_bt,175.0,vihtavuori_n133,89,37.7,2415,2.795
308_win,0.308,barnes,lrx_bt,175.0,vihtavuori_n135,102,40.1,2474,2.795
308_win,0.308,barnes,lrx_bt,175.0,vihtavuori_n140,112,43.2,2526,2.795
308_win,0.308,barnes,lrx_bt,175.0,vihtavuori_n540,117,45.2,2605,2.795
308_win,0.308,barnes,lrx_bt,175.0,vihtavuori_n150,124,43.7,2539,2.795
308_win,0.308,barnes,lrx_bt,175.0,vihtavuori_n550,129,47.7,2631,2.795
308_win,0.308,berger,long_range_bt_target,175.0,vihtavuori_n130,84,36.0,2428,2.800
308_win,0.308,berger,long_range_bt_target,175.0,vihtavuori_n133,89,38.9,2477,2.800
308_win,0.308,berger,long_range_bt_target,175.0,vihtavuori_n135,102,40.6,2516,2.800
308_win,0.308,berger,long_range_bt_target,175.0,vihtavuori_n140,112,43.5,2579,2.800
308_win,0.308,berger,long_range_bt_target,175.0,vihtavuori_n540,117,44.3,2638,2.800
308_win,0.308,berger,long_range_bt_target,175.0,vihtavuori_n150,124,44.1,2585,2.800
308_win,0.308,berger,long_range_bt_target,175.0,vihtavuori_n550,129,48.3,2667,2.800
308_win,0.308,berger,otm_tactical,175.0,vihtavuori_n130,84,34.9,2431,2.795
308_win,0.308,berger,otm_tactical,175.0,vihtavuori_n133,89,37.3,2477,2.795
308_win,0.308,berger,otm_tactical,175.0,vihtavuori_n530,100,38.6,2533,2.795
308_win,0.308,berger,otm_tactical,175.0,vihtavuori_n135,102,39.0,2510,2.795
308_win,0.308,berger,otm_tactical,175.0,vihtavuori_n140,112,41.8,2559,2.795
308_win,0.308,berger,otm_tactical,175.0,vihtavuori_n540,117,42.9,2628,2.795
308_win,0.308,berger,otm_tactical,175.0,vihtavuori_n150,124,42.3,2582,2.795
308_win,0.308,berger,otm_tactical,175.0,vihtavuori_n550,129,45.4,2641,2.795
308_win,0.308,berger,vld_hunting,175.0,vihtavuori_n130,84,36.1,2411,2.800
308_win,0.308,berger,vld_hunting,175.0,vihtavuori_n133,89,38.9,2470,2.800
308_win,0.308,berger,vld_hunting,175.0,vihtavuori_n135,102,40.3,2497,2.800
308_win,0.308,berger,vld_hunting,175.0,vihtavuori_n140,112,43.4,2566,2.800
308_win,0.308,berger,vld_hunting,175.0,vihtavuori_n540,117,44.1,2625,2.800
308_win,0.308,berger,vld_hunting,175.0,vihtavuori_n150,124,44.1,2582,2.800
308_win,0.308,berger,vld_hunting,175.0,vihtavuori_n550,129,48.5,2671,2.800
308_win,0.308,lapua,maxrange_target_gb581,175.0,vihtavuori_n135,102,39.5,2533,2.795
308_win,0.308,lapua,maxrange_target_gb581,175.0,vihtavuori_n140,112,42.9,2598,2.795
308_win,0.308,lapua,maxrange_target_gb581,175.0,vihtavuori_n540,117,42.7,2631,2.795
308_win,0.308,lapua,maxrange_target_gb581,175.0,vihtavuori_n150,124,42.9,2598,2.795
308_win,0.308,lapua,maxrange_target_gb581,175.0,vihtavuori_n550,129,46.5,2674,2.795
308_win,0.308,lapua,otm_scenar_l,175.0,vihtavuori_n135,102,38.6,2579,2.795
308_win,0.308,lapua,otm_scenar_l,175.0,vihtavuori_n140,112,41.4,2635,2.795
308_win,0.308,lapua,otm_scenar_l,175.0,vihtavuori_n540,117,42.4,2697,2.795
308_win,0.308,lapua,otm_scenar_l,175.0,vihtavuori_n150,124,42.1,2638,2.795
308_win,0.308,hornady,a_tip_match,176.0,vihtavuori_n135,102,39.8,2507,2.795
308_win,0.308,hornady,a_tip_match,176.0,vihtavuori_n140,112,43.2,2566,2.795
308_win,0.308,hornady,a_tip_match,176.0,vihtavuori_n540,117,44.1,2631,2.795
308_win,0.308,hornady,a_tip_match,176.0,vihtavuori_n150,124,43.5,2598,2.795
308_win,0.308,hornady,a_tip_match,176.0,vihtavuori_n550,129,47.2,2651,2.795
308_win,0.308,hornady,eld_match,178.0,vihtavuori_n130,84,36.1,2441,2.795
308_win,0.308,hornady,eld_match,178.0,vihtavuori_n133,89,38.7,2484,2.795
308_win,0.308,hornady,eld_match,178.0,vihtavuori_n135,102,40.1,2510,2.795
308_win,0.308,hornady,eld_match,178.0,vihtavuori_n140,112,43.2,2566,2.795
308_win,0.308,hornady,eld_match,178.0,vihtavuori_n540,117,43.7,2602,2.795
308_win,0.308,hornady,eld_match,178.0,vihtavuori_n150,124,44.1,2592,2.795
308_win,0.308,hornady,eld_match,178.0,vihtavuori_n550,129,47.1,2641,2.795
308_win,0.308,barnes,ttsx_bt,180.0,vihtavuori_n135,102,36.7,2333,2.795
308_win,0.308,barnes,ttsx_bt,180.0,vihtavuori_n140,112,40.7,2415,2.795
308_win,0.308,barnes,ttsx_bt,180.0,vihtavuori_n540,117,40.7,2454,2.795
308_win,0.308,barnes,ttsx_bt,180.0,vihtavuori_n150,124,40.6,2421,2.795
308_win,0.308,barnes,ttsx_bt,180.0,vihtavuori_n550,129,43.4,2464,2.795
308_win,0.308,barnes,xfb,180.0,vihtavuori_n540,117,39.3,2346,2.795
308_win,0.308,barnes,xfb,180.0,vihtavuori_n550,129,42.4,2408,2.795
308_win,0.308,berger,elite_hunter,180.0,vihtavuori_n135,102,39.0,2448,2.795
308_win,0.308,berger,elite_hunter,180.0,vihtavuori_n140,112,41.1,2487,2.795
308_win,0.308,berger,elite_hunter,180.0,vihtavuori_n540,117,42.1,2549,2.795
308_win,0.308,berger,elite_hunter,180.0,vihtavuori_n150,124,41.7,2493,2.795
308_win,0.308,berger,elite_hunter,180.0,vihtavuori_n550,129,44.8,2575,2.795
308_win,0.308,hornady,cx,180.0,vihtavuori_n135,102,33.0,2165,2.795
308_win,0.308,hornady,cx,180.0,vihtavuori_n140,112,38.7,2329,2.795
308_win,0.308,hornady,cx,180.0,vihtavuori_n540,117,40.1,2421,2.795
308_win,0.308,hornady,cx,180.0,vihtavuori_n150,124,39.2,2346,2.795
308_win,0.308,hornady,cx,180.0,vihtavuori_n550,129,43.5,2480,2.795
308_win,0.308,hornady,interlock_btsp,180.0,vihtavuori_n135,102,39.8,2467,2.740
308_win,0.308,hornady,interlock_btsp,180.0,vihtavuori_n140,112,42.9,2539,2.740
308_win,0.308,hornady,interlock_btsp,180.0,vihtavuori_n540,117,43.5,2585,2.740
308_win,0.308,hornady,interlock_btsp,180.0,vihtavuori_n150,124,43.2,2552,2.740
308_win,0.308,hornady,interlock_btsp,180.0,vihtavuori_n550,129,47.5,2641,2.740
308_win,0.308,norma,oryx,180.0,vihtavuori_n530,100,36.7,2441,2.709
308_win,0.308,norma,oryx,180.0,vihtavuori_n135,102,37.0,2418,2.709
308_win,0.308,norma,oryx,180.0,vihtavuori_n140,112,41.1,2493,2.709
308_win,0.308,norma,oryx,180.0,vihtavuori_n540,117,41.1,2526,2.709
308_win,0.308,norma,oryx,180.0,vihtavuori_n150,124,41.4,2507,2.709
308_win,0.308,norma,oryx,180.0,vihtavuori_n550,129,43.4,2539,2.709
308_win,0.308,rws,hmk,180.0,vihtavuori_n140,112,41.4,2474,2.661
308_win,0.308,rws,hmk,180.0,vihtavuori_n540,117,42.4,2533,2.661
308_win,0.308,rws,hmk,180.0,vihtavuori_n150,124,42.1,2493,2.661
308_win,0.308,rws,hmk,180.0,vihtavuori_n550,129,46.9,2585,2.661
308_win,0.308,rws,uni_classic,180.0,vihtavuori_n140,112,41.5,2470,2.646
308_win,0.308,rws,uni_classic,180.0,vihtavuori_n540,117,41.7,2497,2.646
308_win,0.308,rws,uni_classic,180.0,vihtavuori_n150,124,42.1,2487,2.646
308_win,0.308,rws,uni_classic,180.0,vihtavuori_n550,129,46.0,2552,2.646
308_win,0.308,brenneke,tug,181.0,vihtavuori_n135,102,38.4,2402,2.701
308_win,0.308,brenneke,tug,181.0,vihtavuori_n140,112,42.4,2477,2.701
308_win,0.308,brenneke,tug,181.0,vihtavuori_n540,117,42.9,2549,2.701
308_win,0.308,brenneke,tug,181.0,vihtavuori_n150,124,42.3,2500,2.701
308_win,0.308,brenneke,tug,181.0,vihtavuori_n550,129,46.3,2582,2.701
308_win,0.308,berger,hybrid_target,185.0,vihtavuori_n540,117,40.4,2484,2.795
308_win,0.308,berger,hybrid_target,185.0,vihtavuori_n150,124,40.6,2421,2.795
308_win,0.308,berger,juggernaut_target,185.0,vihtavuori_n140,112,40.3,2395,2.795
308_win,0.308,berger,juggernaut_target,185.0,vihtavuori_n540,117,41.1,2487,2.795
308_win,0.308,berger,juggernaut_target,185.0,vihtavuori_n150,124,40.6,2408,2.795
308_win,0.308,berger,juggernaut_target,185.0,vihtavuori_n550,129,43.4,2507,2.795
308_win,0.308,lapua,d46,185.0,vihtavuori_n135,102,41.0,2495,2.795
308_win,0.308,lapua,d46,185.0,vihtavuori_n140,112,43.7,2551,2.795
308_win,0.308,lapua,d46,185.0,vihtavuori_n540,117,43.8,2595,2.795
308_win,0.308,lapua,d46,185.0,vihtavuori_n150,124,43.8,2641,2.795
308_win,0.308,lapua,d46,185.0,vihtavuori_n550,129,46.8,2697,2.795
308_win,0.308,lapua,mega_e415,185.0,vihtavuori_n135,102,39.7,2398,2.657
308_win,0.308,lapua,mega_e415,185.0,vihtavuori_n140,112,43.5,2480,2.657
308_win,0.308,lapua,mega_e415,185.0,vihtavuori_n540,117,45.1,2628,2.657
308_win,0.308,lapua,mega_e415,185.0,vihtavuori_n150,124,45.2,2480,2.657
308_win,0.308,lapua,mega_e415,185.0,vihtavuori_n550,129,47.4,2520,2.657
308_win,0.308,lapua,scenar,185.0,vihtavuori_n140,112,41.5,2552,2.795
308_win,0.308,lapua,scenar,185.0,vihtavuori_n540,117,42.6,2628,2.795
308_win,0.308,lapua,scenar,185.0,vihtavuori_n150,124,42.0,2575,2.795
308_win,0.308,lapua,scenar,185.0,vihtavuori_n550,129,46.9,2608,2.795
308_win,0.308,sierra,hpbt,190.0,vihtavuori_n135,102,37.7,2382,2.795
308_win,0.308,sierra,hpbt,190.0,vihtavuori_n140,112,40.0,2448,2.795
308_win,0.308,sierra,hpbt,190.0,vihtavuori_n540,117,41.4,2507,2.795
308_win,0.308,sierra,hpbt,190.0,vihtavuori_n150,124,41.1,2467,2.795
308_win,0.308,sierra,hpbt,190.0,vihtavuori_n550,129,44.3,2546,2.795
308_win,0.308,hornady,eld_match,195.0,vihtavuori_n140,112,41.5,2431,2.800
308_win,0.308,hornady,eld_match,195.0,vihtavuori_n540,117,42.4,2493,2.800
308_win,0.308,hornady,eld_match,195.0,vihtavuori_n150,124,42.0,2431,2.800
308_win,0.308,hornady,eld_match,195.0,vihtavuori_n550,129,46.8,2552,2.800
308_win,0.308,speer,sp,200.0,vihtavuori_n140,112,41.2,2335,2.795
308_win,0.308,speer,sp,200.0,vihtavuori_n150,124,42.2,2344,2.795
308_win,0.308,berger,200_20x_hybrid_target,200.2,vihtavuori_n140,112,40.4,2372,2.795
308_win,0.308,berger,200_20x_hybrid_target,200.2,vihtavuori_n540,117,41.5,2454,2.795
308_win,0.308,berger,200_20x_hybrid_target,200.2,vihtavuori_n150,124,40.3,2388,2.795
308_win,0.308,berger,200_20x_hybrid_target,200.2,vihtavuori_n550,129,44.8,2497,2.795
308_win,0.308,berger,elite_hunter,205.0,vihtavuori_n140,112,39.4,2316,2.795
308_win,0.308,berger,elite_hunter,205.0,vihtavuori_n540,117,41.5,2415,2.795
308_win,0.308,berger,elite_hunter,205.0,vihtavuori_n150,124,40.4,2323,2.795
308_win,0.308,berger,elite_hunter,205.0,vihtavuori_n550,129,44.4,2457,2.795
308_win,0.308,hornady,a_max,208.0,vihtavuori_n140,112,38.4,2267,2.795
308_win,0.308,hornady,a_max,208.0,vihtavuori_n540,117,41.2,2395,2.795
308_win,0.308,hornady,a_max,208.0,vihtavuori_n150,124,40.1,2293,2.795
308_win,0.308,hornady,a_max,208.0,vihtavuori_n550,129,43.8,2418,2.795
308_win,0.308,sako,hammerhead,220.0,vihtavuori_n140,112,39.2,2192,2.776
308_win,0.308,sako,hammerhead,220.0,vihtavuori_n540,117,38.4,2182,2.776
308_win,0.308,sako,hammerhead,220.0,vihtavuori_n150,124,38.9,2152,2.776
308_win,0.308,sako,hammerhead,220.0,vihtavuori_n550,129,43.1,2270,2.776
6_5_creedmoor,0.264,federal,terminal_ascent,130.0,accurate_4350,135,39.5,2614,
6_5_creedmoor,0.264,federal,terminal_ascent,130.0,accurate_4350,135,39.5,2628,
6_5_creedmoor,0.264,federal,terminal_ascent,130.0,accurate_4350,135,39.5,2662,
6_5_creedmoor,0.264,federal,terminal_ascent,130.0,accurate_4350,135,40.0,2691,
6_5_creedmoor,0.264,federal,terminal_ascent,130.0,accurate_4350,135,40.0,2690,
6_5_creedmoor,0.264,federal,terminal_ascent,130.0,accurate_4350,135,40.0,2684,
6_5_creedmoor,0.264,federal,terminal_ascent,130.0,accurate_4350,135,40.5,2737,
6_5_creedmoor,0.264,federal,terminal_ascent,130.0,accurate_4350,135,40.5,2732,
6_5_creedmoor,0.264,federal,terminal_ascent,130.0,accurate_4350,135,40.5,2718,
6_5_creedmoor,0.264,federal,terminal_ascent,130.0,accurate_4350,135,41.0,2786,
6_5_creedmoor,0.264,federal,terminal_ascent,130.0,accurate_4350,135,41.0,2770,
6_5_creedmoor,0.264,federal,terminal_ascent,130.0,accurate_4350,135,41.0,2768,
6_5_creedmoor,0.264,hornady,v_max,95.0,vihtavuori_n140,112,38.6,2972,2.677
6_5_creedmoor,0.264,hornady,v_max,95.0,vihtavuori_n540,117,39.4,3041,2.677
6_5_creedmoor,0.264,hornady,v_max,95.0,vihtavuori_n150,124,38.6,3005,2.677
6_5_creedmoor,0.264,hornady,v_max,95.0,vihtavuori_n550,129,42.6,3061,2.677
6_5_creedmoor,0.264,barnes,ttsx_bt,100.0,vihtavuori_n140,112,34.0,2631,2.795
6_5_creedmoor,0.264,barnes,ttsx_bt,100.0,vihtavuori_n540,117,37.0,2789,2.795
6_5_creedmoor,0.264,barnes,ttsx_bt,100.0,vihtavuori_n150,124,33.2,2661,2.795
6_5_creedmoor,0.264,barnes,ttsx_bt,100.0,vihtavuori_n550,129,40.4,2844,2.795
6_5_creedmoor,0.264,barnes,ttsx_bt,100.0,vihtavuori_n160,143,41.7,2854,2.795
6_5_creedmoor,0.264,fox,classic_hunter,100.0,vihtavuori_n140,112,34.0,2680,2.717
6_5_creedmoor,0.264,fox,classic_hunter,100.0,vihtavuori_n540,117,37.8,2900,2.717
6_5_creedmoor,0.264,fox,classic_hunter,100.0,vihtavuori_n150,124,34.9,2746,2.717
6_5_creedmoor,0.264,fox,classic_hunter,100.0,vihtavuori_n550,129,39.8,2907,2.717
6_5_creedmoor,0.264,fox,classic_hunter,100.0,vihtavuori_n160,143,44.4,2900,2.717
6_5_creedmoor,0.264,hornady,eld_match,100.0,vihtavuori_n135,102,34.3,2805,2.598
6_5_creedmoor,0.264,hornady,eld_match,100.0,vihtavuori_n140,112,36.7,2854,2.598
6_5_creedmoor,0.264,hornady,eld_match,100.0,vihtavuori_n540,117,37.8,2923,2.598
6_5_creedmoor,0.264,hornady,eld_match,100.0,vihtavuori_n150,124,37.3,2881,2.598
6_5_creedmoor,0.264,hornady,eld_match,100.0,vihtavuori_n550,129,40.3,2943,2.598
6_5_creedmoor,0.264,hornady,eld_match,100.0,vihtavuori_n160,143,46.0,2989,2.598
6_5_creedmoor,0.264,hornady,eld_vt,100.0,vihtavuori_n140,112,35.5,2802,2.752
6_5_creedmoor,0.264,hornady,eld_vt,100.0,vihtavuori_n540,117,37.0,2904,2.752
6_5_creedmoor,0.264,hornady,eld_vt,100.0,vihtavuori_n150,124,36.3,2818,2.752
6_5_creedmoor,0.264,hornady,eld_vt,100.0,vihtavuori_n550,129,39.7,2927,2.752
6_5_creedmoor,0.264,hornady,eld_vt,100.0,vihtavuori_n555,144,43.7,2963,2.752
6_5_creedmoor,0.264,hornady,eld_vt,100.0,vihtavuori_n160,143,44.8,2946,2.752
6_5_creedmoor,0.264,lapua,fmj,100.0,vihtavuori_n140,112,36.1,2756,2.535
6_5_creedmoor,0.264,lapua,fmj,100.0,vihtavuori_n540,117,37.7,2831,2.535
6_5_creedmoor,0.264,lapua,fmj,100.0,vihtavuori_n150,124,35.3,2671,2.535
6_5_creedmoor,0.264,lapua,fmj,100.0,vihtavuori_n550,129,41.4,2900,2.535
6_5_creedmoor,0.264,lapua,fmj,100.0,vihtavuori_n555,144,44.8,2972,2.535
6_5_creedmoor,0.264,lapua,scenar,100.0,vihtavuori_n140,112,37.2,2851,2.677
6_5_creedmoor,0.264,lapua,scenar,100.0,vihtavuori_n540,117,37.3,2890,2.677
6_5_creedmoor,0.264,lapua,scenar,100.0,vihtavuori_n150,124,36.9,2828,2.677
6_5_creedmoor,0.264,lapua,scenar,108.0,vihtavuori_n540,117,35.6,2766,2.677
6_5_creedmoor,0.264,lapua,scenar,108.0,vihtavuori_n150,124,33.6,2677,2.677
6_5_creedmoor,0.264,lapua,scenar,108.0,vihtavuori_n550,129,38.3,2772,2.677
6_5_creedmoor,0.264,barnes,ttsx_bt,120.0,vihtavuori_n140,112,30.9,2415,2.787
6_5_creedmoor,0.264,barnes,ttsx_bt,120.0,vihtavuori_n150,124,27.8,2224,2.787
6_5_creedmoor,0.264,barnes,ttsx_bt,120.0,vihtavuori_n550,129,34.6,2464,2.787
6_5_creedmoor,0.264,barnes,ttsx_bt,120.0,vihtavuori_n555,144,40.3,2635,2.787
6_5_creedmoor,0.264,barnes,ttsx_bt,120.0,vihtavuori_n160,143,36.3,2500,2.787
6_5_creedmoor,0.264,berger,BT Target,120.0,vihtavuori_n140,112,33.5,2487,2.795
6_5_creedmoor,0.264,berger,BT Target,120.0,vihtavuori_n540,117,35.5,2635,2.795
6_5_creedmoor,0.264,berger,BT Target,120.0,vihtavuori_n150,124,33.6,2516,2.795
6_5_creedmoor,0.264,berger,BT Target,120.0,vihtavuori_n550,129,37.7,2657,2.795
6_5_creedmoor,0.264,berger,BT Target,120.0,vihtavuori_n555,144,42.7,2766,2.795
6_5_creedmoor,0.264,berger,BT Target,120.0,vihtavuori_n160,143,42.0,2654,2.795
6_5_creedmoor,0.264,hornady,cx,120.0,vihtavuori_n540,117,35.5,2552,2.657
6_5_creedmoor,0.264,hornady,cx,120.0,vihtavuori_n150,124,31.6,2306,2.657
6_5_creedmoor,0.264,hornady,cx,120.0,vihtavuori_n550,129,37.3,2559,2.657
6_5_creedmoor,0.264,hornady,cx,120.0,vihtavuori_n555,144,41.7,2648,2.657
6_5_creedmoor,0.264,hornady,cx,120.0,vihtavuori_n160,143,38.6,2503,2.657
6_5_creedmoor,0.264,hornady,cx,120.0,vihtavuori_n560,147,44.8,2631,2.657
6_5_creedmoor,0.264,hornady,eld_match,120.0,vihtavuori_n140,112,31.6,2457,2.736
6_5_creedmoor,0.264,hornady,eld_match,120.0,vihtavuori_n540,117,33.2,2552,2.736
6_5_creedmoor,0.264,hornady,eld_match,120.0,vihtavuori_n150,124,30.9,2434,2.736
6_5_creedmoor,0.264,hornady,eld_match,120.0,vihtavuori_n550,129,36.3,2605,2.736
6_5_creedmoor,0.264,hornady,eld_match,120.0,vihtavuori_n555,144,40.1,2677,2.736
6_5_creedmoor,0.264,hornady,eld_match,120.0,vihtavuori_n160,143,34.9,2474,2.736
6_5_creedmoor,0.264,hornady,eld_match,120.0,vihtavuori_n560,147,42.4,2661,2.736
6_5_creedmoor,0.264,hornady,gmx,120.0,vihtavuori_n140,112,30.9,2343,2.776
6_5_creedmoor,0.264,hornady,gmx,120.0,vihtavuori_n540,117,33.6,2477,2.776
6_5_creedmoor,0.264,hornady,gmx,120.0,vihtavuori_n150,124,29.3,2320,2.776
6_5_creedmoor,0.264,hornady,gmx,120.0,vihtavuori_n550,129,36.3,2546,2.776
6_5_creedmoor,0.264,lapua,Scenar-L,120.0,vihtavuori_n540,117,33.6,2592,2.677
6_5_creedmoor,0.264,lapua,Scenar-L,120.0,vihtavuori_n150,124,31.3,2480,2.677
6_5_creedmoor,0.264,lapua,Scenar-L,120.0,vihtavuori_n550,129,36.7,2638,2.677
6_5_creedmoor,0.264,lapua,Scenar-L,120.0,vihtavuori_n555,144,41.2,2749,2.677
6_5_creedmoor,0.264,lapua,trx,120.0,vihtavuori_n540,117,34.0,2589,2.795
6_5_creedmoor,0.264,lapua,trx,120.0,vihtavuori_n550,129,37.0,2618,2.795
6_5_creedmoor,0.264,lapua,trx,120.0,vihtavuori_n555,144,40.4,2694,2.795
6_5_creedmoor,0.264,lapua,trx,120.0,vihtavuori_n160,143,37.8,2520,2.795
6_5_creedmoor,0.264,lapua,trx,120.0,vihtavuori_n165,153,44.4,2720,2.795
6_5_creedmoor,0.264,lapua,trx,120.0,vihtavuori_n560,147,42.0,2628,2.795
6_5_creedmoor,0.264,lapua,trx,120.0,vihtavuori_n565,156,44.0,2621,2.795
6_5_creedmoor,0.264,nosler,ballistic_tip,120.0,vihtavuori_n540,117,34.6,2579,2.736
6_5_creedmoor,0.264,nosler,ballistic_tip,120.0,vihtavuori_n150,124,31.6,2421,2.736
6_5_creedmoor,0.264,nosler,ballistic_tip,120.0,vihtavuori_n550,129,36.4,2595,2.736
6_5_creedmoor,0.264,nosler,ballistic_tip,120.0,vihtavuori_n555,144,41.4,2710,2.736
6_5_creedmoor,0.264,nosler,ballistic_tip,120.0,vihtavuori_n160,143,39.4,2552,2.736
6_5_creedmoor,0.264,sako,Blade 657H,120.0,vihtavuori_n140,112,33.2,2343,2.795
6_5_creedmoor,0.264,sako,Blade 657H,120.0,vihtavuori_n540,117,36.1,2526,2.795
6_5_creedmoor,0.264,sako,Blade 657H,120.0,vihtavuori_n150,124,31.2,2251,2.795
6_5_creedmoor,0.264,sako,Blade 657H,120.0,vihtavuori_n550,129,38.6,2566,2.795
6_5_creedmoor,0.264,sako,Blade 657H,120.0,vihtavuori_n555,144,42.4,2638,2.795
6_5_creedmoor,0.264,sierra,hpbt,120.0,vihtavuori_n140,112,33.2,2543,2.677
6_5_creedmoor,0.264,sierra,hpbt,120.0,vihtavuori_n540,117,34.7,2621,2.677
6_5_creedmoor,0.264,sierra,hpbt,120.0,vihtavuori_n150,124,32.4,2510,2.677
6_5_creedmoor,0.264,sierra,hpbt,120.0,vihtavuori_n550,129,37.8,2671,2.677
6_5_creedmoor,0.264,sierra,hpbt,120.0,vihtavuori_n555,144,41.7,2756,2.677
6_5_creedmoor,0.264,sierra,hpbt,120.0,vihtavuori_n160,143,40.1,2641,2.677
6_5_creedmoor,0.264,sierra,hpbt,120.0,vihtavuori_n560,147,43.2,2684,2.677
6_5_creedmoor,0.264,sierra,hpbt,120.0,vihtavuori_n565,156,45.1,2644,2.677
6_5_creedmoor,0.264,fox,classic_hunter,123.0,vihtavuori_n140,112,31.0,2283,2.736
6_5_creedmoor,0.264,fox,classic_hunter,123.0,vihtavuori_n540,117,33.2,2467,2.736
6_5_creedmoor,0.264,fox,classic_hunter,123.0,vihtavuori_n150,124,30.4,2297,2.736
6_5_creedmoor,0.264,fox,classic_hunter,123.0,vihtavuori_n550,129,34.7,2484,2.736
6_5_creedmoor,0.264,fox,classic_hunter,123.0,vihtavuori_n555,144,39.0,2585,2.736
6_5_creedmoor,0.264,fox,classic_hunter,123.0,vihtavuori_n160,143,37.8,2457,2.736
6_5_creedmoor,0.264,fox,classic_hunter,123.0,vihtavuori_n560,147,40.1,2513,2.736
6_5_creedmoor,0.264,fox,target,123.0,vihtavuori_n140,112,30.9,2372,2.618
6_5_creedmoor,0.264,fox,target,123.0,vihtavuori_n540,117,33.2,2526,2.618
6_5_creedmoor,0.264,fox,target,123.0,vihtavuori_n150,124,30.9,2369,2.618
6_5_creedmoor,0.264,fox,target,123.0,vihtavuori_n550,129,34.7,2526,2.618
6_5_creedmoor,0.264,fox,target,123.0,vihtavuori_n555,144,39.4,2638,2.618
6_5_creedmoor,0.264,fox,target,123.0,vihtavuori_n160,143,37.0,2474,2.618
6_5_creedmoor,0.264,hornady,eld_match,123.0,vihtavuori_n140,112,31.6,2461,2.764
6_5_creedmoor,0.264,hornady,eld_match,123.0,vihtavuori_n540,117,34.0,2579,2.764
6_5_creedmoor,0.264,hornady,eld_match,123.0,vihtavuori_n150,124,31.6,2457,2.764
6_5_creedmoor,0.264,hornady,eld_match,123.0,vihtavuori_n550,129,36.3,2582,2.764
6_5_creedmoor,0.264,hornady,eld_match,123.0,vihtavuori_n555,144,40.9,2694,2.764
6_5_creedmoor,0.264,hornady,eld_match,123.0,vihtavuori_n160,143,39.4,2608,2.764
6_5_creedmoor,0.264,hornady,eld_match,123.0,vihtavuori_n560,147,42.4,2644,2.764
6_5_creedmoor,0.264,hornady,eld_match,123.0,vihtavuori_n565,156,44.4,2631,2.764
6_5_creedmoor,0.264,lapua,scenar,123.0,vihtavuori_n540,117,35.6,2621,2.677
6_5_creedmoor,0.264,lapua,scenar,123.0,vihtavuori_n150,124,34.3,2523,2.677
6_5_creedmoor,0.264,lapua,scenar,123.0,vihtavuori_n550,129,38.0,2631,2.677
6_5_creedmoor,0.264,lapua,scenar,123.0,vihtavuori_n555,144,41.2,2736,2.677
6_5_creedmoor,0.264,sierra,HPBT MatchKing,123.0,vihtavuori_n140,112,32.4,2503,2.736
6_5_creedmoor,0.264,sierra,HPBT MatchKing,123.0,vihtavuori_n540,117,35.5,2641,2.736
6_5_creedmoor,0.264,sierra,HPBT MatchKing,123.0,vihtavuori_n150,124,33.2,2533,2.736
6_5_creedmoor,0.264,sierra,HPBT MatchKing,123.0,vihtavuori_n550,129,38.0,2671,2.736
6_5_creedmoor,0.264,sierra,HPBT MatchKing,123.0,vihtavuori_n555,144,41.7,2720,2.736
6_5_creedmoor,0.264,sierra,HPBT MatchKing,123.0,vihtavuori_n160,143,41.7,2661,2.736
6_5_creedmoor,0.264,sierra,HPBT MatchKing,123.0,vihtavuori_n560,147,43.5,2687,2.736
6_5_creedmoor,0.264,barnes,lrx_bt,127.0,vihtavuori_n140,112,31.6,2306,2.748
6_5_creedmoor,0.264,barnes,lrx_bt,127.0,vihtavuori_n540,117,34.0,2428,2.748
6_5_creedmoor,0.264,barnes,lrx_bt,127.0,vihtavuori_n150,124,31.6,2260,2.748
6_5_creedmoor,0.264,barnes,lrx_bt,127.0,vihtavuori_n550,129,36.3,2484,2.748
6_5_creedmoor,0.264,barnes,lrx_bt,127.0,vihtavuori_n555,144,40.1,2543,2.748
6_5_creedmoor,0.264,barnes,lrx_bt,127.0,vihtavuori_n160,143,38.6,2421,2.748
6_5_creedmoor,0.264,barnes,lrx_bt,127.0,vihtavuori_n560,147,41.7,2510,2.748
6_5_creedmoor,0.264,hornady,Interlock SP,129.0,vihtavuori_n140,112,31.9,2329,2.697
6_5_creedmoor,0.264,hornady,Interlock SP,129.0,vihtavuori_n540,117,34.0,2480,2.697
6_5_creedmoor,0.264,hornady,Interlock SP,129.0,vihtavuori_n150,124,32.4,2333,2.697
6_5_creedmoor,0.264,hornady,Interlock SP,129.0,vihtavuori_n550,129,37.0,2546,2.697
6_5_creedmoor,0.264,hornady,Interlock SP,129.0,vihtavuori_n555,144,40.9,2608,2.697
6_5_creedmoor,0.264,hornady,Interlock SP,129.0,vihtavuori_n160,143,39.7,2480,2.697
6_5_creedmoor,0.264,hornady,Interlock SP,129.0,vihtavuori_n560,147,42.0,2566,2.697
6_5_creedmoor,0.264,hornady,v_max,95.0,vihtavuori_n140,112,42.1,3219,2.677
6_5_creedmoor,0.264,hornady,v_max,95.0,vihtavuori_n540,117,43.1,3323,2.677
6_5_creedmoor,0.264,hornady,v_max,95.0,vihtavuori_n150,124,42.1,3219,2.677
6_5_creedmoor,0.264,hornady,v_max,95.0,vihtavuori_n550,129,45.5,3340,2.677
6_5_creedmoor,0.264,barnes,ttsx_bt,100.0,vihtavuori_n140,112,39.7,2956,2.795
6_5_creedmoor,0.264,barnes,ttsx_bt,100.0,vihtavuori_n540,117,41.7,3097,2.795
6_5_creedmoor,0.264,barnes,ttsx_bt,100.0,vihtavuori_n150,124,35.5,2799,2.795
6_5_creedmoor,0.264,barnes,ttsx_bt,100.0,vihtavuori_n550,129,44.8,3153,2.795
6_5_creedmoor,0.264,barnes,ttsx_bt,100.0,vihtavuori_n160,143,47.8,3022,2.795
6_5_creedmoor,0.264,fox,classic_hunter,100.0,vihtavuori_n140,112,39.2,3018,2.717
6_5_creedmoor,0.264,fox,classic_hunter,100.0,vihtavuori_n540,117,41.5,3179,2.717
6_5_creedmoor,0.264,fox,classic_hunter,100.0,vihtavuori_n150,124,39.2,3031,2.717
6_5_creedmoor,0.264,fox,classic_hunter,100.0,vihtavuori_n550,129,44.1,3219,2.717
6_5_creedmoor,0.264,fox,classic_hunter,100.0,vihtavuori_n160,143,48.1,3153,2.717
6_5_creedmoor,0.264,hornady,eld_match,100.0,vihtavuori_n135,102,37.3,3041,2.598
6_5_creedmoor,0.264,hornady,eld_match,100.0,vihtavuori_n140,112,40.1,3130,2.598
6_5_creedmoor,0.264,hornady,eld_match,100.0,vihtavuori_n540,117,41.1,3199,2.598
6_5_creedmoor,0.264,hornady,eld_match,100.0,vihtavuori_n150,124,40.9,3130,2.598
6_5_creedmoor,0.264,hornady,eld_match,100.0,vihtavuori_n550,129,43.7,3219,2.598
6_5_creedmoor,0.264,hornady,eld_match,100.0,vihtavuori_n160,143,47.8,3136,2.598
6_5_creedmoor,0.264,hornady,eld_vt,100.0,vihtavuori_n140,112,39.2,3051,2.752
6_5_creedmoor,0.264,hornady,eld_vt,100.0,vihtavuori_n540,117,39.7,3143,2.752
6_5_creedmoor,0.264,hornady,eld_vt,100.0,vihtavuori_n150,124,39.5,3035,2.752
6_5_creedmoor,0.264,hornady,eld_vt,100.0,vihtavuori_n550,129,42.9,3186,2.752
6_5_creedmoor,0.264,hornady,eld_vt,100.0,vihtavuori_n555,144,44.8,3041,2.752
6_5_creedmoor,0.264,hornady,eld_vt,100.0,vihtavuori_n160,143,47.8,3159,2.752
6_5_creedmoor,0.264,lapua,fmj,100.0,vihtavuori_n140,112,40.3,3015,2.535
6_5_creedmoor,0.264,lapua,fmj,100.0,vihtavuori_n540,117,41.5,3123,2.535
6_5_creedmoor,0.264,lapua,fmj,100.0,vihtavuori_n150,124,39.5,2995,2.535
6_5_creedmoor,0.264,lapua,fmj,100.0,vihtavuori_n550,129,44.6,3169,2.535
6_5_creedmoor,0.264,lapua,fmj,100.0,vihtavuori_n555,144,46.3,3087,2.535
6_5_creedmoor,0.264,lapua,scenar,100.0,vihtavuori_n140,112,42.3,3212,2.677
6_5_creedmoor,0.264,lapua,scenar,100.0,vihtavuori_n540,117,42.3,3284,2.677
6_5_creedmoor,0.264,lapua,scenar,100.0,vihtavuori_n150,124,42.1,3205,2.677
6_5_creedmoor,0.264,lapua,scenar,108.0,vihtavuori_n540,117,40.7,3182,2.677
6_5_creedmoor,0.264,lapua,scenar,108.0,vihtavuori_n150,124,40.6,3071,2.677
6_5_creedmoor,0.264,lapua,scenar,108.0,vihtavuori_n550,129,43.7,3189,2.677
6_5_creedmoor,0.264,barnes,ttsx_bt,120.0,vihtavuori_n140,112,34.1,2526,2.787
6_5_creedmoor,0.264,barnes,ttsx_bt,120.0,vihtavuori_n150,124,32.1,2454,2.787
6_5_creedmoor,0.264,barnes,ttsx_bt,120.0,vihtavuori_n550,129,40.9,2822,2.787
6_5_creedmoor,0.264,barnes,ttsx_bt,120.0,vihtavuori_n555,144,44.6,2877,2.787
6_5_creedmoor,0.264,barnes,ttsx_bt,120.0,vihtavuori_n160,143,37.0,2546,2.787
6_5_creedmoor,0.264,berger,BT Target,120.0,vihtavuori_n140,112,37.3,2723,2.795
6_5_creedmoor,0.264,berger,BT Target,120.0,vihtavuori_n540,117,39.4,2890,2.795
6_5_creedmoor,0.264,berger,BT Target,120.0,vihtavuori_n150,124,37.8,2759,2.795
6_5_creedmoor,0.264,berger,BT Target,120.0,vihtavuori_n550,129,42.0,2933,2.795
6_5_creedmoor,0.264,berger,BT Target,120.0,vihtavuori_n555,144,45.2,2897,2.795
6_5_creedmoor,0.264,berger,BT Target,120.0,vihtavuori_n160,143,46.5,2910,2.795
6_5_creedmoor,0.264,hornady,cx,120.0,vihtavuori_n540,117,38.6,2782,2.657
6_5_creedmoor,0.264,hornady,cx,120.0,vihtavuori_n150,124,36.0,2589,2.657
6_5_creedmoor,0.264,hornady,cx,120.0,vihtavuori_n550,129,40.9,2818,2.657
6_5_creedmoor,0.264,hornady,cx,120.0,vihtavuori_n555,144,46.3,2877,2.657
6_5_creedmoor,0.264,hornady,cx,120.0,vihtavuori_n160,143,45.8,2818,2.657
6_5_creedmoor,0.264,hornady,cx,120.0,vihtavuori_n560,147,48.9,2907,2.657
6_5_creedmoor,0.264,hornady,eld_match,120.0,vihtavuori_n140,112,35.6,2707,2.736
6_5_creedmoor,0.264,hornady,eld_match,120.0,vihtavuori_n540,117,37.8,2828,2.736
6_5_creedmoor,0.264,hornady,eld_match,120.0,vihtavuori_n150,124,35.5,2707,2.736
6_5_creedmoor,0.264,hornady,eld_match,120.0,vihtavuori_n550,129,40.0,2867,2.736
6_5_creedmoor,0.264,hornady,eld_match,120.0,vihtavuori_n555,144,44.8,2936,2.736
6_5_creedmoor,0.264,hornady,eld_match,120.0,vihtavuori_n160,143,44.0,2851,2.736
6_5_creedmoor,0.264,hornady,eld_match,120.0,vihtavuori_n560,147,46.6,2923,2.736
6_5_creedmoor,0.264,hornady,gmx,120.0,vihtavuori_n140,112,35.2,2625,2.776
6_5_creedmoor,0.264,hornady,gmx,120.0,vihtavuori_n540,117,37.7,2802,2.776
6_5_creedmoor,0.264,hornady,gmx,120.0,vihtavuori_n150,124,35.0,2625,2.776
6_5_creedmoor,0.264,hornady,gmx,120.0,vihtavuori_n550,129,40.6,2851,2.776
6_5_creedmoor,0.264,lapua,Scenar-L,120.0,vihtavuori_n540,117,38.9,2936,2.677
6_5_creedmoor,0.264,lapua,Scenar-L,120.0,vihtavuori_n150,124,38.1,2854,2.677
6_5_creedmoor,0.264,lapua,Scenar-L,120.0,vihtavuori_n550,129,42.1,2995,2.677
6_5_creedmoor,0.264,lapua,Scenar-L,120.0,vihtavuori_n555,144,45.4,2992,2.677
6_5_creedmoor,0.264,lapua,trx,120.0,vihtavuori_n540,117,37.3,2815,2.795
6_5_creedmoor,0.264,lapua,trx,120.0,vihtavuori_n550,129,40.1,2858,2.795
6_5_creedmoor,0.264,lapua,trx,120.0,vihtavuori_n555,144,44.0,2897,2.795
6_5_creedmoor,0.264,lapua,trx,120.0,vihtavuori_n160,143,43.8,2835,2.795
6_5_creedmoor,0.264,lapua,trx,120.0,vihtavuori_n165,153,47.1,2874,2.795
6_5_creedmoor,0.264,lapua,trx,120.0,vihtavuori_n560,147,46.0,2894,2.795
6_5_creedmoor,0.264,lapua,trx,120.0,vihtavuori_n565,156,46.3,2756,2.795
6_5_creedmoor,0.264,nosler,ballistic_tip,120.0,vihtavuori_n540,117,38.7,2844,2.736
6_5_creedmoor,0.264,nosler,ballistic_tip,120.0,vihtavuori_n150,124,36.4,2694,2.736
6_5_creedmoor,0.264,nosler,ballistic_tip,120.0,vihtavuori_n550,129,40.7,2867,2.736
6_5_creedmoor,0.264,nosler,ballistic_tip,120.0,vihtavuori_n555,144,45.7,2953,2.736
6_5_creedmoor,0.264,nosler,ballistic_tip,120.0,vihtavuori_n160,143,44.6,2858,2.736
6_5_creedmoor,0.264,sako,Blade 657H,120.0,vihtavuori_n140,112,37.5,2615,2.795
6_5_creedmoor,0.264,sako,Blade 657H,120.0,vihtavuori_n540,117,39.8,2812,2.795
6_5_creedmoor,0.264,sako,Blade 657H,120.0,vihtavuori_n150,124,35.8,2562,2.795
6_5_creedmoor,0.264,sako,Blade 657H,120.0,vihtavuori_n550,129,42.0,2848,2.795
6_5_creedmoor,0.264,sako,Blade 657H,120.0,vihtavuori_n555,144,45.5,2828,2.795
6_5_creedmoor,0.264,sierra,hpbt,120.0,vihtavuori_n140,112,36.7,2759,2.677
6_5_creedmoor,0.264,sierra,hpbt,120.0,vihtavuori_n540,117,38.4,2871,2.677
6_5_creedmoor,0.264,sierra,hpbt,120.0,vihtavuori_n150,124,36.7,2756,2.677
6_5_creedmoor,0.264,sierra,hpbt,120.0,vihtavuori_n550,129,40.7,2904,2.677
6_5_creedmoor,0.264,sierra,hpbt,120.0,vihtavuori_n555,144,45.4,2976,2.677
6_5_creedmoor,0.264,sierra,hpbt,120.0,vihtavuori_n160,143,44.9,2900,2.677
6_5_creedmoor,0.264,sierra,hpbt,120.0,vihtavuori_n560,147,46.8,2949,2.677
6_5_creedmoor,0.264,sierra,hpbt,120.0,vihtavuori_n565,156,46.3,2726,2.677
6_5_creedmoor,0.264,fox,classic_hunter,123.0,vihtavuori_n140,112,35.3,2592,2.736
6_5_creedmoor,0.264,fox,classic_hunter,123.0,vihtavuori_n540,117,36.7,2746,2.736
6_5_creedmoor,0.264,fox,classic_hunter,123.0,vihtavuori_n150,124,34.7,2595,2.736
6_5_creedmoor,0.264,fox,classic_hunter,123.0,vihtavuori_n550,129,39.0,2779,2.736
6_5_creedmoor,0.264,fox,classic_hunter,123.0,vihtavuori_n555,144,43.7,2851,2.736
6_5_creedmoor,0.264,fox,classic_hunter,123.0,vihtavuori_n160,143,43.1,2772,2.736
6_5_creedmoor,0.264,fox,classic_hunter,123.0,vihtavuori_n560,147,44.3,2799,2.736
6_5_creedmoor,0.264,fox,target,123.0,vihtavuori_n140,112,34.9,2641,2.618
6_5_creedmoor,0.264,fox,target,123.0,vihtavuori_n540,117,36.9,2772,2.618
6_5_creedmoor,0.264,fox,target,123.0,vihtavuori_n150,124,34.4,2618,2.618
6_5_creedmoor,0.264,fox,target,123.0,vihtavuori_n550,129,38.9,2799,2.618
6_5_creedmoor,0.264,fox,target,123.0,vihtavuori_n555,144,44.3,2881,2.618
6_5_creedmoor,0.264,fox,target,123.0,vihtavuori_n160,143,41.8,2776,2.618
6_5_creedmoor,0.264,hornady,eld_match,123.0,vihtavuori_n140,112,35.8,2710,2.764
6_5_creedmoor,0.264,hornady,eld_match,123.0,vihtavuori_n540,117,37.8,2825,2.764
6_5_creedmoor,0.264,hornady,eld_match,123.0,vihtavuori_n150,124,36.0,2710,2.764
6_5_creedmoor,0.264,hornady,eld_match,123.0,vihtavuori_n550,129,40.1,2861,2.764
6_5_creedmoor,0.264,hornady,eld_match,123.0,vihtavuori_n555,144,44.4,2930,2.764
6_5_creedmoor,0.264,hornady,eld_match,123.0,vihtavuori_n160,143,44.0,2854,2.764
6_5_creedmoor,0.264,hornady,eld_match,123.0,vihtavuori_n560,147,46.0,2907,2.764
6_5_creedmoor,0.264,hornady,eld_match,123.0,vihtavuori_n565,156,46.3,2759,2.764
6_5_creedmoor,0.264,lapua,scenar,123.0,vihtavuori_n540,117,40.4,2963,2.677
6_5_creedmoor,0.264,lapua,scenar,123.0,vihtavuori_n150,124,39.8,2874,2.677
6_5_creedmoor,0.264,lapua,scenar,123.0,vihtavuori_n550,129,42.9,2989,2.677
6_5_creedmoor,0.264,lapua,scenar,123.0,vihtavuori_n555,144,45.2,2963,2.677
6_5_creedmoor,0.264,sierra,HPBT MatchKing,123.0,vihtavuori_n140,112,36.9,2769,2.736
6_5_creedmoor,0.264,sierra,HPBT MatchKing,123.0,vihtavuori_n540,117,38.4,2867,2.736
6_5_creedmoor,0.264,sierra,HPBT MatchKing,123.0,vihtavuori_n150,124,37.7,2782,2.736
6_5_creedmoor,0.264,sierra,HPBT MatchKing,123.0,vihtavuori_n550,129,40.9,2907,2.736
6_5_creedmoor,0.264,sierra,HPBT MatchKing,123.0,vihtavuori_n555,144,45.7,2976,2.736
6_5_creedmoor,0.264,sierra,HPBT MatchKing,123.0,vihtavuori_n160,143,45.7,2920,2.736
6_5_creedmoor,0.264,sierra,HPBT MatchKing,123.0,vihtavuori_n560,147,47.2,2949,2.736
6_5_creedmoor,0.264,barnes,lrx_bt,127.0,vihtavuori_n140,112,35.6,2530,2.748
6_5_creedmoor,0.264,barnes,lrx_bt,127.0,vihtavuori_n540,117,37.7,2697,2.748
6_5_creedmoor,0.264,barnes,lrx_bt,127.0,vihtavuori_n150,124,36.0,2533,2.748
6_5_creedmoor,0.264,barnes,lrx_bt,127.0,vihtavuori_n550,129,39.8,2743,2.748
6_5_creedmoor,0.264,barnes,lrx_bt,127.0,vihtavuori_n555,144,45.8,2831,2.748
6_5_creedmoor,0.264,barnes,lrx_bt,127.0,vihtavuori_n160,143,43.8,2723,2.748
6_5_creedmoor,0.264,barnes,lrx_bt,127.0,vihtavuori_n560,147,46.5,2805,2.748
6_5_creedmoor,0.264,hornady,Interlock SP,129.0,vihtavuori_n140,112,36.0,2575,2.697
6_5_creedmoor,0.264,hornady,Interlock SP,129.0,vihtavuori_n540,117,38.3,2740,2.697
6_5_creedmoor,0.264,hornady,Interlock SP,129.0,vihtavuori_n150,124,36.3,2569,2.697
6_5_creedmoor,0.264,hornady,Interlock SP,129.0,vihtavuori_n550,129,40.6,2782,2.697
6_5_creedmoor,0.264,hornady,Interlock SP,129.0,vihtavuori_n555,144,44.9,2854,2.697
6_5_creedmoor,0.264,hornady,Interlock SP,129.0,vihtavuori_n160,143,44.1,2726,2.697
6_5_creedmoor,0.264,hornady,Interlock SP,129.0,vihtavuori_n560,147,46.6,2825,2.697
6_5_creedmoor,0.264,hornady,sst,129.0,vihtavuori_n140,112,32.4,2375,2.670
6_5_creedmoor,0.264,hornady,sst,129.0,vihtavuori_n540,117,34.0,2500,2.670
6_5_creedmoor,0.264,hornady,sst,129.0,vihtavuori_n150,124,31.6,2375,2.670
6_5_creedmoor,0.264,hornady,sst,129.0,vihtavuori_n550,129,36.3,2520,2.670
6_5_creedmoor,0.264,hornady,sst,129.0,vihtavuori_n555,144,40.1,2569,2.670
6_5_creedmoor,0.264,hornady,sst,129.0,vihtavuori_n160,143,39.4,2500,2.670
6_5_creedmoor,0.264,hornady,sst,129.0,vihtavuori_n560,147,42.4,2572,2.670
6_5_creedmoor,0.264,barnes,tsx,130.0,vihtavuori_n540,117,29.9,2228,2.717
6_5_creedmoor,0.264,barnes,tsx,130.0,vihtavuori_n150,124,26.2,2021,2.717
6_5_creedmoor,0.264,barnes,tsx,130.0,vihtavuori_n550,129,31.3,2280,2.717
6_5_creedmoor,0.264,berger,AR Hybrid OTM Tactical,130.0,vihtavuori_n150,124,32.4,2441,2.677
6_5_creedmoor,0.264,berger,AR Hybrid OTM Tactical,130.0,vihtavuori_n550,129,37.5,2556,2.677
6_5_creedmoor,0.264,berger,AR Hybrid OTM Tactical,130.0,vihtavuori_n555,144,40.1,2605,2.677
6_5_creedmoor,0.264,berger,AR Hybrid OTM Tactical,130.0,vihtavuori_n160,143,40.3,2572,2.677
6_5_creedmoor,0.264,berger,AR Hybrid OTM Tactical,130.0,vihtavuori_n560,147,43.1,2585,2.677
6_5_creedmoor,0.264,berger,VLD Target,130.0,vihtavuori_n540,117,34.1,2510,2.795
6_5_creedmoor,0.264,berger,VLD Target,130.0,vihtavuori_n150,124,32.4,2421,2.795
6_5_creedmoor,0.264,berger,VLD Target,130.0,vihtavuori_n550,129,36.6,2556,2.795
6_5_creedmoor,0.264,berger,VLD Target,130.0,vihtavuori_n555,144,40.9,2644,2.795
6_5_creedmoor,0.264,berger,VLD Target,130.0,vihtavuori_n160,143,40.3,2572,2.795
6_5_creedmoor,0.264,berger,VLD Target,130.0,vihtavuori_n560,147,42.9,2592,2.795
6_5_creedmoor,0.264,berger,VLD Target,130.0,vihtavuori_n565,156,44.4,2608,2.795
6_5_creedmoor,0.264,hornady,cx,130.0,vihtavuori_n140,112,28.5,2169,2.799
6_5_creedmoor,0.264,hornady,cx,130.0,vihtavuori_n540,117,31.6,2392,2.799
6_5_creedmoor,0.264,hornady,cx,130.0,vihtavuori_n150,124,30.1,2264,2.799
6_5_creedmoor,0.264,hornady,cx,130.0,vihtavuori_n550,129,34.7,2428,2.799
6_5_creedmoor,0.264,hornady,cx,130.0,vihtavuori_n555,144,37.8,2500,2.799
6_5_creedmoor,0.264,hornady,cx,130.0,vihtavuori_n160,143,37.0,2405,2.799
6_5_creedmoor,0.264,hornady,cx,130.0,vihtavuori_n560,147,40.6,2487,2.799
6_5_creedmoor,0.264,hornady,eld_match,130.0,vihtavuori_n140,112,31.6,2431,2.799
6_5_creedmoor,0.264,hornady,eld_match,130.0,vihtavuori_n540,117,33.2,2484,2.799
6_5_creedmoor,0.264,hornady,eld_match,130.0,vihtavuori_n150,124,31.6,2421,2.799
6_5_creedmoor,0.264,hornady,eld_match,130.0,vihtavuori_n550,129,36.3,2552,2.799
6_5_creedmoor,0.264,hornady,eld_match,130.0,vihtavuori_n555,144,39.4,2572,2.799
6_5_creedmoor,0.264,hornady,eld_match,130.0,vihtavuori_n160,143,38.6,2513,2.799
6_5_creedmoor,0.264,hornady,eld_match,130.0,vihtavuori_n560,147,41.7,2572,2.799
6_5_creedmoor,0.264,hornady,eld_match,130.0,vihtavuori_n565,156,43.5,2562,2.799
6_5_creedmoor,0.264,sierra,hpbt,130.0,vihtavuori_n140,112,30.9,2415,2.669
6_5_creedmoor,0.264,sierra,hpbt,130.0,vihtavuori_n540,117,31.6,2474,2.669
6_5_creedmoor,0.264,sierra,hpbt,130.0,vihtavuori_n150,124,30.1,2379,2.669
6_5_creedmoor,0.264,sierra,hpbt,130.0,vihtavuori_n550,129,34.7,2536,2.669
6_5_creedmoor,0.264,sierra,hpbt,130.0,vihtavuori_n555,144,37.8,2582,2.669
6_5_creedmoor,0.264,sierra,hpbt,130.0,vihtavuori_n160,143,37.0,2516,2.669
6_5_creedmoor,0.264,sierra,hpbt,130.0,vihtavuori_n560,147,40.1,2552,2.669
6_5_creedmoor,0.264,sierra,TGK,130.0,vihtavuori_n140,112,29.6,2310,2.807
6_5_creedmoor,0.264,sierra,TGK,130.0,vihtavuori_n540,117,31.6,2418,2.807
6_5_creedmoor,0.264,sierra,TGK,130.0,vihtavuori_n150,124,30.1,2362,2.807
6_5_creedmoor,0.264,sierra,TGK,130.0,vihtavuori_n550,129,34.4,2470,2.807
6_5_creedmoor,0.264,sierra,TGK,130.0,vihtavuori_n555,144,37.8,2556,2.807
6_5_creedmoor,0.264,sierra,TGK,130.0,vihtavuori_n160,143,31.6,2398,2.807
6_5_creedmoor,0.264,sierra,TGK,130.0,vihtavuori_n560,147,40.1,2533,2.807
6_5_creedmoor,0.264,sierra,tmk,130.0,vihtavuori_n140,112,31.6,2411,2.807
6_5_creedmoor,0.264,sierra,tmk,130.0,vihtavuori_n540,117,33.2,2480,2.807
6_5_creedmoor,0.264,sierra,tmk,130.0,vihtavuori_n150,124,31.6,2402,2.807
6_5_creedmoor,0.264,sierra,tmk,130.0,vihtavuori_n550,129,36.3,2546,2.807
6_5_creedmoor,0.264,sierra,tmk,130.0,vihtavuori_n555,144,40.1,2618,2.807
6_5_creedmoor,0.264,sierra,tmk,130.0,vihtavuori_n160,143,38.6,2507,2.807
6_5_creedmoor,0.264,sierra,tmk,130.0,vihtavuori_n560,147,41.7,2575,2.807
6_5_creedmoor,0.264,swift,scirocco_ii,130.0,vihtavuori_n150,124,31.3,2388,2.650
6_5_creedmoor,0.264,swift,scirocco_ii,130.0,vihtavuori_n550,129,35.8,2470,2.650
6_5_creedmoor,0.264,swift,scirocco_ii,130.0,vihtavuori_n555,144,39.4,2566,2.650
6_5_creedmoor,0.264,swift,scirocco_ii,130.0,vihtavuori_n160,143,38.6,2592,2.650
6_5_creedmoor,0.264,swift,scirocco_ii,130.0,vihtavuori_n165,153,44.0,2608,2.650
6_5_creedmoor,0.264,swift,scirocco_ii,130.0,vihtavuori_n560,147,41.2,2510,2.650
6_5_creedmoor,0.264,hornady,A-TIP,135.0,vihtavuori_n150,124,31.6,2356,2.795
6_5_creedmoor,0.264,hornady,A-TIP,135.0,vihtavuori_n555,144,39.5,2579,2.795
6_5_creedmoor,0.264,hornady,A-TIP,135.0,vihtavuori_n160,143,38.6,2493,2.795
6_5_creedmoor,0.264,hornady,A-TIP,135.0,vihtavuori_n165,153,43.2,2592,2.795
6_5_creedmoor,0.264,hornady,A-TIP,135.0,vihtavuori_n560,147,41.7,2549,2.795
6_5_creedmoor,0.264,hornady,A-TIP,135.0,vihtavuori_n565,156,43.2,2536,2.795
6_5_creedmoor,0.264,lapua,Scenar-L,136.0,vihtavuori_n540,117,32.4,2425,2.677
6_5_creedmoor,0.264,lapua,Scenar-L,136.0,vihtavuori_n150,124,32.1,2375,2.677
6_5_creedmoor,0.264,lapua,Scenar-L,136.0,vihtavuori_n550,129,35.8,2480,2.677
6_5_creedmoor,0.264,lapua,Scenar-L,136.0,vihtavuori_n555,144,40.1,2595,2.677
6_5_creedmoor,0.264,lapua,Scenar-L,136.0,vihtavuori_n160,143,40.0,2526,2.677
6_5_creedmoor,0.264,brenneke,tog,139.0,vihtavuori_n140,112,29.8,2198,2.622
6_5_creedmoor,0.264,brenneke,tog,139.0,vihtavuori_n540,117,31.9,2310,2.622
6_5_creedmoor,0.264,brenneke,tog,139.0,vihtavuori_n150,124,28.5,2175,2.622
6_5_creedmoor,0.264,brenneke,tog,139.0,vihtavuori_n550,129,33.2,2333,2.622
6_5_creedmoor,0.264,brenneke,tog,139.0,vihtavuori_n555,144,36.3,2411,2.622
6_5_creedmoor,0.264,brenneke,tog,139.0,vihtavuori_n160,143,35.5,2316,2.622
6_5_creedmoor,0.264,brenneke,tog,139.0,vihtavuori_n560,147,38.6,2369,2.622
6_5_creedmoor,0.264,brenneke,tog,139.0,vihtavuori_n565,156,41.2,2402,2.622
6_5_creedmoor,0.264,fox,classic_hunter,139.0,vihtavuori_n140,112,27.8,2011,2.736
6_5_creedmoor,0.264,fox,classic_hunter,139.0,vihtavuori_n540,117,30.9,2221,2.736
6_5_creedmoor,0.264,fox,classic_hunter,139.0,vihtavuori_n150,124,28.1,2051,2.736
6_5_creedmoor,0.264,fox,classic_hunter,139.0,vihtavuori_n550,129,32.1,2254,2.736
6_5_creedmoor,0.264,fox,classic_hunter,139.0,vihtavuori_n555,144,36.0,2365,2.736
6_5_creedmoor,0.264,fox,classic_hunter,139.0,vihtavuori_n160,143,35.3,2241,2.736
6_5_creedmoor,0.264,fox,classic_hunter,139.0,vihtavuori_n560,147,36.7,2290,2.736
6_5_creedmoor,0.264,lapua,scenar,139.0,vihtavuori_n540,117,30.9,2339,2.717
6_5_creedmoor,0.264,lapua,scenar,139.0,vihtavuori_n150,124,29.3,2264,2.717
6_5_creedmoor,0.264,lapua,scenar,139.0,vihtavuori_n550,129,34.0,2411,2.717
6_5_creedmoor,0.264,lapua,scenar,139.0,vihtavuori_n555,144,37.8,2500,2.717
6_5_creedmoor,0.264,lapua,scenar,139.0,vihtavuori_n160,143,33.0,2297,2.717
6_5_creedmoor,0.264,lapua,scenar,139.0,vihtavuori_n560,147,40.4,2474,2.717
6_5_creedmoor,0.264,berger,hybrid_target,140.0,vihtavuori_n150,124,31.3,2329,2.717
6_5_creedmoor,0.264,berger,hybrid_target,140.0,vihtavuori_n550,129,35.3,2444,2.717
6_5_creedmoor,0.264,berger,hybrid_target,140.0,vihtavuori_n555,144,40.1,2556,2.717
6_5_creedmoor,0.264,berger,hybrid_target,140.0,vihtavuori_n160,143,37.2,2441,2.717
6_5_creedmoor,0.264,berger,hybrid_target,140.0,vihtavuori_n560,147,41.1,2487,2.717
6_5_creedmoor,0.264,berger,hybrid_target,140.0,vihtavuori_n565,156,42.7,2516,2.717
6_5_creedmoor,0.264,hornady,eld_match,140.0,vihtavuori_n140,112,31.3,2274,2.799
6_5_creedmoor,0.264,hornady,eld_match,140.0,vihtavuori_n540,117,31.8,2359,2.799
6_5_creedmoor,0.264,hornady,eld_match,140.0,vihtavuori_n150,124,29.9,2238,2.799
6_5_creedmoor,0.264,hornady,eld_match,140.0,vihtavuori_n550,129,34.7,2421,2.799
6_5_creedmoor,0.264,hornady,eld_match,140.0,vihtavuori_n555,144,37.8,2461,2.799
6_5_creedmoor,0.264,hornady,eld_match,140.0,vihtavuori_n160,143,35.0,2336,2.799
6_5_creedmoor,0.264,hornady,eld_match,140.0,vihtavuori_n560,147,40.1,2467,2.799
6_5_creedmoor,0.264,hornady,eld_match,140.0,vihtavuori_n565,156,41.7,2434,2.799
6_5_creedmoor,0.264,hornady,InterLock SP,140.0,vihtavuori_n140,112,30.9,2287,2.677
6_5_creedmoor,0.264,hornady,InterLock SP,140.0,vihtavuori_n540,117,30.9,2323,2.677
6_5_creedmoor,0.264,hornady,InterLock SP,140.0,vihtavuori_n150,124,29.3,2234,2.677
6_5_creedmoor,0.264,hornady,InterLock SP,140.0,vihtavuori_n550,129,34.0,2375,2.677
6_5_creedmoor,0.264,hornady,InterLock SP,140.0,vihtavuori_n555,144,37.0,2438,2.677
6_5_creedmoor,0.264,hornady,InterLock SP,140.0,vihtavuori_n160,143,35.5,2333,2.677
6_5_creedmoor,0.264,hornady,InterLock SP,140.0,vihtavuori_n560,147,39.4,2438,2.677
6_5_creedmoor,0.264,lapua,Naturalis N563,140.0,vihtavuori_n540,117,29.0,2201,2.724
6_5_creedmoor,0.264,lapua,Naturalis N563,140.0,vihtavuori_n150,124,25.8,1985,2.724
6_5_creedmoor,0.264,lapua,Naturalis N563,140.0,vihtavuori_n550,129,30.6,2224,2.724
6_5_creedmoor,0.264,nosler,accubond,140.0,vihtavuori_n540,117,30.2,2247,2.795
6_5_creedmoor,0.264,nosler,accubond,140.0,vihtavuori_n150,124,28.9,2178,2.795
6_5_creedmoor,0.264,nosler,accubond,140.0,vihtavuori_n550,129,32.1,2287,2.795
6_5_creedmoor,0.264,nosler,ballistic_tip,140.0,vihtavuori_n540,117,32.3,2316,2.709
6_5_creedmoor,0.264,nosler,ballistic_tip,140.0,vihtavuori_n150,124,29.9,2165,2.709
6_5_creedmoor,0.264,nosler,ballistic_tip,140.0,vihtavuori_n550,129,34.4,2352,2.709
6_5_creedmoor,0.264,nosler,ballistic_tip,140.0,vihtavuori_n555,144,37.3,2415,2.709
6_5_creedmoor,0.264,nosler,ballistic_tip,140.0,vihtavuori_n160,143,36.6,2300,2.709
6_5_creedmoor,0.264,nosler,ballistic_tip,140.0,vihtavuori_n560,147,39.7,2431,2.709
6_5_creedmoor,0.264,sierra,hpbt,140.0,vihtavuori_n140,112,29.8,2277,2.776
6_5_creedmoor,0.264,sierra,hpbt,140.0,vihtavuori_n540,117,30.1,2326,2.776
6_5_creedmoor,0.264,sierra,hpbt,140.0,vihtavuori_n150,124,28.9,2244,2.776
6_5_creedmoor,0.264,sierra,hpbt,140.0,vihtavuori_n550,129,33.2,2398,2.776
6_5_creedmoor,0.264,sierra,hpbt,140.0,vihtavuori_n555,144,35.5,2434,2.776
6_5_creedmoor,0.264,sierra,hpbt,140.0,vihtavuori_n160,143,34.0,2333,2.776
6_5_creedmoor,0.264,sierra,hpbt,140.0,vihtavuori_n560,147,38.6,2454,2.776
6_5_creedmoor,0.264,sierra,hpbt,142.0,vihtavuori_n150,124,30.4,2244,2.697
6_5_creedmoor,0.264,sierra,hpbt,142.0,vihtavuori_n550,129,35.5,2418,2.697
6_5_creedmoor,0.264,sierra,hpbt,142.0,vihtavuori_n555,144,38.6,2454,2.697
6_5_creedmoor,0.264,sierra,hpbt,142.0,vihtavuori_n160,143,36.7,2356,2.697
6_5_creedmoor,0.264,sierra,hpbt,142.0,vihtavuori_n560,147,40.6,2467,2.697
6_5_creedmoor,0.264,sierra,hpbt,142.0,vihtavuori_n565,156,42.4,2464,2.697
6_5_creedmoor,0.264,hornady,ELD-X,143.0,vihtavuori_n150,124,30.6,2280,2.709
6_5_creedmoor,0.264,hornady,ELD-X,143.0,vihtavuori_n550,129,34.6,2431,2.709
6_5_creedmoor,0.264,hornady,ELD-X,143.0,vihtavuori_n555,144,37.8,2434,2.709
6_5_creedmoor,0.264,hornady,ELD-X,143.0,vihtavuori_n160,143,36.4,2392,2.709
6_5_creedmoor,0.264,hornady,ELD-X,143.0,vihtavuori_n560,147,40.6,2457,2.709
6_5_creedmoor,0.264,hornady,ELD-X,143.0,vihtavuori_n565,156,42.3,2493,2.709
6_5_creedmoor,0.264,berger,Long Range Hybrid Target,144.0,vihtavuori_n150,124,30.9,2234,2.795
6_5_creedmoor,0.264,berger,Long Range Hybrid Target,144.0,vihtavuori_n550,129,35.5,2425,2.795
6_5_creedmoor,0.264,berger,Long Range Hybrid Target,144.0,vihtavuori_n555,144,39.7,2552,2.795
6_5_creedmoor,0.264,berger,Long Range Hybrid Target,144.0,vihtavuori_n160,143,38.6,2369,2.795
6_5_creedmoor,0.264,berger,Long Range Hybrid Target,144.0,vihtavuori_n560,147,41.7,2516,2.795
6_5_creedmoor,0.264,berger,Long Range Hybrid Target,144.0,vihtavuori_n565,156,43.2,2543,2.795
6_5_creedmoor,0.264,lapua,FMJBT,144.0,vihtavuori_n540,117,28.5,2211,2.717
6_5_creedmoor,0.264,lapua,FMJBT,144.0,vihtavuori_n150,124,27.6,2172,2.717
6_5_creedmoor,0.264,lapua,FMJBT,144.0,vihtavuori_n550,129,31.3,2280,2.717
6_5_creedmoor,0.264,lapua,FMJBT,144.0,vihtavuori_n555,144,37.0,2402,2.717
6_5_creedmoor,0.264,lapua,FMJBT,144.0,vihtavuori_n160,143,33.5,2241,2.717
6_5_creedmoor,0.264,lapua,FMJBT,144.0,vihtavuori_n560,147,39.7,2418,2.717
6_5_creedmoor,0.264,lapua,FMJBT,144.0,vihtavuori_n565,156,41.5,2457,2.717
6_5_creedmoor,0.264,lapua,MaxRange Target GB582,144.0,vihtavuori_n540,117,29.3,2238,2.815
6_5_creedmoor,0.264,lapua,MaxRange Target GB582,144.0,vihtavuori_n150,124,27.8,2126,2.815
6_5_creedmoor,0.264,lapua,MaxRange Target GB582,144.0,vihtavuori_n550,129,32.7,2313,2.815
6_5_creedmoor,0.264,lapua,MaxRange Target GB582,144.0,vihtavuori_n555,144,34.7,2346,2.815
6_5_creedmoor,0.264,lapua,MaxRange Target GB582,144.0,vihtavuori_n160,143,31.6,2218,2.815
6_5_creedmoor,0.264,lapua,MaxRange Target GB582,144.0,vihtavuori_n165,153,35.5,2310,2.815
6_5_creedmoor,0.264,lapua,MaxRange Target GB582,144.0,vihtavuori_n560,147,37.0,2339,2.815
6_5_creedmoor,0.264,lapua,MaxRange Target GB582,144.0,vihtavuori_n565,156,39.4,2365,2.815
6_5_creedmoor,0.264,hornady,eld_match,147.0,vihtavuori_n550,129,33.2,2300,2.787
6_5_creedmoor,0.264,hornady,eld_match,147.0,vihtavuori_n555,144,38.6,2434,2.787
6_5_creedmoor,0.264,hornady,eld_match,147.0,vihtavuori_n160,143,37.2,2346,2.787
6_5_creedmoor,0.264,hornady,eld_match,147.0,vihtavuori_n165,153,42.3,2467,2.787
6_5_creedmoor,0.264,hornady,eld_match,147.0,vihtavuori_n560,147,39.4,2388,2.787
6_5_creedmoor,0.264,hornady,eld_match,147.0,vihtavuori_n565,156,41.7,2405,2.787
6_5_creedmoor,0.264,hornady,A-TIP,153.0,vihtavuori_n160,143,34.7,2247,2.783
6_5_creedmoor,0.264,hornady,A-TIP,153.0,vihtavuori_n165,153,37.0,2244,2.783
6_5_creedmoor,0.264,hornady,A-TIP,153.0,vihtavuori_n560,147,37.8,2310,2.783
6_5_creedmoor,0.264,hornady,A-TIP,153.0,vihtavuori_n565,156,40.9,2382,2.783
6_5_creedmoor,0.264,berger,Long Range Hybrid Target,153.5,vihtavuori_n540,117,32.1,2300,2.795
6_5_creedmoor,0.264,berger,Long Range Hybrid Target,153.5,vihtavuori_n150,124,30.4,2201,2.795
6_5_creedmoor,0.264,berger,Long Range Hybrid Target,153.5,vihtavuori_n550,129,34.9,2326,2.795
6_5_creedmoor,0.264,berger,Long Range Hybrid Target,153.5,vihtavuori_n555,144,37.8,2392,2.795
6_5_creedmoor,0.264,berger,Long Range Hybrid Target,153.5,vihtavuori_n160,143,37.3,2343,2.795
6_5_creedmoor,0.264,berger,Long Range Hybrid Target,153.5,vihtavuori_n165,153,42.0,2448,2.795
6_5_creedmoor,0.264,berger,Long Range Hybrid Target,153.5,vihtavuori_n560,147,40.1,2372,2.795
6_5_creedmoor,0.264,berger,Long Range Hybrid Target,153.5,vihtavuori_n565,156,41.7,2418,2.795
6_5_creedmoor,0.264,berger,elite_hunter,156.0,vihtavuori_n550,129,34.7,2270,2.795
6_5_creedmoor,0.264,berger,elite_hunter,156.0,vihtavuori_n555,144,40.1,2425,2.795
6_5_creedmoor,0.264,berger,elite_hunter,156.0,vihtavuori_n160,143,38.6,2316,2.795
6_5_creedmoor,0.264,berger,elite_hunter,156.0,vihtavuori_n165,153,42.4,2336,2.795
6_5_creedmoor,0.264,berger,elite_hunter,156.0,vihtavuori_n560,147,41.2,2365,2.795
6_5_creedmoor,0.264,berger,elite_hunter,156.0,vihtavuori_n565,156,43.2,2395,2.795
6_5_creedmoor,0.264,lapua,mega,156.0,vihtavuori_n540,117,28.2,2083,2.697
6_5_creedmoor,0.264,lapua,mega,156.0,vihtavuori_n150,124,26.4,1978,2.697
6_5_creedmoor,0.264,lapua,mega,156.0,vihtavuori_n550,129,30.7,2152,2.697
6_5_creedmoor,0.264,lapua,mega,156.0,vihtavuori_n160,143,29.8,2051,2.697
6_5_creedmoor,0.264,norma,oryx,156.0,vihtavuori_n550,129,30.1,2136,2.736
6_5_creedmoor,0.264,norma,oryx,156.0,vihtavuori_n555,144,33.2,2201,2.736
6_5_creedmoor,0.264,norma,oryx,156.0,vihtavuori_n160,143,31.6,2119,2.736
6_5_creedmoor,0.264,norma,oryx,156.0,vihtavuori_n560,147,35.5,2238,2.736
6_5_creedmoor,0.264,norma,oryx,156.0,vihtavuori_n565,156,37.8,2247,2.736
6_5_creedmoor,0.264,norma,Vulkan,156.0,vihtavuori_n140,112,28.1,2064,2.717
6_5_creedmoor,0.264,norma,Vulkan,156.0,vihtavuori_n540,117,28.1,2073,2.717
6_5_creedmoor,0.264,norma,Vulkan,156.0,vihtavuori_n150,124,27.2,2028,2.717
6_5_creedmoor,0.264,norma,Vulkan,156.0,vihtavuori_n550,129,30.6,2152,2.717
6_5_creedmoor,0.264,norma,Vulkan,156.0,vihtavuori_n160,143,34.4,2218,2.717
6_5_creedmoor,0.264,norma,Vulkan,156.0,vihtavuori_n560,147,37.0,2260,2.717
6_5_creedmoor,0.264,norma,Vulkan,156.0,vihtavuori_n565,156,38.9,2306,2.717
6_5_creedmoor,0.264,hornady,Interlock,160.0,vihtavuori_n140,112,30.1,2051,2.740
6_5_creedmoor,0.264,hornady,Interlock,160.0,vihtavuori_n540,117,31.2,2185,2.740
6_5_creedmoor,0.264,hornady,Interlock,160.0,vihtavuori_n150,124,30.1,2077,2.740
6_5_creedmoor,0.264,hornady,Interlock,160.0,vihtavuori_n550,129,34.7,2247,2.740
6_5_creedmoor,0.264,hornady,Interlock,160.0,vihtavuori_n555,144,37.8,2290,2.740
6_5_creedmoor,0.264,hornady,Interlock,160.0,vihtavuori_n160,143,34.0,2119,2.740
6_5_creedmoor,0.264,hornady,Interlock,160.0,vihtavuori_n560,147,39.4,2270,2.740
6_5_creedmoor,0.264,hornady,Interlock,160.0,vihtavuori_n565,156,41.7,2303,2.740
6_5_creedmoor,0.264,hornady,sst,129.0,vihtavuori_n140,112,36.4,2608,2.670
6_5_creedmoor,0.264,hornady,sst,129.0,vihtavuori_n540,117,37.0,2717,2.670
6_5_creedmoor,0.264,hornady,sst,129.0,vihtavuori_n150,124,35.8,2598,2.670
6_5_creedmoor,0.264,hornady,sst,129.0,vihtavuori_n550,129,40.3,2782,2.670
6_5_creedmoor,0.264,hornady,sst,129.0,vihtavuori_n555,144,44.4,2825,2.670
6_5_creedmoor,0.264,hornady,sst,129.0,vihtavuori_n160,143,44.3,2759,2.670
6_5_creedmoor,0.264,hornady,sst,129.0,vihtavuori_n560,147,46.6,2831,2.670
6_5_creedmoor,0.264,barnes,tsx,130.0,vihtavuori_n540,117,36.0,2638,2.717
6_5_creedmoor,0.264,barnes,tsx,130.0,vihtavuori_n150,124,34.3,2523,2.717
6_5_creedmoor,0.264,barnes,tsx,130.0,vihtavuori_n550,129,38.6,2687,2.717
6_5_creedmoor,0.264,berger,AR Hybrid OTM Tactical,130.0,vihtavuori_n150,124,36.6,2677,2.677
6_5_creedmoor,0.264,berger,AR Hybrid OTM Tactical,130.0,vihtavuori_n550,129,40.6,2808,2.677
6_5_creedmoor,0.264,berger,AR Hybrid OTM Tactical,130.0,vihtavuori_n555,144,44.1,2851,2.677
6_5_creedmoor,0.264,berger,AR Hybrid OTM Tactical,130.0,vihtavuori_n160,143,44.1,2815,2.677
6_5_creedmoor,0.264,berger,AR Hybrid OTM Tactical,130.0,vihtavuori_n560,147,47.2,2874,2.677
6_5_creedmoor,0.264,berger,VLD Target,130.0,vihtavuori_n540,117,37.8,2779,2.795
6_5_creedmoor,0.264,berger,VLD Target,130.0,vihtavuori_n150,124,36.1,2654,2.795
6_5_creedmoor,0.264,berger,VLD Target,130.0,vihtavuori_n550,129,40.4,2812,2.795
6_5_creedmoor,0.264,berger,VLD Target,130.0,vihtavuori_n555,144,44.1,2851,2.795
6_5_creedmoor,0.264,berger,VLD Target,130.0,vihtavuori_n160,143,44.0,2812,2.795
6_5_creedmoor,0.264,berger,VLD Target,130.0,vihtavuori_n560,147,46.8,2871,2.795
6_5_creedmoor,0.264,berger,VLD Target,130.0,vihtavuori_n565,156,48.8,2867,2.795
6_5_creedmoor,0.264,hornady,cx,130.0,vihtavuori_n140,112,33.2,2454,2.799
6_5_creedmoor,0.264,hornady,cx,130.0,vihtavuori_n540,117,36.1,2690,2.799
6_5_creedmoor,0.264,hornady,cx,130.0,vihtavuori_n150,124,34.4,2543,2.799
6_5_creedmoor,0.264,hornady,cx,130.0,vihtavuori_n550,129,38.7,2720,2.799
6_5_creedmoor,0.264,hornady,cx,130.0,vihtavuori_n555,144,42.3,2769,2.799
6_5_creedmoor,0.264,hornady,cx,130.0,vihtavuori_n160,143,42.3,2710,2.799
6_5_creedmoor,0.264,hornady,cx,130.0,vihtavuori_n560,147,45.1,2782,2.799
6_5_creedmoor,0.264,hornady,eld_match,130.0,vihtavuori_n140,112,35.3,2638,2.799
6_5_creedmoor,0.264,hornady,eld_match,130.0,vihtavuori_n540,117,37.2,2746,2.799
6_5_creedmoor,0.264,hornady,eld_match,130.0,vihtavuori_n150,124,35.6,2638,2.799
6_5_creedmoor,0.264,hornady,eld_match,130.0,vihtavuori_n550,129,39.5,2782,2.799
6_5_creedmoor,0.264,hornady,eld_match,130.0,vihtavuori_n555,144,43.7,2841,2.799
6_5_creedmoor,0.264,hornady,eld_match,130.0,vihtavuori_n160,143,43.4,2782,2.799
6_5_creedmoor,0.264,hornady,eld_match,130.0,vihtavuori_n560,147,45.4,2835,2.799
6_5_creedmoor,0.264,hornady,eld_match,130.0,vihtavuori_n565,156,46.3,2713,2.799
6_5_creedmoor,0.264,sierra,hpbt,130.0,vihtavuori_n140,112,34.1,2612,2.669
6_5_creedmoor,0.264,sierra,hpbt,130.0,vihtavuori_n540,117,35.3,2697,2.669
6_5_creedmoor,0.264,sierra,hpbt,130.0,vihtavuori_n150,124,34.1,2602,2.669
6_5_creedmoor,0.264,sierra,hpbt,130.0,vihtavuori_n550,129,38.1,2749,2.669
6_5_creedmoor,0.264,sierra,hpbt,130.0,vihtavuori_n555,144,42.0,2805,2.669
6_5_creedmoor,0.264,sierra,hpbt,130.0,vihtavuori_n160,143,40.9,2730,2.669
6_5_creedmoor,0.264,sierra,hpbt,130.0,vihtavuori_n560,147,44.1,2802,2.669
6_5_creedmoor,0.264,sierra,TGK,130.0,vihtavuori_n140,112,34.0,2562,2.807
6_5_creedmoor,0.264,sierra,TGK,130.0,vihtavuori_n540,117,36.1,2687,2.807
6_5_creedmoor,0.264,sierra,TGK,130.0,vihtavuori_n150,124,33.8,2556,2.807
6_5_creedmoor,0.264,sierra,TGK,130.0,vihtavuori_n550,129,38.7,2740,2.807
6_5_creedmoor,0.264,sierra,TGK,130.0,vihtavuori_n555,144,43.1,2818,2.807
6_5_creedmoor,0.264,sierra,TGK,130.0,vihtavuori_n160,143,36.7,2598,2.807
6_5_creedmoor,0.264,sierra,TGK,130.0,vihtavuori_n560,147,44.8,2808,2.807
6_5_creedmoor,0.264,sierra,tmk,130.0,vihtavuori_n140,112,35.3,2628,2.807
6_5_creedmoor,0.264,sierra,tmk,130.0,vihtavuori_n540,117,37.5,2756,2.807
6_5_creedmoor,0.264,sierra,tmk,130.0,vihtavuori_n150,124,35.5,2635,2.807
6_5_creedmoor,0.264,sierra,tmk,130.0,vihtavuori_n550,129,39.7,2789,2.807
6_5_creedmoor,0.264,sierra,tmk,130.0,vihtavuori_n555,144,44.1,2854,2.807
6_5_creedmoor,0.264,sierra,tmk,130.0,vihtavuori_n160,143,43.8,2785,2.807
6_5_creedmoor,0.264,sierra,tmk,130.0,vihtavuori_n560,147,45.7,2831,2.807
6_5_creedmoor,0.264,swift,scirocco_ii,130.0,vihtavuori_n150,124,35.3,2631,2.650
6_5_creedmoor,0.264,swift,scirocco_ii,130.0,vihtavuori_n550,129,39.4,2723,2.650
6_5_creedmoor,0.264,swift,scirocco_ii,130.0,vihtavuori_n555,144,43.8,2792,2.650
6_5_creedmoor,0.264,swift,scirocco_ii,130.0,vihtavuori_n160,143,41.8,2697,2.650
6_5_creedmoor,0.264,swift,scirocco_ii,130.0,vihtavuori_n165,153,44.8,2651,2.650
6_5_creedmoor,0.264,swift,scirocco_ii,130.0,vihtavuori_n560,147,46.9,2812,2.650
6_5_creedmoor,0.264,hornady,A-TIP,135.0,vihtavuori_n150,124,35.8,2572,2.795
6_5_creedmoor,0.264,hornady,A-TIP,135.0,vihtavuori_n555,144,43.2,2795,2.795
6_5_creedmoor,0.264,hornady,A-TIP,135.0,vihtavuori_n160,143,42.3,2694,2.795
6_5_creedmoor,0.264,hornady,A-TIP,135.0,vihtavuori_n165,153,47.8,2828,2.795
6_5_creedmoor,0.264,hornady,A-TIP,135.0,vihtavuori_n560,147,45.8,2822,2.795
6_5_creedmoor,0.264,hornady,A-TIP,135.0,vihtavuori_n565,156,47.8,2762,2.795
6_5_creedmoor,0.264,lapua,Scenar-L,136.0,vihtavuori_n540,117,37.7,2756,2.677
6_5_creedmoor,0.264,lapua,Scenar-L,136.0,vihtavuori_n150,124,38.3,2733,2.677
6_5_creedmoor,0.264,lapua,Scenar-L,136.0,vihtavuori_n550,129,41.1,2838,2.677
6_5_creedmoor,0.264,lapua,Scenar-L,136.0,vihtavuori_n555,144,44.1,2822,2.677
6_5_creedmoor,0.264,lapua,Scenar-L,136.0,vihtavuori_n160,143,46.0,2854,2.677
6_5_creedmoor,0.264,brenneke,tog,139.0,vihtavuori_n140,112,33.8,2434,2.622
6_5_creedmoor,0.264,brenneke,tog,139.0,vihtavuori_n540,117,35.8,2559,2.622
6_5_creedmoor,0.264,brenneke,tog,139.0,vihtavuori_n150,124,32.7,2405,2.622
6_5_creedmoor,0.264,brenneke,tog,139.0,vihtavuori_n550,129,38.1,2615,2.622
6_5_creedmoor,0.264,brenneke,tog,139.0,vihtavuori_n555,144,42.4,2687,2.622
6_5_creedmoor,0.264,brenneke,tog,139.0,vihtavuori_n160,143,39.5,2562,2.622
6_5_creedmoor,0.264,brenneke,tog,139.0,vihtavuori_n560,147,44.6,2707,2.622
6_5_creedmoor,0.264,brenneke,tog,139.0,vihtavuori_n565,156,46.3,2625,2.622
6_5_creedmoor,0.264,fox,classic_hunter,139.0,vihtavuori_n140,112,32.1,2303,2.736
6_5_creedmoor,0.264,fox,classic_hunter,139.0,vihtavuori_n540,117,34.0,2484,2.736
6_5_creedmoor,0.264,fox,classic_hunter,139.0,vihtavuori_n150,124,31.9,2326,2.736
6_5_creedmoor,0.264,fox,classic_hunter,139.0,vihtavuori_n550,129,36.1,2546,2.736
6_5_creedmoor,0.264,fox,classic_hunter,139.0,vihtavuori_n555,144,40.4,2621,2.736
6_5_creedmoor,0.264,fox,classic_hunter,139.0,vihtavuori_n160,143,39.8,2533,2.736
6_5_creedmoor,0.264,fox,classic_hunter,139.0,vihtavuori_n560,147,41.1,2585,2.736
6_5_creedmoor,0.264,lapua,scenar,139.0,vihtavuori_n540,117,36.7,2680,2.717
6_5_creedmoor,0.264,lapua,scenar,139.0,vihtavuori_n150,124,35.5,2602,2.717
6_5_creedmoor,0.264,lapua,scenar,139.0,vihtavuori_n550,129,39.7,2759,2.717
6_5_creedmoor,0.264,lapua,scenar,139.0,vihtavuori_n555,144,42.6,2749,2.717
6_5_creedmoor,0.264,lapua,scenar,139.0,vihtavuori_n160,143,42.1,2733,2.717
6_5_creedmoor,0.264,lapua,scenar,139.0,vihtavuori_n560,147,44.4,2730,2.717
6_5_creedmoor,0.264,berger,hybrid_target,140.0,vihtavuori_n150,124,35.3,2552,2.717
6_5_creedmoor,0.264,berger,hybrid_target,140.0,vihtavuori_n550,129,39.0,2677,2.717
6_5_creedmoor,0.264,berger,hybrid_target,140.0,vihtavuori_n555,144,43.4,2740,2.717
6_5_creedmoor,0.264,berger,hybrid_target,140.0,vihtavuori_n160,143,41.8,2667,2.717
6_5_creedmoor,0.264,berger,hybrid_target,140.0,vihtavuori_n560,147,45.4,2746,2.717
6_5_creedmoor,0.264,berger,hybrid_target,140.0,vihtavuori_n565,156,47.1,2733,2.717
6_5_creedmoor,0.264,hornady,eld_match,140.0,vihtavuori_n140,112,35.0,2500,2.799
6_5_creedmoor,0.264,hornady,eld_match,140.0,vihtavuori_n540,117,35.8,2595,2.799
6_5_creedmoor,0.264,hornady,eld_match,140.0,vihtavuori_n150,124,34.1,2467,2.799
6_5_creedmoor,0.264,hornady,eld_match,140.0,vihtavuori_n550,129,38.1,2641,2.799
6_5_creedmoor,0.264,hornady,eld_match,140.0,vihtavuori_n555,144,42.0,2700,2.799
6_5_creedmoor,0.264,hornady,eld_match,140.0,vihtavuori_n160,143,40.9,2618,2.799
6_5_creedmoor,0.264,hornady,eld_match,140.0,vihtavuori_n560,147,44.0,2713,2.799
6_5_creedmoor,0.264,hornady,eld_match,140.0,vihtavuori_n565,156,45.8,2671,2.799
6_5_creedmoor,0.264,hornady,InterLock SP,140.0,vihtavuori_n140,112,34.6,2497,2.677
6_5_creedmoor,0.264,hornady,InterLock SP,140.0,vihtavuori_n540,117,34.9,2569,2.677
6_5_creedmoor,0.264,hornady,InterLock SP,140.0,vihtavuori_n150,124,33.0,2438,2.677
6_5_creedmoor,0.264,hornady,InterLock SP,140.0,vihtavuori_n550,129,37.8,2618,2.677
6_5_creedmoor,0.264,hornady,InterLock SP,140.0,vihtavuori_n555,144,40.9,2654,2.677
6_5_creedmoor,0.264,hornady,InterLock SP,140.0,vihtavuori_n160,143,39.8,2566,2.677
6_5_creedmoor,0.264,hornady,InterLock SP,140.0,vihtavuori_n560,147,43.5,2687,2.677
6_5_creedmoor,0.264,lapua,Naturalis N563,140.0,vihtavuori_n540,117,34.0,2523,2.724
6_5_creedmoor,0.264,lapua,Naturalis N563,140.0,vihtavuori_n150,124,31.6,2339,2.724
6_5_creedmoor,0.264,lapua,Naturalis N563,140.0,vihtavuori_n550,129,36.0,2546,2.724
6_5_creedmoor,0.264,nosler,accubond,140.0,vihtavuori_n540,117,35.5,2592,2.795
6_5_creedmoor,0.264,nosler,accubond,140.0,vihtavuori_n150,124,35.0,2526,2.795
6_5_creedmoor,0.264,nosler,accubond,140.0,vihtavuori_n550,129,38.3,2651,2.795
6_5_creedmoor,0.264,nosler,ballistic_tip,140.0,vihtavuori_n540,117,36.0,2549,2.709
6_5_creedmoor,0.264,nosler,ballistic_tip,140.0,vihtavuori_n150,124,33.8,2402,2.709
6_5_creedmoor,0.264,nosler,ballistic_tip,140.0,vihtavuori_n550,129,37.8,2582,2.709
6_5_creedmoor,0.264,nosler,ballistic_tip,140.0,vihtavuori_n555,144,42.0,2651,2.709
6_5_creedmoor,0.264,nosler,ballistic_tip,140.0,vihtavuori_n160,143,41.2,2559,2.709
6_5_creedmoor,0.264,nosler,ballistic_tip,140.0,vihtavuori_n560,147,44.3,2684,2.709
6_5_creedmoor,0.264,sierra,hpbt,140.0,vihtavuori_n140,112,33.8,2507,2.776
6_5_creedmoor,0.264,sierra,hpbt,140.0,vihtavuori_n540,117,34.3,2582,2.776
6_5_creedmoor,0.264,sierra,hpbt,140.0,vihtavuori_n150,124,32.7,2464,2.776
6_5_creedmoor,0.264,sierra,hpbt,140.0,vihtavuori_n550,129,37.3,2641,2.776
6_5_creedmoor,0.264,sierra,hpbt,140.0,vihtavuori_n555,144,40.6,2677,2.776
6_5_creedmoor,0.264,sierra,hpbt,140.0,vihtavuori_n160,143,38.6,2575,2.776
6_5_creedmoor,0.264,sierra,hpbt,140.0,vihtavuori_n560,147,42.9,2703,2.776
6_5_creedmoor,0.264,sierra,hpbt,142.0,vihtavuori_n150,124,34.3,2467,2.697
6_5_creedmoor,0.264,sierra,hpbt,142.0,vihtavuori_n550,129,39.0,2664,2.697
6_5_creedmoor,0.264,sierra,hpbt,142.0,vihtavuori_n555,144,42.0,2684,2.697
6_5_creedmoor,0.264,sierra,hpbt,142.0,vihtavuori_n160,143,41.4,2628,2.697
6_5_creedmoor,0.264,sierra,hpbt,142.0,vihtavuori_n560,147,44.1,2717,2.697
6_5_creedmoor,0.264,sierra,hpbt,142.0,vihtavuori_n565,156,46.9,2720,2.697
6_5_creedmoor,0.264,hornady,ELD-X,143.0,vihtavuori_n150,124,34.4,2503,2.709
6_5_creedmoor,0.264,hornady,ELD-X,143.0,vihtavuori_n550,129,37.7,2628,2.709
6_5_creedmoor,0.264,hornady,ELD-X,143.0,vihtavuori_n555,144,41.7,2664,2.709
6_5_creedmoor,0.264,hornady,ELD-X,143.0,vihtavuori_n160,143,41.4,2628,2.709
6_5_creedmoor,0.264,hornady,ELD-X,143.0,vihtavuori_n560,147,44.9,2733,2.709
6_5_creedmoor,0.264,hornady,ELD-X,143.0,vihtavuori_n565,156,47.1,2703,2.709
6_5_creedmoor,0.264,berger,Long Range Hybrid Target,144.0,vihtavuori_n150,124,35.3,2461,2.795
6_5_creedmoor,0.264,berger,Long Range Hybrid Target,144.0,vihtavuori_n550,129,39.0,2651,2.795
6_5_creedmoor,0.264,berger,Long Range Hybrid Target,144.0,vihtavuori_n555,144,43.2,2746,2.795
6_5_creedmoor,0.264,berger,Long Range Hybrid Target,144.0,vihtavuori_n160,143,43.1,2638,2.795
6_5_creedmoor,0.264,berger,Long Range Hybrid Target,144.0,vihtavuori_n560,147,44.6,2740,2.795
6_5_creedmoor,0.264,berger,Long Range Hybrid Target,144.0,vihtavuori_n565,156,47.1,2746,2.795
6_5_creedmoor,0.264,lapua,FMJBT,144.0,vihtavuori_n540,117,34.9,2585,2.717
6_5_creedmoor,0.264,lapua,FMJBT,144.0,vihtavuori_n150,124,35.3,2562,2.717
6_5_creedmoor,0.264,lapua,FMJBT,144.0,vihtavuori_n550,129,37.7,2664,2.717
6_5_creedmoor,0.264,lapua,FMJBT,144.0,vihtavuori_n555,144,41.2,2631,2.717
6_5_creedmoor,0.264,lapua,FMJBT,144.0,vihtavuori_n160,143,40.3,2566,2.717
6_5_creedmoor,0.264,lapua,FMJBT,144.0,vihtavuori_n560,147,44.1,2700,2.717
6_5_creedmoor,0.264,lapua,FMJBT,144.0,vihtavuori_n565,156,45.7,2694,2.717
6_5_creedmoor,0.264,lapua,MaxRange Target GB582,144.0,vihtavuori_n540,117,33.5,2493,2.815
6_5_creedmoor,0.264,lapua,MaxRange Target GB582,144.0,vihtavuori_n150,124,32.3,2388,2.815
6_5_creedmoor,0.264,lapua,MaxRange Target GB582,144.0,vihtavuori_n550,129,36.9,2569,2.815
6_5_creedmoor,0.264,lapua,MaxRange Target GB582,144.0,vihtavuori_n555,144,40.1,2608,2.815
6_5_creedmoor,0.264,lapua,MaxRange Target GB582,144.0,vihtavuori_n160,143,37.2,2480,2.815
6_5_creedmoor,0.264,lapua,MaxRange Target GB582,144.0,vihtavuori_n165,153,42.7,2608,2.815
6_5_creedmoor,0.264,lapua,MaxRange Target GB582,144.0,vihtavuori_n560,147,42.4,2641,2.815
6_5_creedmoor,0.264,lapua,MaxRange Target GB582,144.0,vihtavuori_n565,156,44.4,2638,2.815
6_5_creedmoor,0.264,hornady,eld_match,147.0,vihtavuori_n550,129,37.2,2549,2.787
6_5_creedmoor,0.264,hornady,eld_match,147.0,vihtavuori_n555,144,42.6,2667,2.787
6_5_creedmoor,0.264,hornady,eld_match,147.0,vihtavuori_n160,143,41.8,2598,2.787
6_5_creedmoor,0.264,hornady,eld_match,147.0,vihtavuori_n165,153,46.6,2700,2.787
6_5_creedmoor,0.264,hornady,eld_match,147.0,vihtavuori_n560,147,43.7,2657,2.787
6_5_creedmoor,0.264,hornady,eld_match,147.0,vihtavuori_n565,156,46.0,2654,2.787
6_5_creedmoor,0.264,hornady,A-TIP,153.0,vihtavuori_n160,143,38.7,2434,2.783
6_5_creedmoor,0.264,hornady,A-TIP,153.0,vihtavuori_n165,153,44.1,2575,2.783
6_5_creedmoor,0.264,hornady,A-TIP,153.0,vihtavuori_n560,147,42.4,2582,2.783
6_5_creedmoor,0.264,hornady,A-TIP,153.0,vihtavuori_n565,156,45.7,2615,2.783
6_5_creedmoor,0.264,berger,Long Range Hybrid Target,153.5,vihtavuori_n540,117,36.0,2526,2.795
6_5_creedmoor,0.264,berger,Long Range Hybrid Target,153.5,vihtavuori_n150,124,34.3,2425,2.795
6_5_creedmoor,0.264,berger,Long Range Hybrid Target,153.5,vihtavuori_n550,129,38.1,2546,2.795
6_5_creedmoor,0.264,berger,Long Range Hybrid Target,153.5,vihtavuori_n555,144,41.7,2618,2.795
6_5_creedmoor,0.264,berger,Long Range Hybrid Target,153.5,vihtavuori_n160,143,41.4,2569,2.795
6_5_creedmoor,0.264,berger,Long Range Hybrid Target,153.5,vihtavuori_n165,153,46.9,2680,2.795
6_5_creedmoor,0.264,berger,Long Range Hybrid Target,153.5,vihtavuori_n560,147,43.8,2625,2.795
6_5_creedmoor,0.264,berger,Long Range Hybrid Target,153.5,vihtavuori_n565,156,46.8,2648,2.795
6_5_creedmoor,0.264,berger,elite_hunter,156.0,vihtavuori_n550,129,38.7,2526,2.795
6_5_creedmoor,0.264,berger,elite_hunter,156.0,vihtavuori_n555,144,43.5,2592,2.795
6_5_creedmoor,0.264,berger,elite_hunter,156.0,vihtavuori_n160,143,42.3,2493,2.795
6_5_creedmoor,0.264,berger,elite_hunter,156.0,vihtavuori_n165,153,47.1,2595,2.795
6_5_creedmoor,0.264,berger,elite_hunter,156.0,vihtavuori_n560,147,45.1,2625,2.795
6_5_creedmoor,0.264,berger,elite_hunter,156.0,vihtavuori_n565,156,46.3,2572,2.795
6_5_creedmoor,0.264,lapua,mega,156.0,vihtavuori_n540,117,34.0,2425,2.697
6_5_creedmoor,0.264,lapua,mega,156.0,vihtavuori_n150,124,33.5,2385,2.697
6_5_creedmoor,0.264,lapua,mega,156.0,vihtavuori_n550,129,36.6,2503,2.697
6_5_creedmoor,0.264,lapua,mega,156.0,vihtavuori_n160,143,38.3,2474,2.697
6_5_creedmoor,0.264,norma,oryx,156.0,vihtavuori_n550,129,34.4,2379,2.736
6_5_creedmoor,0.264,norma,oryx,156.0,vihtavuori_n555,144,37.3,2428,2.736
6_5_creedmoor,0.264,norma,oryx,156.0,vihtavuori_n160,143,36.4,2352,2.736
6_5_creedmoor,0.264,norma,oryx,156.0,vihtavuori_n560,147,39.5,2464,2.736
6_5_creedmoor,0.264,norma,oryx,156.0,vihtavuori_n565,156,41.8,2470,2.736
6_5_creedmoor,0.264,norma,Vulkan,156.0,vihtavuori_n140,112,31.6,2264,2.717
6_5_creedmoor,0.264,norma,Vulkan,156.0,vihtavuori_n540,117,32.9,2343,2.717
6_5_creedmoor,0.264,norma,Vulkan,156.0,vihtavuori_n150,124,30.7,2231,2.717
6_5_creedmoor,0.264,norma,Vulkan,156.0,vihtavuori_n550,129,35.5,2425,2.717
6_5_creedmoor,0.264,norma,Vulkan,156.0,vihtavuori_n160,143,38.9,2457,2.717
6_5_creedmoor,0.264,norma,Vulkan,156.0,vihtavuori_n560,147,41.1,2507,2.717
6_5_creedmoor,0.264,norma,Vulkan,156.0,vihtavuori_n565,156,43.2,2526,2.717
6_5_creedmoor,0.264,hornady,Interlock,160.0,vihtavuori_n140,112,34.3,2277,2.740
6_5_creedmoor,0.264,hornady,Interlock,160.0,vihtavuori_n540,117,35.2,2402,2.740
6_5_creedmoor,0.264,hornady,Interlock,160.0,vihtavuori_n150,124,33.8,2270,2.740
6_5_creedmoor,0.264,hornady,Interlock,160.0,vihtavuori_n550,129,38.3,2467,2.740
6_5_creedmoor,0.264,hornady,Interlock,160.0,vihtavuori_n555,144,41.5,2503,2.740
6_5_creedmoor,0.264,hornady,Interlock,160.0,vihtavuori_n160,143,41.2,2428,2.740
6_5_creedmoor,0.264,hornady,Interlock,160.0,vihtavuori_n560,147,43.5,2543,2.740
6_5_creedmoor,0.264,hornady,Interlock,160.0,vihtavuori_n565,156,45.8,2546,2.740
7mm_rem_mag,0.284,berger,hybrid_target,180.0,vihtavuori_n160,143,48.1,2398,3.287
7mm_rem_mag,0.284,berger,hybrid_target,180.0,vihtavuori_n560,147,52.9,2507,3.287
7mm_rem_mag,0.284,berger,hybrid_target,180.0,vihtavuori_n565,156,55.6,2582,3.287
7mm_rem_mag,0.284,berger,elite_hunter,195.0,vihtavuori_n165,153,54.9,2415,3.287
7mm_rem_mag,0.284,berger,elite_hunter,195.0,vihtavuori_n560,147,56.5,2477,3.287
7mm_rem_mag,0.284,berger,elite_hunter,195.0,vihtavuori_n565,156,57.4,2487,3.287
7mm_rem_mag,0.284,berger,elite_hunter,195.0,vihtavuori_n170,157,56.9,2415,3.287
7mm_rem_mag,0.284,berger,hybrid_target,180.0,vihtavuori_n160,143,54.2,2615,3.287
7mm_rem_mag,0.284,berger,hybrid_target,180.0,vihtavuori_n560,147,59.7,2766,3.287
7mm_rem_mag,0.284,berger,hybrid_target,180.0,vihtavuori_n565,156,62.7,2799,3.287
7mm_rem_mag,0.284,berger,elite_hunter,195.0,vihtavuori_n165,153,60.8,2625,3.287
7mm_rem_mag,0.284,berger,elite_hunter,195.0,vihtavuori_n560,147,62.3,2713,3.287
7mm_rem_mag,0.284,berger,elite_hunter,195.0,vihtavuori_n565,156,63.7,2720,3.287
7mm_rem_mag,0.284,berger,elite_hunter,195.0,vihtavuori_n170,157,62.8,2638,3.287
7mm_rem_mag,0.284,lapua,scenar_l,150.0,vihtavuori_n160,143,50.5,2605,3.287
7mm_rem_mag,0.284,lapua,scenar_l,150.0,vihtavuori_n165,153,57.4,2690,3.287
7mm_rem_mag,0.284,lapua,scenar_l,150.0,vihtavuori_n560,147,59.6,2779,3.287
7mm_rem_mag,0.284,lapua,naturalis_n564,155.0,vihtavuori_n160,143,46.1,2349,3.268
7mm_rem_mag,0.284,lapua,naturalis_n564,155.0,vihtavuori_n165,153,50.9,2438,3.268
7mm_rem_mag,0.284,lapua,naturalis_n564,155.0,vihtavuori_n560,147,54.0,2536,3.268
7mm_rem_mag,0.284,lapua,naturalis,160.0,vihtavuori_n160,143,48.6,2470,3.220
7mm_rem_mag,0.284,lapua,naturalis,160.0,vihtavuori_n165,153,56.3,2579,3.220
7mm_rem_mag,0.284,lapua,naturalis,160.0,vihtavuori_n560,147,56.6,2766,3.220
7mm_rem_mag,0.284,lapua,scenar_l,180.0,vihtavuori_n160,143,42.9,2224,3.287
7mm_rem_mag,0.284,lapua,scenar_l,180.0,vihtavuori_n165,153,44.3,2228,3.287
7mm_rem_mag,0.284,lapua,scenar_l,180.0,vihtavuori_n560,147,47.8,2388,3.287
7mm_rem_mag,0.284,lapua,scenar_l,180.0,vihtavuori_n170,157,48.1,2224,3.287
7mm_rem_mag,0.284,lapua,scenar_l,150.0,vihtavuori_n160,143,59.7,2930,3.287
7mm_rem_mag,0.284,lapua,scenar_l,150.0,vihtavuori_n165,153,66.1,3035,3.287
7mm_rem_mag,0.284,lapua,scenar_l,150.0,vihtavuori_n560,147,66.7,3120,3.287
7mm_rem_mag,0.284,lapua,naturalis_n564,155.0,vihtavuori_n160,143,52.8,2644,3.268
7mm_rem_mag,0.284,lapua,naturalis_n564,155.0,vihtavuori_n165,153,60.6,2795,3.268
7mm_rem_mag,0.284,lapua,naturalis_n564,155.0,vihtavuori_n560,147,60.2,2884,3.268
7mm_rem_mag,0.284,lapua,naturalis,160.0,vihtavuori_n160,143,58.0,2818,3.220
7mm_rem_mag,0.284,lapua,naturalis,160.0,vihtavuori_n165,153,63.0,2848,3.220
7mm_rem_mag,0.284,lapua,naturalis,160.0,vihtavuori_n560,147,62.2,3094,3.220
7mm_rem_mag,0.284,lapua,scenar_l,180.0,vihtavuori_n160,143,50.0,2510,3.287
7mm_rem_mag,0.284,lapua,scenar_l,180.0,vihtavuori_n165,153,53.7,2569,3.287
7mm_rem_mag,0.284,lapua,scenar_l,180.0,vihtavuori_n560,147,53.2,2651,3.287
7mm_rem_mag,0.284,lapua,scenar_l,180.0,vihtavuori_n170,157,58.5,2644,3.287
7mm_rem_mag,0.284,nosler,partition,150.0,vihtavuori_n160,143,54.5,2703,3.287
7mm_rem_mag,0.284,nosler,partition,150.0,vihtavuori_n165,153,59.0,2779,3.287
7mm_rem_mag,0.284,nosler,partition,150.0,vihtavuori_n560,147,60.0,2792,3.287
7mm_rem_mag,0.284,nosler,partition,150.0,vihtavuori_n160,143,60.8,2992,3.287
7mm_rem_mag,0.284,nosler,partition,150.0,vihtavuori_n165,153,66.7,3054,3.287
7mm_rem_mag,0.284,nosler,partition,150.0,vihtavuori_n560,147,67.1,3110,3.287
7mm_rem_mag,0.284,sierra,hpbt,168.0,vihtavuori_n160,143,50.3,2516,3.287
7mm_rem_mag,0.284,sierra,hpbt,168.0,vihtavuori_n165,153,55.7,2585,3.287
7mm_rem_mag,0.284,sierra,hpbt,168.0,vihtavuori_n560,147,57.9,2661,3.287
7mm_rem_mag,0.284,sierra,hpbt,168.0,vihtavuori_n170,157,58.3,2552,3.287
7mm_rem_mag,0.284,sierra,sbt,175.0,vihtavuori_n160,143,47.7,2418,3.287
7mm_rem_mag,0.284,sierra,sbt,175.0,vihtavuori_n165,153,52.6,2448,3.287
7mm_rem_mag,0.284,sierra,sbt,175.0,vihtavuori_n560,147,56.5,2595,3.287
7mm_rem_mag,0.284,sierra,sbt,175.0,vihtavuori_n170,157,57.6,2497,3.287
7mm_rem_mag,0.284,sierra,hpbt,168.0,vihtavuori_n160,143,59.6,2828,3.287
7mm_rem_mag,0.284,sierra,hpbt,168.0,vihtavuori_n165,153,63.9,2799,3.287
7mm_rem_mag,0.284,sierra,hpbt,168.0,vihtavuori_n560,147,65.7,2963,3.287
7mm_rem_mag,0.284,sierra,hpbt,168.0,vihtavuori_n170,157,69.8,2910,3.287
7mm_rem_mag,0.284,sierra,sbt,175.0,vihtavuori_n160,143,56.2,2710,3.287
7mm_rem_mag,0.284,sierra,sbt,175.0,vihtavuori_n165,153,62.7,2802,3.287
7mm_rem_mag,0.284,sierra,sbt,175.0,vihtavuori_n560,147,64.5,2904,3.287
7mm_rem_mag,0.284,sierra,sbt,175.0,vihtavuori_n170,157,67.1,2828,3.287
7mm_rem_mag,0.284,speer,grand_slam,160.0,vihtavuori_n160,143,51.1,2572,3.228
7mm_rem_mag,0.284,speer,grand_slam,160.0,vihtavuori_n165,153,59.1,2664,3.228
7mm_rem_mag,0.284,speer,grand_slam,160.0,vihtavuori_n560,147,60.3,2700,3.228
7mm_rem_mag,0.284,speer,grand_slam,160.0,vihtavuori_n160,143,61.6,2887,3.228
7mm_rem_mag,0.284,speer,grand_slam,160.0,vihtavuori_n165,153,68.1,2982,3.228
7mm_rem_mag,0.284,speer,grand_slam,160.0,vihtavuori_n560,147,68.7,3035,3.228
7mm_rem_mag,0.284,swift,a_frame,140.0,vihtavuori_n160,143,53.2,2717,3.268
7mm_rem_mag,0.284,swift,a_frame,140.0,vihtavuori_n165,153,59.9,2831,3.268
7mm_rem_mag,0.284,swift,a_frame,140.0,vihtavuori_n560,147,59.3,2795,3.268
7mm_rem_mag,0.284,swift,a_frame,140.0,vihtavuori_n160,143,62.2,3068,3.268
7mm_rem_mag,0.284,swift,a_frame,140.0,vihtavuori_n165,153,67.4,3133,3.268
7mm_rem_mag,0.284,swift,a_frame,140.0,vihtavuori_n560,147,67.3,3169,3.268
270_win,0.277,speer,Spitzer,100.0,vihtavuori_n150,124,44.5,2945,3.150
270_win,0.277,speer,Spitzer,100.0,vihtavuori_n160,143,58.6,3127,3.150
270_win,0.277,speer,Spitzer,100.0,vihtavuori_n165,153,61.7,3170,3.150
270_win,0.277,sierra,MatchKing,115.0,vihtavuori_n150,124,39.5,2733,3.287
270_win,0.277,sierra,MatchKing,115.0,vihtavuori_n550,129,44.3,2858,3.287
270_win,0.277,sierra,MatchKing,115.0,vihtavuori_n160,143,46.0,2769,3.287
270_win,0.277,remington,sp,130.0,vihtavuori_n160,143,51.5,2779,3.228
270_win,0.277,remington,sp,130.0,vihtavuori_n560,147,56.2,2873,3.228
270_win,0.277,rhino,solid_shank,130.0,vihtavuori_n555,144,50.9,2864,3.268
270_win,0.277,rhino,solid_shank,130.0,vihtavuori_n160,143,49.4,2733,3.268
270_win,0.277,rhino,solid_shank,130.0,vihtavuori_n165,153,55.6,2864,3.268
270_win,0.277,rhino,solid_shank,130.0,vihtavuori_n560,147,52.5,2795,3.268
270_win,0.277,speer,spbt,130.0,vihtavuori_n165,153,54.6,2787,3.268
270_win,0.277,swift,scirocco_ii,130.0,vihtavuori_n555,144,50.3,2867,3.331
270_win,0.277,swift,scirocco_ii,130.0,vihtavuori_n160,143,45.5,2684,3.331
270_win,0.277,swift,scirocco_ii,130.0,vihtavuori_n165,153,54.0,2874,3.331
270_win,0.277,swift,scirocco_ii,130.0,vihtavuori_n560,147,54.0,2831,3.331
270_win,0.277,swift,scirocco_ii,130.0,vihtavuori_n565,156,55.6,2831,3.331
270_win,0.277,sierra,hpbt,135.0,vihtavuori_n160,143,44.8,2697,3.268
270_win,0.277,sierra,hpbt,135.0,vihtavuori_n165,153,56.3,2769,3.268
270_win,0.277,sierra,hpbt,135.0,vihtavuori_n560,147,55.9,2874,3.268
270_win,0.277,barnes,tsx,140.0,vihtavuori_n550,129,37.7,2418,3.209
270_win,0.277,barnes,tsx,140.0,vihtavuori_n165,153,44.8,2533,3.209
270_win,0.277,barnes,tsx,140.0,vihtavuori_n560,147,48.1,2618,3.209
270_win,0.277,rhino,solid_shank,140.0,vihtavuori_n160,143,47.1,2598,3.268
270_win,0.277,rhino,solid_shank,140.0,vihtavuori_n165,153,52.5,2700,3.268
270_win,0.277,rhino,solid_shank,140.0,vihtavuori_n560,147,50.2,2667,3.268
270_win,0.277,swift,A-Frame,140.0,vihtavuori_n550,129,40.6,2487,3.228
270_win,0.277,swift,A-Frame,140.0,vihtavuori_n165,153,47.1,2592,3.228
270_win,0.277,swift,A-Frame,140.0,vihtavuori_n560,147,48.1,2589,3.228
270_win,0.277,barnes,tsx,150.0,vihtavuori_n550,129,37.7,2336,3.228
270_win,0.277,barnes,tsx,150.0,vihtavuori_n165,153,41.8,2339,3.228
270_win,0.277,barnes,tsx,150.0,vihtavuori_n560,147,44.8,2448,3.228
270_win,0.277,nosler,ballistic_tip,150.0,vihtavuori_n160,143,45.1,2395,3.287
270_win,0.277,nosler,ballistic_tip,150.0,vihtavuori_n165,153,47.8,2408,3.287
270_win,0.277,nosler,ballistic_tip,150.0,vihtavuori_n560,147,48.3,2434,3.287
270_win,0.277,swift,A-Frame,150.0,vihtavuori_n555,144,44.8,2579,3.331
270_win,0.277,swift,A-Frame,150.0,vihtavuori_n160,143,42.4,2444,3.331
270_win,0.277,swift,A-Frame,150.0,vihtavuori_n165,153,47.8,2579,3.331
270_win,0.277,swift,A-Frame,150.0,vihtavuori_n560,147,49.4,2608,3.331
270_win,0.277,swift,A-Frame,150.0,vihtavuori_n565,156,50.9,2628,3.331
270_win,0.277,nosler,Partition,160.0,vihtavuori_n160,143,38.6,2293,3.331
270_win,0.277,nosler,Partition,160.0,vihtavuori_n165,153,44.4,2411,3.331
270_win,0.277,nosler,Partition,160.0,vihtavuori_n560,147,46.5,2444,3.331
270_win,0.277,speer,Spitzer,100.0,vihtavuori_n150,124,52.8,3273,3.150
270_win,0.277,speer,Spitzer,100.0,vihtavuori_n160,143,65.8,3468,3.150
270_win,0.277,speer,Spitzer,100.0,vihtavuori_n165,153,69.9,3509,3.150
270_win,0.277,sierra,MatchKing,115.0,vihtavuori_n150,124,45.4,3031,3.287
270_win,0.277,sierra,MatchKing,115.0,vihtavuori_n550,129,49.1,3130,3.287
270_win,0.277,sierra,MatchKing,115.0,vihtavuori_n160,143,54.6,3143,3.287
270_win,0.277,remington,sp,130.0,vihtavuori_n160,143,58.0,3083,3.228
270_win,0.277,remington,sp,130.0,vihtavuori_n560,147,61.3,3132,3.228
270_win,0.277,rhino,solid_shank,130.0,vihtavuori_n555,144,54.5,3051,3.268
270_win,0.277,rhino,solid_shank,130.0,vihtavuori_n160,143,54.3,2969,3.268
270_win,0.277,rhino,solid_shank,130.0,vihtavuori_n165,153,59.1,3058,3.268
270_win,0.277,rhino,solid_shank,130.0,vihtavuori_n560,147,56.6,3031,3.268
270_win,0.277,speer,spbt,130.0,vihtavuori_n165,153,62.0,3089,3.268
270_win,0.277,swift,scirocco_ii,130.0,vihtavuori_n555,144,54.5,3084,3.331
270_win,0.277,swift,scirocco_ii,130.0,vihtavuori_n160,143,54.2,2992,3.331
270_win,0.277,swift,scirocco_ii,130.0,vihtavuori_n165,153,60.2,3120,3.331
270_win,0.277,swift,scirocco_ii,130.0,vihtavuori_n560,147,59.0,3104,3.331
270_win,0.277,swift,scirocco_ii,130.0,vihtavuori_n565,156,60.5,3068,3.331
270_win,0.277,sierra,hpbt,135.0,vihtavuori_n160,143,56.5,3048,3.268
270_win,0.277,sierra,hpbt,135.0,vihtavuori_n165,153,60.2,3041,3.268
270_win,0.277,sierra,hpbt,135.0,vihtavuori_n560,147,60.3,3140,3.268
270_win,0.277,barnes,tsx,140.0,vihtavuori_n550,129,46.5,2822,3.209
270_win,0.277,barnes,tsx,140.0,vihtavuori_n165,153,52.8,2828,3.209
270_win,0.277,barnes,tsx,140.0,vihtavuori_n560,147,53.7,2894,3.209
270_win,0.277,rhino,solid_shank,140.0,vihtavuori_n160,143,52.8,2864,3.268
270_win,0.277,rhino,solid_shank,140.0,vihtavuori_n165,153,56.8,2930,3.268
270_win,0.277,rhino,solid_shank,140.0,vihtavuori_n560,147,54.9,2930,3.268
270_win,0.277,swift,A-Frame,140.0,vihtavuori_n550,129,47.5,2818,3.228
270_win,0.277,swift,A-Frame,140.0,vihtavuori_n165,153,55.4,2844,3.228
270_win,0.277,swift,A-Frame,140.0,vihtavuori_n560,147,55.6,2913,3.228
270_win,0.277,barnes,tsx,150.0,vihtavuori_n550,129,45.2,2694,3.228
270_win,0.277,barnes,tsx,150.0,vihtavuori_n165,153,50.5,2687,3.228
270_win,0.277,barnes,tsx,150.0,vihtavuori_n560,147,51.9,2779,3.228
270_win,0.277,nosler,ballistic_tip,150.0,vihtavuori_n160,143,52.3,2762,3.287
270_win,0.277,nosler,ballistic_tip,150.0,vihtavuori_n165,153,57.7,2854,3.287
270_win,0.277,nosler,ballistic_tip,150.0,vihtavuori_n560,147,56.5,2854,3.287
270_win,0.277,swift,A-Frame,150.0,vihtavuori_n555,144,50.3,2812,3.331
270_win,0.277,swift,A-Frame,150.0,vihtavuori_n160,143,47.8,2680,3.331
270_win,0.277,swift,A-Frame,150.0,vihtavuori_n165,153,55.4,2835,3.331
270_win,0.277,swift,A-Frame,150.0,vihtavuori_n560,147,55.4,2887,3.331
270_win,0.277,swift,A-Frame,150.0,vihtavuori_n565,156,56.3,2858,3.331
270_win,0.277,nosler,Partition,160.0,vihtavuori_n160,143,44.6,2562,3.331
270_win,0.277,nosler,Partition,160.0,vihtavuori_n165,153,51.1,2661,3.331
270_win,0.277,nosler,Partition,160.0,vihtavuori_n560,147,52.8,2779,3.331
270_weatherby_mag,0.277,remington,PSP,100.0,vihtavuori_n550,129,66.8,3401,3.110
270_weatherby_mag,0.277,remington,PSP,100.0,vihtavuori_n160,143,71.0,3421,3.110
270_weatherby_mag,0.277,remington,PSP,100.0,vihtavuori_n165,153,78.4,3428,3.110
270_weatherby_mag,0.277,remington,PSPCL,130.0,vihtavuori_n160,143,66.5,3080,3.236
270_weatherby_mag,0.277,remington,PSPCL,130.0,vihtavuori_n165,153,71.3,3055,3.236
270_weatherby_mag,0.277,remington,PSPCL,130.0,vihtavuori_n560,147,72.7,3108,3.236
270_weatherby_mag,0.277,sierra,hpbt,135.0,vihtavuori_n160,143,65.0,2964,3.268
270_weatherby_mag,0.277,sierra,hpbt,135.0,vihtavuori_n165,153,70.2,3029,3.268
270_weatherby_mag,0.277,sierra,hpbt,135.0,vihtavuori_n560,147,71.2,3137,3.268
270_weatherby_mag,0.277,nosler,Partition,150.0,vihtavuori_n165,153,67.0,2876,3.248
270_weatherby_mag,0.277,nosler,Partition,150.0,vihtavuori_n560,147,67.6,2954,3.248
270_weatherby_mag,0.277,nosler,Partition,150.0,vihtavuori_n170,157,73.4,2906,3.248
270_weatherby_mag,0.277,remington,PSP,100.0,vihtavuori_n550,129,71.7,3666,3.110
270_weatherby_mag,0.277,remington,PSP,100.0,vihtavuori_n160,143,74.9,3634,3.110
270_weatherby_mag,0.277,remington,PSP,100.0,vihtavuori_n165,153,83.0,3658,3.110
270_weatherby_mag,0.277,remington,PSPCL,130.0,vihtavuori_n160,143,71.1,3284,3.236
270_weatherby_mag,0.277,remington,PSPCL,130.0,vihtavuori_n165,153,76.0,3270,3.236
270_weatherby_mag,0.277,remington,PSPCL,130.0,vihtavuori_n560,147,76.9,3294,3.236
270_weatherby_mag,0.277,sierra,hpbt,135.0,vihtavuori_n160,143,68.3,3167,3.268
270_weatherby_mag,0.277,sierra,hpbt,135.0,vihtavuori_n165,153,72.5,3244,3.268
270_weatherby_mag,0.277,sierra,hpbt,135.0,vihtavuori_n560,147,74.2,3323,3.268
270_weatherby_mag,0.277,nosler,Partition,150.0,vihtavuori_n165,153,72.2,3072,3.248
270_weatherby_mag,0.277,nosler,Partition,150.0,vihtavuori_n560,147,71.0,3134,3.248
270_weatherby_mag,0.277,nosler,Partition,150.0,vihtavuori_n170,157,78.8,3134,3.248
260_rem,0.264,speer,TNT,90.0,vihtavuori_n140,112,39.8,2995,2.598
260_rem,0.264,speer,TNT,90.0,vihtavuori_n540,117,42.4,3150,2.598
260_rem,0.264,speer,TNT,90.0,vihtavuori_n150,124,40.3,3051,2.598
260_rem,0.264,speer,TNT,90.0,vihtavuori_n550,129,43.7,3110,2.598
260_rem,0.264,fox,classic_hunter,100.0,vihtavuori_n140,112,36.3,2703,2.795
260_rem,0.264,fox,classic_hunter,100.0,vihtavuori_n540,117,39.0,2864,2.795
260_rem,0.264,fox,classic_hunter,100.0,vihtavuori_n150,124,36.4,2730,2.795
260_rem,0.264,fox,classic_hunter,100.0,vihtavuori_n160,143,45.5,2867,2.795
260_rem,0.264,hornady,eld_vt,100.0,vihtavuori_n140,112,37.0,2828,2.795
260_rem,0.264,hornady,eld_vt,100.0,vihtavuori_n540,117,38.1,2881,2.795
260_rem,0.264,hornady,eld_vt,100.0,vihtavuori_n150,124,36.6,2812,2.795
260_rem,0.264,hornady,eld_vt,100.0,vihtavuori_n550,129,41.2,2894,2.795
260_rem,0.264,hornady,eld_vt,100.0,vihtavuori_n555,144,44.8,2933,2.795
260_rem,0.264,hornady,eld_vt,100.0,vihtavuori_n160,143,45.5,2881,2.795
260_rem,0.264,lapua,fmj,100.0,vihtavuori_n140,112,32.1,2510,2.598
260_rem,0.264,lapua,fmj,100.0,vihtavuori_n540,117,35.8,2615,2.598
260_rem,0.264,lapua,fmj,100.0,vihtavuori_n150,124,32.7,2523,2.598
260_rem,0.264,lapua,scenar,100.0,vihtavuori_n140,112,36.0,2677,2.717
260_rem,0.264,lapua,scenar,100.0,vihtavuori_n540,117,38.4,2700,2.717
260_rem,0.264,lapua,scenar,100.0,vihtavuori_n150,124,37.5,2687,2.717
260_rem,0.264,sierra,HPFB,100.0,vihtavuori_n140,112,35.5,2708,2.657
260_rem,0.264,sierra,HPFB,100.0,vihtavuori_n540,117,36.9,2725,2.657
260_rem,0.264,sierra,HPFB,100.0,vihtavuori_n150,124,35.7,2669,2.657
260_rem,0.264,lapua,scenar,108.0,vihtavuori_n540,117,36.2,2631,2.795
260_rem,0.264,lapua,scenar,108.0,vihtavuori_n150,124,35.1,2594,2.795
260_rem,0.264,lapua,scenar,108.0,vihtavuori_n160,143,41.0,2670,2.795
260_rem,0.264,barnes,ttsx_bt,120.0,vihtavuori_n140,112,32.9,2329,2.772
260_rem,0.264,barnes,ttsx_bt,120.0,vihtavuori_n540,117,34.1,2457,2.772
260_rem,0.264,barnes,ttsx_bt,120.0,vihtavuori_n150,124,29.5,2205,2.772
260_rem,0.264,berger,BT Target,120.0,vihtavuori_n540,117,35.3,2598,2.795
260_rem,0.264,berger,BT Target,120.0,vihtavuori_n150,124,33.8,2510,2.795
260_rem,0.264,berger,BT Target,120.0,vihtavuori_n550,129,38.9,2628,2.795
260_rem,0.264,berger,BT Target,120.0,vihtavuori_n160,143,42.1,2657,2.795
260_rem,0.264,hornady,cx,120.0,vihtavuori_n140,112,31.6,2280,2.795
260_rem,0.264,hornady,cx,120.0,vihtavuori_n540,117,33.3,2438,2.795
260_rem,0.264,hornady,cx,120.0,vihtavuori_n150,124,30.9,2274,2.795
260_rem,0.264,hornady,cx,120.0,vihtavuori_n550,129,35.5,2434,2.795
260_rem,0.264,hornady,cx,120.0,vihtavuori_n555,144,37.0,2470,2.795
260_rem,0.264,hornady,cx,120.0,vihtavuori_n160,143,35.5,2333,2.795
260_rem,0.264,hornady,cx,120.0,vihtavuori_n560,147,41.7,2516,2.795
260_rem,0.264,lapua,Scenar-L,120.0,vihtavuori_n540,117,35.3,2425,2.795
260_rem,0.264,lapua,Scenar-L,120.0,vihtavuori_n150,124,35.8,2497,2.795
260_rem,0.264,lapua,Scenar-L,120.0,vihtavuori_n550,129,39.2,2585,2.795
260_rem,0.264,lapua,Scenar-L,120.0,vihtavuori_n160,143,41.8,2530,2.795
260_rem,0.264,lapua,trx,120.0,vihtavuori_n140,112,34.7,2503,2.795
260_rem,0.264,lapua,trx,120.0,vihtavuori_n540,117,35.5,2595,2.795
260_rem,0.264,lapua,trx,120.0,vihtavuori_n150,124,34.3,2493,2.795
260_rem,0.264,lapua,trx,120.0,vihtavuori_n550,129,38.3,2605,2.795
260_rem,0.264,lapua,trx,120.0,vihtavuori_n555,144,42.3,2667,2.795
260_rem,0.264,lapua,trx,120.0,vihtavuori_n160,143,42.4,2598,2.795
260_rem,0.264,lapua,trx,120.0,vihtavuori_n560,147,45.2,2651,2.795
260_rem,0.264,nosler,ballistic_tip,120.0,vihtavuori_n140,112,33.6,2461,2.799
260_rem,0.264,nosler,ballistic_tip,120.0,vihtavuori_n150,124,34.0,2477,2.799
260_rem,0.264,nosler,ballistic_tip,120.0,vihtavuori_n160,143,42.9,2644,2.799
260_rem,0.264,speer,sp,120.0,vihtavuori_n540,117,34.2,2456,2.795
260_rem,0.264,speer,sp,120.0,vihtavuori_n550,129,36.5,2511,2.795
260_rem,0.264,speer,sp,120.0,vihtavuori_n160,143,38.2,2478,2.795
260_rem,0.264,lapua,scenar,123.0,vihtavuori_n150,124,33.2,2405,2.795
260_rem,0.264,lapua,scenar,123.0,vihtavuori_n550,129,37.5,2287,2.795
260_rem,0.264,lapua,scenar,123.0,vihtavuori_n160,143,41.2,2516,2.795
260_rem,0.264,sierra,HPBT MatchKing,123.0,vihtavuori_n140,112,34.0,2520,2.795
260_rem,0.264,sierra,HPBT MatchKing,123.0,vihtavuori_n540,117,35.8,2605,2.795
260_rem,0.264,sierra,HPBT MatchKing,123.0,vihtavuori_n150,124,33.8,2520,2.795
260_rem,0.264,sierra,HPBT MatchKing,123.0,vihtavuori_n550,129,38.9,2651,2.795
260_rem,0.264,sierra,HPBT MatchKing,123.0,vihtavuori_n555,144,42.4,2690,2.795
260_rem,0.264,sierra,HPBT MatchKing,123.0,vihtavuori_n160,143,41.7,2628,2.795
260_rem,0.264,sierra,HPBT MatchKing,123.0,vihtavuori_n560,147,44.8,2671,2.795
260_rem,0.264,barnes,lrx_bt,127.0,vihtavuori_n140,112,31.5,2211,2.795
260_rem,0.264,barnes,lrx_bt,127.0,vihtavuori_n540,117,34.7,2372,2.795
260_rem,0.264,barnes,lrx_bt,127.0,vihtavuori_n150,124,31.3,2231,2.795
260_rem,0.264,barnes,lrx_bt,127.0,vihtavuori_n550,129,36.7,2451,2.795
260_rem,0.264,barnes,lrx_bt,127.0,vihtavuori_n160,143,38.6,2411,2.795
260_rem,0.264,barnes,lrx_bt,127.0,vihtavuori_n560,147,42.9,2503,2.795
260_rem,0.264,barnes,lrx_bt,127.0,vihtavuori_n565,156,45.1,2526,2.795
260_rem,0.264,hornady,Interlock SP,129.0,vihtavuori_n140,112,31.6,2323,2.795
260_rem,0.264,hornady,Interlock SP,129.0,vihtavuori_n540,117,32.4,2415,2.795
260_rem,0.264,hornady,Interlock SP,129.0,vihtavuori_n150,124,30.9,2290,2.795
260_rem,0.264,hornady,Interlock SP,129.0,vihtavuori_n550,129,35.5,2484,2.795
260_rem,0.264,hornady,Interlock SP,129.0,vihtavuori_n555,144,38.6,2503,2.795
260_rem,0.264,hornady,Interlock SP,129.0,vihtavuori_n160,143,37.0,2392,2.795
260_rem,0.264,hornady,Interlock SP,129.0,vihtavuori_n560,147,40.9,2510,2.795
260_rem,0.264,barnes,tsx,130.0,vihtavuori_n540,117,33.5,2362,2.787
260_rem,0.264,barnes,tsx,130.0,vihtavuori_n550,129,34.9,2352,2.787
260_rem,0.264,barnes,tsx,130.0,vihtavuori_n160,143,35.8,2303,2.787
260_rem,0.264,sierra,TGK,130.0,vihtavuori_n140,112,31.6,2362,2.795
260_rem,0.264,sierra,TGK,130.0,vihtavuori_n540,117,34.0,2484,2.795
260_rem,0.264,sierra,TGK,130.0,vihtavuori_n150,124,31.3,2339,2.795
260_rem,0.264,sierra,TGK,130.0,vihtavuori_n550,129,37.0,2533,2.795
260_rem,0.264,sierra,TGK,130.0,vihtavuori_n555,144,39.8,2559,2.795
260_rem,0.264,sierra,TGK,130.0,vihtavuori_n160,143,36.4,2408,2.795
260_rem,0.264,sierra,TGK,130.0,vihtavuori_n560,147,42.4,2549,2.795
260_rem,0.264,berger,Hybrid OTM Tactical,130.0,vihtavuori_n540,117,34.3,2500,2.795
260_rem,0.264,berger,Hybrid OTM Tactical,130.0,vihtavuori_n150,124,33.5,2448,2.795
260_rem,0.264,berger,Hybrid OTM Tactical,130.0,vihtavuori_n550,129,37.8,2549,2.795
260_rem,0.264,berger,Hybrid OTM Tactical,130.0,vihtavuori_n160,143,41.8,2579,2.795
260_rem,0.264,berger,VLD Target,130.0,vihtavuori_n140,112,32.6,2425,2.795
260_rem,0.264,berger,VLD Target,130.0,vihtavuori_n540,117,33.8,2497,2.795
260_rem,0.264,berger,VLD Target,130.0,vihtavuori_n150,124,32.3,2431,2.795
260_rem,0.264,berger,VLD Target,130.0,vihtavuori_n550,129,38.0,2552,2.795
260_rem,0.264,berger,VLD Target,130.0,vihtavuori_n555,144,40.0,2598,2.795
260_rem,0.264,swift,scirocco_ii,130.0,vihtavuori_n140,112,31.8,2359,2.795
260_rem,0.264,swift,scirocco_ii,130.0,vihtavuori_n540,117,32.7,2408,2.795
260_rem,0.264,swift,scirocco_ii,130.0,vihtavuori_n150,124,31.2,2369,2.795
260_rem,0.264,swift,scirocco_ii,130.0,vihtavuori_n550,129,35.5,2434,2.795
260_rem,0.264,swift,scirocco_ii,130.0,vihtavuori_n560,147,42.3,2500,2.795
260_rem,0.264,berger,classic_hunter,135.0,vihtavuori_n540,117,32.9,2415,2.795
260_rem,0.264,berger,classic_hunter,135.0,vihtavuori_n150,124,32.3,2365,2.795
260_rem,0.264,berger,classic_hunter,135.0,vihtavuori_n550,129,37.3,2487,2.795
260_rem,0.264,berger,classic_hunter,135.0,vihtavuori_n160,143,40.0,2484,2.795
260_rem,0.264,berger,classic_hunter,135.0,vihtavuori_n560,147,43.1,2520,2.795
260_rem,0.264,lapua,Scenar-L,136.0,vihtavuori_n550,129,38.1,2477,2.795
260_rem,0.264,lapua,Scenar-L,136.0,vihtavuori_n555,144,40.1,2523,2.795
260_rem,0.264,lapua,Scenar-L,136.0,vihtavuori_n160,143,41.8,2487,2.795
260_rem,0.264,lapua,Scenar-L,136.0,vihtavuori_n560,147,43.5,2500,2.795
260_rem,0.264,lapua,scenar,139.0,vihtavuori_n550,129,37.0,2480,2.795
260_rem,0.264,lapua,scenar,139.0,vihtavuori_n555,144,40.0,2490,2.795
260_rem,0.264,lapua,scenar,139.0,vihtavuori_n160,143,40.1,2480,2.795
260_rem,0.264,lapua,scenar,139.0,vihtavuori_n560,147,42.0,2461,2.795
260_rem,0.264,berger,elite_hunter,140.0,vihtavuori_n150,124,31.6,2303,2.795
260_rem,0.264,berger,elite_hunter,140.0,vihtavuori_n550,129,36.3,2421,2.795
260_rem,0.264,berger,elite_hunter,140.0,vihtavuori_n160,143,36.3,2415,2.795
260_rem,0.264,berger,elite_hunter,140.0,vihtavuori_n560,147,42.4,2470,2.795
260_rem,0.264,berger,elite_hunter,140.0,vihtavuori_n565,156,43.4,2484,2.795
260_rem,0.264,berger,VLD Target,140.0,vihtavuori_n540,117,32.7,2375,2.795
260_rem,0.264,berger,VLD Target,140.0,vihtavuori_n150,124,32.6,2336,2.795
260_rem,0.264,berger,VLD Target,140.0,vihtavuori_n550,129,36.9,2441,2.795
260_rem,0.264,berger,VLD Target,140.0,vihtavuori_n160,143,40.3,2464,2.795
260_rem,0.264,berger,VLD Target,140.0,vihtavuori_n560,147,42.0,2461,2.795
260_rem,0.264,berger,VLD Target,140.0,vihtavuori_n565,156,43.5,2480,2.795
260_rem,0.264,hornady,gmx,140.0,vihtavuori_n140,112,28.5,1906,2.795
260_rem,0.264,hornady,gmx,140.0,vihtavuori_n540,117,32.4,2201,2.795
260_rem,0.264,hornady,gmx,140.0,vihtavuori_n150,124,28.5,1913,2.795
260_rem,0.264,hornady,gmx,140.0,vihtavuori_n550,129,34.7,2221,2.795
260_rem,0.264,hornady,gmx,140.0,vihtavuori_n555,144,37.5,2283,2.795
260_rem,0.264,hornady,gmx,140.0,vihtavuori_n560,147,42.4,2372,2.795
260_rem,0.264,lapua,Naturalis N507,140.0,vihtavuori_n550,129,33.5,2257,2.886
260_rem,0.264,lapua,Naturalis N507,140.0,vihtavuori_n160,143,34.7,2208,2.886
260_rem,0.264,lapua,Naturalis N507,140.0,vihtavuori_n560,147,38.1,2234,2.886
260_rem,0.264,lapua,Naturalis N563,140.0,vihtavuori_n150,124,29.3,2188,2.756
260_rem,0.264,lapua,Naturalis N563,140.0,vihtavuori_n550,129,33.5,2310,2.756
260_rem,0.264,lapua,Naturalis N563,140.0,vihtavuori_n555,144,36.6,2365,2.756
260_rem,0.264,lapua,Naturalis N563,140.0,vihtavuori_n160,143,34.0,2260,2.756
260_rem,0.264,lapua,Naturalis N563,140.0,vihtavuori_n560,147,39.7,2362,2.756
260_rem,0.264,nosler,accubond,140.0,vihtavuori_n550,129,36.1,2362,2.756
260_rem,0.264,nosler,accubond,140.0,vihtavuori_n160,143,37.5,2343,2.756
260_rem,0.264,nosler,accubond,140.0,vihtavuori_n560,147,39.5,2415,2.756
260_rem,0.264,swift,A-Frame,140.0,vihtavuori_n550,129,31.5,2198,2.795
260_rem,0.264,swift,A-Frame,140.0,vihtavuori_n160,143,28.5,2057,2.795
260_rem,0.264,swift,A-Frame,140.0,vihtavuori_n560,147,37.0,2297,2.795
260_rem,0.264,swift,A-Frame,140.0,vihtavuori_n565,156,40.0,2375,2.795
260_rem,0.264,hornady,ELD-X,143.0,vihtavuori_n140,112,30.1,2185,2.795
260_rem,0.264,hornady,ELD-X,143.0,vihtavuori_n540,117,30.9,2251,2.795
260_rem,0.264,hornady,ELD-X,143.0,vihtavuori_n150,124,30.1,2182,2.795
260_rem,0.264,hornady,ELD-X,143.0,vihtavuori_n550,129,35.5,2359,2.795
260_rem,0.264,hornady,ELD-X,143.0,vihtavuori_n555,144,38.6,2411,2.795
260_rem,0.264,hornady,ELD-X,143.0,vihtavuori_n160,143,37.0,2320,2.795
260_rem,0.264,hornady,ELD-X,143.0,vihtavuori_n560,147,40.9,2392,2.795
260_rem,0.264,berger,Long Range Hybrid Target,144.0,vihtavuori_n540,117,33.6,2398,2.795
260_rem,0.264,berger,Long Range Hybrid Target,144.0,vihtavuori_n150,124,32.4,2287,2.795
260_rem,0.264,berger,Long Range Hybrid Target,144.0,vihtavuori_n550,129,36.6,2431,2.795
260_rem,0.264,berger,Long Range Hybrid Target,144.0,vihtavuori_n555,144,40.4,2490,2.795
260_rem,0.264,berger,Long Range Hybrid Target,144.0,vihtavuori_n160,143,40.6,2428,2.795
260_rem,0.264,berger,Long Range Hybrid Target,144.0,vihtavuori_n560,147,42.9,2461,2.795
260_rem,0.264,lapua,FMJBT,144.0,vihtavuori_n550,129,33.2,2221,2.795
260_rem,0.264,lapua,FMJBT,144.0,vihtavuori_n555,144,37.2,2385,2.795
260_rem,0.264,lapua,FMJBT,144.0,vihtavuori_n160,143,36.0,2231,2.795
260_rem,0.264,lapua,FMJBT,144.0,vihtavuori_n560,147,39.5,2579,2.795
260_rem,0.264,lapua,FMJBT,144.0,vihtavuori_n565,156,41.7,2415,2.795
260_rem,0.264,lapua,MaxRange Target GB582,144.0,vihtavuori_n140,112,31.6,2287,2.795
260_rem,0.264,lapua,MaxRange Target GB582,144.0,vihtavuori_n540,117,32.4,2320,2.795
260_rem,0.264,lapua,MaxRange Target GB582,144.0,vihtavuori_n150,124,31.6,2287,2.795
260_rem,0.264,lapua,MaxRange Target GB582,144.0,vihtavuori_n550,129,36.7,2405,2.795
260_rem,0.264,lapua,MaxRange Target GB582,144.0,vihtavuori_n555,144,40.1,2467,2.795
260_rem,0.264,lapua,MaxRange Target GB582,144.0,vihtavuori_n160,143,40.1,2421,2.795
260_rem,0.264,lapua,MaxRange Target GB582,144.0,vihtavuori_n560,147,42.4,2467,2.795
260_rem,0.264,berger,Long Range Hybrid Target,153.5,vihtavuori_n540,117,32.7,2267,2.795
260_rem,0.264,berger,Long Range Hybrid Target,153.5,vihtavuori_n150,124,30.9,2178,2.795
260_rem,0.264,berger,Long Range Hybrid Target,153.5,vihtavuori_n550,129,35.5,2320,2.795
260_rem,0.264,berger,Long Range Hybrid Target,153.5,vihtavuori_n555,144,40.1,2408,2.795
260_rem,0.264,berger,Long Range Hybrid Target,153.5,vihtavuori_n160,143,40.1,2329,2.795
260_rem,0.264,berger,Long Range Hybrid Target,153.5,vihtavuori_n560,147,42.4,2326,2.795
260_rem,0.264,lapua,mega,155.0,vihtavuori_n160,143,33.0,2134,2.736
260_rem,0.264,lapua,mega,155.0,vihtavuori_n165,153,38.8,2208,2.736
260_rem,0.264,lapua,mega,155.0,vihtavuori_n560,147,36.6,2137,2.736
260_rem,0.264,speer,TNT,90.0,vihtavuori_n140,112,43.4,3268,2.598
260_rem,0.264,speer,TNT,90.0,vihtavuori_n540,117,44.8,3337,2.598
260_rem,0.264,speer,TNT,90.0,vihtavuori_n150,124,43.8,3304,2.598
260_rem,0.264,speer,TNT,90.0,vihtavuori_n550,129,46.8,3383,2.598
260_rem,0.264,fox,classic_hunter,100.0,vihtavuori_n140,112,40.9,3012,2.795
260_rem,0.264,fox,classic_hunter,100.0,vihtavuori_n540,117,43.1,3156,2.795
260_rem,0.264,fox,classic_hunter,100.0,vihtavuori_n150,124,41.5,3035,2.795
260_rem,0.264,fox,classic_hunter,100.0,vihtavuori_n160,143,50.9,3196,2.795
260_rem,0.264,hornady,eld_vt,100.0,vihtavuori_n140,112,41.4,3084,2.795
260_rem,0.264,hornady,eld_vt,100.0,vihtavuori_n540,117,41.1,3120,2.795
260_rem,0.264,hornady,eld_vt,100.0,vihtavuori_n150,124,41.4,3071,2.795
260_rem,0.264,hornady,eld_vt,100.0,vihtavuori_n550,129,44.3,3156,2.795
260_rem,0.264,hornady,eld_vt,100.0,vihtavuori_n555,144,48.6,3150,2.795
260_rem,0.264,hornady,eld_vt,100.0,vihtavuori_n160,143,49.4,3110,2.795
260_rem,0.264,lapua,fmj,100.0,vihtavuori_n140,112,37.7,2828,2.598
260_rem,0.264,lapua,fmj,100.0,vihtavuori_n540,117,40.6,2923,2.598
260_rem,0.264,lapua,fmj,100.0,vihtavuori_n150,124,38.7,2825,2.598
260_rem,0.264,lapua,scenar,100.0,vihtavuori_n140,112,40.4,2966,2.717
260_rem,0.264,lapua,scenar,100.0,vihtavuori_n540,117,42.9,3054,2.717
260_rem,0.264,lapua,scenar,100.0,vihtavuori_n150,124,41.7,2966,2.717
260_rem,0.264,sierra,HPFB,100.0,vihtavuori_n140,112,39.9,2973,2.657
260_rem,0.264,sierra,HPFB,100.0,vihtavuori_n540,117,41.2,2992,2.657
260_rem,0.264,sierra,HPFB,100.0,vihtavuori_n150,124,40.3,2926,2.657
260_rem,0.264,lapua,scenar,108.0,vihtavuori_n540,117,39.9,2876,2.795
260_rem,0.264,lapua,scenar,108.0,vihtavuori_n150,124,39.1,2837,2.795
260_rem,0.264,lapua,scenar,108.0,vihtavuori_n160,143,45.0,2947,2.795
260_rem,0.264,barnes,ttsx_bt,120.0,vihtavuori_n140,112,37.8,2641,2.772
260_rem,0.264,barnes,ttsx_bt,120.0,vihtavuori_n540,117,38.7,2782,2.772
260_rem,0.264,barnes,ttsx_bt,120.0,vihtavuori_n150,124,37.0,2625,2.772
260_rem,0.264,berger,BT Target,120.0,vihtavuori_n540,117,39.7,2874,2.795
260_rem,0.264,berger,BT Target,120.0,vihtavuori_n150,124,38.4,2779,2.795
260_rem,0.264,berger,BT Target,120.0,vihtavuori_n550,129,42.6,2907,2.795
260_rem,0.264,berger,BT Target,120.0,vihtavuori_n160,143,45.8,2904,2.795
260_rem,0.264,hornady,cx,120.0,vihtavuori_n140,112,35.8,2539,2.795
260_rem,0.264,hornady,cx,120.0,vihtavuori_n540,117,37.3,2703,2.795
260_rem,0.264,hornady,cx,120.0,vihtavuori_n150,124,36.0,2546,2.795
260_rem,0.264,hornady,cx,120.0,vihtavuori_n550,129,40.4,2749,2.795
260_rem,0.264,hornady,cx,120.0,vihtavuori_n555,144,43.8,2776,2.795
260_rem,0.264,hornady,cx,120.0,vihtavuori_n160,143,41.1,2631,2.795
260_rem,0.264,hornady,cx,120.0,vihtavuori_n560,147,47.5,2812,2.795
260_rem,0.264,lapua,Scenar-L,120.0,vihtavuori_n540,117,39.8,2805,2.795
260_rem,0.264,lapua,Scenar-L,120.0,vihtavuori_n150,124,39.4,2736,2.795
260_rem,0.264,lapua,Scenar-L,120.0,vihtavuori_n550,129,42.1,2818,2.795
260_rem,0.264,lapua,Scenar-L,120.0,vihtavuori_n160,143,45.4,2792,2.795
260_rem,0.264,lapua,trx,120.0,vihtavuori_n140,112,38.9,2753,2.795
260_rem,0.264,lapua,trx,120.0,vihtavuori_n540,117,38.4,2808,2.795
260_rem,0.264,lapua,trx,120.0,vihtavuori_n150,124,39.0,2746,2.795
260_rem,0.264,lapua,trx,120.0,vihtavuori_n550,129,41.5,2861,2.795
260_rem,0.264,lapua,trx,120.0,vihtavuori_n555,144,45.8,2877,2.795
260_rem,0.264,lapua,trx,120.0,vihtavuori_n160,143,46.8,2867,2.795
260_rem,0.264,lapua,trx,120.0,vihtavuori_n560,147,48.9,2904,2.795
260_rem,0.264,nosler,ballistic_tip,120.0,vihtavuori_n140,112,38.7,2736,2.799
260_rem,0.264,nosler,ballistic_tip,120.0,vihtavuori_n150,124,38.9,2746,2.799
260_rem,0.264,nosler,ballistic_tip,120.0,vihtavuori_n160,143,47.2,2904,2.799
260_rem,0.264,speer,sp,120.0,vihtavuori_n540,117,38.2,2706,2.795
260_rem,0.264,speer,sp,120.0,vihtavuori_n550,129,40.7,2741,2.795
260_rem,0.264,speer,sp,120.0,vihtavuori_n160,143,43.2,2750,2.795
260_rem,0.264,lapua,scenar,123.0,vihtavuori_n150,124,38.6,2677,2.795
260_rem,0.264,lapua,scenar,123.0,vihtavuori_n550,129,41.5,2746,2.795
260_rem,0.264,lapua,scenar,123.0,vihtavuori_n160,143,44.6,2759,2.795
260_rem,0.264,sierra,HPBT MatchKing,123.0,vihtavuori_n140,112,38.6,2762,2.795
260_rem,0.264,sierra,HPBT MatchKing,123.0,vihtavuori_n540,117,38.9,2828,2.795
260_rem,0.264,sierra,HPBT MatchKing,123.0,vihtavuori_n150,124,38.6,2762,2.795
260_rem,0.264,sierra,HPBT MatchKing,123.0,vihtavuori_n550,129,42.0,2881,2.795
260_rem,0.264,sierra,HPBT MatchKing,123.0,vihtavuori_n555,144,46.1,2907,2.795
260_rem,0.264,sierra,HPBT MatchKing,123.0,vihtavuori_n160,143,46.5,2871,2.795
260_rem,0.264,sierra,HPBT MatchKing,123.0,vihtavuori_n560,147,48.6,2920,2.795
260_rem,0.264,barnes,lrx_bt,127.0,vihtavuori_n140,112,36.6,2520,2.795
260_rem,0.264,barnes,lrx_bt,127.0,vihtavuori_n540,117,38.3,2651,2.795
260_rem,0.264,barnes,lrx_bt,127.0,vihtavuori_n150,124,36.0,2510,2.795
260_rem,0.264,barnes,lrx_bt,127.0,vihtavuori_n550,129,40.9,2733,2.795
260_rem,0.264,barnes,lrx_bt,127.0,vihtavuori_n160,143,44.6,2697,2.795
260_rem,0.264,barnes,lrx_bt,127.0,vihtavuori_n560,147,47.7,2779,2.795
260_rem,0.264,barnes,lrx_bt,127.0,vihtavuori_n565,156,49.8,2756,2.795
260_rem,0.264,hornady,Interlock SP,129.0,vihtavuori_n140,112,36.0,2569,2.795
260_rem,0.264,hornady,Interlock SP,129.0,vihtavuori_n540,117,36.4,2651,2.795
260_rem,0.264,hornady,Interlock SP,129.0,vihtavuori_n150,124,35.3,2543,2.795
260_rem,0.264,hornady,Interlock SP,129.0,vihtavuori_n550,129,39.2,2703,2.795
260_rem,0.264,hornady,Interlock SP,129.0,vihtavuori_n555,144,43.5,2749,2.795
260_rem,0.264,hornady,Interlock SP,129.0,vihtavuori_n160,143,42.4,2674,2.795
260_rem,0.264,hornady,Interlock SP,129.0,vihtavuori_n560,147,44.9,2772,2.795
260_rem,0.264,barnes,tsx,130.0,vihtavuori_n540,117,37.7,2657,2.787
260_rem,0.264,barnes,tsx,130.0,vihtavuori_n550,129,40.0,2677,2.787
260_rem,0.264,barnes,tsx,130.0,vihtavuori_n160,143,42.4,2651,2.787
260_rem,0.264,sierra,TGK,130.0,vihtavuori_n140,112,37.0,2631,2.795
260_rem,0.264,sierra,TGK,130.0,vihtavuori_n540,117,37.3,2703,2.795
260_rem,0.264,sierra,TGK,130.0,vihtavuori_n150,124,36.3,2605,2.795
260_rem,0.264,sierra,TGK,130.0,vihtavuori_n550,129,40.3,2743,2.795
260_rem,0.264,sierra,TGK,130.0,vihtavuori_n555,144,43.8,2776,2.795
260_rem,0.264,sierra,TGK,130.0,vihtavuori_n160,143,43.2,2707,2.795
260_rem,0.264,sierra,TGK,130.0,vihtavuori_n560,147,46.9,2808,2.795
260_rem,0.264,berger,Hybrid OTM Tactical,130.0,vihtavuori_n540,117,38.7,2769,2.795
260_rem,0.264,berger,Hybrid OTM Tactical,130.0,vihtavuori_n150,124,38.0,2694,2.795
260_rem,0.264,berger,Hybrid OTM Tactical,130.0,vihtavuori_n550,129,41.7,2805,2.795
260_rem,0.264,berger,Hybrid OTM Tactical,130.0,vihtavuori_n160,143,45.8,2828,2.795
260_rem,0.264,berger,VLD Target,130.0,vihtavuori_n140,112,36.7,2671,2.795
260_rem,0.264,berger,VLD Target,130.0,vihtavuori_n540,117,38.3,2766,2.795
260_rem,0.264,berger,VLD Target,130.0,vihtavuori_n150,124,37.3,2674,2.795
260_rem,0.264,berger,VLD Target,130.0,vihtavuori_n550,129,41.5,2808,2.795
260_rem,0.264,berger,VLD Target,130.0,vihtavuori_n555,144,43.8,2835,2.795
260_rem,0.264,swift,scirocco_ii,130.0,vihtavuori_n140,112,35.8,2575,2.795
260_rem,0.264,swift,scirocco_ii,130.0,vihtavuori_n540,117,37.8,2687,2.795
260_rem,0.264,swift,scirocco_ii,130.0,vihtavuori_n150,124,36.1,2608,2.795
260_rem,0.264,swift,scirocco_ii,130.0,vihtavuori_n550,129,40.1,2717,2.795
260_rem,0.264,swift,scirocco_ii,130.0,vihtavuori_n560,147,46.3,2776,2.795
260_rem,0.264,berger,classic_hunter,135.0,vihtavuori_n540,117,37.3,2687,2.795
260_rem,0.264,berger,classic_hunter,135.0,vihtavuori_n150,124,36.6,2621,2.795
260_rem,0.264,berger,classic_hunter,135.0,vihtavuori_n550,129,40.9,2733,2.795
260_rem,0.264,berger,classic_hunter,135.0,vihtavuori_n160,143,44.0,2723,2.795
260_rem,0.264,berger,classic_hunter,135.0,vihtavuori_n560,147,46.6,2776,2.795
260_rem,0.264,lapua,Scenar-L,136.0,vihtavuori_n550,129,41.7,2740,2.795
260_rem,0.264,lapua,Scenar-L,136.0,vihtavuori_n555,144,44.3,2802,2.795
260_rem,0.264,lapua,Scenar-L,136.0,vihtavuori_n160,143,46.1,2759,2.795
260_rem,0.264,lapua,Scenar-L,136.0,vihtavuori_n560,147,47.8,2766,2.795
260_rem,0.264,lapua,scenar,139.0,vihtavuori_n550,129,39.5,2657,2.795
260_rem,0.264,lapua,scenar,139.0,vihtavuori_n555,144,44.0,2736,2.795
260_rem,0.264,lapua,scenar,139.0,vihtavuori_n160,143,43.4,2674,2.795
260_rem,0.264,lapua,scenar,139.0,vihtavuori_n560,147,46.1,2723,2.795
260_rem,0.264,berger,elite_hunter,140.0,vihtavuori_n150,124,36.1,2562,2.795
260_rem,0.264,berger,elite_hunter,140.0,vihtavuori_n550,129,39.7,2661,2.795
260_rem,0.264,berger,elite_hunter,140.0,vihtavuori_n160,143,43.1,2661,2.795
260_rem,0.264,berger,elite_hunter,140.0,vihtavuori_n560,147,46.1,2736,2.795
260_rem,0.264,berger,elite_hunter,140.0,vihtavuori_n565,156,48.9,2749,2.795
260_rem,0.264,berger,VLD Target,140.0,vihtavuori_n540,117,37.7,2644,2.795
260_rem,0.264,berger,VLD Target,140.0,vihtavuori_n150,124,36.6,2569,2.795
260_rem,0.264,berger,VLD Target,140.0,vihtavuori_n550,129,40.1,2671,2.795
260_rem,0.264,berger,VLD Target,140.0,vihtavuori_n160,143,44.3,2703,2.795
260_rem,0.264,berger,VLD Target,140.0,vihtavuori_n560,147,46.1,2733,2.795
260_rem,0.264,berger,VLD Target,140.0,vihtavuori_n565,156,48.3,2733,2.795
260_rem,0.264,hornady,gmx,140.0,vihtavuori_n140,112,34.0,2247,2.795
260_rem,0.264,hornady,gmx,140.0,vihtavuori_n540,117,37.3,2493,2.795
260_rem,0.264,hornady,gmx,140.0,vihtavuori_n150,124,33.6,2241,2.795
260_rem,0.264,hornady,gmx,140.0,vihtavuori_n550,129,39.7,2530,2.795
260_rem,0.264,hornady,gmx,140.0,vihtavuori_n555,144,44.0,2598,2.795
260_rem,0.264,hornady,gmx,140.0,vihtavuori_n560,147,47.7,2667,2.795
260_rem,0.264,lapua,Naturalis N507,140.0,vihtavuori_n550,129,39.2,2546,2.886
260_rem,0.264,lapua,Naturalis N507,140.0,vihtavuori_n160,143,40.3,2513,2.886
260_rem,0.264,lapua,Naturalis N507,140.0,vihtavuori_n560,147,43.8,2556,2.886
260_rem,0.264,lapua,Naturalis N563,140.0,vihtavuori_n150,124,34.0,2451,2.756
260_rem,0.264,lapua,Naturalis N563,140.0,vihtavuori_n550,129,38.4,2602,2.756
260_rem,0.264,lapua,Naturalis N563,140.0,vihtavuori_n555,144,41.5,2615,2.756
260_rem,0.264,lapua,Naturalis N563,140.0,vihtavuori_n160,143,40.4,2582,2.756
260_rem,0.264,lapua,Naturalis N563,140.0,vihtavuori_n560,147,45.1,2680,2.756
260_rem,0.264,nosler,accubond,140.0,vihtavuori_n550,129,40.9,2661,2.756
260_rem,0.264,nosler,accubond,140.0,vihtavuori_n160,143,44.0,2612,2.756
260_rem,0.264,nosler,accubond,140.0,vihtavuori_n560,147,44.8,2700,2.756
260_rem,0.264,swift,A-Frame,140.0,vihtavuori_n550,129,37.3,2507,2.795
260_rem,0.264,swift,A-Frame,140.0,vihtavuori_n160,143,38.3,2467,2.795
260_rem,0.264,swift,A-Frame,140.0,vihtavuori_n560,147,43.8,2621,2.795
260_rem,0.264,swift,A-Frame,140.0,vihtavuori_n565,156,45.1,2628,2.795
260_rem,0.264,hornady,ELD-X,143.0,vihtavuori_n140,112,33.8,2418,2.795
260_rem,0.264,hornady,ELD-X,143.0,vihtavuori_n540,117,36.3,2539,2.795
260_rem,0.264,hornady,ELD-X,143.0,vihtavuori_n150,124,34.7,2411,2.795
260_rem,0.264,hornady,ELD-X,143.0,vihtavuori_n550,129,39.5,2605,2.795
260_rem,0.264,hornady,ELD-X,143.0,vihtavuori_n555,144,42.7,2631,2.795
260_rem,0.264,hornady,ELD-X,143.0,vihtavuori_n160,143,42.4,2575,2.795
260_rem,0.264,hornady,ELD-X,143.0,vihtavuori_n560,147,46.0,2680,2.795
260_rem,0.264,berger,Long Range Hybrid Target,144.0,vihtavuori_n540,117,38.1,2635,2.795
260_rem,0.264,berger,Long Range Hybrid Target,144.0,vihtavuori_n150,124,36.3,2516,2.795
260_rem,0.264,berger,Long Range Hybrid Target,144.0,vihtavuori_n550,129,40.1,2667,2.795
260_rem,0.264,berger,Long Range Hybrid Target,144.0,vihtavuori_n555,144,45.2,2733,2.795
260_rem,0.264,berger,Long Range Hybrid Target,144.0,vihtavuori_n160,143,44.8,2667,2.795
260_rem,0.264,berger,Long Range Hybrid Target,144.0,vihtavuori_n560,147,47.4,2730,2.795
260_rem,0.264,lapua,FMJBT,144.0,vihtavuori_n550,129,38.4,2520,2.795
260_rem,0.264,lapua,FMJBT,144.0,vihtavuori_n555,144,41.1,2621,2.795
260_rem,0.264,lapua,FMJBT,144.0,vihtavuori_n160,143,41.1,2500,2.795
260_rem,0.264,lapua,FMJBT,144.0,vihtavuori_n560,147,44.8,2559,2.795
260_rem,0.264,lapua,FMJBT,144.0,vihtavuori_n565,156,46.1,2664,2.795
260_rem,0.264,lapua,MaxRange Target GB582,144.0,vihtavuori_n140,112,35.8,2513,2.795
260_rem,0.264,lapua,MaxRange Target GB582,144.0,vihtavuori_n540,117,36.7,2582,2.795
260_rem,0.264,lapua,MaxRange Target GB582,144.0,vihtavuori_n150,124,36.3,2516,2.795
260_rem,0.264,lapua,MaxRange Target GB582,144.0,vihtavuori_n550,129,39.7,2631,2.795
260_rem,0.264,lapua,MaxRange Target GB582,144.0,vihtavuori_n555,144,43.5,2671,2.795
260_rem,0.264,lapua,MaxRange Target GB582,144.0,vihtavuori_n160,143,44.4,2654,2.795
260_rem,0.264,lapua,MaxRange Target GB582,144.0,vihtavuori_n560,147,45.8,2697,2.795
260_rem,0.264,berger,Long Range Hybrid Target,153.5,vihtavuori_n540,117,37.0,2520,2.795
260_rem,0.264,berger,Long Range Hybrid Target,153.5,vihtavuori_n150,124,35.0,2392,2.795
260_rem,0.264,berger,Long Range Hybrid Target,153.5,vihtavuori_n550,129,39.0,2559,2.795
260_rem,0.264,berger,Long Range Hybrid Target,153.5,vihtavuori_n555,144,44.6,2638,2.795
260_rem,0.264,berger,Long Range Hybrid Target,153.5,vihtavuori_n160,143,43.7,2552,2.795
260_rem,0.264,berger,Long Range Hybrid Target,153.5,vihtavuori_n560,147,46.8,2641,2.795
260_rem,0.264,lapua,mega,155.0,vihtavuori_n160,143,37.1,2332,2.736
260_rem,0.264,lapua,mega,155.0,vihtavuori_n165,153,43.7,2478,2.736
260_rem,0.264,lapua,mega,155.0,vihtavuori_n560,147,42.0,2412,2.736
223_rem,0.224,barnes,varmint_grenade,30.0,ramshot_xterminator,92,26.1,3687,2.100
223_rem,0.224,barnes,varmint_grenade,30.0,accurate_2230,93,26.1,3687,2.100
223_rem,0.224,barnes,varmint_grenade,30.0,accurate_2200,76,24.9,3833,2.100
223_rem,0.224,barnes,varmint_grenade,30.0,accurate_2015br,86,22.9,3450,2.100
223_rem,0.224,barnes,varmint_grenade,30.0,ramshot_xterminator,92,29.0,4029,2.100
223_rem,0.224,barnes,varmint_grenade,30.0,accurate_2230,93,29.0,4029,2.100
223_rem,0.224,barnes,varmint_grenade,30.0,accurate_2200,76,27.7,4189,2.100
223_rem,0.224,barnes,varmint_grenade,30.0,accurate_2015br,86,25.4,3771,2.100
