cartridge,bullet_diameter,bullet_brand,bullet_type,bullet_weight,powder_type,burn_rate_index,charge_weight,velocity_fps,barrel_length,data_source,primer,twist_rate,coal
308_win,0.308,lapua,als,57.00,vihtavuori_n110,64,27.5,3481,24.000,vihtavuori,large_rifle_generic,12.000,2.638
308_win,0.308,lapua,g589_ot,100.00,vihtavuori_n120,81,33.6,2890,24.000,vihtavuori,large_rifle_generic,12.000,2.638
308_win,0.308,lapua,g589_ot,100.00,vihtavuori_n130,84,37.8,2986,24.000,vihtavuori,large_rifle_generic,12.000,2.638
308_win,0.308,lapua,g589_ot,100.00,vihtavuori_n133,89,41.7,3097,24.000,vihtavuori,large_rifle_generic,12.000,2.638
308_win,0.308,lapua,g589_ot,100.00,vihtavuori_n135,102,43.2,3123,24.000,vihtavuori,large_rifle_generic,12.000,2.638
308_win,0.308,lapua,g589_ot,100.00,vihtavuori_n540,117,47.4,3114,24.000,vihtavuori,large_rifle_generic,12.000,2.638
308_win,0.308,lapua,hpce_otce,100.00,vihtavuori_n110,64,20.4,2333,24.000,vihtavuori,large_rifle_generic,12.000,2.638
308_win,0.308,lapua,hpce_otce,100.00,vihtavuori_n120,81,30.6,2663,24.000,vihtavuori,large_rifle_generic,12.000,2.638
308_win,0.308,lapua,hpce_otce,100.00,vihtavuori_n130,84,33.7,2794,24.000,vihtavuori,large_rifle_generic,12.000,2.638
308_win,0.308,lapua,hpce_otce,100.00,vihtavuori_n133,89,40.6,3012,24.000,vihtavuori,large_rifle_generic,12.000,2.638
308_win,0.308,lapua,hpce_otce,100.00,vihtavuori_n530,100,41.4,3002,24.000,vihtavuori,large_rifle_generic,12.000,2.638
308_win,0.308,lapua,hpce_otce,100.00,vihtavuori_n135,102,38.1,2837,24.000,vihtavuori,large_rifle_generic,12.000,2.638
308_win,0.308,barnes,tsx_fb,110.00,vihtavuori_n130,84,38.0,2887,24.000,vihtavuori,large_rifle_generic,12.000,2.697
308_win,0.308,barnes,tsx_fb,110.00,vihtavuori_n133,89,41.7,2986,24.000,vihtavuori,large_rifle_generic,12.000,2.697
308_win,0.308,barnes,tsx_fb,110.00,vihtavuori_n530,100,43.5,2995,24.000,vihtavuori,large_rifle_generic,12.000,2.697
308_win,0.308,barnes,tsx_fb,110.00,vihtavuori_n135,102,43.2,2999,24.000,vihtavuori,large_rifle_generic,12.000,2.697
308_win,0.308,fox,classic_hunter,110.00,vihtavuori_n133,89,37.0,2838,24.000,vihtavuori,large_rifle_generic,12.000,2.697
308_win,0.308,fox,classic_hunter,110.00,vihtavuori_n135,102,39.7,2897,24.000,vihtavuori,large_rifle_generic,12.000,2.697
308_win,0.308,fox,classic_hunter,110.00,vihtavuori_n140,112,46.3,3035,24.000,vihtavuori,large_rifle_generic,12.000,2.697
308_win,0.308,hornady,cx,110.00,vihtavuori_n130,84,38.3,2864,24.000,vihtavuori,large_rifle_generic,12.000,2.795
308_win,0.308,hornady,cx,110.00,vihtavuori_n133,89,42.4,2969,24.000,vihtavuori,large_rifle_generic,12.000,2.795
308_win,0.308,hornady,cx,110.00,vihtavuori_n135,102,44.0,3002,24.000,vihtavuori,large_rifle_generic,12.000,2.795
308_win,0.308,hornady,cx,110.00,vihtavuori_n540,117,47.1,2999,24.000,vihtavuori,large_rifle_generic,12.000,2.795
308_win,0.308,hornady,gmx,110.00,vihtavuori_n130,84,37.0,2848,24.000,vihtavuori,large_rifle_generic,12.000,2.795
308_win,0.308,hornady,gmx,110.00,vihtavuori_n133,89,40.6,2897,24.000,vihtavuori,large_rifle_generic,12.000,2.795
308_win,0.308,hornady,gmx,110.00,vihtavuori_n530,100,41.1,2890,24.000,vihtavuori,large_rifle_generic,12.000,2.795
308_win,0.308,hornady,gmx,110.00,vihtavuori_n135,102,42.3,2930,24.000,vihtavuori,large_rifle_generic,12.000,2.795
308_win,0.308,hornady,gmx,110.00,vihtavuori_n540,117,45.8,2930,24.000,vihtavuori,large_rifle_generic,12.000,2.795
308_win,0.308,hornady,v_max,110.00,vihtavuori_n130,84,37.2,2871,24.000,vihtavuori,large_rifle_generic,12.000,2.697
308_win,0.308,hornady,v_max,110.00,vihtavuori_n133,89,40.6,2943,24.000,vihtavuori,large_rifle_generic,12.000,2.697
308_win,0.308,hornady,v_max,110.00,vihtavuori_n530,100,42.1,2969,24.000,vihtavuori,large_rifle_generic,12.000,2.697
308_win,0.308,hornady,v_max,110.00,vihtavuori_n135,102,42.6,3002,24.000,vihtavuori,large_rifle_generic,12.000,2.697
308_win,0.308,hornady,v_max,110.00,vihtavuori_n140,112,46.0,2992,24.000,vihtavuori,large_rifle_generic,12.000,2.697
308_win,0.308,nosler,varmageddon,110.00,vihtavuori_n120,81,34.9,2848,24.000,vihtavuori,large_rifle_generic,12.000,2.598
308_win,0.308,nosler,varmageddon,110.00,vihtavuori_n130,84,38.6,2920,24.000,vihtavuori,large_rifle_generic,12.000,2.598
308_win,0.308,nosler,varmageddon,110.00,vihtavuori_n133,89,42.4,2995,24.000,vihtavuori,large_rifle_generic,12.000,2.598
308_win,0.308,sierra,hp_varminter,110.00,vihtavuori_n130,84,39.4,2930,24.000,vihtavuori,large_rifle_generic,12.000,2.600
308_win,0.308,sierra,hp_varminter,110.00,vihtavuori_n133,89,42.4,3002,24.000,vihtavuori,large_rifle_generic,12.000,2.600
308_win,0.308,sierra,hp_varminter,110.00,vihtavuori_n135,102,44.0,3018,24.000,vihtavuori,large_rifle_generic,12.000,2.600
308_win,0.308,sierra,hp_varminter,110.00,vihtavuori_n140,112,46.3,2946,24.000,vihtavuori,large_rifle_generic,12.000,2.600
308_win,0.308,lehigh,controlled_chaos_copper,115.00,vihtavuori_n130,84,38.6,2854,24.000,vihtavuori,large_rifle_generic,12.000,2.756
308_win,0.308,lehigh,controlled_chaos_copper,115.00,vihtavuori_n133,89,41.7,2920,24.000,vihtavuori,large_rifle_generic,12.000,2.756
308_win,0.308,lehigh,controlled_chaos_copper,115.00,vihtavuori_n135,102,44.0,2959,24.000,vihtavuori,large_rifle_generic,12.000,2.756
308_win,0.308,lehigh,controlled_chaos_copper,115.00,vihtavuori_n140,112,46.9,2946,24.000,vihtavuori,large_rifle_generic,12.000,2.756
308_win,0.308,sierra,hp_varminter,115.00,vihtavuori_n130,84,38.6,2861,24.000,vihtavuori,large_rifle_generic,12.000,2.736
308_win,0.308,sierra,hp_varminter,115.00,vihtavuori_n133,89,41.7,2904,24.000,vihtavuori,large_rifle_generic,12.000,2.736
308_win,0.308,sierra,hp_varminter,115.00,vihtavuori_n135,102,43.2,2953,24.000,vihtavuori,large_rifle_generic,12.000,2.736
308_win,0.308,sierra,hp_varminter,115.00,vihtavuori_n140,112,46.3,2953,24.000,vihtavuori,large_rifle_generic,12.000,2.736
308_win,0.308,sako,blade_633a,120.00,vihtavuori_n133,89,39.5,2720,24.000,vihtavuori,large_rifle_generic,12.000,2.795
308_win,0.308,sako,blade_633a,120.00,vihtavuori_n530,100,40.9,2762,24.000,vihtavuori,large_rifle_generic,12.000,2.795
308_win,0.308,sako,blade_633a,120.00,vihtavuori_n135,102,41.7,2769,24.000,vihtavuori,large_rifle_generic,12.000,2.795
308_win,0.308,sako,blade_633a,120.00,vihtavuori_n140,112,44.8,2792,24.000,vihtavuori,large_rifle_generic,12.000,2.795
308_win,0.308,sako,blade_633a,120.00,vihtavuori_n540,117,45.5,2825,24.000,vihtavuori,large_rifle_generic,12.000,2.795
308_win,0.308,sako,blade_633a,120.00,vihtavuori_n150,124,44.8,2785,24.000,vihtavuori,large_rifle_generic,12.000,2.795
308_win,0.308,lapua,fmj,123.00,vihtavuori_n120,81,32.1,2664,24.000,vihtavuori,large_rifle_generic,12.000,2.634
308_win,0.308,lapua,fmj,123.00,vihtavuori_n130,84,34.9,2566,24.000,vihtavuori,large_rifle_generic,12.000,2.634
308_win,0.308,lapua,fmj,123.00,vihtavuori_n133,89,40.4,2815,24.000,vihtavuori,large_rifle_generic,12.000,2.634
308_win,0.308,lapua,fmj,123.00,vihtavuori_n530,100,40.0,2789,24.000,vihtavuori,large_rifle_generic,12.000,2.634
308_win,0.308,lapua,fmj,123.00,vihtavuori_n135,102,42.0,2723,24.000,vihtavuori,large_rifle_generic,12.000,2.634
308_win,0.308,hornady,ecx,125.00,vihtavuori_n133,89,33.2,2579,24.000,vihtavuori,large_rifle_generic,12.000,2.728
308_win,0.308,hornady,ecx,125.00,vihtavuori_n135,102,34.7,2582,24.000,vihtavuori,large_rifle_generic,12.000,2.728
308_win,0.308,hornady,ecx,125.00,vihtavuori_n140,112,42.4,2740,24.000,vihtavuori,large_rifle_generic,12.000,2.728
308_win,0.308,hornady,ecx,125.00,vihtavuori_n540,117,43.2,2759,24.000,vihtavuori,large_rifle_generic,12.000,2.728
308_win,0.308,hornady,ecx,125.00,vihtavuori_n150,124,42.7,2753,24.000,vihtavuori,large_rifle_generic,12.000,2.728
308_win,0.308,hornady,sst,125.00,vihtavuori_n130,84,37.0,2720,24.000,vihtavuori,large_rifle_generic,12.000,2.728
308_win,0.308,hornady,sst,125.00,vihtavuori_n133,89,40.1,2789,24.000,vihtavuori,large_rifle_generic,12.000,2.728
308_win,0.308,hornady,sst,125.00,vihtavuori_n135,102,42.4,2812,24.000,vihtavuori,large_rifle_generic,12.000,2.728
308_win,0.308,hornady,sst,125.00,vihtavuori_n140,112,45.5,2828,24.000,vihtavuori,large_rifle_generic,12.000,2.728
308_win,0.308,hornady,sst,125.00,vihtavuori_n540,117,45.5,2795,24.000,vihtavuori,large_rifle_generic,12.000,2.728
308_win,0.308,lehigh,controlled_chaos,125.00,vihtavuori_n133,89,33.5,2507,24.000,vihtavuori,large_rifle_generic,12.000,2.756
308_win,0.308,lehigh,controlled_chaos,125.00,vihtavuori_n135,102,36.0,2592,24.000,vihtavuori,large_rifle_generic,12.000,2.756
308_win,0.308,lehigh,controlled_chaos,125.00,vihtavuori_n140,112,39.2,2612,24.000,vihtavuori,large_rifle_generic,12.000,2.756
308_win,0.308,lehigh,controlled_chaos,125.00,vihtavuori_n540,117,42.4,2726,24.000,vihtavuori,large_rifle_generic,12.000,2.756
308_win,0.308,lehigh,controlled_chaos,125.00,vihtavuori_n150,124,39.4,2651,24.000,vihtavuori,large_rifle_generic,12.000,2.756
308_win,0.308,nosler,accubond,125.00,vihtavuori_n130,84,36.7,2717,24.000,vihtavuori,large_rifle_generic,12.000,2.748
308_win,0.308,nosler,accubond,125.00,vihtavuori_n133,89,40.4,2812,24.000,vihtavuori,large_rifle_generic,12.000,2.748
308_win,0.308,nosler,accubond,125.00,vihtavuori_n135,102,42.4,2835,24.000,vihtavuori,large_rifle_generic,12.000,2.748
308_win,0.308,nosler,accubond,125.00,vihtavuori_n140,112,44.8,2825,24.000,vihtavuori,large_rifle_generic,12.000,2.748
308_win,0.308,nosler,accubond,125.00,vihtavuori_n540,117,45.8,2858,24.000,vihtavuori,large_rifle_generic,12.000,2.748
308_win,0.308,nosler,ballistic_tip,125.00,vihtavuori_n130,84,37.0,2684,24.000,vihtavuori,large_rifle_generic,12.000,2.756
308_win,0.308,nosler,ballistic_tip,125.00,vihtavuori_n133,89,40.1,2721,24.000,vihtavuori,large_rifle_generic,12.000,2.756
308_win,0.308,nosler,ballistic_tip,125.00,vihtavuori_n135,102,41.6,2732,24.000,vihtavuori,large_rifle_generic,12.000,2.756
308_win,0.308,nosler,ballistic_tip,125.00,vihtavuori_n140,112,44.1,2739,24.000,vihtavuori,large_rifle_generic,12.000,2.756
308_win,0.308,sierra,tmk,125.00,vihtavuori_n130,84,35.2,2664,24.000,vihtavuori,large_rifle_generic,12.000,2.795
308_win,0.308,sierra,tmk,125.00,vihtavuori_n133,89,39.7,2756,24.000,vihtavuori,large_rifle_generic,12.000,2.795
308_win,0.308,sierra,tmk,125.00,vihtavuori_n530,100,38.7,2733,24.000,vihtavuori,large_rifle_generic,12.000,2.795
308_win,0.308,sierra,tmk,125.00,vihtavuori_n135,102,40.4,2759,24.000,vihtavuori,large_rifle_generic,12.000,2.795
308_win,0.308,sierra,tmk,125.00,vihtavuori_n140,112,43.2,2743,24.000,vihtavuori,large_rifle_generic,12.000,2.795
308_win,0.308,speer,tnt_hp,125.00,vihtavuori_n133,89,41.2,2851,24.000,vihtavuori,large_rifle_generic,12.000,2.638
308_win,0.308,speer,tnt_hp,125.00,vihtavuori_n135,102,42.9,2884,24.000,vihtavuori,large_rifle_generic,12.000,2.638
308_win,0.308,speer,tnt_hp,125.00,vihtavuori_n140,112,44.0,2871,24.000,vihtavuori,large_rifle_generic,12.000,2.638
308_win,0.308,speer,tnt_hp,125.00,vihtavuori_n540,117,45.8,2867,24.000,vihtavuori,large_rifle_generic,12.000,2.638
308_win,0.308,speer,tnt_hp,125.00,vihtavuori_n150,124,46.3,2917,24.000,vihtavuori,large_rifle_generic,12.000,2.638
308_win,0.308,infitech,target_line,130.00,vihtavuori_n135,102,40.1,2759,24.000,vihtavuori,large_rifle_generic,12.000,2.799
308_win,0.308,infitech,target_line,130.00,vihtavuori_n140,112,43.8,2795,24.000,vihtavuori,large_rifle_generic,12.000,2.799
308_win,0.308,infitech,target_line,130.00,vihtavuori_n540,117,44.0,2815,24.000,vihtavuori,large_rifle_generic,12.000,2.799
308_win,0.308,sako,blade_636a,130.00,vihtavuori_n133,89,38.9,2680,24.000,vihtavuori,large_rifle_generic,12.000,2.800
308_win,0.308,sako,blade_636a,130.00,vihtavuori_n135,102,40.6,2717,24.000,vihtavuori,large_rifle_generic,12.000,2.800
308_win,0.308,sako,blade_636a,130.00,vihtavuori_n140,112,43.8,2733,24.000,vihtavuori,large_rifle_generic,12.000,2.800
308_win,0.308,barnes,tsx_bt,130.00,vihtavuori_n130,84,35.3,2615,24.000,vihtavuori,large_rifle_generic,12.000,2.783
308_win,0.308,barnes,tsx_bt,130.00,vihtavuori_n133,89,38.6,2697,24.000,vihtavuori,large_rifle_generic,12.000,2.783
308_win,0.308,barnes,tsx_bt,130.00,vihtavuori_n530,100,40.4,2723,24.000,vihtavuori,large_rifle_generic,12.000,2.783
308_win,0.308,barnes,tsx_bt,130.00,vihtavuori_n135,102,40.1,2720,24.000,vihtavuori,large_rifle_generic,12.000,2.783
308_win,0.308,barnes,tsx_bt,130.00,vihtavuori_n140,112,43.4,2740,24.000,vihtavuori,large_rifle_generic,12.000,2.783
308_win,0.308,sierra,hp_varminter,135.00,vihtavuori_n130,84,34.7,2572,24.000,vihtavuori,large_rifle_generic,12.000,2.650
308_win,0.308,sierra,hp_varminter,135.00,vihtavuori_n133,89,40.4,2717,24.000,vihtavuori,large_rifle_generic,12.000,2.650
308_win,0.308,sierra,hp_varminter,135.00,vihtavuori_n135,102,42.0,2746,24.000,vihtavuori,large_rifle_generic,12.000,2.650
308_win,0.308,sierra,hp_varminter,135.00,vihtavuori_n140,112,44.8,2772,24.000,vihtavuori,large_rifle_generic,12.000,2.650
308_win,0.308,brenneke,basic_nature,139.00,vihtavuori_n130,84,34.0,2356,24.000,vihtavuori,large_rifle_generic,12.000,2.626
308_win,0.308,brenneke,basic_nature,139.00,vihtavuori_n133,89,36.0,2405,24.000,vihtavuori,large_rifle_generic,12.000,2.626
308_win,0.308,brenneke,basic_nature,139.00,vihtavuori_n135,102,38.6,2490,24.000,vihtavuori,large_rifle_generic,12.000,2.626
308_win,0.308,brenneke,basic_nature,139.00,vihtavuori_n140,112,42.4,2536,24.000,vihtavuori,large_rifle_generic,12.000,2.626
308_win,0.308,brenneke,basic_nature,139.00,vihtavuori_n540,117,41.7,2592,24.000,vihtavuori,large_rifle_generic,12.000,2.626
308_win,0.308,brenneke,basic_nature,139.00,vihtavuori_n150,124,42.4,2556,24.000,vihtavuori,large_rifle_generic,12.000,2.626
308_win,0.308,brenneke,basic_nature,139.00,vihtavuori_n550,129,45.8,2589,24.000,vihtavuori,large_rifle_generic,12.000,2.626
308_win,0.308,infitech,target_line,140.00,vihtavuori_n135,102,38.6,2618,24.000,vihtavuori,large_rifle_generic,12.000,2.799
308_win,0.308,infitech,target_line,140.00,vihtavuori_n140,112,43.2,2703,24.000,vihtavuori,large_rifle_generic,12.000,2.799
308_win,0.308,infitech,target_line,140.00,vihtavuori_n540,117,43.2,2733,24.000,vihtavuori,large_rifle_generic,12.000,2.799
308_win,0.308,los,hunting_tactic,140.00,vihtavuori_n135,102,39.4,2664,24.000,vihtavuori,large_rifle_generic,12.000,2.776
308_win,0.308,los,hunting_tactic,140.00,vihtavuori_n140,112,41.7,2654,24.000,vihtavuori,large_rifle_generic,12.000,2.776
308_win,0.308,los,hunting_tactic,140.00,vihtavuori_n540,117,42.0,2677,24.000,vihtavuori,large_rifle_generic,12.000,2.776
308_win,0.308,npb,hunting_expandable,140.00,vihtavuori_n135,102,35.5,2428,24.000,vihtavuori,large_rifle_generic,12.000,2.697
308_win,0.308,npb,hunting_expandable,140.00,vihtavuori_n140,112,38.7,2457,24.000,vihtavuori,large_rifle_generic,12.000,2.697
308_win,0.308,npb,hunting_expandable,140.00,vihtavuori_n540,117,41.4,2572,24.000,vihtavuori,large_rifle_generic,12.000,2.697
308_win,0.308,npb,hunting_expandable,140.00,vihtavuori_n150,124,39.4,2480,24.000,vihtavuori,large_rifle_generic,12.000,2.697
308_win,0.308,npb,hunting_expandable,140.00,vihtavuori_n550,129,44.0,2556,24.000,vihtavuori,large_rifle_generic,12.000,2.697
308_win,0.308,brenneke,tug_nature,147.00,vihtavuori_n133,89,34.7,2388,24.000,vihtavuori,large_rifle_generic,12.000,2.618
308_win,0.308,brenneke,tug_nature,147.00,vihtavuori_n135,102,35.8,2388,24.000,vihtavuori,large_rifle_generic,12.000,2.618
308_win,0.308,brenneke,tug_nature,147.00,vihtavuori_n140,112,39.0,2425,24.000,vihtavuori,large_rifle_generic,12.000,2.618
308_win,0.308,brenneke,tug_nature,147.00,vihtavuori_n540,117,40.4,2477,24.000,vihtavuori,large_rifle_generic,12.000,2.618
308_win,0.308,brenneke,tug_nature,147.00,vihtavuori_n150,124,40.1,2457,24.000,vihtavuori,large_rifle_generic,12.000,2.618
308_win,0.308,brenneke,tug_nature,147.00,vihtavuori_n550,129,43.2,2474,24.000,vihtavuori,large_rifle_generic,12.000,2.618
308_win,0.308,campro,spitzer_bt_fmj,147.00,vihtavuori_n130,84,34.3,2484,24.000,vihtavuori,large_rifle_generic,12.000,2.783
308_win,0.308,campro,spitzer_bt_fmj,147.00,vihtavuori_n133,89,37.8,2536,24.000,vihtavuori,large_rifle_generic,12.000,2.783
308_win,0.308,campro,spitzer_bt_fmj,147.00,vihtavuori_n135,102,39.8,2575,24.000,vihtavuori,large_rifle_generic,12.000,2.783
308_win,0.308,campro,spitzer_bt_fmj,147.00,vihtavuori_n140,112,42.4,2618,24.000,vihtavuori,large_rifle_generic,12.000,2.783
308_win,0.308,campro,spitzer_bt_fmj,147.00,vihtavuori_n540,117,43.5,2661,24.000,vihtavuori,large_rifle_generic,12.000,2.783
308_win,0.308,barnes,mpg_fb,150.00,vihtavuori_n130,84,35.5,2398,24.000,vihtavuori,large_rifle_generic,12.000,2.795
308_win,0.308,barnes,mpg_fb,150.00,vihtavuori_n133,89,35.0,2398,24.000,vihtavuori,large_rifle_generic,12.000,2.795
308_win,0.308,barnes,mpg_fb,150.00,vihtavuori_n135,102,37.0,2448,24.000,vihtavuori,large_rifle_generic,12.000,2.795
308_win,0.308,barnes,mpg_fb,150.00,vihtavuori_n140,112,40.9,2503,24.000,vihtavuori,large_rifle_generic,12.000,2.795
308_win,0.308,barnes,mpg_fb,150.00,vihtavuori_n540,117,41.2,2533,24.000,vihtavuori,large_rifle_generic,12.000,2.795
308_win,0.308,barnes,mpg_fb,150.00,vihtavuori_n150,124,41.7,2552,24.000,vihtavuori,large_rifle_generic,12.000,2.795
308_win,0.308,barnes,mpg_fb,150.00,vihtavuori_n550,129,43.2,2480,24.000,vihtavuori,large_rifle_generic,12.000,2.795
308_win,0.308,barnes,ttsx_bt,150.00,vihtavuori_n135,102,35.2,2379,24.000,vihtavuori,large_rifle_generic,12.000,2.795
308_win,0.308,barnes,ttsx_bt,150.00,vihtavuori_n140,112,39.2,2474,24.000,vihtavuori,large_rifle_generic,12.000,2.795
308_win,0.308,barnes,ttsx_bt,150.00,vihtavuori_n540,117,39.7,2497,24.000,vihtavuori,large_rifle_generic,12.000,2.795
308_win,0.308,barnes,ttsx_bt,150.00,vihtavuori_n150,124,40.1,2507,24.000,vihtavuori,large_rifle_generic,12.000,2.795
308_win,0.308,barnes,ttsx_bt,150.00,vihtavuori_n550,129,42.9,2484,24.000,vihtavuori,large_rifle_generic,12.000,2.795
308_win,0.308,fox,classic_hunter,150.00,vihtavuori_n530,100,35.5,2454,24.000,vihtavuori,large_rifle_generic,12.000,2.638
308_win,0.308,fox,classic_hunter,150.00,vihtavuori_n135,102,34.0,2398,24.000,vihtavuori,large_rifle_generic,12.000,2.638
308_win,0.308,fox,classic_hunter,150.00,vihtavuori_n140,112,39.8,2480,24.000,vihtavuori,large_rifle_generic,12.000,2.638
308_win,0.308,fox,classic_hunter,150.00,vihtavuori_n540,117,41.7,2552,24.000,vihtavuori,large_rifle_generic,12.000,2.638
308_win,0.308,fox,classic_hunter,150.00,vihtavuori_n150,124,40.1,2513,24.000,vihtavuori,large_rifle_generic,12.000,2.638
308_win,0.308,fox,classic_hunter,150.00,vihtavuori_n550,129,44.0,2539,24.000,vihtavuori,large_rifle_generic,12.000,2.638
308_win,0.308,fox,target,150.00,vihtavuori_n130,84,34.0,2408,24.000,vihtavuori,large_rifle_generic,12.000,2.697
308_win,0.308,fox,target,150.00,vihtavuori_n133,89,35.5,2431,24.000,vihtavuori,large_rifle_generic,12.000,2.697
308_win,0.308,fox,target,150.00,vihtavuori_n135,102,37.0,2484,24.000,vihtavuori,large_rifle_generic,12.000,2.697
308_win,0.308,fox,target,150.00,vihtavuori_n140,112,41.7,2556,24.000,vihtavuori,large_rifle_generic,12.000,2.697
308_win,0.308,fox,target,150.00,vihtavuori_n150,124,42.6,2592,24.000,vihtavuori,large_rifle_generic,12.000,2.697
308_win,0.308,hornady,cx,150.00,vihtavuori_n135,102,34.1,2320,24.000,vihtavuori,large_rifle_generic,12.000,2.799
308_win,0.308,hornady,cx,150.00,vihtavuori_n140,112,39.5,2451,24.000,vihtavuori,large_rifle_generic,12.000,2.799
308_win,0.308,hornady,cx,150.00,vihtavuori_n540,117,39.4,2480,24.000,vihtavuori,large_rifle_generic,12.000,2.799
308_win,0.308,hornady,cx,150.00,vihtavuori_n150,124,38.6,2454,24.000,vihtavuori,large_rifle_generic,12.000,2.799
308_win,0.308,hornady,cx,150.00,vihtavuori_n550,129,42.4,2503,24.000,vihtavuori,large_rifle_generic,12.000,2.799
308_win,0.308,hornady,fmj_bt,150.00,vihtavuori_n130,84,36.3,2523,24.000,vihtavuori,large_rifle_generic,12.000,2.795
308_win,0.308,hornady,fmj_bt,150.00,vihtavuori_n133,89,40.1,2612,24.000,vihtavuori,large_rifle_generic,12.000,2.795
308_win,0.308,hornady,fmj_bt,150.00,vihtavuori_n135,102,41.7,2621,24.000,vihtavuori,large_rifle_generic,12.000,2.795
308_win,0.308,hornady,fmj_bt,150.00,vihtavuori_n140,112,44.0,2648,24.000,vihtavuori,large_rifle_generic,12.000,2.795
308_win,0.308,hornady,fmj_bt,150.00,vihtavuori_n540,117,44.0,2641,24.000,vihtavuori,large_rifle_generic,12.000,2.795
308_win,0.308,hornady,fmj_bt,150.00,vihtavuori_n150,124,44.8,2651,24.000,vihtavuori,large_rifle_generic,12.000,2.795
308_win,0.308,hornady,fmj_bt,150.00,vihtavuori_n550,129,47.8,2674,24.000,vihtavuori,large_rifle_generic,12.000,2.795
308_win,0.308,hornady,gmx,150.00,vihtavuori_n135,102,36.3,2359,24.000,vihtavuori,large_rifle_generic,12.000,2.795
308_win,0.308,hornady,gmx,150.00,vihtavuori_n140,112,39.0,2411,24.000,vihtavuori,large_rifle_generic,12.000,2.795
308_win,0.308,hornady,gmx,150.00,vihtavuori_n540,117,40.1,2441,24.000,vihtavuori,large_rifle_generic,12.000,2.795
308_win,0.308,hornady,gmx,150.00,vihtavuori_n150,124,39.4,2415,24.000,vihtavuori,large_rifle_generic,12.000,2.795
308_win,0.308,hornady,interlock_btsp,150.00,vihtavuori_n130,84,35.5,2513,24.000,vihtavuori,large_rifle_generic,12.000,2.740
308_win,0.308,hornady,interlock_btsp,150.00,vihtavuori_n133,89,38.7,2566,24.000,vihtavuori,large_rifle_generic,12.000,2.740
308_win,0.308,hornady,interlock_btsp,150.00,vihtavuori_n135,102,39.4,2552,24.000,vihtavuori,large_rifle_generic,12.000,2.740
308_win,0.308,hornady,interlock_btsp,150.00,vihtavuori_n140,112,41.7,2575,24.000,vihtavuori,large_rifle_generic,12.000,2.740
308_win,0.308,hornady,interlock_btsp,150.00,vihtavuori_n540,117,43.5,2641,24.000,vihtavuori,large_rifle_generic,12.000,2.740
308_win,0.308,hornady,interlock_btsp,150.00,vihtavuori_n150,124,43.2,2628,24.000,vihtavuori,large_rifle_generic,12.000,2.740
308_win,0.308,hornady,interlock_btsp,150.00,vihtavuori_n550,129,47.1,2667,24.000,vihtavuori,large_rifle_generic,12.000,2.740
308_win,0.308,hornady,sst,150.00,vihtavuori_n133,89,37.0,2500,24.000,vihtavuori,large_rifle_generic,12.000,2.732
308_win,0.308,hornady,sst,150.00,vihtavuori_n530,100,38.0,2533,24.000,vihtavuori,large_rifle_generic,12.000,2.732
308_win,0.308,hornady,sst,150.00,vihtavuori_n135,102,39.0,2539,24.000,vihtavuori,large_rifle_generic,12.000,2.732
308_win,0.308,hornady,sst,150.00,vihtavuori_n140,112,40.9,2516,24.000,vihtavuori,large_rifle_generic,12.000,2.732
308_win,0.308,hornady,sst,150.00,vihtavuori_n540,117,41.8,2585,24.000,vihtavuori,large_rifle_generic,12.000,2.732
308_win,0.308,hornady,sst,150.00,vihtavuori_n150,124,41.7,2552,24.000,vihtavuori,large_rifle_generic,12.000,2.732
308_win,0.308,lapua,lockbase,150.00,vihtavuori_n530,100,37.8,2605,24.000,vihtavuori,large_rifle_generic,12.000,2.756
308_win,0.308,lapua,lockbase,150.00,vihtavuori_n135,102,39.5,2657,24.000,vihtavuori,large_rifle_generic,12.000,2.756
308_win,0.308,lapua,lockbase,150.00,vihtavuori_n140,112,42.4,2625,24.000,vihtavuori,large_rifle_generic,12.000,2.756
308_win,0.308,lapua,lockbase,150.00,vihtavuori_n540,117,42.9,2648,24.000,vihtavuori,large_rifle_generic,12.000,2.756
308_win,0.308,lapua,lockbase,150.00,vihtavuori_n150,124,43.2,2635,24.000,vihtavuori,large_rifle_generic,12.000,2.756
308_win,0.308,lapua,mega_e469,150.00,vihtavuori_n135,102,36.3,2451,24.000,vihtavuori,large_rifle_generic,12.000,2.567
308_win,0.308,lapua,mega_e469,150.00,vihtavuori_n140,112,36.3,2346,24.000,vihtavuori,large_rifle_generic,12.000,2.567
308_win,0.308,lapua,mega_e469,150.00,vihtavuori_n540,117,40.7,2382,24.000,vihtavuori,large_rifle_generic,12.000,2.567
308_win,0.308,lapua,trx,150.00,vihtavuori_n133,89,34.7,2425,24.000,vihtavuori,large_rifle_generic,12.000,2.776
308_win,0.308,lapua,trx,150.00,vihtavuori_n135,102,36.1,2474,24.000,vihtavuori,large_rifle_generic,12.000,2.776
308_win,0.308,lapua,trx,150.00,vihtavuori_n140,112,42.4,2589,24.000,vihtavuori,large_rifle_generic,12.000,2.776
308_win,0.308,lapua,trx,150.00,vihtavuori_n540,117,41.7,2602,24.000,vihtavuori,large_rifle_generic,12.000,2.776
308_win,0.308,lapua,trx,150.00,vihtavuori_n150,124,41.7,2585,24.000,vihtavuori,large_rifle_generic,12.000,2.776
308_win,0.308,lapua,trx,150.00,vihtavuori_n550,129,44.8,2595,24.000,vihtavuori,large_rifle_generic,12.000,2.776
308_win,0.308,los,tactic,150.00,vihtavuori_n530,100,36.7,2536,24.000,vihtavuori,large_rifle_generic,12.000,2.780
308_win,0.308,los,tactic,150.00,vihtavuori_n135,102,38.0,2566,24.000,vihtavuori,large_rifle_generic,12.000,2.780
308_win,0.308,los,tactic,150.00,vihtavuori_n140,112,40.7,2559,24.000,vihtavuori,large_rifle_generic,12.000,2.780
308_win,0.308,los,tactic,150.00,vihtavuori_n540,117,41.2,2589,24.000,vihtavuori,large_rifle_generic,12.000,2.780
308_win,0.308,norma,fmj,150.00,vihtavuori_n130,84,31.2,2362,24.000,vihtavuori,large_rifle_generic,12.000,2.693
308_win,0.308,norma,fmj,150.00,vihtavuori_n133,89,35.8,2484,24.000,vihtavuori,large_rifle_generic,12.000,2.693
308_win,0.308,norma,fmj,150.00,vihtavuori_n530,100,37.0,2503,24.000,vihtavuori,large_rifle_generic,12.000,2.693
308_win,0.308,norma,fmj,150.00,vihtavuori_n135,102,37.8,2539,24.000,vihtavuori,large_rifle_generic,12.000,2.693
308_win,0.308,norma,fmj,150.00,vihtavuori_n140,112,40.6,2562,24.000,vihtavuori,large_rifle_generic,12.000,2.693
308_win,0.308,nosler,accubond,150.00,vihtavuori_n133,89,36.7,2503,24.000,vihtavuori,large_rifle_generic,12.000,2.795
308_win,0.308,nosler,accubond,150.00,vihtavuori_n135,102,39.0,2520,24.000,vihtavuori,large_rifle_generic,12.000,2.795
308_win,0.308,nosler,accubond,150.00,vihtavuori_n140,112,42.3,2569,24.000,vihtavuori,large_rifle_generic,12.000,2.795
308_win,0.308,nosler,accubond,150.00,vihtavuori_n540,117,43.2,2618,24.000,vihtavuori,large_rifle_generic,12.000,2.795
308_win,0.308,nosler,accubond,150.00,vihtavuori_n150,124,42.6,2618,24.000,vihtavuori,large_rifle_generic,12.000,2.795
308_win,0.308,nosler,accubond,150.00,vihtavuori_n550,129,45.8,2631,24.000,vihtavuori,large_rifle_generic,12.000,2.795
308_win,0.308,red_moose,tarvas,150.00,vihtavuori_n135,102,38.6,2595,24.000,vihtavuori,large_rifle_generic,12.000,2.724
308_win,0.308,red_moose,tarvas,150.00,vihtavuori_n140,112,40.9,2582,24.000,vihtavuori,large_rifle_generic,12.000,2.724
308_win,0.308,red_moose,tarvas,150.00,vihtavuori_n540,117,42.7,2651,24.000,vihtavuori,large_rifle_generic,12.000,2.724
308_win,0.308,red_moose,tarvas,150.00,vihtavuori_n150,124,42.4,2635,24.000,vihtavuori,large_rifle_generic,12.000,2.724
308_win,0.308,red_moose,tarvas,150.00,vihtavuori_n550,129,45.5,2654,24.000,vihtavuori,large_rifle_generic,12.000,2.724
308_win,0.308,sako,blade_645a,150.00,vihtavuori_n133,89,34.0,2297,24.000,vihtavuori,large_rifle_generic,12.000,2.795
308_win,0.308,sako,blade_645a,150.00,vihtavuori_n135,102,36.6,2402,24.000,vihtavuori,large_rifle_generic,12.000,2.795
308_win,0.308,sako,blade_645a,150.00,vihtavuori_n140,112,40.1,2480,24.000,vihtavuori,large_rifle_generic,12.000,2.795
308_win,0.308,sako,blade_645a,150.00,vihtavuori_n540,117,40.9,2520,24.000,vihtavuori,large_rifle_generic,12.000,2.795
308_win,0.308,sako,blade_645a,150.00,vihtavuori_n150,124,40.1,2470,24.000,vihtavuori,large_rifle_generic,12.000,2.795
308_win,0.308,sako,blade_645a,150.00,vihtavuori_n550,129,43.2,2516,24.000,vihtavuori,large_rifle_generic,12.000,2.795
308_win,0.308,sierra,hpbt,150.00,vihtavuori_n130,84,36.0,2510,24.000,vihtavuori,large_rifle_generic,12.000,2.795
308_win,0.308,sierra,hpbt,150.00,vihtavuori_n133,89,38.9,2566,24.000,vihtavuori,large_rifle_generic,12.000,2.795
308_win,0.308,sierra,hpbt,150.00,vihtavuori_n135,102,40.9,2602,24.000,vihtavuori,large_rifle_generic,12.000,2.795
308_win,0.308,sierra,hpbt,150.00,vihtavuori_n140,112,40.4,2467,24.000,vihtavuori,large_rifle_generic,12.000,2.795
308_win,0.308,sierra,hpbt,150.00,vihtavuori_n540,117,41.8,2487,24.000,vihtavuori,large_rifle_generic,12.000,2.795
308_win,0.308,sierra,hpbt,150.00,vihtavuori_n150,124,42.2,2545,24.000,vihtavuori,large_rifle_generic,12.000,2.795
308_win,0.308,sierra,hpbt,150.00,vihtavuori_n550,129,44.5,2534,24.000,vihtavuori,large_rifle_generic,12.000,2.795
308_win,0.308,sierra,spbt,150.00,vihtavuori_n133,89,35.0,2391,24.000,vihtavuori,large_rifle_generic,12.000,2.756
308_win,0.308,sierra,spbt,150.00,vihtavuori_n135,102,39.5,2505,24.000,vihtavuori,large_rifle_generic,12.000,2.756
308_win,0.308,sierra,spbt,150.00,vihtavuori_n140,112,41.8,2516,24.000,vihtavuori,large_rifle_generic,12.000,2.756
308_win,0.308,sierra,spbt,150.00,vihtavuori_n150,124,43.6,2545,24.000,vihtavuori,large_rifle_generic,12.000,2.756
308_win,0.308,swift,scirocco_ii,150.00,vihtavuori_n135,102,35.2,2448,24.000,vihtavuori,large_rifle_generic,12.000,2.795
308_win,0.308,swift,scirocco_ii,150.00,vihtavuori_n140,112,38.6,2484,24.000,vihtavuori,large_rifle_generic,12.000,2.795
308_win,0.308,swift,scirocco_ii,150.00,vihtavuori_n540,117,39.4,2533,24.000,vihtavuori,large_rifle_generic,12.000,2.795
308_win,0.308,swift,scirocco_ii,150.00,vihtavuori_n150,124,39.4,2526,24.000,vihtavuori,large_rifle_generic,12.000,2.795
308_win,0.308,swift,scirocco_ii,150.00,vihtavuori_n550,129,42.4,2503,24.000,vihtavuori,large_rifle_generic,12.000,2.795
308_win,0.308,woodleigh,weldcore_pp,150.00,vihtavuori_n135,102,37.3,2464,24.000,vihtavuori,large_rifle_generic,12.000,2.795
308_win,0.308,woodleigh,weldcore_pp,150.00,vihtavuori_n140,112,39.0,2444,24.000,vihtavuori,large_rifle_generic,12.000,2.795
308_win,0.308,woodleigh,weldcore_pp,150.00,vihtavuori_n540,117,40.6,2520,24.000,vihtavuori,large_rifle_generic,12.000,2.795
308_win,0.308,berger,hybrid_target,155.00,vihtavuori_n135,102,37.2,2461,24.000,vihtavuori,large_rifle_generic,12.000,2.795
308_win,0.308,berger,hybrid_target,155.00,vihtavuori_n140,112,39.8,2474,24.000,vihtavuori,large_rifle_generic,12.000,2.795
308_win,0.308,berger,hybrid_target,155.00,vihtavuori_n540,117,40.7,2520,24.000,vihtavuori,large_rifle_generic,12.000,2.795
308_win,0.308,berger,hybrid_target,155.00,vihtavuori_n150,124,40.3,2497,24.000,vihtavuori,large_rifle_generic,12.000,2.795
308_win,0.308,berger,hybrid_target,155.00,vihtavuori_n550,129,42.6,2490,24.000,vihtavuori,large_rifle_generic,12.000,2.795
308_win,0.308,berger,vld_hunting,155.00,vihtavuori_n130,84,34.3,2425,24.000,vihtavuori,large_rifle_generic,12.000,2.800
308_win,0.308,berger,vld_hunting,155.00,vihtavuori_n133,89,37.3,2477,24.000,vihtavuori,large_rifle_generic,12.000,2.800
308_win,0.308,berger,vld_hunting,155.00,vihtavuori_n135,102,38.6,2500,24.000,vihtavuori,large_rifle_generic,12.000,2.800
308_win,0.308,berger,vld_hunting,155.00,vihtavuori_n140,112,40.9,2516,24.000,vihtavuori,large_rifle_generic,12.000,2.800
308_win,0.308,berger,vld_hunting,155.00,vihtavuori_n540,117,41.7,2562,24.000,vihtavuori,large_rifle_generic,12.000,2.800
308_win,0.308,berger,vld_hunting,155.00,vihtavuori_n150,124,42.3,2569,24.000,vihtavuori,large_rifle_generic,12.000,2.800
308_win,0.308,berger,vld_hunting,155.00,vihtavuori_n550,129,44.9,2572,24.000,vihtavuori,large_rifle_generic,12.000,2.800
308_win,0.308,brenneke,tag,155.00,vihtavuori_n140,112,41.1,2510,24.000,vihtavuori,large_rifle_generic,12.000,2.740
308_win,0.308,brenneke,tag,155.00,vihtavuori_n540,117,41.5,2546,24.000,vihtavuori,large_rifle_generic,12.000,2.740
308_win,0.308,brenneke,tag,155.00,vihtavuori_n150,124,42.3,2533,24.000,vihtavuori,large_rifle_generic,12.000,2.740
308_win,0.308,hornady,bthp,155.00,vihtavuori_n130,84,35.5,2470,24.000,vihtavuori,large_rifle_generic,12.000,2.795
308_win,0.308,hornady,bthp,155.00,vihtavuori_n133,89,38.6,2536,24.000,vihtavuori,large_rifle_generic,12.000,2.795
308_win,0.308,hornady,bthp,155.00,vihtavuori_n135,102,39.4,2530,24.000,vihtavuori,large_rifle_generic,12.000,2.795
308_win,0.308,hornady,bthp,155.00,vihtavuori_n140,112,42.0,2556,24.000,vihtavuori,large_rifle_generic,12.000,2.795
308_win,0.308,hornady,bthp,155.00,vihtavuori_n540,117,42.7,2592,24.000,vihtavuori,large_rifle_generic,12.000,2.795
308_win,0.308,hornady,bthp,155.00,vihtavuori_n150,124,42.9,2602,24.000,vihtavuori,large_rifle_generic,12.000,2.795
308_win,0.308,hornady,bthp,155.00,vihtavuori_n550,129,46.3,2595,24.000,vihtavuori,large_rifle_generic,12.000,2.795
308_win,0.308,hornady,eld_match,155.00,vihtavuori_n133,89,37.0,2507,24.000,vihtavuori,large_rifle_generic,12.000,2.799
308_win,0.308,hornady,eld_match,155.00,vihtavuori_n135,102,38.4,2526,24.000,vihtavuori,large_rifle_generic,12.000,2.799
308_win,0.308,hornady,eld_match,155.00,vihtavuori_n140,112,40.3,2543,24.000,vihtavuori,large_rifle_generic,12.000,2.799
308_win,0.308,hornady,eld_match,155.00,vihtavuori_n540,117,40.9,2566,24.000,vihtavuori,large_rifle_generic,12.000,2.799
308_win,0.308,hornady,eld_match,155.00,vihtavuori_n150,124,41.7,2595,24.000,vihtavuori,large_rifle_generic,12.000,2.799
308_win,0.308,hornady,eld_match,155.00,vihtavuori_n550,129,44.0,2585,24.000,vihtavuori,large_rifle_generic,12.000,2.799
308_win,0.308,lapua,scenar_l,155.00,vihtavuori_n530,100,34.6,2385,24.000,vihtavuori,large_rifle_generic,12.000,2.795
308_win,0.308,lapua,scenar_l,155.00,vihtavuori_n135,102,34.4,2254,24.000,vihtavuori,large_rifle_generic,12.000,2.795
308_win,0.308,lapua,scenar_l,155.00,vihtavuori_n140,112,36.7,2251,24.000,vihtavuori,large_rifle_generic,12.000,2.795
308_win,0.308,lapua,scenar_l,155.00,vihtavuori_n540,117,40.6,2562,24.000,vihtavuori,large_rifle_generic,12.000,2.795
308_win,0.308,lapua,scenar_l,155.00,vihtavuori_n150,124,39.0,2359,24.000,vihtavuori,large_rifle_generic,12.000,2.795
308_win,0.308,lapua,scenar_l,155.00,vihtavuori_n550,129,44.4,2605,24.000,vihtavuori,large_rifle_generic,12.000,2.795
308_win,0.308,los,hunting,155.00,vihtavuori_n140,112,40.4,2513,24.000,vihtavuori,large_rifle_generic,12.000,2.752
308_win,0.308,los,hunting,155.00,vihtavuori_n540,117,41.1,2556,24.000,vihtavuori,large_rifle_generic,12.000,2.752
308_win,0.308,los,hunting,155.00,vihtavuori_n150,124,41.4,2546,24.000,vihtavuori,large_rifle_generic,12.000,2.752
308_win,0.308,nosler,custom_competition,155.00,vihtavuori_n133,89,37.3,2503,24.000,vihtavuori,large_rifle_generic,12.000,2.795
308_win,0.308,nosler,custom_competition,155.00,vihtavuori_n135,102,38.9,2546,24.000,vihtavuori,large_rifle_generic,12.000,2.795
308_win,0.308,nosler,custom_competition,155.00,vihtavuori_n140,112,41.7,2575,24.000,vihtavuori,large_rifle_generic,12.000,2.795
308_win,0.308,nosler,custom_competition,155.00,vihtavuori_n540,117,42.1,2598,24.000,vihtavuori,large_rifle_generic,12.000,2.795
308_win,0.308,nosler,custom_competition,155.00,vihtavuori_n150,124,41.7,2559,24.000,vihtavuori,large_rifle_generic,12.000,2.795
308_win,0.308,sierra,hpbt,155.00,vihtavuori_n135,102,35.1,2337,24.000,vihtavuori,large_rifle_generic,12.000,2.795
308_win,0.308,sierra,hpbt,155.00,vihtavuori_n140,112,37.0,2354,24.000,vihtavuori,large_rifle_generic,12.000,2.795
308_win,0.308,sierra,hpbt,155.00,vihtavuori_n540,117,37.9,2337,24.000,vihtavuori,large_rifle_generic,12.000,2.795
308_win,0.308,sierra,hpbt,155.00,vihtavuori_n150,124,40.6,2466,24.000,vihtavuori,large_rifle_generic,12.000,2.795
308_win,0.308,sierra,hpbt,155.00,vihtavuori_n550,129,42.5,2479,24.000,vihtavuori,large_rifle_generic,12.000,2.795
308_win,0.308,sierra,tmk,155.00,vihtavuori_n135,102,37.3,2470,24.000,vihtavuori,large_rifle_generic,12.000,2.795
308_win,0.308,sierra,tmk,155.00,vihtavuori_n140,112,39.8,2464,24.000,vihtavuori,large_rifle_generic,12.000,2.795
308_win,0.308,sierra,tmk,155.00,vihtavuori_n540,117,40.4,2513,24.000,vihtavuori,large_rifle_generic,12.000,2.795
308_win,0.308,sierra,tmk,155.00,vihtavuori_n150,124,40.6,2497,24.000,vihtavuori,large_rifle_generic,12.000,2.795
308_win,0.308,sierra,tmk,155.00,vihtavuori_n550,129,42.9,2510,24.000,vihtavuori,large_rifle_generic,12.000,2.795
308_win,0.308,berger,fullbore_target,155.50,vihtavuori_n130,84,34.9,2441,24.000,vihtavuori,large_rifle_generic,12.000,2.800
308_win,0.308,berger,fullbore_target,155.50,vihtavuori_n133,89,38.1,2507,24.000,vihtavuori,large_rifle_generic,12.000,2.800
308_win,0.308,berger,fullbore_target,155.50,vihtavuori_n135,102,39.7,2526,24.000,vihtavuori,large_rifle_generic,12.000,2.800
308_win,0.308,berger,fullbore_target,155.50,vihtavuori_n140,112,42.0,2569,24.000,vihtavuori,large_rifle_generic,12.000,2.800
308_win,0.308,berger,fullbore_target,155.50,vihtavuori_n540,117,42.7,2615,24.000,vihtavuori,large_rifle_generic,12.000,2.800
308_win,0.308,berger,fullbore_target,155.50,vihtavuori_n150,124,43.2,2605,24.000,vihtavuori,large_rifle_generic,12.000,2.800
308_win,0.308,berger,fullbore_target,155.50,vihtavuori_n550,129,46.3,2618,24.000,vihtavuori,large_rifle_generic,12.000,2.800
308_win,0.308,sako,blade_656a,162.00,vihtavuori_n140,112,36.3,2297,24.000,vihtavuori,large_rifle_generic,12.000,2.795
308_win,0.308,sako,blade_656a,162.00,vihtavuori_n540,117,37.8,2352,24.000,vihtavuori,large_rifle_generic,12.000,2.795
308_win,0.308,sako,blade_656a,162.00,vihtavuori_n150,124,37.0,2277,24.000,vihtavuori,large_rifle_generic,12.000,2.795
308_win,0.308,sako,blade_656a,162.00,vihtavuori_n550,129,41.7,2392,24.000,vihtavuori,large_rifle_generic,12.000,2.795
308_win,0.308,barnes,tsx,165.00,vihtavuori_n140,112,37.8,2303,24.000,vihtavuori,large_rifle_generic,12.000,2.795
308_win,0.308,barnes,tsx,165.00,vihtavuori_n150,124,38.9,2346,24.000,vihtavuori,large_rifle_generic,12.000,2.795
308_win,0.308,barnes,tsx,165.00,vihtavuori_n550,129,41.8,2382,24.000,vihtavuori,large_rifle_generic,12.000,2.795
308_win,0.308,barnes,ttsx_bt,165.00,vihtavuori_n135,102,34.4,2254,24.000,vihtavuori,large_rifle_generic,12.000,2.799
308_win,0.308,barnes,ttsx_bt,165.00,vihtavuori_n140,112,40.1,2382,24.000,vihtavuori,large_rifle_generic,12.000,2.799
308_win,0.308,barnes,ttsx_bt,165.00,vihtavuori_n540,117,40.1,2431,24.000,vihtavuori,large_rifle_generic,12.000,2.799
308_win,0.308,barnes,ttsx_bt,165.00,vihtavuori_n150,124,40.1,2411,24.000,vihtavuori,large_rifle_generic,12.000,2.799
308_win,0.308,barnes,ttsx_bt,165.00,vihtavuori_n550,129,44.0,2470,24.000,vihtavuori,large_rifle_generic,12.000,2.799
308_win,0.308,brenneke,tog,165.00,vihtavuori_n135,102,31.0,2011,24.000,vihtavuori,large_rifle_generic,12.000,2.697
308_win,0.308,brenneke,tog,165.00,vihtavuori_n140,112,38.4,2392,24.000,vihtavuori,large_rifle_generic,12.000,2.697
308_win,0.308,brenneke,tog,165.00,vihtavuori_n540,117,39.0,2415,24.000,vihtavuori,large_rifle_generic,12.000,2.697
308_win,0.308,brenneke,tog,165.00,vihtavuori_n150,124,38.7,2359,24.000,vihtavuori,large_rifle_generic,12.000,2.697
308_win,0.308,cutting_edge,mth,165.00,vihtavuori_n140,112,38.3,2352,24.000,vihtavuori,large_rifle_generic,12.000,2.795
308_win,0.308,cutting_edge,mth,165.00,vihtavuori_n540,117,39.5,2421,24.000,vihtavuori,large_rifle_generic,12.000,2.795
308_win,0.308,cutting_edge,mth,165.00,vihtavuori_n150,124,38.9,2372,24.000,vihtavuori,large_rifle_generic,12.000,2.795
308_win,0.308,cutting_edge,mth,165.00,vihtavuori_n550,129,42.1,2431,24.000,vihtavuori,large_rifle_generic,12.000,2.795
308_win,0.308,fox,target,165.00,vihtavuori_n140,112,40.1,2398,24.000,vihtavuori,large_rifle_generic,12.000,2.697
308_win,0.308,fox,target,165.00,vihtavuori_n540,117,41.7,2487,24.000,vihtavuori,large_rifle_generic,12.000,2.697
308_win,0.308,fox,target,165.00,vihtavuori_n150,124,40.6,2421,24.000,vihtavuori,large_rifle_generic,12.000,2.697
308_win,0.308,hornady,cx,165.00,vihtavuori_n135,102,33.2,2205,24.000,vihtavuori,large_rifle_generic,12.000,2.799
308_win,0.308,hornady,cx,165.00,vihtavuori_n140,112,38.6,2306,24.000,vihtavuori,large_rifle_generic,12.000,2.799
308_win,0.308,hornady,cx,165.00,vihtavuori_n540,117,38.6,2329,24.000,vihtavuori,large_rifle_generic,12.000,2.799
308_win,0.308,hornady,cx,165.00,vihtavuori_n150,124,37.8,2313,24.000,vihtavuori,large_rifle_generic,12.000,2.799
308_win,0.308,hornady,cx,165.00,vihtavuori_n550,129,42.4,2392,24.000,vihtavuori,large_rifle_generic,12.000,2.799
308_win,0.308,hornady,ecx,165.00,vihtavuori_n135,102,33.0,2136,24.000,vihtavuori,large_rifle_generic,12.000,2.795
308_win,0.308,hornady,ecx,165.00,vihtavuori_n140,112,37.0,2251,24.000,vihtavuori,large_rifle_generic,12.000,2.795
308_win,0.308,hornady,ecx,165.00,vihtavuori_n540,117,39.4,2346,24.000,vihtavuori,large_rifle_generic,12.000,2.795
308_win,0.308,hornady,ecx,165.00,vihtavuori_n150,124,37.0,2267,24.000,vihtavuori,large_rifle_generic,12.000,2.795
308_win,0.308,hornady,ecx,165.00,vihtavuori_n550,129,42.1,2375,24.000,vihtavuori,large_rifle_generic,12.000,2.795
308_win,0.308,hornady,gmx,165.00,vihtavuori_n140,112,38.0,2238,24.000,vihtavuori,large_rifle_generic,12.000,2.795
308_win,0.308,hornady,gmx,165.00,vihtavuori_n540,117,37.2,2247,24.000,vihtavuori,large_rifle_generic,12.000,2.795
308_win,0.308,hornady,gmx,165.00,vihtavuori_n150,124,37.3,2234,24.000,vihtavuori,large_rifle_generic,12.000,2.795
308_win,0.308,hornady,gmx,165.00,vihtavuori_n550,129,40.3,2293,24.000,vihtavuori,large_rifle_generic,12.000,2.795
308_win,0.308,hornady,interlock_btsp,165.00,vihtavuori_n130,84,34.0,2349,24.000,vihtavuori,large_rifle_generic,12.000,2.740
308_win,0.308,hornady,interlock_btsp,165.00,vihtavuori_n133,89,36.3,2385,24.000,vihtavuori,large_rifle_generic,12.000,2.740
308_win,0.308,hornady,interlock_btsp,165.00,vihtavuori_n135,102,37.8,2428,24.000,vihtavuori,large_rifle_generic,12.000,2.740
308_win,0.308,hornady,interlock_btsp,165.00,vihtavuori_n140,112,40.9,2470,24.000,vihtavuori,large_rifle_generic,12.000,2.740
308_win,0.308,hornady,interlock_btsp,165.00,vihtavuori_n540,117,40.9,2490,24.000,vihtavuori,large_rifle_generic,12.000,2.740
308_win,0.308,hornady,interlock_btsp,165.00,vihtavuori_n150,124,41.4,2493,24.000,vihtavuori,large_rifle_generic,12.000,2.740
308_win,0.308,hornady,interlock_btsp,165.00,vihtavuori_n550,129,45.1,2552,24.000,vihtavuori,large_rifle_generic,12.000,2.740
308_win,0.308,hornady,sst,165.00,vihtavuori_n130,84,32.4,2293,24.000,vihtavuori,large_rifle_generic,12.000,2.776
308_win,0.308,hornady,sst,165.00,vihtavuori_n133,89,34.3,2300,24.000,vihtavuori,large_rifle_generic,12.000,2.776
308_win,0.308,hornady,sst,165.00,vihtavuori_n135,102,36.0,2343,24.000,vihtavuori,large_rifle_generic,12.000,2.776
308_win,0.308,hornady,sst,165.00,vihtavuori_n140,112,38.9,2398,24.000,vihtavuori,large_rifle_generic,12.000,2.776
308_win,0.308,hornady,sst,165.00,vihtavuori_n540,117,40.1,2467,24.000,vihtavuori,large_rifle_generic,12.000,2.776
308_win,0.308,hornady,sst,165.00,vihtavuori_n150,124,39.2,2421,24.000,vihtavuori,large_rifle_generic,12.000,2.776
308_win,0.308,hornady,sst,165.00,vihtavuori_n550,129,42.0,2451,24.000,vihtavuori,large_rifle_generic,12.000,2.776
308_win,0.308,lapua,trx,165.00,vihtavuori_n135,102,36.6,2382,24.000,vihtavuori,large_rifle_generic,12.000,2.799
308_win,0.308,lapua,trx,165.00,vihtavuori_n140,112,40.1,2434,24.000,vihtavuori,large_rifle_generic,12.000,2.799
308_win,0.308,lapua,trx,165.00,vihtavuori_n540,117,40.1,2448,24.000,vihtavuori,large_rifle_generic,12.000,2.799
308_win,0.308,lapua,trx,165.00,vihtavuori_n150,124,40.1,2454,24.000,vihtavuori,large_rifle_generic,12.000,2.799
308_win,0.308,lapua,trx,165.00,vihtavuori_n550,129,44.0,2480,24.000,vihtavuori,large_rifle_generic,12.000,2.799
308_win,0.308,los,solid_brass_tactic,165.00,vihtavuori_n130,84,33.2,2375,24.000,vihtavuori,large_rifle_generic,12.000,2.795
308_win,0.308,los,solid_brass_tactic,165.00,vihtavuori_n133,89,36.3,2434,24.000,vihtavuori,large_rifle_generic,12.000,2.795
308_win,0.308,los,solid_brass_tactic,165.00,vihtavuori_n135,102,38.6,2467,24.000,vihtavuori,large_rifle_generic,12.000,2.795
308_win,0.308,los,solid_brass_tactic,165.00,vihtavuori_n140,112,41.1,2493,24.000,vihtavuori,large_rifle_generic,12.000,2.795
308_win,0.308,los,solid_brass_tactic,165.00,vihtavuori_n540,117,42.4,2556,24.000,vihtavuori,large_rifle_generic,12.000,2.795
308_win,0.308,los,solid_brass_tactic,165.00,vihtavuori_n150,124,42.1,2539,24.000,vihtavuori,large_rifle_generic,12.000,2.795
308_win,0.308,red_moose,tarvas,165.00,vihtavuori_n140,112,40.1,2490,24.000,vihtavuori,large_rifle_generic,12.000,2.724
308_win,0.308,red_moose,tarvas,165.00,vihtavuori_n540,117,40.9,2484,24.000,vihtavuori,large_rifle_generic,12.000,2.724
308_win,0.308,red_moose,tarvas,165.00,vihtavuori_n150,124,40.9,2477,24.000,vihtavuori,large_rifle_generic,12.000,2.724
308_win,0.308,red_moose,tarvas,165.00,vihtavuori_n550,129,43.7,2516,24.000,vihtavuori,large_rifle_generic,12.000,2.724
308_win,0.308,rhino,solid_shank,165.00,vihtavuori_n140,112,39.5,2415,24.000,vihtavuori,large_rifle_generic,12.000,2.657
308_win,0.308,rhino,solid_shank,165.00,vihtavuori_n540,117,40.1,2425,24.000,vihtavuori,large_rifle_generic,12.000,2.657
308_win,0.308,rhino,solid_shank,165.00,vihtavuori_n150,124,41.5,2487,24.000,vihtavuori,large_rifle_generic,12.000,2.657
308_win,0.308,rhino,solid_shank,165.00,vihtavuori_n550,129,44.1,2444,24.000,vihtavuori,large_rifle_generic,12.000,2.657
308_win,0.308,sierra,sbt,165.00,vihtavuori_n135,102,36.7,2382,24.000,vihtavuori,large_rifle_generic,12.000,2.752
308_win,0.308,sierra,sbt,165.00,vihtavuori_n140,112,39.4,2434,24.000,vihtavuori,large_rifle_generic,12.000,2.752
308_win,0.308,sierra,sbt,165.00,vihtavuori_n540,117,40.6,2474,24.000,vihtavuori,large_rifle_generic,12.000,2.752
308_win,0.308,sierra,sbt,165.00,vihtavuori_n150,124,40.4,2438,24.000,vihtavuori,large_rifle_generic,12.000,2.752
308_win,0.308,sierra,sbt,165.00,vihtavuori_n550,129,43.2,2497,24.000,vihtavuori,large_rifle_generic,12.000,2.752
308_win,0.308,speer,spbt,165.00,vihtavuori_n133,89,36.8,2345,24.000,vihtavuori,large_rifle_generic,12.000,2.795
308_win,0.308,speer,spbt,165.00,vihtavuori_n135,102,38.3,2376,24.000,vihtavuori,large_rifle_generic,12.000,2.795
308_win,0.308,speer,spbt,165.00,vihtavuori_n140,112,40.1,2390,24.000,vihtavuori,large_rifle_generic,12.000,2.795
308_win,0.308,speer,spbt,165.00,vihtavuori_n150,124,41.0,2411,24.000,vihtavuori,large_rifle_generic,12.000,2.795
308_win,0.308,speer,spbt,165.00,vihtavuori_n550,129,44.1,2495,24.000,vihtavuori,large_rifle_generic,12.000,2.795
308_win,0.308,swift,scirocco_ii,165.00,vihtavuori_n140,112,36.9,2346,24.000,vihtavuori,large_rifle_generic,12.000,2.795
308_win,0.308,swift,scirocco_ii,165.00,vihtavuori_n540,117,37.7,2349,24.000,vihtavuori,large_rifle_generic,12.000,2.795
308_win,0.308,swift,scirocco_ii,165.00,vihtavuori_n150,124,38.1,2372,24.000,vihtavuori,large_rifle_generic,12.000,2.795
308_win,0.308,swift,scirocco_ii,165.00,vihtavuori_n550,129,41.4,2375,24.000,vihtavuori,large_rifle_generic,12.000,2.795
308_win,0.308,copperbear,exhbt,166.00,vihtavuori_n135,102,34.0,2228,24.000,vihtavuori,large_rifle_generic,12.000,2.657
308_win,0.308,copperbear,exhbt,166.00,vihtavuori_n140,112,37.0,2247,24.000,vihtavuori,large_rifle_generic,12.000,2.657
308_win,0.308,copperbear,exhbt,166.00,vihtavuori_n540,117,38.6,2320,24.000,vihtavuori,large_rifle_generic,12.000,2.657
308_win,0.308,copperbear,exhbt,166.00,vihtavuori_n150,124,37.0,2267,24.000,vihtavuori,large_rifle_generic,12.000,2.657
308_win,0.308,copperbear,exhbt,166.00,vihtavuori_n550,129,41.1,2339,24.000,vihtavuori,large_rifle_generic,12.000,2.657
308_win,0.308,lapua,scenar,167.00,vihtavuori_n135,102,36.7,2425,24.000,vihtavuori,large_rifle_generic,12.000,2.795
308_win,0.308,lapua,scenar,167.00,vihtavuori_n140,112,40.0,2356,24.000,vihtavuori,large_rifle_generic,12.000,2.795
308_win,0.308,lapua,scenar,167.00,vihtavuori_n540,117,39.8,2405,24.000,vihtavuori,large_rifle_generic,12.000,2.795
308_win,0.308,lapua,scenar,167.00,vihtavuori_n150,124,41.8,2451,24.000,vihtavuori,large_rifle_generic,12.000,2.795
308_win,0.308,lapua,scenar,167.00,vihtavuori_n550,129,44.4,2503,24.000,vihtavuori,large_rifle_generic,12.000,2.795
308_win,0.308,barnes,tsx,168.00,vihtavuori_n140,112,40.0,2425,24.000,vihtavuori,large_rifle_generic,12.000,2.795
308_win,0.308,barnes,tsx,168.00,vihtavuori_n540,117,41.4,2448,24.000,vihtavuori,large_rifle_generic,12.000,2.795
308_win,0.308,barnes,tsx,168.00,vihtavuori_n150,124,40.6,2428,24.000,vihtavuori,large_rifle_generic,12.000,2.795
308_win,0.308,barnes,ttsx_bt,168.00,vihtavuori_n133,89,35.2,2264,24.000,vihtavuori,large_rifle_generic,12.000,2.736
308_win,0.308,barnes,ttsx_bt,168.00,vihtavuori_n135,102,37.3,2320,24.000,vihtavuori,large_rifle_generic,12.000,2.736
308_win,0.308,barnes,ttsx_bt,168.00,vihtavuori_n140,112,40.0,2356,24.000,vihtavuori,large_rifle_generic,12.000,2.736
308_win,0.308,barnes,ttsx_bt,168.00,vihtavuori_n540,117,41.7,2411,24.000,vihtavuori,large_rifle_generic,12.000,2.736
308_win,0.308,barnes,ttsx_bt,168.00,vihtavuori_n150,124,40.9,2392,24.000,vihtavuori,large_rifle_generic,12.000,2.736
308_win,0.308,barnes,ttsx_bt,168.00,vihtavuori_n550,129,44.0,2428,24.000,vihtavuori,large_rifle_generic,12.000,2.736
308_win,0.308,berger,classic_hunter,168.00,vihtavuori_n133,89,36.3,2385,24.000,vihtavuori,large_rifle_generic,12.000,2.795
308_win,0.308,berger,classic_hunter,168.00,vihtavuori_n135,102,38.1,2385,24.000,vihtavuori,large_rifle_generic,12.000,2.795
308_win,0.308,berger,classic_hunter,168.00,vihtavuori_n140,112,40.6,2441,24.000,vihtavuori,large_rifle_generic,12.000,2.795
308_win,0.308,berger,classic_hunter,168.00,vihtavuori_n540,117,40.9,2470,24.000,vihtavuori,large_rifle_generic,12.000,2.795
308_win,0.308,berger,classic_hunter,168.00,vihtavuori_n150,124,40.3,2448,24.000,vihtavuori,large_rifle_generic,12.000,2.795
308_win,0.308,berger,classic_hunter,168.00,vihtavuori_n550,129,42.9,2474,24.000,vihtavuori,large_rifle_generic,12.000,2.795
308_win,0.308,berger,hybrid_target,168.00,vihtavuori_n140,112,38.6,2346,24.000,vihtavuori,large_rifle_generic,12.000,2.795
308_win,0.308,berger,hybrid_target,168.00,vihtavuori_n540,117,39.8,2415,24.000,vihtavuori,large_rifle_generic,12.000,2.795
308_win,0.308,berger,hybrid_target,168.00,vihtavuori_n150,124,39.5,2398,24.000,vihtavuori,large_rifle_generic,12.000,2.795
308_win,0.308,berger,hybrid_target,168.00,vihtavuori_n550,129,42.1,2425,24.000,vihtavuori,large_rifle_generic,12.000,2.795
308_win,0.308,berger,vld_hunting,168.00,vihtavuori_n130,84,33.2,2293,24.000,vihtavuori,large_rifle_generic,12.000,2.800
308_win,0.308,berger,vld_hunting,168.00,vihtavuori_n133,89,36.3,2365,24.000,vihtavuori,large_rifle_generic,12.000,2.800
308_win,0.308,berger,vld_hunting,168.00,vihtavuori_n135,102,37.8,2385,24.000,vihtavuori,large_rifle_generic,12.000,2.800
308_win,0.308,berger,vld_hunting,168.00,vihtavuori_n140,112,40.3,2425,24.000,vihtavuori,large_rifle_generic,12.000,2.800
308_win,0.308,berger,vld_hunting,168.00,vihtavuori_n540,117,40.9,2470,24.000,vihtavuori,large_rifle_generic,12.000,2.800
308_win,0.308,berger,vld_hunting,168.00,vihtavuori_n150,124,40.9,2444,24.000,vihtavuori,large_rifle_generic,12.000,2.800
308_win,0.308,berger,vld_hunting,168.00,vihtavuori_n550,129,44.0,2477,24.000,vihtavuori,large_rifle_generic,12.000,2.800
308_win,0.308,cutting_edge,mtac,168.00,vihtavuori_n135,102,35.5,2326,24.000,vihtavuori,large_rifle_generic,12.000,2.795
308_win,0.308,cutting_edge,mtac,168.00,vihtavuori_n140,112,37.8,2346,24.000,vihtavuori,large_rifle_generic,12.000,2.795
308_win,0.308,cutting_edge,mtac,168.00,vihtavuori_n540,117,39.0,2392,24.000,vihtavuori,large_rifle_generic,12.000,2.795
308_win,0.308,cutting_edge,mtac,168.00,vihtavuori_n150,124,38.1,2346,24.000,vihtavuori,large_rifle_generic,12.000,2.795
308_win,0.308,cutting_edge,mtac,168.00,vihtavuori_n550,129,41.8,2408,24.000,vihtavuori,large_rifle_generic,12.000,2.795
308_win,0.308,hornady,a_max,168.00,vihtavuori_n133,89,34.7,2297,24.000,vihtavuori,large_rifle_generic,12.000,2.795
308_win,0.308,hornady,a_max,168.00,vihtavuori_n135,102,37.0,2343,24.000,vihtavuori,large_rifle_generic,12.000,2.795
308_win,0.308,hornady,a_max,168.00,vihtavuori_n140,112,39.4,2372,24.000,vihtavuori,large_rifle_generic,12.000,2.795
308_win,0.308,hornady,a_max,168.00,vihtavuori_n540,117,40.3,2415,24.000,vihtavuori,large_rifle_generic,12.000,2.795
308_win,0.308,hornady,a_max,168.00,vihtavuori_n150,124,39.4,2372,24.000,vihtavuori,large_rifle_generic,12.000,2.795
308_win,0.308,hornady,a_max,168.00,vihtavuori_n550,129,42.4,2418,24.000,vihtavuori,large_rifle_generic,12.000,2.795
308_win,0.308,hornady,eld_match,168.00,vihtavuori_n135,102,36.4,2395,24.000,vihtavuori,large_rifle_generic,12.000,2.795
308_win,0.308,hornady,eld_match,168.00,vihtavuori_n140,112,38.9,2431,24.000,vihtavuori,large_rifle_generic,12.000,2.795
308_win,0.308,hornady,eld_match,168.00,vihtavuori_n540,117,39.4,2444,24.000,vihtavuori,large_rifle_generic,12.000,2.795
308_win,0.308,hornady,eld_match,168.00,vihtavuori_n150,124,39.4,2441,24.000,vihtavuori,large_rifle_generic,12.000,2.795
308_win,0.308,hornady,eld_match,168.00,vihtavuori_n550,129,42.0,2477,24.000,vihtavuori,large_rifle_generic,12.000,2.795
308_win,0.308,nosler,custom_competition,168.00,vihtavuori_n133,89,35.8,2382,24.000,vihtavuori,large_rifle_generic,12.000,2.799
308_win,0.308,nosler,custom_competition,168.00,vihtavuori_n135,102,37.7,2411,24.000,vihtavuori,large_rifle_generic,12.000,2.799
308_win,0.308,nosler,custom_competition,168.00,vihtavuori_n140,112,40.0,2428,24.000,vihtavuori,large_rifle_generic,12.000,2.799
308_win,0.308,nosler,custom_competition,168.00,vihtavuori_n540,117,40.3,2467,24.000,vihtavuori,large_rifle_generic,12.000,2.799
308_win,0.308,nosler,custom_competition,168.00,vihtavuori_n150,124,40.3,2464,24.000,vihtavuori,large_rifle_generic,12.000,2.799
308_win,0.308,nosler,custom_competition,168.00,vihtavuori_n550,129,42.7,2470,24.000,vihtavuori,large_rifle_generic,12.000,2.799
308_win,0.308,nosler,expansion_tip,168.00,vihtavuori_n135,102,36.4,2316,24.000,vihtavuori,large_rifle_generic,12.000,2.748
308_win,0.308,nosler,expansion_tip,168.00,vihtavuori_n140,112,39.2,2356,24.000,vihtavuori,large_rifle_generic,12.000,2.748
308_win,0.308,nosler,expansion_tip,168.00,vihtavuori_n540,117,41.4,2408,24.000,vihtavuori,large_rifle_generic,12.000,2.748
308_win,0.308,nosler,expansion_tip,168.00,vihtavuori_n150,124,39.7,2388,24.000,vihtavuori,large_rifle_generic,12.000,2.748
308_win,0.308,nosler,expansion_tip,168.00,vihtavuori_n550,129,44.0,2451,24.000,vihtavuori,large_rifle_generic,12.000,2.748
308_win,0.308,sierra,hpbt,168.00,vihtavuori_n135,102,37.0,2388,24.000,vihtavuori,large_rifle_generic,12.000,2.795
308_win,0.308,sierra,hpbt,168.00,vihtavuori_n140,112,39.7,2428,24.000,vihtavuori,large_rifle_generic,12.000,2.795
308_win,0.308,sierra,hpbt,168.00,vihtavuori_n540,117,40.4,2464,24.000,vihtavuori,large_rifle_generic,12.000,2.795
308_win,0.308,sierra,hpbt,168.00,vihtavuori_n150,124,40.1,2441,24.000,vihtavuori,large_rifle_generic,12.000,2.795
308_win,0.308,sierra,hpbt,168.00,vihtavuori_n550,129,42.7,2477,24.000,vihtavuori,large_rifle_generic,12.000,2.795
308_win,0.308,speer,target_match,168.00,vihtavuori_n133,89,36.1,2382,24.000,vihtavuori,large_rifle_generic,12.000,2.795
308_win,0.308,speer,target_match,168.00,vihtavuori_n135,102,37.8,2421,24.000,vihtavuori,large_rifle_generic,12.000,2.795
308_win,0.308,speer,target_match,168.00,vihtavuori_n140,112,40.1,2448,24.000,vihtavuori,large_rifle_generic,12.000,2.795
308_win,0.308,speer,target_match,168.00,vihtavuori_n540,117,40.1,2454,24.000,vihtavuori,large_rifle_generic,12.000,2.795
308_win,0.308,speer,target_match,168.00,vihtavuori_n150,124,40.1,2454,24.000,vihtavuori,large_rifle_generic,12.000,2.795
308_win,0.308,speer,target_match,168.00,vihtavuori_n550,129,43.2,2487,24.000,vihtavuori,large_rifle_generic,12.000,2.795
308_win,0.308,lapua,lockbase_b476,170.00,vihtavuori_n135,102,37.4,2328,24.000,vihtavuori,large_rifle_generic,12.000,2.795
308_win,0.308,lapua,lockbase_b476,170.00,vihtavuori_n140,112,39.5,2345,24.000,vihtavuori,large_rifle_generic,12.000,2.795
308_win,0.308,lapua,lockbase_b476,170.00,vihtavuori_n540,117,40.1,2308,24.000,vihtavuori,large_rifle_generic,12.000,2.795
308_win,0.308,lapua,lockbase_b476,170.00,vihtavuori_n150,124,40.2,2361,24.000,vihtavuori,large_rifle_generic,12.000,2.795
308_win,0.308,lapua,lockbase_b476,170.00,vihtavuori_n550,129,42.8,2360,24.000,vihtavuori,large_rifle_generic,12.000,2.795
308_win,0.308,lapua,naturalis_lr,170.00,vihtavuori_n140,112,39.2,2441,24.000,vihtavuori,large_rifle_generic,12.000,2.795
308_win,0.308,lapua,naturalis_lr,170.00,vihtavuori_n150,124,41.2,2493,24.000,vihtavuori,large_rifle_generic,12.000,2.795
308_win,0.308,lapua,naturalis_lr,170.00,vihtavuori_n550,129,42.9,2418,24.000,vihtavuori,large_rifle_generic,12.000,2.795
308_win,0.308,lapua,naturalis_n558,170.00,vihtavuori_n140,112,38.0,2372,24.000,vihtavuori,large_rifle_generic,12.000,2.795
308_win,0.308,lapua,naturalis_n558,170.00,vihtavuori_n540,117,39.7,2467,24.000,vihtavuori,large_rifle_generic,12.000,2.795
308_win,0.308,lapua,naturalis_n558,170.00,vihtavuori_n150,124,39.5,2395,24.000,vihtavuori,large_rifle_generic,12.000,2.795
308_win,0.308,lapua,naturalis_n558,170.00,vihtavuori_n550,129,42.0,2415,24.000,vihtavuori,large_rifle_generic,12.000,2.795
308_win,0.308,hornady,eld_vt,174.00,vihtavuori_n130,84,32.4,2254,24.000,vihtavuori,large_rifle_generic,12.000,2.800
308_win,0.308,hornady,eld_vt,174.00,vihtavuori_n133,89,36.0,2323,24.000,vihtavuori,large_rifle_generic,12.000,2.800
308_win,0.308,hornady,eld_vt,174.00,vihtavuori_n135,102,37.5,2346,24.000,vihtavuori,large_rifle_generic,12.000,2.800
308_win,0.308,hornady,eld_vt,174.00,vihtavuori_n140,112,40.1,2392,24.000,vihtavuori,large_rifle_generic,12.000,2.800
308_win,0.308,hornady,eld_vt,174.00,vihtavuori_n540,117,40.1,2438,24.000,vihtavuori,large_rifle_generic,12.000,2.800
308_win,0.308,hornady,eld_vt,174.00,vihtavuori_n150,124,40.1,2385,24.000,vihtavuori,large_rifle_generic,12.000,2.800
308_win,0.308,hornady,eld_vt,174.00,vihtavuori_n550,129,43.2,2441,24.000,vihtavuori,large_rifle_generic,12.000,2.800
308_win,0.308,sierra,hpbt,174.00,vihtavuori_n133,89,34.3,2293,24.000,vihtavuori,large_rifle_generic,12.000,2.795
308_win,0.308,sierra,hpbt,174.00,vihtavuori_n135,102,36.1,2336,24.000,vihtavuori,large_rifle_generic,12.000,2.795
308_win,0.308,sierra,hpbt,174.00,vihtavuori_n140,112,38.6,2375,24.000,vihtavuori,large_rifle_generic,12.000,2.795
308_win,0.308,sierra,hpbt,174.00,vihtavuori_n540,117,38.9,2395,24.000,vihtavuori,large_rifle_generic,12.000,2.795
308_win,0.308,sierra,hpbt,174.00,vihtavuori_n150,124,38.6,2388,24.000,vihtavuori,large_rifle_generic,12.000,2.795
308_win,0.308,sierra,hpbt,174.00,vihtavuori_n550,129,41.8,2425,24.000,vihtavuori,large_rifle_generic,12.000,2.795
308_win,0.308,barnes,lrx_bt,175.00,vihtavuori_n133,89,34.0,2208,24.000,vihtavuori,large_rifle_generic,12.000,2.795
308_win,0.308,barnes,lrx_bt,175.00,vihtavuori_n135,102,36.1,2247,24.000,vihtavuori,large_rifle_generic,12.000,2.795
308_win,0.308,barnes,lrx_bt,175.00,vihtavuori_n140,112,38.7,2300,24.000,vihtavuori,large_rifle_generic,12.000,2.795
308_win,0.308,barnes,lrx_bt,175.00,vihtavuori_n540,117,40.1,2336,24.000,vihtavuori,large_rifle_generic,12.000,2.795
308_win,0.308,barnes,lrx_bt,175.00,vihtavuori_n150,124,39.7,2329,24.000,vihtavuori,large_rifle_generic,12.000,2.795
308_win,0.308,barnes,lrx_bt,175.00,vihtavuori_n550,129,42.4,2392,24.000,vihtavuori,large_rifle_generic,12.000,2.795
308_win,0.308,berger,long_range_bt_target,175.00,vihtavuori_n130,84,33.2,2254,24.000,vihtavuori,large_rifle_generic,12.000,2.800
308_win,0.308,berger,long_range_bt_target,175.00,vihtavuori_n133,89,36.3,2329,24.000,vihtavuori,large_rifle_generic,12.000,2.800
308_win,0.308,berger,long_range_bt_target,175.00,vihtavuori_n135,102,37.0,2316,24.000,vihtavuori,large_rifle_generic,12.000,2.800
308_win,0.308,berger,long_range_bt_target,175.00,vihtavuori_n140,112,39.7,2372,24.000,vihtavuori,large_rifle_generic,12.000,2.800
308_win,0.308,berger,long_range_bt_target,175.00,vihtavuori_n540,117,40.9,2418,24.000,vihtavuori,large_rifle_generic,12.000,2.800
308_win,0.308,berger,long_range_bt_target,175.00,vihtavuori_n150,124,40.9,2418,24.000,vihtavuori,large_rifle_generic,12.000,2.800
308_win,0.308,berger,long_range_bt_target,175.00,vihtavuori_n550,129,44.8,2457,24.000,vihtavuori,large_rifle_generic,12.000,2.800
308_win,0.308,berger,otm_tactical,175.00,vihtavuori_n130,84,31.6,2244,24.000,vihtavuori,large_rifle_generic,12.000,2.795
308_win,0.308,berger,otm_tactical,175.00,vihtavuori_n133,89,34.7,2287,24.000,vihtavuori,large_rifle_generic,12.000,2.795
308_win,0.308,berger,otm_tactical,175.00,vihtavuori_n530,100,35.3,2339,24.000,vihtavuori,large_rifle_generic,12.000,2.795
308_win,0.308,berger,otm_tactical,175.00,vihtavuori_n135,102,35.8,2313,24.000,vihtavuori,large_rifle_generic,12.000,2.795
308_win,0.308,berger,otm_tactical,175.00,vihtavuori_n140,112,38.7,2365,24.000,vihtavuori,large_rifle_generic,12.000,2.795
308_win,0.308,berger,otm_tactical,175.00,vihtavuori_n540,117,39.8,2418,24.000,vihtavuori,large_rifle_generic,12.000,2.795
308_win,0.308,berger,otm_tactical,175.00,vihtavuori_n150,124,38.7,2388,24.000,vihtavuori,large_rifle_generic,12.000,2.795
308_win,0.308,berger,otm_tactical,175.00,vihtavuori_n550,129,41.8,2421,24.000,vihtavuori,large_rifle_generic,12.000,2.795
308_win,0.308,berger,vld_hunting,175.00,vihtavuori_n130,84,33.2,2241,24.000,vihtavuori,large_rifle_generic,12.000,2.800
308_win,0.308,berger,vld_hunting,175.00,vihtavuori_n133,89,35.8,2287,24.000,vihtavuori,large_rifle_generic,12.000,2.800
308_win,0.308,berger,vld_hunting,175.00,vihtavuori_n135,102,37.0,2306,24.000,vihtavuori,large_rifle_generic,12.000,2.800
308_win,0.308,berger,vld_hunting,175.00,vihtavuori_n140,112,39.7,2356,24.000,vihtavuori,large_rifle_generic,12.000,2.800
308_win,0.308,berger,vld_hunting,175.00,vihtavuori_n540,117,40.9,2408,24.000,vihtavuori,large_rifle_generic,12.000,2.800
308_win,0.308,berger,vld_hunting,175.00,vihtavuori_n150,124,40.9,2408,24.000,vihtavuori,large_rifle_generic,12.000,2.800
308_win,0.308,berger,vld_hunting,175.00,vihtavuori_n550,129,44.8,2467,24.000,vihtavuori,large_rifle_generic,12.000,2.800
308_win,0.308,lapua,maxrange_target_gb581,175.00,vihtavuori_n135,102,36.1,2346,24.000,vihtavuori,large_rifle_generic,12.000,2.795
308_win,0.308,lapua,maxrange_target_gb581,175.00,vihtavuori_n140,112,39.4,2388,24.000,vihtavuori,large_rifle_generic,12.000,2.795
308_win,0.308,lapua,maxrange_target_gb581,175.00,vihtavuori_n540,117,39.4,2418,24.000,vihtavuori,large_rifle_generic,12.000,2.795
308_win,0.308,lapua,maxrange_target_gb581,175.00,vihtavuori_n150,124,40.1,2428,24.000,vihtavuori,large_rifle_generic,12.000,2.795
308_win,0.308,lapua,maxrange_target_gb581,175.00,vihtavuori_n550,129,42.4,2441,24.000,vihtavuori,large_rifle_generic,12.000,2.795
308_win,0.308,lapua,otm_scenar_l,175.00,vihtavuori_n135,102,35.3,2362,24.000,vihtavuori,large_rifle_generic,12.000,2.795
308_win,0.308,lapua,otm_scenar_l,175.00,vihtavuori_n140,112,38.0,2411,24.000,vihtavuori,large_rifle_generic,12.000,2.795
308_win,0.308,lapua,otm_scenar_l,175.00,vihtavuori_n540,117,38.7,2448,24.000,vihtavuori,large_rifle_generic,12.000,2.795
308_win,0.308,lapua,otm_scenar_l,175.00,vihtavuori_n150,124,39.2,2431,24.000,vihtavuori,large_rifle_generic,12.000,2.795
308_win,0.308,hornady,a_tip_match,176.00,vihtavuori_n135,102,36.6,2310,24.000,vihtavuori,large_rifle_generic,12.000,2.795
308_win,0.308,hornady,a_tip_match,176.00,vihtavuori_n140,112,39.7,2359,24.000,vihtavuori,large_rifle_generic,12.000,2.795
308_win,0.308,hornady,a_tip_match,176.00,vihtavuori_n540,117,40.1,2425,24.000,vihtavuori,large_rifle_generic,12.000,2.795
308_win,0.308,hornady,a_tip_match,176.00,vihtavuori_n150,124,40.1,2411,24.000,vihtavuori,large_rifle_generic,12.000,2.795
308_win,0.308,hornady,a_tip_match,176.00,vihtavuori_n550,129,43.2,2448,24.000,vihtavuori,large_rifle_generic,12.000,2.795
308_win,0.308,hornady,eld_match,178.00,vihtavuori_n130,84,33.2,2257,24.000,vihtavuori,large_rifle_generic,12.000,2.795
308_win,0.308,hornady,eld_match,178.00,vihtavuori_n133,89,36.0,2303,24.000,vihtavuori,large_rifle_generic,12.000,2.795
308_win,0.308,hornady,eld_match,178.00,vihtavuori_n135,102,37.0,2316,24.000,vihtavuori,large_rifle_generic,12.000,2.795
308_win,0.308,hornady,eld_match,178.00,vihtavuori_n140,112,40.1,2385,24.000,vihtavuori,large_rifle_generic,12.000,2.795
308_win,0.308,hornady,eld_match,178.00,vihtavuori_n540,117,40.4,2395,24.000,vihtavuori,large_rifle_generic,12.000,2.795
308_win,0.308,hornady,eld_match,178.00,vihtavuori_n150,124,40.9,2405,24.000,vihtavuori,large_rifle_generic,12.000,2.795
308_win,0.308,hornady,eld_match,178.00,vihtavuori_n550,129,43.4,2418,24.000,vihtavuori,large_rifle_generic,12.000,2.795
308_win,0.308,barnes,ttsx_bt,180.00,vihtavuori_n135,102,32.1,2110,24.000,vihtavuori,large_rifle_generic,12.000,2.795
308_win,0.308,barnes,ttsx_bt,180.00,vihtavuori_n140,112,36.9,2185,24.000,vihtavuori,large_rifle_generic,12.000,2.795
308_win,0.308,barnes,ttsx_bt,180.00,vihtavuori_n540,117,36.9,2215,24.000,vihtavuori,large_rifle_generic,12.000,2.795
308_win,0.308,barnes,ttsx_bt,180.00,vihtavuori_n150,124,36.4,2198,24.000,vihtavuori,large_rifle_generic,12.000,2.795
308_win,0.308,barnes,ttsx_bt,180.00,vihtavuori_n550,129,39.7,2234,24.000,vihtavuori,large_rifle_generic,12.000,2.795
308_win,0.308,barnes,xfb,180.00,vihtavuori_n540,117,32.2,1938,24.000,vihtavuori,large_rifle_generic,12.000,2.795
308_win,0.308,barnes,xfb,180.00,vihtavuori_n550,129,35.5,2043,24.000,vihtavuori,large_rifle_generic,12.000,2.795
308_win,0.308,berger,elite_hunter,180.00,vihtavuori_n135,102,36.4,2274,24.000,vihtavuori,large_rifle_generic,12.000,2.795
308_win,0.308,berger,elite_hunter,180.00,vihtavuori_n140,112,37.8,2277,24.000,vihtavuori,large_rifle_generic,12.000,2.795
308_win,0.308,berger,elite_hunter,180.00,vihtavuori_n540,117,39.0,2339,24.000,vihtavuori,large_rifle_generic,12.000,2.795
308_win,0.308,berger,elite_hunter,180.00,vihtavuori_n150,124,38.3,2287,24.000,vihtavuori,large_rifle_generic,12.000,2.795
308_win,0.308,berger,elite_hunter,180.00,vihtavuori_n550,129,41.2,2346,24.000,vihtavuori,large_rifle_generic,12.000,2.795
308_win,0.308,hornady,cx,180.00,vihtavuori_n135,102,30.1,1975,24.000,vihtavuori,large_rifle_generic,12.000,2.795
308_win,0.308,hornady,cx,180.00,vihtavuori_n140,112,34.0,2100,24.000,vihtavuori,large_rifle_generic,12.000,2.795
308_win,0.308,hornady,cx,180.00,vihtavuori_n540,117,36.6,2182,24.000,vihtavuori,large_rifle_generic,12.000,2.795
308_win,0.308,hornady,cx,180.00,vihtavuori_n150,124,34.7,2103,24.000,vihtavuori,large_rifle_generic,12.000,2.795
308_win,0.308,hornady,cx,180.00,vihtavuori_n550,129,39.2,2231,24.000,vihtavuori,large_rifle_generic,12.000,2.795
308_win,0.308,hornady,interlock_btsp,180.00,vihtavuori_n135,102,36.3,2264,24.000,vihtavuori,large_rifle_generic,12.000,2.740
308_win,0.308,hornady,interlock_btsp,180.00,vihtavuori_n140,112,39.4,2349,24.000,vihtavuori,large_rifle_generic,12.000,2.740
308_win,0.308,hornady,interlock_btsp,180.00,vihtavuori_n540,117,39.8,2362,24.000,vihtavuori,large_rifle_generic,12.000,2.740
308_win,0.308,hornady,interlock_btsp,180.00,vihtavuori_n150,124,39.4,2336,24.000,vihtavuori,large_rifle_generic,12.000,2.740
308_win,0.308,hornady,interlock_btsp,180.00,vihtavuori_n550,129,43.8,2415,24.000,vihtavuori,large_rifle_generic,12.000,2.740
308_win,0.308,norma,oryx,180.00,vihtavuori_n530,100,34.6,2274,24.000,vihtavuori,large_rifle_generic,12.000,2.709
308_win,0.308,norma,oryx,180.00,vihtavuori_n135,102,34.3,2231,24.000,vihtavuori,large_rifle_generic,12.000,2.709
308_win,0.308,norma,oryx,180.00,vihtavuori_n140,112,37.3,2287,24.000,vihtavuori,large_rifle_generic,12.000,2.709
308_win,0.308,norma,oryx,180.00,vihtavuori_n540,117,37.8,2323,24.000,vihtavuori,large_rifle_generic,12.000,2.709
308_win,0.308,norma,oryx,180.00,vihtavuori_n150,124,37.5,2303,24.000,vihtavuori,large_rifle_generic,12.000,2.709
308_win,0.308,norma,oryx,180.00,vihtavuori_n550,129,40.0,2336,24.000,vihtavuori,large_rifle_generic,12.000,2.709
308_win,0.308,rws,hmk,180.00,vihtavuori_n140,112,38.1,2274,24.000,vihtavuori,large_rifle_generic,12.000,2.661
308_win,0.308,rws,hmk,180.00,vihtavuori_n540,117,38.4,2300,24.000,vihtavuori,large_rifle_generic,12.000,2.661
308_win,0.308,rws,hmk,180.00,vihtavuori_n150,124,38.3,2287,24.000,vihtavuori,large_rifle_generic,12.000,2.661
308_win,0.308,rws,hmk,180.00,vihtavuori_n550,129,42.3,2336,24.000,vihtavuori,large_rifle_generic,12.000,2.661
308_win,0.308,rws,uni_classic,180.00,vihtavuori_n140,112,37.5,2260,24.000,vihtavuori,large_rifle_generic,12.000,2.646
308_win,0.308,rws,uni_classic,180.00,vihtavuori_n540,117,37.8,2264,24.000,vihtavuori,large_rifle_generic,12.000,2.646
308_win,0.308,rws,uni_classic,180.00,vihtavuori_n150,124,38.6,2290,24.000,vihtavuori,large_rifle_generic,12.000,2.646
308_win,0.308,rws,uni_classic,180.00,vihtavuori_n550,129,41.7,2310,24.000,vihtavuori,large_rifle_generic,12.000,2.646
308_win,0.308,brenneke,tug,181.00,vihtavuori_n135,102,35.8,2228,24.000,vihtavuori,large_rifle_generic,12.000,2.701
308_win,0.308,brenneke,tug,181.00,vihtavuori_n140,112,38.7,2287,24.000,vihtavuori,large_rifle_generic,12.000,2.701
308_win,0.308,brenneke,tug,181.00,vihtavuori_n540,117,39.7,2343,24.000,vihtavuori,large_rifle_generic,12.000,2.701
308_win,0.308,brenneke,tug,181.00,vihtavuori_n150,124,38.4,2297,24.000,vihtavuori,large_rifle_generic,12.000,2.701
308_win,0.308,brenneke,tug,181.00,vihtavuori_n550,129,41.4,2329,24.000,vihtavuori,large_rifle_generic,12.000,2.701
308_win,0.308,berger,hybrid_target,185.00,vihtavuori_n540,117,37.3,2244,24.000,vihtavuori,large_rifle_generic,12.000,2.795
308_win,0.308,berger,hybrid_target,185.00,vihtavuori_n150,124,37.2,2205,24.000,vihtavuori,large_rifle_generic,12.000,2.795
308_win,0.308,berger,juggernaut_target,185.00,vihtavuori_n140,112,37.0,2192,24.000,vihtavuori,large_rifle_generic,12.000,2.795
308_win,0.308,berger,juggernaut_target,185.00,vihtavuori_n540,117,37.8,2254,24.000,vihtavuori,large_rifle_generic,12.000,2.795
308_win,0.308,berger,juggernaut_target,185.00,vihtavuori_n150,124,37.5,2211,24.000,vihtavuori,large_rifle_generic,12.000,2.795
308_win,0.308,berger,juggernaut_target,185.00,vihtavuori_n550,129,40.6,2293,24.000,vihtavuori,large_rifle_generic,12.000,2.795
308_win,0.308,lapua,d46,185.00,vihtavuori_n135,102,36.0,2188,24.000,vihtavuori,large_rifle_generic,12.000,2.795
308_win,0.308,lapua,d46,185.00,vihtavuori_n140,112,37.6,2215,24.000,vihtavuori,large_rifle_generic,12.000,2.795
308_win,0.308,lapua,d46,185.00,vihtavuori_n540,117,39.2,2335,24.000,vihtavuori,large_rifle_generic,12.000,2.795
308_win,0.308,lapua,d46,185.00,vihtavuori_n150,124,39.7,2388,24.000,vihtavuori,large_rifle_generic,12.000,2.795
308_win,0.308,lapua,d46,185.00,vihtavuori_n550,129,42.1,2398,24.000,vihtavuori,large_rifle_generic,12.000,2.795
308_win,0.308,lapua,mega_e415,185.00,vihtavuori_n135,102,36.9,2208,24.000,vihtavuori,large_rifle_generic,12.000,2.657
308_win,0.308,lapua,mega_e415,185.00,vihtavuori_n140,112,39.0,2215,24.000,vihtavuori,large_rifle_generic,12.000,2.657
308_win,0.308,lapua,mega_e415,185.00,vihtavuori_n540,117,40.6,2320,24.000,vihtavuori,large_rifle_generic,12.000,2.657
308_win,0.308,lapua,mega_e415,185.00,vihtavuori_n150,124,40.9,2257,24.000,vihtavuori,large_rifle_generic,12.000,2.657
308_win,0.308,lapua,mega_e415,185.00,vihtavuori_n550,129,42.6,2247,24.000,vihtavuori,large_rifle_generic,12.000,2.657
308_win,0.308,lapua,scenar,185.00,vihtavuori_n140,112,37.7,2316,24.000,vihtavuori,large_rifle_generic,12.000,2.795
308_win,0.308,lapua,scenar,185.00,vihtavuori_n540,117,36.7,2379,24.000,vihtavuori,large_rifle_generic,12.000,2.795
308_win,0.308,lapua,scenar,185.00,vihtavuori_n150,124,37.3,2179,24.000,vihtavuori,large_rifle_generic,12.000,2.795
308_win,0.308,lapua,scenar,185.00,vihtavuori_n550,129,40.5,2203,24.000,vihtavuori,large_rifle_generic,12.000,2.795
308_win,0.308,sierra,hpbt,190.00,vihtavuori_n135,102,34.4,2208,24.000,vihtavuori,large_rifle_generic,12.000,2.795
308_win,0.308,sierra,hpbt,190.00,vihtavuori_n140,112,37.0,2267,24.000,vihtavuori,large_rifle_generic,12.000,2.795
308_win,0.308,sierra,hpbt,190.00,vihtavuori_n540,117,38.0,2303,24.000,vihtavuori,large_rifle_generic,12.000,2.795
308_win,0.308,sierra,hpbt,190.00,vihtavuori_n150,124,37.3,2260,24.000,vihtavuori,large_rifle_generic,12.000,2.795
308_win,0.308,sierra,hpbt,190.00,vihtavuori_n550,129,40.4,2329,24.000,vihtavuori,large_rifle_generic,12.000,2.795
308_win,0.308,hornady,eld_match,195.00,vihtavuori_n140,112,38.6,2254,24.000,vihtavuori,large_rifle_generic,12.000,2.800
308_win,0.308,hornady,eld_match,195.00,vihtavuori_n540,117,39.4,2290,24.000,vihtavuori,large_rifle_generic,12.000,2.800
308_win,0.308,hornady,eld_match,195.00,vihtavuori_n150,124,38.6,2257,24.000,vihtavuori,large_rifle_generic,12.000,2.800
308_win,0.308,hornady,eld_match,195.00,vihtavuori_n550,129,42.1,2306,24.000,vihtavuori,large_rifle_generic,12.000,2.800
308_win,0.308,speer,sp,200.00,vihtavuori_n140,112,35.2,1999,24.000,vihtavuori,large_rifle_generic,12.000,2.795
308_win,0.308,speer,sp,200.00,vihtavuori_n150,124,34.5,1982,24.000,vihtavuori,large_rifle_generic,12.000,2.795
308_win,0.308,berger,200_20x_hybrid_target,200.20,vihtavuori_n140,112,37.2,2201,24.000,vihtavuori,large_rifle_generic,12.000,2.795
308_win,0.308,berger,200_20x_hybrid_target,200.20,vihtavuori_n540,117,38.3,2254,24.000,vihtavuori,large_rifle_generic,12.000,2.795
308_win,0.308,berger,200_20x_hybrid_target,200.20,vihtavuori_n150,124,37.2,2221,24.000,vihtavuori,large_rifle_generic,12.000,2.795
308_win,0.308,berger,200_20x_hybrid_target,200.20,vihtavuori_n550,129,40.4,2267,24.000,vihtavuori,large_rifle_generic,12.000,2.795
308_win,0.308,berger,elite_hunter,205.00,vihtavuori_n140,112,36.0,2126,24.000,vihtavuori,large_rifle_generic,12.000,2.795
308_win,0.308,berger,elite_hunter,205.00,vihtavuori_n540,117,37.8,2195,24.000,vihtavuori,large_rifle_generic,12.000,2.795
308_win,0.308,berger,elite_hunter,205.00,vihtavuori_n150,124,36.9,2136,24.000,vihtavuori,large_rifle_generic,12.000,2.795
308_win,0.308,berger,elite_hunter,205.00,vihtavuori_n550,129,40.4,2224,24.000,vihtavuori,large_rifle_generic,12.000,2.795
308_win,0.308,hornady,a_max,208.00,vihtavuori_n140,112,35.2,2080,24.000,vihtavuori,large_rifle_generic,12.000,2.795
308_win,0.308,hornady,a_max,208.00,vihtavuori_n540,117,37.8,2192,24.000,vihtavuori,large_rifle_generic,12.000,2.795
308_win,0.308,hornady,a_max,208.00,vihtavuori_n150,124,37.0,2123,24.000,vihtavuori,large_rifle_generic,12.000,2.795
308_win,0.308,hornady,a_max,208.00,vihtavuori_n550,129,40.1,2208,24.000,vihtavuori,large_rifle_generic,12.000,2.795
308_win,0.308,sako,hammerhead,220.00,vihtavuori_n140,112,35.5,1998,24.000,vihtavuori,large_rifle_generic,12.000,2.776
308_win,0.308,sako,hammerhead,220.00,vihtavuori_n540,117,35.0,1978,24.000,vihtavuori,large_rifle_generic,12.000,2.776
308_win,0.308,sako,hammerhead,220.00,vihtavuori_n150,124,34.9,1946,24.000,vihtavuori,large_rifle_generic,12.000,2.776
308_win,0.308,sako,hammerhead,220.00,vihtavuori_n550,129,40.1,2087,24.000,vihtavuori,large_rifle_generic,12.000,2.776
308_win,0.308,lapua,als,57.00,vihtavuori_n110,64,34.5,3993,24.000,vihtavuori,large_rifle_generic,12.000,2.638
308_win,0.308,lapua,g589_ot,100.00,vihtavuori_n120,81,37.5,3143,24.000,vihtavuori,large_rifle_generic,12.000,2.638
308_win,0.308,lapua,g589_ot,100.00,vihtavuori_n130,84,41.5,3251,24.000,vihtavuori,large_rifle_generic,12.000,2.638
308_win,0.308,lapua,g589_ot,100.00,vihtavuori_n133,89,44.6,3304,24.000,vihtavuori,large_rifle_generic,12.000,2.638
308_win,0.308,lapua,g589_ot,100.00,vihtavuori_n135,102,47.8,3360,24.000,vihtavuori,large_rifle_generic,12.000,2.638
308_win,0.308,lapua,g589_ot,100.00,vihtavuori_n540,117,50.9,3337,24.000,vihtavuori,large_rifle_generic,12.000,2.638
308_win,0.308,lapua,hpce_otce,100.00,vihtavuori_n110,64,27.8,2854,24.000,vihtavuori,large_rifle_generic,12.000,2.638
308_win,0.308,lapua,hpce_otce,100.00,vihtavuori_n120,81,36.0,3051,24.000,vihtavuori,large_rifle_generic,12.000,2.638
308_win,0.308,lapua,hpce_otce,100.00,vihtavuori_n130,84,40.1,3203,24.000,vihtavuori,large_rifle_generic,12.000,2.638
308_win,0.308,lapua,hpce_otce,100.00,vihtavuori_n133,89,45.5,3356,24.000,vihtavuori,large_rifle_generic,12.000,2.638
308_win,0.308,lapua,hpce_otce,100.00,vihtavuori_n530,100,46.5,3425,24.000,vihtavuori,large_rifle_generic,12.000,2.638
308_win,0.308,lapua,hpce_otce,100.00,vihtavuori_n135,102,46.1,3255,24.000,vihtavuori,large_rifle_generic,12.000,2.638
308_win,0.308,barnes,tsx_fb,110.00,vihtavuori_n130,84,41.7,3127,24.000,vihtavuori,large_rifle_generic,12.000,2.697
308_win,0.308,barnes,tsx_fb,110.00,vihtavuori_n133,89,45.4,3225,24.000,vihtavuori,large_rifle_generic,12.000,2.697
308_win,0.308,barnes,tsx_fb,110.00,vihtavuori_n530,100,47.1,3274,24.000,vihtavuori,large_rifle_generic,12.000,2.697
308_win,0.308,barnes,tsx_fb,110.00,vihtavuori_n135,102,46.3,3186,24.000,vihtavuori,large_rifle_generic,12.000,2.697
308_win,0.308,fox,classic_hunter,110.00,vihtavuori_n133,89,41.7,3104,24.000,vihtavuori,large_rifle_generic,12.000,2.697
308_win,0.308,fox,classic_hunter,110.00,vihtavuori_n135,102,45.2,3186,24.000,vihtavuori,large_rifle_generic,12.000,2.697
308_win,0.308,fox,classic_hunter,110.00,vihtavuori_n140,112,48.6,3196,24.000,vihtavuori,large_rifle_generic,12.000,2.697
308_win,0.308,hornady,cx,110.00,vihtavuori_n130,84,41.8,3107,24.000,vihtavuori,large_rifle_generic,12.000,2.795
308_win,0.308,hornady,cx,110.00,vihtavuori_n133,89,45.5,3196,24.000,vihtavuori,large_rifle_generic,12.000,2.795
308_win,0.308,hornady,cx,110.00,vihtavuori_n135,102,48.1,3248,24.000,vihtavuori,large_rifle_generic,12.000,2.795
308_win,0.308,hornady,cx,110.00,vihtavuori_n540,117,51.7,3287,24.000,vihtavuori,large_rifle_generic,12.000,2.795
308_win,0.308,hornady,gmx,110.00,vihtavuori_n130,84,40.3,3077,24.000,vihtavuori,large_rifle_generic,12.000,2.795
308_win,0.308,hornady,gmx,110.00,vihtavuori_n133,89,44.6,3169,24.000,vihtavuori,large_rifle_generic,12.000,2.795
308_win,0.308,hornady,gmx,110.00,vihtavuori_n530,100,45.5,3209,24.000,vihtavuori,large_rifle_generic,12.000,2.795
308_win,0.308,hornady,gmx,110.00,vihtavuori_n135,102,46.3,3189,24.000,vihtavuori,large_rifle_generic,12.000,2.795
308_win,0.308,hornady,gmx,110.00,vihtavuori_n540,117,48.9,3130,24.000,vihtavuori,large_rifle_generic,12.000,2.795
308_win,0.308,hornady,v_max,110.00,vihtavuori_n130,84,40.3,3081,24.000,vihtavuori,large_rifle_generic,12.000,2.697
308_win,0.308,hornady,v_max,110.00,vihtavuori_n133,89,43.8,3163,24.000,vihtavuori,large_rifle_generic,12.000,2.697
308_win,0.308,hornady,v_max,110.00,vihtavuori_n530,100,45.5,3189,24.000,vihtavuori,large_rifle_generic,12.000,2.697
308_win,0.308,hornady,v_max,110.00,vihtavuori_n135,102,46.5,3215,24.000,vihtavuori,large_rifle_generic,12.000,2.697
308_win,0.308,hornady,v_max,110.00,vihtavuori_n140,112,49.4,3199,24.000,vihtavuori,large_rifle_generic,12.000,2.697
308_win,0.308,nosler,varmageddon,110.00,vihtavuori_n120,81,37.5,3054,24.000,vihtavuori,large_rifle_generic,12.000,2.598
308_win,0.308,nosler,varmageddon,110.00,vihtavuori_n130,84,41.5,3130,24.000,vihtavuori,large_rifle_generic,12.000,2.598
308_win,0.308,nosler,varmageddon,110.00,vihtavuori_n133,89,46.3,3248,24.000,vihtavuori,large_rifle_generic,12.000,2.598
308_win,0.308,sierra,hp_varminter,110.00,vihtavuori_n130,84,43.2,3166,24.000,vihtavuori,large_rifle_generic,12.000,2.600
308_win,0.308,sierra,hp_varminter,110.00,vihtavuori_n133,89,46.3,3228,24.000,vihtavuori,large_rifle_generic,12.000,2.600
308_win,0.308,sierra,hp_varminter,110.00,vihtavuori_n135,102,48.6,3281,24.000,vihtavuori,large_rifle_generic,12.000,2.600
308_win,0.308,sierra,hp_varminter,110.00,vihtavuori_n140,112,49.4,3136,24.000,vihtavuori,large_rifle_generic,12.000,2.600
308_win,0.308,lehigh,controlled_chaos_copper,115.00,vihtavuori_n130,84,41.4,3071,24.000,vihtavuori,large_rifle_generic,12.000,2.756
308_win,0.308,lehigh,controlled_chaos_copper,115.00,vihtavuori_n133,89,45.2,3150,24.000,vihtavuori,large_rifle_generic,12.000,2.756
308_win,0.308,lehigh,controlled_chaos_copper,115.00,vihtavuori_n135,102,48.6,3189,24.000,vihtavuori,large_rifle_generic,12.000,2.756
308_win,0.308,lehigh,controlled_chaos_copper,115.00,vihtavuori_n140,112,50.2,3133,24.000,vihtavuori,large_rifle_generic,12.000,2.756
308_win,0.308,sierra,hp_varminter,115.00,vihtavuori_n130,84,42.3,3094,24.000,vihtavuori,large_rifle_generic,12.000,2.736
308_win,0.308,sierra,hp_varminter,115.00,vihtavuori_n133,89,45.2,3150,24.000,vihtavuori,large_rifle_generic,12.000,2.736
308_win,0.308,sierra,hp_varminter,115.00,vihtavuori_n135,102,47.2,3186,24.000,vihtavuori,large_rifle_generic,12.000,2.736
308_win,0.308,sierra,hp_varminter,115.00,vihtavuori_n140,112,49.4,3123,24.000,vihtavuori,large_rifle_generic,12.000,2.736
308_win,0.308,sako,blade_633a,120.00,vihtavuori_n133,89,43.7,2992,24.000,vihtavuori,large_rifle_generic,12.000,2.795
308_win,0.308,sako,blade_633a,120.00,vihtavuori_n530,100,44.6,3048,24.000,vihtavuori,large_rifle_generic,12.000,2.795
308_win,0.308,sako,blade_633a,120.00,vihtavuori_n135,102,45.8,3045,24.000,vihtavuori,large_rifle_generic,12.000,2.795
308_win,0.308,sako,blade_633a,120.00,vihtavuori_n140,112,48.0,3028,24.000,vihtavuori,large_rifle_generic,12.000,2.795
308_win,0.308,sako,blade_633a,120.00,vihtavuori_n540,117,49.8,3110,24.000,vihtavuori,large_rifle_generic,12.000,2.795
308_win,0.308,sako,blade_633a,120.00,vihtavuori_n150,124,47.8,2956,24.000,vihtavuori,large_rifle_generic,12.000,2.795
308_win,0.308,lapua,fmj,123.00,vihtavuori_n120,81,36.9,2940,24.000,vihtavuori,large_rifle_generic,12.000,2.634
308_win,0.308,lapua,fmj,123.00,vihtavuori_n130,84,42.9,3028,24.000,vihtavuori,large_rifle_generic,12.000,2.634
308_win,0.308,lapua,fmj,123.00,vihtavuori_n133,89,44.3,3084,24.000,vihtavuori,large_rifle_generic,12.000,2.634
308_win,0.308,lapua,fmj,123.00,vihtavuori_n530,100,44.4,3146,24.000,vihtavuori,large_rifle_generic,12.000,2.634
308_win,0.308,lapua,fmj,123.00,vihtavuori_n135,102,47.2,3022,24.000,vihtavuori,large_rifle_generic,12.000,2.634
308_win,0.308,hornady,ecx,125.00,vihtavuori_n133,89,38.1,2822,24.000,vihtavuori,large_rifle_generic,12.000,2.728
308_win,0.308,hornady,ecx,125.00,vihtavuori_n135,102,40.3,2871,24.000,vihtavuori,large_rifle_generic,12.000,2.728
308_win,0.308,hornady,ecx,125.00,vihtavuori_n140,112,46.8,2992,24.000,vihtavuori,large_rifle_generic,12.000,2.728
308_win,0.308,hornady,ecx,125.00,vihtavuori_n540,117,48.3,3048,24.000,vihtavuori,large_rifle_generic,12.000,2.728
308_win,0.308,hornady,ecx,125.00,vihtavuori_n150,124,47.1,2986,24.000,vihtavuori,large_rifle_generic,12.000,2.728
308_win,0.308,hornady,sst,125.00,vihtavuori_n130,84,40.0,2936,24.000,vihtavuori,large_rifle_generic,12.000,2.728
308_win,0.308,hornady,sst,125.00,vihtavuori_n133,89,43.1,2999,24.000,vihtavuori,large_rifle_generic,12.000,2.728
308_win,0.308,hornady,sst,125.00,vihtavuori_n135,102,46.1,3041,24.000,vihtavuori,large_rifle_generic,12.000,2.728
308_win,0.308,hornady,sst,125.00,vihtavuori_n140,112,49.1,3054,24.000,vihtavuori,large_rifle_generic,12.000,2.728
308_win,0.308,hornady,sst,125.00,vihtavuori_n540,117,49.5,3074,24.000,vihtavuori,large_rifle_generic,12.000,2.728
308_win,0.308,lehigh,controlled_chaos,125.00,vihtavuori_n133,89,38.6,2808,24.000,vihtavuori,large_rifle_generic,12.000,2.756
308_win,0.308,lehigh,controlled_chaos,125.00,vihtavuori_n135,102,41.2,2881,24.000,vihtavuori,large_rifle_generic,12.000,2.756
308_win,0.308,lehigh,controlled_chaos,125.00,vihtavuori_n140,112,46.0,2949,24.000,vihtavuori,large_rifle_generic,12.000,2.756
308_win,0.308,lehigh,controlled_chaos,125.00,vihtavuori_n540,117,47.8,3022,24.000,vihtavuori,large_rifle_generic,12.000,2.756
308_win,0.308,lehigh,controlled_chaos,125.00,vihtavuori_n150,124,46.5,2966,24.000,vihtavuori,large_rifle_generic,12.000,2.756
308_win,0.308,nosler,accubond,125.00,vihtavuori_n130,84,40.3,2953,24.000,vihtavuori,large_rifle_generic,12.000,2.748
308_win,0.308,nosler,accubond,125.00,vihtavuori_n133,89,43.7,3025,24.000,vihtavuori,large_rifle_generic,12.000,2.748
308_win,0.308,nosler,accubond,125.00,vihtavuori_n135,102,46.8,3071,24.000,vihtavuori,large_rifle_generic,12.000,2.748
308_win,0.308,nosler,accubond,125.00,vihtavuori_n140,112,49.5,3071,24.000,vihtavuori,large_rifle_generic,12.000,2.748
308_win,0.308,nosler,accubond,125.00,vihtavuori_n540,117,50.2,3130,24.000,vihtavuori,large_rifle_generic,12.000,2.748
308_win,0.308,nosler,ballistic_tip,125.00,vihtavuori_n130,84,43.0,3068,24.000,vihtavuori,large_rifle_generic,12.000,2.756
308_win,0.308,nosler,ballistic_tip,125.00,vihtavuori_n133,89,46.3,3120,24.000,vihtavuori,large_rifle_generic,12.000,2.756
308_win,0.308,nosler,ballistic_tip,125.00,vihtavuori_n135,102,48.9,3143,24.000,vihtavuori,large_rifle_generic,12.000,2.756
308_win,0.308,nosler,ballistic_tip,125.00,vihtavuori_n140,112,49.8,3071,24.000,vihtavuori,large_rifle_generic,12.000,2.756
308_win,0.308,sierra,tmk,125.00,vihtavuori_n130,84,39.4,2900,24.000,vihtavuori,large_rifle_generic,12.000,2.795
308_win,0.308,sierra,tmk,125.00,vihtavuori_n133,89,42.4,2953,24.000,vihtavuori,large_rifle_generic,12.000,2.795
308_win,0.308,sierra,tmk,125.00,vihtavuori_n530,100,44.0,3048,24.000,vihtavuori,large_rifle_generic,12.000,2.795
308_win,0.308,sierra,tmk,125.00,vihtavuori_n135,102,43.4,2979,24.000,vihtavuori,large_rifle_generic,12.000,2.795
308_win,0.308,sierra,tmk,125.00,vihtavuori_n140,112,47.2,2986,24.000,vihtavuori,large_rifle_generic,12.000,2.795
308_win,0.308,speer,tnt_hp,125.00,vihtavuori_n133,89,44.3,3058,24.000,vihtavuori,large_rifle_generic,12.000,2.638
308_win,0.308,speer,tnt_hp,125.00,vihtavuori_n135,102,46.1,3091,24.000,vihtavuori,large_rifle_generic,12.000,2.638
308_win,0.308,speer,tnt_hp,125.00,vihtavuori_n140,112,48.6,3054,24.000,vihtavuori,large_rifle_generic,12.000,2.638
308_win,0.308,speer,tnt_hp,125.00,vihtavuori_n540,117,49.4,3094,24.000,vihtavuori,large_rifle_generic,12.000,2.638
308_win,0.308,speer,tnt_hp,125.00,vihtavuori_n150,124,47.8,3022,24.000,vihtavuori,large_rifle_generic,12.000,2.638
308_win,0.308,infitech,target_line,130.00,vihtavuori_n135,102,44.8,3009,24.000,vihtavuori,large_rifle_generic,12.000,2.799
308_win,0.308,infitech,target_line,130.00,vihtavuori_n140,112,48.6,3051,24.000,vihtavuori,large_rifle_generic,12.000,2.799
308_win,0.308,infitech,target_line,130.00,vihtavuori_n540,117,48.6,3077,24.000,vihtavuori,large_rifle_generic,12.000,2.799
308_win,0.308,sako,blade_636a,130.00,vihtavuori_n133,89,42.0,2877,24.000,vihtavuori,large_rifle_generic,12.000,2.800
308_win,0.308,sako,blade_636a,130.00,vihtavuori_n135,102,43.8,2910,24.000,vihtavuori,large_rifle_generic,12.000,2.800
308_win,0.308,sako,blade_636a,130.00,vihtavuori_n140,112,49.2,3002,24.000,vihtavuori,large_rifle_generic,12.000,2.800
308_win,0.308,barnes,tsx_bt,130.00,vihtavuori_n130,84,39.0,2848,24.000,vihtavuori,large_rifle_generic,12.000,2.783
308_win,0.308,barnes,tsx_bt,130.00,vihtavuori_n133,89,41.7,2904,24.000,vihtavuori,large_rifle_generic,12.000,2.783
308_win,0.308,barnes,tsx_bt,130.00,vihtavuori_n530,100,43.8,2953,24.000,vihtavuori,large_rifle_generic,12.000,2.783
308_win,0.308,barnes,tsx_bt,130.00,vihtavuori_n135,102,43.7,2946,24.000,vihtavuori,large_rifle_generic,12.000,2.783
308_win,0.308,barnes,tsx_bt,130.00,vihtavuori_n140,112,47.1,2976,24.000,vihtavuori,large_rifle_generic,12.000,2.783
308_win,0.308,sierra,hp_varminter,135.00,vihtavuori_n130,84,40.7,2867,24.000,vihtavuori,large_rifle_generic,12.000,2.650
308_win,0.308,sierra,hp_varminter,135.00,vihtavuori_n133,89,43.8,2917,24.000,vihtavuori,large_rifle_generic,12.000,2.650
308_win,0.308,sierra,hp_varminter,135.00,vihtavuori_n135,102,45.5,2956,24.000,vihtavuori,large_rifle_generic,12.000,2.650
308_win,0.308,sierra,hp_varminter,135.00,vihtavuori_n140,112,48.8,2995,24.000,vihtavuori,large_rifle_generic,12.000,2.650
308_win,0.308,brenneke,basic_nature,139.00,vihtavuori_n130,84,37.8,2605,24.000,vihtavuori,large_rifle_generic,12.000,2.626
308_win,0.308,brenneke,basic_nature,139.00,vihtavuori_n133,89,40.4,2657,24.000,vihtavuori,large_rifle_generic,12.000,2.626
308_win,0.308,brenneke,basic_nature,139.00,vihtavuori_n135,102,42.7,2723,24.000,vihtavuori,large_rifle_generic,12.000,2.626
308_win,0.308,brenneke,basic_nature,139.00,vihtavuori_n140,112,46.5,2769,24.000,vihtavuori,large_rifle_generic,12.000,2.626
308_win,0.308,brenneke,basic_nature,139.00,vihtavuori_n540,117,45.8,2831,24.000,vihtavuori,large_rifle_generic,12.000,2.626
308_win,0.308,brenneke,basic_nature,139.00,vihtavuori_n150,124,45.8,2762,24.000,vihtavuori,large_rifle_generic,12.000,2.626
308_win,0.308,brenneke,basic_nature,139.00,vihtavuori_n550,129,50.5,2844,24.000,vihtavuori,large_rifle_generic,12.000,2.626
308_win,0.308,infitech,target_line,140.00,vihtavuori_n135,102,43.2,2877,24.000,vihtavuori,large_rifle_generic,12.000,2.799
308_win,0.308,infitech,target_line,140.00,vihtavuori_n140,112,46.9,2930,24.000,vihtavuori,large_rifle_generic,12.000,2.799
308_win,0.308,infitech,target_line,140.00,vihtavuori_n540,117,46.6,2953,24.000,vihtavuori,large_rifle_generic,12.000,2.799
308_win,0.308,los,hunting_tactic,140.00,vihtavuori_n135,102,42.9,2894,24.000,vihtavuori,large_rifle_generic,12.000,2.776
308_win,0.308,los,hunting_tactic,140.00,vihtavuori_n140,112,45.7,2894,24.000,vihtavuori,large_rifle_generic,12.000,2.776
308_win,0.308,los,hunting_tactic,140.00,vihtavuori_n540,117,45.8,2943,24.000,vihtavuori,large_rifle_generic,12.000,2.776
308_win,0.308,npb,hunting_expandable,140.00,vihtavuori_n135,102,40.7,2697,24.000,vihtavuori,large_rifle_generic,12.000,2.697
308_win,0.308,npb,hunting_expandable,140.00,vihtavuori_n140,112,44.1,2759,24.000,vihtavuori,large_rifle_generic,12.000,2.697
308_win,0.308,npb,hunting_expandable,140.00,vihtavuori_n540,117,45.8,2844,24.000,vihtavuori,large_rifle_generic,12.000,2.697
308_win,0.308,npb,hunting_expandable,140.00,vihtavuori_n150,124,45.1,2782,24.000,vihtavuori,large_rifle_generic,12.000,2.697
308_win,0.308,npb,hunting_expandable,140.00,vihtavuori_n550,129,49.1,2848,24.000,vihtavuori,large_rifle_generic,12.000,2.697
308_win,0.308,brenneke,tug_nature,147.00,vihtavuori_n133,89,38.3,2602,24.000,vihtavuori,large_rifle_generic,12.000,2.618
308_win,0.308,brenneke,tug_nature,147.00,vihtavuori_n135,102,40.0,2641,24.000,vihtavuori,large_rifle_generic,12.000,2.618
308_win,0.308,brenneke,tug_nature,147.00,vihtavuori_n140,112,43.7,2694,24.000,vihtavuori,large_rifle_generic,12.000,2.618
308_win,0.308,brenneke,tug_nature,147.00,vihtavuori_n540,117,45.1,2766,24.000,vihtavuori,large_rifle_generic,12.000,2.618
308_win,0.308,brenneke,tug_nature,147.00,vihtavuori_n150,124,45.1,2713,24.000,vihtavuori,large_rifle_generic,12.000,2.618
308_win,0.308,brenneke,tug_nature,147.00,vihtavuori_n550,129,48.9,2782,24.000,vihtavuori,large_rifle_generic,12.000,2.618
308_win,0.308,campro,spitzer_bt_fmj,147.00,vihtavuori_n130,84,37.7,2684,24.000,vihtavuori,large_rifle_generic,12.000,2.783
308_win,0.308,campro,spitzer_bt_fmj,147.00,vihtavuori_n133,89,41.4,2746,24.000,vihtavuori,large_rifle_generic,12.000,2.783
308_win,0.308,campro,spitzer_bt_fmj,147.00,vihtavuori_n135,102,43.7,2799,24.000,vihtavuori,large_rifle_generic,12.000,2.783
308_win,0.308,campro,spitzer_bt_fmj,147.00,vihtavuori_n140,112,46.6,2835,24.000,vihtavuori,large_rifle_generic,12.000,2.783
308_win,0.308,campro,spitzer_bt_fmj,147.00,vihtavuori_n540,117,47.7,2887,24.000,vihtavuori,large_rifle_generic,12.000,2.783
308_win,0.308,barnes,mpg_fb,150.00,vihtavuori_n130,84,37.2,2621,24.000,vihtavuori,large_rifle_generic,12.000,2.795
308_win,0.308,barnes,mpg_fb,150.00,vihtavuori_n133,89,38.7,2635,24.000,vihtavuori,large_rifle_generic,12.000,2.795
308_win,0.308,barnes,mpg_fb,150.00,vihtavuori_n135,102,41.2,2671,24.000,vihtavuori,large_rifle_generic,12.000,2.795
308_win,0.308,barnes,mpg_fb,150.00,vihtavuori_n140,112,44.8,2749,24.000,vihtavuori,large_rifle_generic,12.000,2.795
308_win,0.308,barnes,mpg_fb,150.00,vihtavuori_n540,117,45.5,2792,24.000,vihtavuori,large_rifle_generic,12.000,2.795
308_win,0.308,barnes,mpg_fb,150.00,vihtavuori_n150,124,46.1,2779,24.000,vihtavuori,large_rifle_generic,12.000,2.795
308_win,0.308,barnes,mpg_fb,150.00,vihtavuori_n550,129,49.4,2815,24.000,vihtavuori,large_rifle_generic,12.000,2.795
308_win,0.308,barnes,ttsx_bt,150.00,vihtavuori_n135,102,39.4,2625,24.000,vihtavuori,large_rifle_generic,12.000,2.795
308_win,0.308,barnes,ttsx_bt,150.00,vihtavuori_n140,112,42.7,2697,24.000,vihtavuori,large_rifle_generic,12.000,2.795
308_win,0.308,barnes,ttsx_bt,150.00,vihtavuori_n540,117,43.5,2756,24.000,vihtavuori,large_rifle_generic,12.000,2.795
308_win,0.308,barnes,ttsx_bt,150.00,vihtavuori_n150,124,43.5,2720,24.000,vihtavuori,large_rifle_generic,12.000,2.795
308_win,0.308,barnes,ttsx_bt,150.00,vihtavuori_n550,129,47.8,2776,24.000,vihtavuori,large_rifle_generic,12.000,2.795
308_win,0.308,fox,classic_hunter,150.00,vihtavuori_n530,100,39.7,2697,24.000,vihtavuori,large_rifle_generic,12.000,2.638
308_win,0.308,fox,classic_hunter,150.00,vihtavuori_n135,102,37.3,2592,24.000,vihtavuori,large_rifle_generic,12.000,2.638
308_win,0.308,fox,classic_hunter,150.00,vihtavuori_n140,112,43.5,2707,24.000,vihtavuori,large_rifle_generic,12.000,2.638
308_win,0.308,fox,classic_hunter,150.00,vihtavuori_n540,117,46.0,2815,24.000,vihtavuori,large_rifle_generic,12.000,2.638
308_win,0.308,fox,classic_hunter,150.00,vihtavuori_n150,124,44.9,2756,24.000,vihtavuori,large_rifle_generic,12.000,2.638
308_win,0.308,fox,classic_hunter,150.00,vihtavuori_n550,129,47.8,2726,24.000,vihtavuori,large_rifle_generic,12.000,2.638
308_win,0.308,fox,target,150.00,vihtavuori_n130,84,37.5,2631,24.000,vihtavuori,large_rifle_generic,12.000,2.697
308_win,0.308,fox,target,150.00,vihtavuori_n133,89,39.7,2677,24.000,vihtavuori,large_rifle_generic,12.000,2.697
308_win,0.308,fox,target,150.00,vihtavuori_n135,102,41.4,2713,24.000,vihtavuori,large_rifle_generic,12.000,2.697
308_win,0.308,fox,target,150.00,vihtavuori_n140,112,46.1,2795,24.000,vihtavuori,large_rifle_generic,12.000,2.697
308_win,0.308,fox,target,150.00,vihtavuori_n150,124,46.9,2818,24.000,vihtavuori,large_rifle_generic,12.000,2.697
308_win,0.308,hornady,cx,150.00,vihtavuori_n135,102,38.6,2575,24.000,vihtavuori,large_rifle_generic,12.000,2.799
308_win,0.308,hornady,cx,150.00,vihtavuori_n140,112,43.8,2697,24.000,vihtavuori,large_rifle_generic,12.000,2.799
308_win,0.308,hornady,cx,150.00,vihtavuori_n540,117,43.7,2743,24.000,vihtavuori,large_rifle_generic,12.000,2.799
308_win,0.308,hornady,cx,150.00,vihtavuori_n150,124,43.2,2684,24.000,vihtavuori,large_rifle_generic,12.000,2.799
308_win,0.308,hornady,cx,150.00,vihtavuori_n550,129,47.5,2772,24.000,vihtavuori,large_rifle_generic,12.000,2.799
308_win,0.308,hornady,fmj_bt,150.00,vihtavuori_n130,84,39.5,2720,24.000,vihtavuori,large_rifle_generic,12.000,2.795
308_win,0.308,hornady,fmj_bt,150.00,vihtavuori_n133,89,42.9,2785,24.000,vihtavuori,large_rifle_generic,12.000,2.795
308_win,0.308,hornady,fmj_bt,150.00,vihtavuori_n135,102,44.4,2799,24.000,vihtavuori,large_rifle_generic,12.000,2.795
308_win,0.308,hornady,fmj_bt,150.00,vihtavuori_n140,112,47.4,2835,24.000,vihtavuori,large_rifle_generic,12.000,2.795
308_win,0.308,hornady,fmj_bt,150.00,vihtavuori_n540,117,48.1,2887,24.000,vihtavuori,large_rifle_generic,12.000,2.795
308_win,0.308,hornady,fmj_bt,150.00,vihtavuori_n150,124,48.0,2848,24.000,vihtavuori,large_rifle_generic,12.000,2.795
308_win,0.308,hornady,fmj_bt,150.00,vihtavuori_n550,129,50.2,2799,24.000,vihtavuori,large_rifle_generic,12.000,2.795
308_win,0.308,hornady,gmx,150.00,vihtavuori_n135,102,39.7,2608,24.000,vihtavuori,large_rifle_generic,12.000,2.795
308_win,0.308,hornady,gmx,150.00,vihtavuori_n140,112,43.1,2657,24.000,vihtavuori,large_rifle_generic,12.000,2.795
308_win,0.308,hornady,gmx,150.00,vihtavuori_n540,117,43.7,2713,24.000,vihtavuori,large_rifle_generic,12.000,2.795
308_win,0.308,hornady,gmx,150.00,vihtavuori_n150,124,43.5,2661,24.000,vihtavuori,large_rifle_generic,12.000,2.795
308_win,0.308,hornady,interlock_btsp,150.00,vihtavuori_n130,84,38.7,2703,24.000,vihtavuori,large_rifle_generic,12.000,2.740
308_win,0.308,hornady,interlock_btsp,150.00,vihtavuori_n133,89,42.0,2762,24.000,vihtavuori,large_rifle_generic,12.000,2.740
308_win,0.308,hornady,interlock_btsp,150.00,vihtavuori_n135,102,43.2,2779,24.000,vihtavuori,large_rifle_generic,12.000,2.740
308_win,0.308,hornady,interlock_btsp,150.00,vihtavuori_n140,112,45.8,2815,24.000,vihtavuori,large_rifle_generic,12.000,2.740
308_win,0.308,hornady,interlock_btsp,150.00,vihtavuori_n540,117,47.4,2874,24.000,vihtavuori,large_rifle_generic,12.000,2.740
308_win,0.308,hornady,interlock_btsp,150.00,vihtavuori_n150,124,46.6,2818,24.000,vihtavuori,large_rifle_generic,12.000,2.740
308_win,0.308,hornady,interlock_btsp,150.00,vihtavuori_n550,129,50.9,2894,24.000,vihtavuori,large_rifle_generic,12.000,2.740
308_win,0.308,hornady,sst,150.00,vihtavuori_n133,89,39.8,2690,24.000,vihtavuori,large_rifle_generic,12.000,2.732
308_win,0.308,hornady,sst,150.00,vihtavuori_n530,100,40.7,2743,24.000,vihtavuori,large_rifle_generic,12.000,2.732
308_win,0.308,hornady,sst,150.00,vihtavuori_n135,102,41.2,2726,24.000,vihtavuori,large_rifle_generic,12.000,2.732
308_win,0.308,hornady,sst,150.00,vihtavuori_n140,112,44.1,2749,24.000,vihtavuori,large_rifle_generic,12.000,2.732
308_win,0.308,hornady,sst,150.00,vihtavuori_n540,117,45.1,2818,24.000,vihtavuori,large_rifle_generic,12.000,2.732
308_win,0.308,hornady,sst,150.00,vihtavuori_n150,124,44.9,2753,24.000,vihtavuori,large_rifle_generic,12.000,2.732
308_win,0.308,lapua,lockbase,150.00,vihtavuori_n530,100,42.6,2927,24.000,vihtavuori,large_rifle_generic,12.000,2.756
308_win,0.308,lapua,lockbase,150.00,vihtavuori_n135,102,43.7,2904,24.000,vihtavuori,large_rifle_generic,12.000,2.756
308_win,0.308,lapua,lockbase,150.00,vihtavuori_n140,112,44.7,2799,24.000,vihtavuori,large_rifle_generic,12.000,2.756
308_win,0.308,lapua,lockbase,150.00,vihtavuori_n540,117,46.3,2956,24.000,vihtavuori,large_rifle_generic,12.000,2.756
308_win,0.308,lapua,lockbase,150.00,vihtavuori_n150,124,45.2,2740,24.000,vihtavuori,large_rifle_generic,12.000,2.756
308_win,0.308,lapua,mega_e469,150.00,vihtavuori_n135,102,41.4,2762,24.000,vihtavuori,large_rifle_generic,12.000,2.567
308_win,0.308,lapua,mega_e469,150.00,vihtavuori_n140,112,45.5,2703,24.000,vihtavuori,large_rifle_generic,12.000,2.567
308_win,0.308,lapua,mega_e469,150.00,vihtavuori_n540,117,45.8,2733,24.000,vihtavuori,large_rifle_generic,12.000,2.567
308_win,0.308,lapua,trx,150.00,vihtavuori_n133,89,38.6,2677,24.000,vihtavuori,large_rifle_generic,12.000,2.776
308_win,0.308,lapua,trx,150.00,vihtavuori_n135,102,40.3,2697,24.000,vihtavuori,large_rifle_generic,12.000,2.776
308_win,0.308,lapua,trx,150.00,vihtavuori_n140,112,46.0,2802,24.000,vihtavuori,large_rifle_generic,12.000,2.776
308_win,0.308,lapua,trx,150.00,vihtavuori_n540,117,44.6,2808,24.000,vihtavuori,large_rifle_generic,12.000,2.776
308_win,0.308,lapua,trx,150.00,vihtavuori_n150,124,45.7,2795,24.000,vihtavuori,large_rifle_generic,12.000,2.776
308_win,0.308,lapua,trx,150.00,vihtavuori_n550,129,49.1,2838,24.000,vihtavuori,large_rifle_generic,12.000,2.776
308_win,0.308,los,tactic,150.00,vihtavuori_n530,100,40.7,2799,24.000,vihtavuori,large_rifle_generic,12.000,2.780
308_win,0.308,los,tactic,150.00,vihtavuori_n135,102,41.4,2766,24.000,vihtavuori,large_rifle_generic,12.000,2.780
308_win,0.308,los,tactic,150.00,vihtavuori_n140,112,45.5,2805,24.000,vihtavuori,large_rifle_generic,12.000,2.780
308_win,0.308,los,tactic,150.00,vihtavuori_n540,117,45.5,2864,24.000,vihtavuori,large_rifle_generic,12.000,2.780
308_win,0.308,norma,fmj,150.00,vihtavuori_n130,84,36.4,2631,24.000,vihtavuori,large_rifle_generic,12.000,2.693
308_win,0.308,norma,fmj,150.00,vihtavuori_n133,89,39.0,2697,24.000,vihtavuori,large_rifle_generic,12.000,2.693
308_win,0.308,norma,fmj,150.00,vihtavuori_n530,100,39.8,2713,24.000,vihtavuori,large_rifle_generic,12.000,2.693
308_win,0.308,norma,fmj,150.00,vihtavuori_n135,102,41.2,2736,24.000,vihtavuori,large_rifle_generic,12.000,2.693
308_win,0.308,norma,fmj,150.00,vihtavuori_n140,112,44.1,2785,24.000,vihtavuori,large_rifle_generic,12.000,2.693
308_win,0.308,nosler,accubond,150.00,vihtavuori_n133,89,40.4,2710,24.000,vihtavuori,large_rifle_generic,12.000,2.795
308_win,0.308,nosler,accubond,150.00,vihtavuori_n135,102,42.7,2746,24.000,vihtavuori,large_rifle_generic,12.000,2.795
308_win,0.308,nosler,accubond,150.00,vihtavuori_n140,112,45.7,2782,24.000,vihtavuori,large_rifle_generic,12.000,2.795
308_win,0.308,nosler,accubond,150.00,vihtavuori_n540,117,47.2,2858,24.000,vihtavuori,large_rifle_generic,12.000,2.795
308_win,0.308,nosler,accubond,150.00,vihtavuori_n150,124,46.0,2812,24.000,vihtavuori,large_rifle_generic,12.000,2.795
308_win,0.308,nosler,accubond,150.00,vihtavuori_n550,129,50.5,2877,24.000,vihtavuori,large_rifle_generic,12.000,2.795
308_win,0.308,red_moose,tarvas,150.00,vihtavuori_n135,102,41.7,2795,24.000,vihtavuori,large_rifle_generic,12.000,2.724
308_win,0.308,red_moose,tarvas,150.00,vihtavuori_n140,112,45.4,2838,24.000,vihtavuori,large_rifle_generic,12.000,2.724
308_win,0.308,red_moose,tarvas,150.00,vihtavuori_n540,117,46.6,2881,24.000,vihtavuori,large_rifle_generic,12.000,2.724
308_win,0.308,red_moose,tarvas,150.00,vihtavuori_n150,124,46.1,2825,24.000,vihtavuori,large_rifle_generic,12.000,2.724
308_win,0.308,red_moose,tarvas,150.00,vihtavuori_n550,129,47.8,2792,24.000,vihtavuori,large_rifle_generic,12.000,2.724
308_win,0.308,sako,blade_645a,150.00,vihtavuori_n133,89,38.6,2585,24.000,vihtavuori,large_rifle_generic,12.000,2.795
308_win,0.308,sako,blade_645a,150.00,vihtavuori_n135,102,40.3,2628,24.000,vihtavuori,large_rifle_generic,12.000,2.795
308_win,0.308,sako,blade_645a,150.00,vihtavuori_n140,112,43.8,2697,24.000,vihtavuori,large_rifle_generic,12.000,2.795
308_win,0.308,sako,blade_645a,150.00,vihtavuori_n540,117,44.1,2736,24.000,vihtavuori,large_rifle_generic,12.000,2.795
308_win,0.308,sako,blade_645a,150.00,vihtavuori_n150,124,44.8,2703,24.000,vihtavuori,large_rifle_generic,12.000,2.795
308_win,0.308,sako,blade_645a,150.00,vihtavuori_n550,129,47.8,2779,24.000,vihtavuori,large_rifle_generic,12.000,2.795
308_win,0.308,sierra,hpbt,150.00,vihtavuori_n130,84,39.4,2710,24.000,vihtavuori,large_rifle_generic,12.000,2.795
308_win,0.308,sierra,hpbt,150.00,vihtavuori_n133,89,42.1,2766,24.000,vihtavuori,large_rifle_generic,12.000,2.795
308_win,0.308,sierra,hpbt,150.00,vihtavuori_n135,102,44.0,2789,24.000,vihtavuori,large_rifle_generic,12.000,2.795
308_win,0.308,sierra,hpbt,150.00,vihtavuori_n140,112,47.3,2851,24.000,vihtavuori,large_rifle_generic,12.000,2.795
308_win,0.308,sierra,hpbt,150.00,vihtavuori_n540,117,48.3,2956,24.000,vihtavuori,large_rifle_generic,12.000,2.795
308_win,0.308,sierra,hpbt,150.00,vihtavuori_n150,124,48.4,2869,24.000,vihtavuori,large_rifle_generic,12.000,2.795
308_win,0.308,sierra,hpbt,150.00,vihtavuori_n550,129,50.3,2855,24.000,vihtavuori,large_rifle_generic,12.000,2.795
308_win,0.308,sierra,spbt,150.00,vihtavuori_n133,89,44.1,2831,24.000,vihtavuori,large_rifle_generic,12.000,2.756
308_win,0.308,sierra,spbt,150.00,vihtavuori_n135,102,45.7,2857,24.000,vihtavuori,large_rifle_generic,12.000,2.756
308_win,0.308,sierra,spbt,150.00,vihtavuori_n140,112,47.1,2815,24.000,vihtavuori,large_rifle_generic,12.000,2.756
308_win,0.308,sierra,spbt,150.00,vihtavuori_n150,124,49.9,2880,24.000,vihtavuori,large_rifle_generic,12.000,2.756
308_win,0.308,swift,scirocco_ii,150.00,vihtavuori_n135,102,38.3,2621,24.000,vihtavuori,large_rifle_generic,12.000,2.795
308_win,0.308,swift,scirocco_ii,150.00,vihtavuori_n140,112,42.4,2697,24.000,vihtavuori,large_rifle_generic,12.000,2.795
308_win,0.308,swift,scirocco_ii,150.00,vihtavuori_n540,117,42.7,2733,24.000,vihtavuori,large_rifle_generic,12.000,2.795
308_win,0.308,swift,scirocco_ii,150.00,vihtavuori_n150,124,42.9,2713,24.000,vihtavuori,large_rifle_generic,12.000,2.795
308_win,0.308,swift,scirocco_ii,150.00,vihtavuori_n550,129,46.0,2726,24.000,vihtavuori,large_rifle_generic,12.000,2.795
308_win,0.308,woodleigh,weldcore_pp,150.00,vihtavuori_n135,102,41.4,2680,24.000,vihtavuori,large_rifle_generic,12.000,2.795
308_win,0.308,woodleigh,weldcore_pp,150.00,vihtavuori_n140,112,44.3,2697,24.000,vihtavuori,large_rifle_generic,12.000,2.795
308_win,0.308,woodleigh,weldcore_pp,150.00,vihtavuori_n540,117,45.2,2802,24.000,vihtavuori,large_rifle_generic,12.000,2.795
308_win,0.308,berger,hybrid_target,155.00,vihtavuori_n135,102,40.3,2664,24.000,vihtavuori,large_rifle_generic,12.000,2.795
308_win,0.308,berger,hybrid_target,155.00,vihtavuori_n140,112,43.2,2687,24.000,vihtavuori,large_rifle_generic,12.000,2.795
308_win,0.308,berger,hybrid_target,155.00,vihtavuori_n540,117,44.0,2762,24.000,vihtavuori,large_rifle_generic,12.000,2.795
308_win,0.308,berger,hybrid_target,155.00,vihtavuori_n150,124,43.8,2720,24.000,vihtavuori,large_rifle_generic,12.000,2.795
308_win,0.308,berger,hybrid_target,155.00,vihtavuori_n550,129,46.5,2756,24.000,vihtavuori,large_rifle_generic,12.000,2.795
308_win,0.308,berger,vld_hunting,155.00,vihtavuori_n130,84,37.7,2612,24.000,vihtavuori,large_rifle_generic,12.000,2.800
308_win,0.308,berger,vld_hunting,155.00,vihtavuori_n133,89,40.3,2667,24.000,vihtavuori,large_rifle_generic,12.000,2.800
308_win,0.308,berger,vld_hunting,155.00,vihtavuori_n135,102,41.8,2694,24.000,vihtavuori,large_rifle_generic,12.000,2.800
308_win,0.308,berger,vld_hunting,155.00,vihtavuori_n140,112,44.9,2746,24.000,vihtavuori,large_rifle_generic,12.000,2.800
308_win,0.308,berger,vld_hunting,155.00,vihtavuori_n540,117,45.7,2795,24.000,vihtavuori,large_rifle_generic,12.000,2.800
308_win,0.308,berger,vld_hunting,155.00,vihtavuori_n150,124,45.5,2769,24.000,vihtavuori,large_rifle_generic,12.000,2.800
308_win,0.308,berger,vld_hunting,155.00,vihtavuori_n550,129,49.7,2835,24.000,vihtavuori,large_rifle_generic,12.000,2.800
308_win,0.308,brenneke,tag,155.00,vihtavuori_n140,112,45.4,2772,24.000,vihtavuori,large_rifle_generic,12.000,2.740
308_win,0.308,brenneke,tag,155.00,vihtavuori_n540,117,46.1,2858,24.000,vihtavuori,large_rifle_generic,12.000,2.740
308_win,0.308,brenneke,tag,155.00,vihtavuori_n150,124,46.3,2782,24.000,vihtavuori,large_rifle_generic,12.000,2.740
308_win,0.308,hornady,bthp,155.00,vihtavuori_n130,84,38.3,2648,24.000,vihtavuori,large_rifle_generic,12.000,2.795
308_win,0.308,hornady,bthp,155.00,vihtavuori_n133,89,41.4,2720,24.000,vihtavuori,large_rifle_generic,12.000,2.795
308_win,0.308,hornady,bthp,155.00,vihtavuori_n135,102,43.4,2749,24.000,vihtavuori,large_rifle_generic,12.000,2.795
308_win,0.308,hornady,bthp,155.00,vihtavuori_n140,112,46.0,2785,24.000,vihtavuori,large_rifle_generic,12.000,2.795
308_win,0.308,hornady,bthp,155.00,vihtavuori_n540,117,46.6,2828,24.000,vihtavuori,large_rifle_generic,12.000,2.795
308_win,0.308,hornady,bthp,155.00,vihtavuori_n150,124,46.1,2805,24.000,vihtavuori,large_rifle_generic,12.000,2.795
308_win,0.308,hornady,bthp,155.00,vihtavuori_n550,129,50.0,2831,24.000,vihtavuori,large_rifle_generic,12.000,2.795
308_win,0.308,hornady,eld_match,155.00,vihtavuori_n133,89,39.7,2684,24.000,vihtavuori,large_rifle_generic,12.000,2.799
308_win,0.308,hornady,eld_match,155.00,vihtavuori_n135,102,41.4,2717,24.000,vihtavuori,large_rifle_generic,12.000,2.799
308_win,0.308,hornady,eld_match,155.00,vihtavuori_n140,112,44.1,2759,24.000,vihtavuori,large_rifle_generic,12.000,2.799
308_win,0.308,hornady,eld_match,155.00,vihtavuori_n540,117,44.4,2782,24.000,vihtavuori,large_rifle_generic,12.000,2.799
308_win,0.308,hornady,eld_match,155.00,vihtavuori_n150,124,44.8,2769,24.000,vihtavuori,large_rifle_generic,12.000,2.799
308_win,0.308,hornady,eld_match,155.00,vihtavuori_n550,129,48.0,2812,24.000,vihtavuori,large_rifle_generic,12.000,2.799
308_win,0.308,lapua,scenar_l,155.00,vihtavuori_n530,100,41.0,2769,24.000,vihtavuori,large_rifle_generic,12.000,2.795
308_win,0.308,lapua,scenar_l,155.00,vihtavuori_n135,102,40.7,2638,24.000,vihtavuori,large_rifle_generic,12.000,2.795
308_win,0.308,lapua,scenar_l,155.00,vihtavuori_n140,112,43.4,2648,24.000,vihtavuori,large_rifle_generic,12.000,2.795
308_win,0.308,lapua,scenar_l,155.00,vihtavuori_n540,117,44.9,2900,24.000,vihtavuori,large_rifle_generic,12.000,2.795
308_win,0.308,lapua,scenar_l,155.00,vihtavuori_n150,124,46.8,2683,24.000,vihtavuori,large_rifle_generic,12.000,2.795
308_win,0.308,lapua,scenar_l,155.00,vihtavuori_n550,129,50.2,2956,24.000,vihtavuori,large_rifle_generic,12.000,2.795
308_win,0.308,los,hunting,155.00,vihtavuori_n140,112,44.4,2743,24.000,vihtavuori,large_rifle_generic,12.000,2.752
308_win,0.308,los,hunting,155.00,vihtavuori_n540,117,44.8,2805,24.000,vihtavuori,large_rifle_generic,12.000,2.752
308_win,0.308,los,hunting,155.00,vihtavuori_n150,124,45.4,2776,24.000,vihtavuori,large_rifle_generic,12.000,2.752
308_win,0.308,nosler,custom_competition,155.00,vihtavuori_n133,89,40.3,2700,24.000,vihtavuori,large_rifle_generic,12.000,2.795
308_win,0.308,nosler,custom_competition,155.00,vihtavuori_n135,102,42.3,2733,24.000,vihtavuori,large_rifle_generic,12.000,2.795
308_win,0.308,nosler,custom_competition,155.00,vihtavuori_n140,112,45.2,2772,24.000,vihtavuori,large_rifle_generic,12.000,2.795
308_win,0.308,nosler,custom_competition,155.00,vihtavuori_n540,117,45.5,2828,24.000,vihtavuori,large_rifle_generic,12.000,2.795
308_win,0.308,nosler,custom_competition,155.00,vihtavuori_n150,124,45.2,2785,24.000,vihtavuori,large_rifle_generic,12.000,2.795
308_win,0.308,sierra,hpbt,155.00,vihtavuori_n135,102,41.3,2674,24.000,vihtavuori,large_rifle_generic,12.000,2.795
308_win,0.308,sierra,hpbt,155.00,vihtavuori_n140,112,44.2,2712,24.000,vihtavuori,large_rifle_generic,12.000,2.795
308_win,0.308,sierra,hpbt,155.00,vihtavuori_n540,117,45.1,2750,24.000,vihtavuori,large_rifle_generic,12.000,2.795
308_win,0.308,sierra,hpbt,155.00,vihtavuori_n150,124,46.5,2790,24.000,vihtavuori,large_rifle_generic,12.000,2.795
308_win,0.308,sierra,hpbt,155.00,vihtavuori_n550,129,49.7,2888,24.000,vihtavuori,large_rifle_generic,12.000,2.795
308_win,0.308,sierra,tmk,155.00,vihtavuori_n135,102,40.1,2654,24.000,vihtavuori,large_rifle_generic,12.000,2.795
308_win,0.308,sierra,tmk,155.00,vihtavuori_n140,112,43.1,2677,24.000,vihtavuori,large_rifle_generic,12.000,2.795
308_win,0.308,sierra,tmk,155.00,vihtavuori_n540,117,43.7,2753,24.000,vihtavuori,large_rifle_generic,12.000,2.795
308_win,0.308,sierra,tmk,155.00,vihtavuori_n150,124,44.0,2710,24.000,vihtavuori,large_rifle_generic,12.000,2.795
308_win,0.308,sierra,tmk,155.00,vihtavuori_n550,129,46.5,2759,24.000,vihtavuori,large_rifle_generic,12.000,2.795
308_win,0.308,berger,fullbore_target,155.50,vihtavuori_n130,84,38.0,2635,24.000,vihtavuori,large_rifle_generic,12.000,2.800
308_win,0.308,berger,fullbore_target,155.50,vihtavuori_n133,89,41.1,2690,24.000,vihtavuori,large_rifle_generic,12.000,2.800
308_win,0.308,berger,fullbore_target,155.50,vihtavuori_n135,102,42.6,2733,24.000,vihtavuori,large_rifle_generic,12.000,2.800
308_win,0.308,berger,fullbore_target,155.50,vihtavuori_n140,112,45.7,2769,24.000,vihtavuori,large_rifle_generic,12.000,2.800
308_win,0.308,berger,fullbore_target,155.50,vihtavuori_n540,117,46.6,2835,24.000,vihtavuori,large_rifle_generic,12.000,2.800
308_win,0.308,berger,fullbore_target,155.50,vihtavuori_n150,124,46.3,2782,24.000,vihtavuori,large_rifle_generic,12.000,2.800
308_win,0.308,berger,fullbore_target,155.50,vihtavuori_n550,129,50.6,2861,24.000,vihtavuori,large_rifle_generic,12.000,2.800
308_win,0.308,sako,blade_656a,162.00,vihtavuori_n140,112,40.4,2520,24.000,vihtavuori,large_rifle_generic,12.000,2.795
308_win,0.308,sako,blade_656a,162.00,vihtavuori_n540,117,42.6,2615,24.000,vihtavuori,large_rifle_generic,12.000,2.795
308_win,0.308,sako,blade_656a,162.00,vihtavuori_n150,124,41.2,2503,24.000,vihtavuori,large_rifle_generic,12.000,2.795
308_win,0.308,sako,blade_656a,162.00,vihtavuori_n550,129,46.9,2667,24.000,vihtavuori,large_rifle_generic,12.000,2.795
308_win,0.308,barnes,tsx,165.00,vihtavuori_n140,112,43.1,2674,24.000,vihtavuori,large_rifle_generic,12.000,2.795
308_win,0.308,barnes,tsx,165.00,vihtavuori_n150,124,44.6,2703,24.000,vihtavuori,large_rifle_generic,12.000,2.795
308_win,0.308,barnes,tsx,165.00,vihtavuori_n550,129,47.1,2733,24.000,vihtavuori,large_rifle_generic,12.000,2.795
308_win,0.308,barnes,ttsx_bt,165.00,vihtavuori_n135,102,39.4,2507,24.000,vihtavuori,large_rifle_generic,12.000,2.799
308_win,0.308,barnes,ttsx_bt,165.00,vihtavuori_n140,112,43.8,2618,24.000,vihtavuori,large_rifle_generic,12.000,2.799
308_win,0.308,barnes,ttsx_bt,165.00,vihtavuori_n540,117,44.1,2687,24.000,vihtavuori,large_rifle_generic,12.000,2.799
308_win,0.308,barnes,ttsx_bt,165.00,vihtavuori_n150,124,43.8,2608,24.000,vihtavuori,large_rifle_generic,12.000,2.799
308_win,0.308,barnes,ttsx_bt,165.00,vihtavuori_n550,129,48.8,2720,24.000,vihtavuori,large_rifle_generic,12.000,2.799
308_win,0.308,brenneke,tog,165.00,vihtavuori_n135,102,34.7,2221,24.000,vihtavuori,large_rifle_generic,12.000,2.697
308_win,0.308,brenneke,tog,165.00,vihtavuori_n140,112,42.1,2585,24.000,vihtavuori,large_rifle_generic,12.000,2.697
308_win,0.308,brenneke,tog,165.00,vihtavuori_n540,117,43.5,2690,24.000,vihtavuori,large_rifle_generic,12.000,2.697
308_win,0.308,brenneke,tog,165.00,vihtavuori_n150,124,43.4,2605,24.000,vihtavuori,large_rifle_generic,12.000,2.697
308_win,0.308,cutting_edge,mth,165.00,vihtavuori_n140,112,42.1,2566,24.000,vihtavuori,large_rifle_generic,12.000,2.795
308_win,0.308,cutting_edge,mth,165.00,vihtavuori_n540,117,42.9,2644,24.000,vihtavuori,large_rifle_generic,12.000,2.795
308_win,0.308,cutting_edge,mth,165.00,vihtavuori_n150,124,42.6,2592,24.000,vihtavuori,large_rifle_generic,12.000,2.795
308_win,0.308,cutting_edge,mth,165.00,vihtavuori_n550,129,46.1,2661,24.000,vihtavuori,large_rifle_generic,12.000,2.795
308_win,0.308,fox,target,165.00,vihtavuori_n140,112,43.1,2608,24.000,vihtavuori,large_rifle_generic,12.000,2.697
308_win,0.308,fox,target,165.00,vihtavuori_n540,117,45.2,2690,24.000,vihtavuori,large_rifle_generic,12.000,2.697
308_win,0.308,fox,target,165.00,vihtavuori_n150,124,44.9,2651,24.000,vihtavuori,large_rifle_generic,12.000,2.697
308_win,0.308,hornady,cx,165.00,vihtavuori_n135,102,38.1,2438,24.000,vihtavuori,large_rifle_generic,12.000,2.799
308_win,0.308,hornady,cx,165.00,vihtavuori_n140,112,42.9,2562,24.000,vihtavuori,large_rifle_generic,12.000,2.799
308_win,0.308,hornady,cx,165.00,vihtavuori_n540,117,42.9,2612,24.000,vihtavuori,large_rifle_generic,12.000,2.799
308_win,0.308,hornady,cx,165.00,vihtavuori_n150,124,42.3,2552,24.000,vihtavuori,large_rifle_generic,12.000,2.799
308_win,0.308,hornady,cx,165.00,vihtavuori_n550,129,48.0,2671,24.000,vihtavuori,large_rifle_generic,12.000,2.799
308_win,0.308,hornady,ecx,165.00,vihtavuori_n135,102,37.5,2395,24.000,vihtavuori,large_rifle_generic,12.000,2.795
308_win,0.308,hornady,ecx,165.00,vihtavuori_n140,112,42.1,2510,24.000,vihtavuori,large_rifle_generic,12.000,2.795
308_win,0.308,hornady,ecx,165.00,vihtavuori_n540,117,43.4,2595,24.000,vihtavuori,large_rifle_generic,12.000,2.795
308_win,0.308,hornady,ecx,165.00,vihtavuori_n150,124,42.3,2530,24.000,vihtavuori,large_rifle_generic,12.000,2.795
308_win,0.308,hornady,ecx,165.00,vihtavuori_n550,129,46.5,2625,24.000,vihtavuori,large_rifle_generic,12.000,2.795
308_win,0.308,hornady,gmx,165.00,vihtavuori_n140,112,41.2,2480,24.000,vihtavuori,large_rifle_generic,12.000,2.795
308_win,0.308,hornady,gmx,165.00,vihtavuori_n540,117,41.7,2549,24.000,vihtavuori,large_rifle_generic,12.000,2.795
308_win,0.308,hornady,gmx,165.00,vihtavuori_n150,124,41.7,2497,24.000,vihtavuori,large_rifle_generic,12.000,2.795
308_win,0.308,hornady,gmx,165.00,vihtavuori_n550,129,45.2,2592,24.000,vihtavuori,large_rifle_generic,12.000,2.795
308_win,0.308,hornady,interlock_btsp,165.00,vihtavuori_n130,84,36.6,2520,24.000,vihtavuori,large_rifle_generic,12.000,2.740
308_win,0.308,hornady,interlock_btsp,165.00,vihtavuori_n133,89,39.7,2582,24.000,vihtavuori,large_rifle_generic,12.000,2.740
308_win,0.308,hornady,interlock_btsp,165.00,vihtavuori_n135,102,41.1,2615,24.000,vihtavuori,large_rifle_generic,12.000,2.740
308_win,0.308,hornady,interlock_btsp,165.00,vihtavuori_n140,112,44.4,2687,24.000,vihtavuori,large_rifle_generic,12.000,2.740
308_win,0.308,hornady,interlock_btsp,165.00,vihtavuori_n540,117,44.9,2726,24.000,vihtavuori,large_rifle_generic,12.000,2.740
308_win,0.308,hornady,interlock_btsp,165.00,vihtavuori_n150,124,44.9,2694,24.000,vihtavuori,large_rifle_generic,12.000,2.740
308_win,0.308,hornady,interlock_btsp,165.00,vihtavuori_n550,129,49.1,2769,24.000,vihtavuori,large_rifle_generic,12.000,2.740
308_win,0.308,hornady,sst,165.00,vihtavuori_n130,84,34.7,2444,24.000,vihtavuori,large_rifle_generic,12.000,2.776
308_win,0.308,hornady,sst,165.00,vihtavuori_n133,89,37.2,2497,24.000,vihtavuori,large_rifle_generic,12.000,2.776
308_win,0.308,hornady,sst,165.00,vihtavuori_n135,102,38.7,2533,24.000,vihtavuori,large_rifle_generic,12.000,2.776
308_win,0.308,hornady,sst,165.00,vihtavuori_n140,112,42.4,2595,24.000,vihtavuori,large_rifle_generic,12.000,2.776
308_win,0.308,hornady,sst,165.00,vihtavuori_n540,117,43.5,2680,24.000,vihtavuori,large_rifle_generic,12.000,2.776
308_win,0.308,hornady,sst,165.00,vihtavuori_n150,124,42.7,2631,24.000,vihtavuori,large_rifle_generic,12.000,2.776
308_win,0.308,hornady,sst,165.00,vihtavuori_n550,129,46.0,2687,24.000,vihtavuori,large_rifle_generic,12.000,2.776
308_win,0.308,lapua,trx,165.00,vihtavuori_n135,102,40.3,2582,24.000,vihtavuori,large_rifle_generic,12.000,2.799
308_win,0.308,lapua,trx,165.00,vihtavuori_n140,112,44.3,2661,24.000,vihtavuori,large_rifle_generic,12.000,2.799
308_win,0.308,lapua,trx,165.00,vihtavuori_n540,117,43.7,2690,24.000,vihtavuori,large_rifle_generic,12.000,2.799
308_win,0.308,lapua,trx,165.00,vihtavuori_n150,124,44.0,2667,24.000,vihtavuori,large_rifle_generic,12.000,2.799
308_win,0.308,lapua,trx,165.00,vihtavuori_n550,129,48.1,2707,24.000,vihtavuori,large_rifle_generic,12.000,2.799
308_win,0.308,los,solid_brass_tactic,165.00,vihtavuori_n130,84,36.7,2579,24.000,vihtavuori,large_rifle_generic,12.000,2.795
308_win,0.308,los,solid_brass_tactic,165.00,vihtavuori_n133,89,39.8,2628,24.000,vihtavuori,large_rifle_generic,12.000,2.795
308_win,0.308,los,solid_brass_tactic,165.00,vihtavuori_n135,102,42.7,2677,24.000,vihtavuori,large_rifle_generic,12.000,2.795
308_win,0.308,los,solid_brass_tactic,165.00,vihtavuori_n140,112,45.2,2717,24.000,vihtavuori,large_rifle_generic,12.000,2.795
308_win,0.308,los,solid_brass_tactic,165.00,vihtavuori_n540,117,46.8,2795,24.000,vihtavuori,large_rifle_generic,12.000,2.795
308_win,0.308,los,solid_brass_tactic,165.00,vihtavuori_n150,124,45.5,2713,24.000,vihtavuori,large_rifle_generic,12.000,2.795
308_win,0.308,red_moose,tarvas,165.00,vihtavuori_n140,112,43.5,2687,24.000,vihtavuori,large_rifle_generic,12.000,2.724
308_win,0.308,red_moose,tarvas,165.00,vihtavuori_n540,117,45.1,2736,24.000,vihtavuori,large_rifle_generic,12.000,2.724
308_win,0.308,red_moose,tarvas,165.00,vihtavuori_n150,124,44.6,2684,24.000,vihtavuori,large_rifle_generic,12.000,2.724
308_win,0.308,red_moose,tarvas,165.00,vihtavuori_n550,129,47.7,2743,24.000,vihtavuori,large_rifle_generic,12.000,2.724
308_win,0.308,rhino,solid_shank,165.00,vihtavuori_n140,112,42.9,2612,24.000,vihtavuori,large_rifle_generic,12.000,2.657
308_win,0.308,rhino,solid_shank,165.00,vihtavuori_n540,117,44.0,2651,24.000,vihtavuori,large_rifle_generic,12.000,2.657
308_win,0.308,rhino,solid_shank,165.00,vihtavuori_n150,124,44.0,2651,24.000,vihtavuori,large_rifle_generic,12.000,2.657
308_win,0.308,rhino,solid_shank,165.00,vihtavuori_n550,129,47.4,2667,24.000,vihtavuori,large_rifle_generic,12.000,2.657
308_win,0.308,sierra,sbt,165.00,vihtavuori_n135,102,40.0,2579,24.000,vihtavuori,large_rifle_generic,12.000,2.752
308_win,0.308,sierra,sbt,165.00,vihtavuori_n140,112,43.4,2651,24.000,vihtavuori,large_rifle_generic,12.000,2.752
308_win,0.308,sierra,sbt,165.00,vihtavuori_n540,117,44.4,2713,24.000,vihtavuori,large_rifle_generic,12.000,2.752
308_win,0.308,sierra,sbt,165.00,vihtavuori_n150,124,44.0,2648,24.000,vihtavuori,large_rifle_generic,12.000,2.752
308_win,0.308,sierra,sbt,165.00,vihtavuori_n550,129,47.1,2726,24.000,vihtavuori,large_rifle_generic,12.000,2.752
308_win,0.308,speer,spbt,165.00,vihtavuori_n133,89,41.9,2653,24.000,vihtavuori,large_rifle_generic,12.000,2.795
308_win,0.308,speer,spbt,165.00,vihtavuori_n135,102,44.1,2703,24.000,vihtavuori,large_rifle_generic,12.000,2.795
308_win,0.308,speer,spbt,165.00,vihtavuori_n140,112,46.3,2750,24.000,vihtavuori,large_rifle_generic,12.000,2.795
308_win,0.308,speer,spbt,165.00,vihtavuori_n150,124,47.9,2761,24.000,vihtavuori,large_rifle_generic,12.000,2.795
308_win,0.308,speer,spbt,165.00,vihtavuori_n550,129,49.3,2789,24.000,vihtavuori,large_rifle_generic,12.000,2.795
308_win,0.308,swift,scirocco_ii,165.00,vihtavuori_n140,112,40.6,2549,24.000,vihtavuori,large_rifle_generic,12.000,2.795
308_win,0.308,swift,scirocco_ii,165.00,vihtavuori_n540,117,41.5,2579,24.000,vihtavuori,large_rifle_generic,12.000,2.795
308_win,0.308,swift,scirocco_ii,165.00,vihtavuori_n150,124,41.7,2566,24.000,vihtavuori,large_rifle_generic,12.000,2.795
308_win,0.308,swift,scirocco_ii,165.00,vihtavuori_n550,129,45.2,2615,24.000,vihtavuori,large_rifle_generic,12.000,2.795
308_win,0.308,copperbear,exhbt,166.00,vihtavuori_n135,102,35.5,2329,24.000,vihtavuori,large_rifle_generic,12.000,2.657
308_win,0.308,copperbear,exhbt,166.00,vihtavuori_n140,112,42.0,2510,24.000,vihtavuori,large_rifle_generic,12.000,2.657
308_win,0.308,copperbear,exhbt,166.00,vihtavuori_n540,117,42.7,2572,24.000,vihtavuori,large_rifle_generic,12.000,2.657
308_win,0.308,copperbear,exhbt,166.00,vihtavuori_n150,124,41.7,2500,24.000,vihtavuori,large_rifle_generic,12.000,2.657
308_win,0.308,copperbear,exhbt,166.00,vihtavuori_n550,129,46.5,2628,24.000,vihtavuori,large_rifle_generic,12.000,2.657
308_win,0.308,lapua,scenar,167.00,vihtavuori_n135,102,40.0,2667,24.000,vihtavuori,large_rifle_generic,12.000,2.795
308_win,0.308,lapua,scenar,167.00,vihtavuori_n140,112,44.0,2628,24.000,vihtavuori,large_rifle_generic,12.000,2.795
308_win,0.308,lapua,scenar,167.00,vihtavuori_n540,117,44.0,2661,24.000,vihtavuori,large_rifle_generic,12.000,2.795
308_win,0.308,lapua,scenar,167.00,vihtavuori_n150,124,44.8,2744,24.000,vihtavuori,large_rifle_generic,12.000,2.795
308_win,0.308,lapua,scenar,167.00,vihtavuori_n550,129,48.9,2743,24.000,vihtavuori,large_rifle_generic,12.000,2.795
308_win,0.308,barnes,tsx,168.00,vihtavuori_n140,112,44.1,2664,24.000,vihtavuori,large_rifle_generic,12.000,2.795
308_win,0.308,barnes,tsx,168.00,vihtavuori_n540,117,45.4,2749,24.000,vihtavuori,large_rifle_generic,12.000,2.795
308_win,0.308,barnes,tsx,168.00,vihtavuori_n150,124,44.9,2671,24.000,vihtavuori,large_rifle_generic,12.000,2.795
308_win,0.308,barnes,ttsx_bt,168.00,vihtavuori_n133,89,38.4,2467,24.000,vihtavuori,large_rifle_generic,12.000,2.736
308_win,0.308,barnes,ttsx_bt,168.00,vihtavuori_n135,102,41.5,2549,24.000,vihtavuori,large_rifle_generic,12.000,2.736
308_win,0.308,barnes,ttsx_bt,168.00,vihtavuori_n140,112,44.3,2592,24.000,vihtavuori,large_rifle_generic,12.000,2.736
308_win,0.308,barnes,ttsx_bt,168.00,vihtavuori_n540,117,45.7,2644,24.000,vihtavuori,large_rifle_generic,12.000,2.736
308_win,0.308,barnes,ttsx_bt,168.00,vihtavuori_n150,124,44.8,2598,24.000,vihtavuori,large_rifle_generic,12.000,2.736
308_win,0.308,barnes,ttsx_bt,168.00,vihtavuori_n550,129,48.9,2687,24.000,vihtavuori,large_rifle_generic,12.000,2.736
308_win,0.308,berger,classic_hunter,168.00,vihtavuori_n133,89,39.0,2552,24.000,vihtavuori,large_rifle_generic,12.000,2.795
308_win,0.308,berger,classic_hunter,168.00,vihtavuori_n135,102,40.6,2582,24.000,vihtavuori,large_rifle_generic,12.000,2.795
308_win,0.308,berger,classic_hunter,168.00,vihtavuori_n140,112,43.5,2628,24.000,vihtavuori,large_rifle_generic,12.000,2.795
308_win,0.308,berger,classic_hunter,168.00,vihtavuori_n540,117,44.1,2687,24.000,vihtavuori,large_rifle_generic,12.000,2.795
308_win,0.308,berger,classic_hunter,168.00,vihtavuori_n150,124,43.5,2638,24.000,vihtavuori,large_rifle_generic,12.000,2.795
308_win,0.308,berger,classic_hunter,168.00,vihtavuori_n550,129,46.8,2694,24.000,vihtavuori,large_rifle_generic,12.000,2.795
308_win,0.308,berger,hybrid_target,168.00,vihtavuori_n140,112,41.8,2556,24.000,vihtavuori,large_rifle_generic,12.000,2.795
308_win,0.308,berger,hybrid_target,168.00,vihtavuori_n540,117,42.9,2654,24.000,vihtavuori,large_rifle_generic,12.000,2.795
308_win,0.308,berger,hybrid_target,168.00,vihtavuori_n150,124,42.8,2602,24.000,vihtavuori,large_rifle_generic,12.000,2.795
308_win,0.308,berger,hybrid_target,168.00,vihtavuori_n550,129,45.0,2661,24.000,vihtavuori,large_rifle_generic,12.000,2.795
308_win,0.308,berger,vld_hunting,168.00,vihtavuori_n130,84,36.9,2497,24.000,vihtavuori,large_rifle_generic,12.000,2.800
308_win,0.308,berger,vld_hunting,168.00,vihtavuori_n133,89,39.4,2543,24.000,vihtavuori,large_rifle_generic,12.000,2.800
308_win,0.308,berger,vld_hunting,168.00,vihtavuori_n135,102,41.1,2579,24.000,vihtavuori,large_rifle_generic,12.000,2.800
308_win,0.308,berger,vld_hunting,168.00,vihtavuori_n140,112,44.1,2641,24.000,vihtavuori,large_rifle_generic,12.000,2.800
308_win,0.308,berger,vld_hunting,168.00,vihtavuori_n540,117,44.9,2700,24.000,vihtavuori,large_rifle_generic,12.000,2.800
308_win,0.308,berger,vld_hunting,168.00,vihtavuori_n150,124,44.4,2648,24.000,vihtavuori,large_rifle_generic,12.000,2.800
308_win,0.308,berger,vld_hunting,168.00,vihtavuori_n550,129,48.6,2723,24.000,vihtavuori,large_rifle_generic,12.000,2.800
308_win,0.308,cutting_edge,mtac,168.00,vihtavuori_n135,102,38.6,2490,24.000,vihtavuori,large_rifle_generic,12.000,2.795
308_win,0.308,cutting_edge,mtac,168.00,vihtavuori_n140,112,41.8,2562,24.000,vihtavuori,large_rifle_generic,12.000,2.795
308_win,0.308,cutting_edge,mtac,168.00,vihtavuori_n540,117,42.6,2621,24.000,vihtavuori,large_rifle_generic,12.000,2.795
308_win,0.308,cutting_edge,mtac,168.00,vihtavuori_n150,124,42.0,2559,24.000,vihtavuori,large_rifle_generic,12.000,2.795
308_win,0.308,cutting_edge,mtac,168.00,vihtavuori_n550,129,45.8,2641,24.000,vihtavuori,large_rifle_generic,12.000,2.795
308_win,0.308,hornady,a_max,168.00,vihtavuori_n133,89,38.3,2503,24.000,vihtavuori,large_rifle_generic,12.000,2.795
308_win,0.308,hornady,a_max,168.00,vihtavuori_n135,102,39.8,2533,24.000,vihtavuori,large_rifle_generic,12.000,2.795
308_win,0.308,hornady,a_max,168.00,vihtavuori_n140,112,42.1,2569,24.000,vihtavuori,large_rifle_generic,12.000,2.795
308_win,0.308,hornady,a_max,168.00,vihtavuori_n540,117,43.5,2651,24.000,vihtavuori,large_rifle_generic,12.000,2.795
308_win,0.308,hornady,a_max,168.00,vihtavuori_n150,124,42.7,2579,24.000,vihtavuori,large_rifle_generic,12.000,2.795
308_win,0.308,hornady,a_max,168.00,vihtavuori_n550,129,45.5,2651,24.000,vihtavuori,large_rifle_generic,12.000,2.795
308_win,0.308,hornady,eld_match,168.00,vihtavuori_n135,102,39.4,2575,24.000,vihtavuori,large_rifle_generic,12.000,2.795
308_win,0.308,hornady,eld_match,168.00,vihtavuori_n140,112,42.4,2648,24.000,vihtavuori,large_rifle_generic,12.000,2.795
308_win,0.308,hornady,eld_match,168.00,vihtavuori_n540,117,42.7,2671,24.000,vihtavuori,large_rifle_generic,12.000,2.795
308_win,0.308,hornady,eld_match,168.00,vihtavuori_n150,124,42.9,2644,24.000,vihtavuori,large_rifle_generic,12.000,2.795
308_win,0.308,hornady,eld_match,168.00,vihtavuori_n550,129,45.7,2703,24.000,vihtavuori,large_rifle_generic,12.000,2.795
308_win,0.308,nosler,custom_competition,168.00,vihtavuori_n133,89,38.9,2569,24.000,vihtavuori,large_rifle_generic,12.000,2.799
308_win,0.308,nosler,custom_competition,168.00,vihtavuori_n135,102,40.6,2592,24.000,vihtavuori,large_rifle_generic,12.000,2.799
308_win,0.308,nosler,custom_competition,168.00,vihtavuori_n140,112,43.5,2625,24.000,vihtavuori,large_rifle_generic,12.000,2.799
308_win,0.308,nosler,custom_competition,168.00,vihtavuori_n540,117,43.7,2680,24.000,vihtavuori,large_rifle_generic,12.000,2.799
308_win,0.308,nosler,custom_competition,168.00,vihtavuori_n150,124,43.1,2638,24.000,vihtavuori,large_rifle_generic,12.000,2.799
308_win,0.308,nosler,custom_competition,168.00,vihtavuori_n550,129,46.6,2700,24.000,vihtavuori,large_rifle_generic,12.000,2.799
308_win,0.308,nosler,expansion_tip,168.00,vihtavuori_n135,102,40.9,2539,24.000,vihtavuori,large_rifle_generic,12.000,2.748
308_win,0.308,nosler,expansion_tip,168.00,vihtavuori_n140,112,43.5,2582,24.000,vihtavuori,large_rifle_generic,12.000,2.748
308_win,0.308,nosler,expansion_tip,168.00,vihtavuori_n540,117,45.7,2651,24.000,vihtavuori,large_rifle_generic,12.000,2.748
308_win,0.308,nosler,expansion_tip,168.00,vihtavuori_n150,124,44.3,2602,24.000,vihtavuori,large_rifle_generic,12.000,2.748
308_win,0.308,nosler,expansion_tip,168.00,vihtavuori_n550,129,48.5,2684,24.000,vihtavuori,large_rifle_generic,12.000,2.748
308_win,0.308,sierra,hpbt,168.00,vihtavuori_n135,102,40.1,2569,24.000,vihtavuori,large_rifle_generic,12.000,2.795
308_win,0.308,sierra,hpbt,168.00,vihtavuori_n140,112,42.9,2631,24.000,vihtavuori,large_rifle_generic,12.000,2.795
308_win,0.308,sierra,hpbt,168.00,vihtavuori_n540,117,43.7,2671,24.000,vihtavuori,large_rifle_generic,12.000,2.795
308_win,0.308,sierra,hpbt,168.00,vihtavuori_n150,124,43.5,2635,24.000,vihtavuori,large_rifle_generic,12.000,2.795
308_win,0.308,sierra,hpbt,168.00,vihtavuori_n550,129,46.5,2703,24.000,vihtavuori,large_rifle_generic,12.000,2.795
308_win,0.308,speer,target_match,168.00,vihtavuori_n133,89,39.0,2566,24.000,vihtavuori,large_rifle_generic,12.000,2.795
308_win,0.308,speer,target_match,168.00,vihtavuori_n135,102,40.7,2595,24.000,vihtavuori,large_rifle_generic,12.000,2.795
308_win,0.308,speer,target_match,168.00,vihtavuori_n140,112,43.7,2651,24.000,vihtavuori,large_rifle_generic,12.000,2.795
308_win,0.308,speer,target_match,168.00,vihtavuori_n540,117,43.8,2680,24.000,vihtavuori,large_rifle_generic,12.000,2.795
308_win,0.308,speer,target_match,168.00,vihtavuori_n150,124,43.8,2651,24.000,vihtavuori,large_rifle_generic,12.000,2.795
308_win,0.308,speer,target_match,168.00,vihtavuori_n550,129,47.2,2717,24.000,vihtavuori,large_rifle_generic,12.000,2.795
308_win,0.308,lapua,lockbase_b476,170.00,vihtavuori_n135,102,42.9,2645,24.000,vihtavuori,large_rifle_generic,12.000,2.795
308_win,0.308,lapua,lockbase_b476,170.00,vihtavuori_n140,112,45.5,2696,24.000,vihtavuori,large_rifle_generic,12.000,2.795
308_win,0.308,lapua,lockbase_b476,170.00,vihtavuori_n540,117,46.3,2762,24.000,vihtavuori,large_rifle_generic,12.000,2.795
308_win,0.308,lapua,lockbase_b476,170.00,vihtavuori_n150,124,45.5,2734,24.000,vihtavuori,large_rifle_generic,12.000,2.795
308_win,0.308,lapua,lockbase_b476,170.00,vihtavuori_n550,129,48.5,2772,24.000,vihtavuori,large_rifle_generic,12.000,2.795
308_win,0.308,lapua,naturalis_lr,170.00,vihtavuori_n140,112,43.8,2707,24.000,vihtavuori,large_rifle_generic,12.000,2.795
308_win,0.308,lapua,naturalis_lr,170.00,vihtavuori_n150,124,44.6,2674,24.000,vihtavuori,large_rifle_generic,12.000,2.795
308_win,0.308,lapua,naturalis_lr,170.00,vihtavuori_n550,129,48.3,2733,24.000,vihtavuori,large_rifle_generic,12.000,2.795
308_win,0.308,lapua,naturalis_n558,170.00,vihtavuori_n140,112,42.0,2615,24.000,vihtavuori,large_rifle_generic,12.000,2.795
308_win,0.308,lapua,naturalis_n558,170.00,vihtavuori_n540,117,44.1,2703,24.000,vihtavuori,large_rifle_generic,12.000,2.795
308_win,0.308,lapua,naturalis_n558,170.00,vihtavuori_n150,124,42.7,2635,24.000,vihtavuori,large_rifle_generic,12.000,2.795
308_win,0.308,lapua,naturalis_n558,170.00,vihtavuori_n550,129,45.8,2621,24.000,vihtavuori,large_rifle_generic,12.000,2.795
308_win,0.308,hornady,eld_vt,174.00,vihtavuori_n130,84,36.0,2441,24.000,vihtavuori,large_rifle_generic,12.000,2.800
308_win,0.308,hornady,eld_vt,174.00,vihtavuori_n133,89,38.7,2490,24.000,vihtavuori,large_rifle_generic,12.000,2.800
308_win,0.308,hornady,eld_vt,174.00,vihtavuori_n135,102,40.3,2533,24.000,vihtavuori,large_rifle_generic,12.000,2.800
308_win,0.308,hornady,eld_vt,174.00,vihtavuori_n140,112,43.4,2589,24.000,vihtavuori,large_rifle_generic,12.000,2.800
308_win,0.308,hornady,eld_vt,174.00,vihtavuori_n540,117,43.2,2648,24.000,vihtavuori,large_rifle_generic,12.000,2.800
308_win,0.308,hornady,eld_vt,174.00,vihtavuori_n150,124,43.5,2579,24.000,vihtavuori,large_rifle_generic,12.000,2.800
308_win,0.308,hornady,eld_vt,174.00,vihtavuori_n550,129,47.7,2687,24.000,vihtavuori,large_rifle_generic,12.000,2.800
308_win,0.308,sierra,hpbt,174.00,vihtavuori_n133,89,37.5,2480,24.000,vihtavuori,large_rifle_generic,12.000,2.795
308_win,0.308,sierra,hpbt,174.00,vihtavuori_n135,102,38.9,2510,24.000,vihtavuori,large_rifle_generic,12.000,2.795
308_win,0.308,sierra,hpbt,174.00,vihtavuori_n140,112,41.7,2569,24.000,vihtavuori,large_rifle_generic,12.000,2.795
308_win,0.308,sierra,hpbt,174.00,vihtavuori_n540,117,42.1,2608,24.000,vihtavuori,large_rifle_generic,12.000,2.795
308_win,0.308,sierra,hpbt,174.00,vihtavuori_n150,124,42.3,2592,24.000,vihtavuori,large_rifle_generic,12.000,2.795
308_win,0.308,sierra,hpbt,174.00,vihtavuori_n550,129,45.2,2648,24.000,vihtavuori,large_rifle_generic,12.000,2.795
308_win,0.308,barnes,lrx_bt,175.00,vihtavuori_n133,89,37.7,2415,24.000,vihtavuori,large_rifle_generic,12.000,2.795
308_win,0.308,barnes,lrx_bt,175.00,vihtavuori_n135,102,40.1,2474,24.000,vihtavuori,large_rifle_generic,12.000,2.795
308_win,0.308,barnes,lrx_bt,175.00,vihtavuori_n140,112,43.2,2526,24.000,vihtavuori,large_rifle_generic,12.000,2.795
308_win,0.308,barnes,lrx_bt,175.00,vihtavuori_n540,117,45.2,2605,24.000,vihtavuori,large_rifle_generic,12.000,2.795
308_win,0.308,barnes,lrx_bt,175.00,vihtavuori_n150,124,43.7,2539,24.000,vihtavuori,large_rifle_generic,12.000,2.795
308_win,0.308,barnes,lrx_bt,175.00,vihtavuori_n550,129,47.7,2631,24.000,vihtavuori,large_rifle_generic,12.000,2.795
308_win,0.308,berger,long_range_bt_target,175.00,vihtavuori_n130,84,36.0,2428,24.000,vihtavuori,large_rifle_generic,12.000,2.800
308_win,0.308,berger,long_range_bt_target,175.00,vihtavuori_n133,89,38.9,2477,24.000,vihtavuori,large_rifle_generic,12.000,2.800
308_win,0.308,berger,long_range_bt_target,175.00,vihtavuori_n135,102,40.6,2516,24.000,vihtavuori,large_rifle_generic,12.000,2.800
308_win,0.308,berger,long_range_bt_target,175.00,vihtavuori_n140,112,43.5,2579,24.000,vihtavuori,large_rifle_generic,12.000,2.800
308_win,0.308,berger,long_range_bt_target,175.00,vihtavuori_n540,117,44.3,2638,24.000,vihtavuori,large_rifle_generic,12.000,2.800
308_win,0.308,berger,long_range_bt_target,175.00,vihtavuori_n150,124,44.1,2585,24.000,vihtavuori,large_rifle_generic,12.000,2.800
308_win,0.308,berger,long_range_bt_target,175.00,vihtavuori_n550,129,48.3,2667,24.000,vihtavuori,large_rifle_generic,12.000,2.800
308_win,0.308,berger,otm_tactical,175.00,vihtavuori_n130,84,34.9,2431,24.000,vihtavuori,large_rifle_generic,12.000,2.795
308_win,0.308,berger,otm_tactical,175.00,vihtavuori_n133,89,37.3,2477,24.000,vihtavuori,large_rifle_generic,12.000,2.795
308_win,0.308,berger,otm_tactical,175.00,vihtavuori_n530,100,38.6,2533,24.000,vihtavuori,large_rifle_generic,12.000,2.795
308_win,0.308,berger,otm_tactical,175.00,vihtavuori_n135,102,39.0,2510,24.000,vihtavuori,large_rifle_generic,12.000,2.795
308_win,0.308,berger,otm_tactical,175.00,vihtavuori_n140,112,41.8,2559,24.000,vihtavuori,large_rifle_generic,12.000,2.795
308_win,0.308,berger,otm_tactical,175.00,vihtavuori_n540,117,42.9,2628,24.000,vihtavuori,large_rifle_generic,12.000,2.795
308_win,0.308,berger,otm_tactical,175.00,vihtavuori_n150,124,42.3,2582,24.000,vihtavuori,large_rifle_generic,12.000,2.795
308_win,0.308,berger,otm_tactical,175.00,vihtavuori_n550,129,45.4,2641,24.000,vihtavuori,large_rifle_generic,12.000,2.795
308_win,0.308,berger,vld_hunting,175.00,vihtavuori_n130,84,36.1,2411,24.000,vihtavuori,large_rifle_generic,12.000,2.800
308_win,0.308,berger,vld_hunting,175.00,vihtavuori_n133,89,38.9,2470,24.000,vihtavuori,large_rifle_generic,12.000,2.800
308_win,0.308,berger,vld_hunting,175.00,vihtavuori_n135,102,40.3,2497,24.000,vihtavuori,large_rifle_generic,12.000,2.800
308_win,0.308,berger,vld_hunting,175.00,vihtavuori_n140,112,43.4,2566,24.000,vihtavuori,large_rifle_generic,12.000,2.800
308_win,0.308,berger,vld_hunting,175.00,vihtavuori_n540,117,44.1,2625,24.000,vihtavuori,large_rifle_generic,12.000,2.800
308_win,0.308,berger,vld_hunting,175.00,vihtavuori_n150,124,44.1,2582,24.000,vihtavuori,large_rifle_generic,12.000,2.800
308_win,0.308,berger,vld_hunting,175.00,vihtavuori_n550,129,48.5,2671,24.000,vihtavuori,large_rifle_generic,12.000,2.800
308_win,0.308,lapua,maxrange_target_gb581,175.00,vihtavuori_n135,102,39.5,2533,24.000,vihtavuori,large_rifle_generic,12.000,2.795
308_win,0.308,lapua,maxrange_target_gb581,175.00,vihtavuori_n140,112,42.9,2598,24.000,vihtavuori,large_rifle_generic,12.000,2.795
308_win,0.308,lapua,maxrange_target_gb581,175.00,vihtavuori_n540,117,42.7,2631,24.000,vihtavuori,large_rifle_generic,12.000,2.795
308_win,0.308,lapua,maxrange_target_gb581,175.00,vihtavuori_n150,124,42.9,2598,24.000,vihtavuori,large_rifle_generic,12.000,2.795
308_win,0.308,lapua,maxrange_target_gb581,175.00,vihtavuori_n550,129,46.5,2674,24.000,vihtavuori,large_rifle_generic,12.000,2.795
308_win,0.308,lapua,otm_scenar_l,175.00,vihtavuori_n135,102,38.6,2579,24.000,vihtavuori,large_rifle_generic,12.000,2.795
308_win,0.308,lapua,otm_scenar_l,175.00,vihtavuori_n140,112,41.4,2635,24.000,vihtavuori,large_rifle_generic,12.000,2.795
308_win,0.308,lapua,otm_scenar_l,175.00,vihtavuori_n540,117,42.4,2697,24.000,vihtavuori,large_rifle_generic,12.000,2.795
308_win,0.308,lapua,otm_scenar_l,175.00,vihtavuori_n150,124,42.1,2638,24.000,vihtavuori,large_rifle_generic,12.000,2.795
308_win,0.308,hornady,a_tip_match,176.00,vihtavuori_n135,102,39.8,2507,24.000,vihtavuori,large_rifle_generic,12.000,2.795
308_win,0.308,hornady,a_tip_match,176.00,vihtavuori_n140,112,43.2,2566,24.000,vihtavuori,large_rifle_generic,12.000,2.795
308_win,0.308,hornady,a_tip_match,176.00,vihtavuori_n540,117,44.1,2631,24.000,vihtavuori,large_rifle_generic,12.000,2.795
308_win,0.308,hornady,a_tip_match,176.00,vihtavuori_n150,124,43.5,2598,24.000,vihtavuori,large_rifle_generic,12.000,2.795
308_win,0.308,hornady,a_tip_match,176.00,vihtavuori_n550,129,47.2,2651,24.000,vihtavuori,large_rifle_generic,12.000,2.795
308_win,0.308,hornady,eld_match,178.00,vihtavuori_n130,84,36.1,2441,24.000,vihtavuori,large_rifle_generic,12.000,2.795
308_win,0.308,hornady,eld_match,178.00,vihtavuori_n133,89,38.7,2484,24.000,vihtavuori,large_rifle_generic,12.000,2.795
308_win,0.308,hornady,eld_match,178.00,vihtavuori_n135,102,40.1,2510,24.000,vihtavuori,large_rifle_generic,12.000,2.795
308_win,0.308,hornady,eld_match,178.00,vihtavuori_n140,112,43.2,2566,24.000,vihtavuori,large_rifle_generic,12.000,2.795
308_win,0.308,hornady,eld_match,178.00,vihtavuori_n540,117,43.7,2602,24.000,vihtavuori,large_rifle_generic,12.000,2.795
308_win,0.308,hornady,eld_match,178.00,vihtavuori_n150,124,44.1,2592,24.000,vihtavuori,large_rifle_generic,12.000,2.795
308_win,0.308,hornady,eld_match,178.00,vihtavuori_n550,129,47.1,2641,24.000,vihtavuori,large_rifle_generic,12.000,2.795
308_win,0.308,barnes,ttsx_bt,180.00,vihtavuori_n135,102,36.7,2333,24.000,vihtavuori,large_rifle_generic,12.000,2.795
308_win,0.308,barnes,ttsx_bt,180.00,vihtavuori_n140,112,40.7,2415,24.000,vihtavuori,large_rifle_generic,12.000,2.795
308_win,0.308,barnes,ttsx_bt,180.00,vihtavuori_n540,117,40.7,2454,24.000,vihtavuori,large_rifle_generic,12.000,2.795
308_win,0.308,barnes,ttsx_bt,180.00,vihtavuori_n150,124,40.6,2421,24.000,vihtavuori,large_rifle_generic,12.000,2.795
308_win,0.308,barnes,ttsx_bt,180.00,vihtavuori_n550,129,43.4,2464,24.000,vihtavuori,large_rifle_generic,12.000,2.795
308_win,0.308,barnes,xfb,180.00,vihtavuori_n540,117,39.3,2346,24.000,vihtavuori,large_rifle_generic,12.000,2.795
308_win,0.308,barnes,xfb,180.00,vihtavuori_n550,129,42.4,2408,24.000,vihtavuori,large_rifle_generic,12.000,2.795
308_win,0.308,berger,elite_hunter,180.00,vihtavuori_n135,102,39.0,2448,24.000,vihtavuori,large_rifle_generic,12.000,2.795
308_win,0.308,berger,elite_hunter,180.00,vihtavuori_n140,112,41.1,2487,24.000,vihtavuori,large_rifle_generic,12.000,2.795
308_win,0.308,berger,elite_hunter,180.00,vihtavuori_n540,117,42.1,2549,24.000,vihtavuori,large_rifle_generic,12.000,2.795
308_win,0.308,berger,elite_hunter,180.00,vihtavuori_n150,124,41.7,2493,24.000,vihtavuori,large_rifle_generic,12.000,2.795
308_win,0.308,berger,elite_hunter,180.00,vihtavuori_n550,129,44.8,2575,24.000,vihtavuori,large_rifle_generic,12.000,2.795
308_win,0.308,hornady,cx,180.00,vihtavuori_n135,102,33.0,2165,24.000,vihtavuori,large_rifle_generic,12.000,2.795
308_win,0.308,hornady,cx,180.00,vihtavuori_n140,112,38.7,2329,24.000,vihtavuori,large_rifle_generic,12.000,2.795
308_win,0.308,hornady,cx,180.00,vihtavuori_n540,117,40.1,2421,24.000,vihtavuori,large_rifle_generic,12.000,2.795
308_win,0.308,hornady,cx,180.00,vihtavuori_n150,124,39.2,2346,24.000,vihtavuori,large_rifle_generic,12.000,2.795
308_win,0.308,hornady,cx,180.00,vihtavuori_n550,129,43.5,2480,24.000,vihtavuori,large_rifle_generic,12.000,2.795
308_win,0.308,hornady,interlock_btsp,180.00,vihtavuori_n135,102,39.8,2467,24.000,vihtavuori,large_rifle_generic,12.000,2.740
308_win,0.308,hornady,interlock_btsp,180.00,vihtavuori_n140,112,42.9,2539,24.000,vihtavuori,large_rifle_generic,12.000,2.740
308_win,0.308,hornady,interlock_btsp,180.00,vihtavuori_n540,117,43.5,2585,24.000,vihtavuori,large_rifle_generic,12.000,2.740
308_win,0.308,hornady,interlock_btsp,180.00,vihtavuori_n150,124,43.2,2552,24.000,vihtavuori,large_rifle_generic,12.000,2.740
308_win,0.308,hornady,interlock_btsp,180.00,vihtavuori_n550,129,47.5,2641,24.000,vihtavuori,large_rifle_generic,12.000,2.740
308_win,0.308,norma,oryx,180.00,vihtavuori_n530,100,36.7,2441,24.000,vihtavuori,large_rifle_generic,12.000,2.709
308_win,0.308,norma,oryx,180.00,vihtavuori_n135,102,37.0,2418,24.000,vihtavuori,large_rifle_generic,12.000,2.709
308_win,0.308,norma,oryx,180.00,vihtavuori_n140,112,41.1,2493,24.000,vihtavuori,large_rifle_generic,12.000,2.709
308_win,0.308,norma,oryx,180.00,vihtavuori_n540,117,41.1,2526,24.000,vihtavuori,large_rifle_generic,12.000,2.709
308_win,0.308,norma,oryx,180.00,vihtavuori_n150,124,41.4,2507,24.000,vihtavuori,large_rifle_generic,12.000,2.709
308_win,0.308,norma,oryx,180.00,vihtavuori_n550,129,43.4,2539,24.000,vihtavuori,large_rifle_generic,12.000,2.709
308_win,0.308,rws,hmk,180.00,vihtavuori_n140,112,41.4,2474,24.000,vihtavuori,large_rifle_generic,12.000,2.661
308_win,0.308,rws,hmk,180.00,vihtavuori_n540,117,42.4,2533,24.000,vihtavuori,large_rifle_generic,12.000,2.661
308_win,0.308,rws,hmk,180.00,vihtavuori_n150,124,42.1,2493,24.000,vihtavuori,large_rifle_generic,12.000,2.661
308_win,0.308,rws,hmk,180.00,vihtavuori_n550,129,46.9,2585,24.000,vihtavuori,large_rifle_generic,12.000,2.661
308_win,0.308,rws,uni_classic,180.00,vihtavuori_n140,112,41.5,2470,24.000,vihtavuori,large_rifle_generic,12.000,2.646
308_win,0.308,rws,uni_classic,180.00,vihtavuori_n540,117,41.7,2497,24.000,vihtavuori,large_rifle_generic,12.000,2.646
308_win,0.308,rws,uni_classic,180.00,vihtavuori_n150,124,42.1,2487,24.000,vihtavuori,large_rifle_generic,12.000,2.646
308_win,0.308,rws,uni_classic,180.00,vihtavuori_n550,129,46.0,2552,24.000,vihtavuori,large_rifle_generic,12.000,2.646
308_win,0.308,brenneke,tug,181.00,vihtavuori_n135,102,38.4,2402,24.000,vihtavuori,large_rifle_generic,12.000,2.701
308_win,0.308,brenneke,tug,181.00,vihtavuori_n140,112,42.4,2477,24.000,vihtavuori,large_rifle_generic,12.000,2.701
308_win,0.308,brenneke,tug,181.00,vihtavuori_n540,117,42.9,2549,24.000,vihtavuori,large_rifle_generic,12.000,2.701
308_win,0.308,brenneke,tug,181.00,vihtavuori_n150,124,42.3,2500,24.000,vihtavuori,large_rifle_generic,12.000,2.701
308_win,0.308,brenneke,tug,181.00,vihtavuori_n550,129,46.3,2582,24.000,vihtavuori,large_rifle_generic,12.000,2.701
308_win,0.308,berger,hybrid_target,185.00,vihtavuori_n540,117,40.4,2484,24.000,vihtavuori,large_rifle_generic,12.000,2.795
308_win,0.308,berger,hybrid_target,185.00,vihtavuori_n150,124,40.6,2421,24.000,vihtavuori,large_rifle_generic,12.000,2.795
308_win,0.308,berger,juggernaut_target,185.00,vihtavuori_n140,112,40.3,2395,24.000,vihtavuori,large_rifle_generic,12.000,2.795
308_win,0.308,berger,juggernaut_target,185.00,vihtavuori_n540,117,41.1,2487,24.000,vihtavuori,large_rifle_generic,12.000,2.795
308_win,0.308,berger,juggernaut_target,185.00,vihtavuori_n150,124,40.6,2408,24.000,vihtavuori,large_rifle_generic,12.000,2.795
308_win,0.308,berger,juggernaut_target,185.00,vihtavuori_n550,129,43.4,2507,24.000,vihtavuori,large_rifle_generic,12.000,2.795
308_win,0.308,lapua,d46,185.00,vihtavuori_n135,102,41.0,2495,24.000,vihtavuori,large_rifle_generic,12.000,2.795
308_win,0.308,lapua,d46,185.00,vihtavuori_n140,112,43.7,2551,24.000,vihtavuori,large_rifle_generic,12.000,2.795
308_win,0.308,lapua,d46,185.00,vihtavuori_n540,117,43.8,2595,24.000,vihtavuori,large_rifle_generic,12.000,2.795
308_win,0.308,lapua,d46,185.00,vihtavuori_n150,124,43.8,2641,24.000,vihtavuori,large_rifle_generic,12.000,2.795
308_win,0.308,lapua,d46,185.00,vihtavuori_n550,129,46.8,2697,24.000,vihtavuori,large_rifle_generic,12.000,2.795
308_win,0.308,lapua,mega_e415,185.00,vihtavuori_n135,102,39.7,2398,24.000,vihtavuori,large_rifle_generic,12.000,2.657
308_win,0.308,lapua,mega_e415,185.00,vihtavuori_n140,112,43.5,2480,24.000,vihtavuori,large_rifle_generic,12.000,2.657
308_win,0.308,lapua,mega_e415,185.00,vihtavuori_n540,117,45.1,2628,24.000,vihtavuori,large_rifle_generic,12.000,2.657
308_win,0.308,lapua,mega_e415,185.00,vihtavuori_n150,124,45.2,2480,24.000,vihtavuori,large_rifle_generic,12.000,2.657
308_win,0.308,lapua,mega_e415,185.00,vihtavuori_n550,129,47.4,2520,24.000,vihtavuori,large_rifle_generic,12.000,2.657
308_win,0.308,lapua,scenar,185.00,vihtavuori_n140,112,41.5,2552,24.000,vihtavuori,large_rifle_generic,12.000,2.795
308_win,0.308,lapua,scenar,185.00,vihtavuori_n540,117,42.6,2628,24.000,vihtavuori,large_rifle_generic,12.000,2.795
308_win,0.308,lapua,scenar,185.00,vihtavuori_n150,124,42.0,2575,24.000,vihtavuori,large_rifle_generic,12.000,2.795
308_win,0.308,lapua,scenar,185.00,vihtavuori_n550,129,46.9,2608,24.000,vihtavuori,large_rifle_generic,12.000,2.795
308_win,0.308,sierra,hpbt,190.00,vihtavuori_n135,102,37.7,2382,24.000,vihtavuori,large_rifle_generic,12.000,2.795
308_win,0.308,sierra,hpbt,190.00,vihtavuori_n140,112,40.0,2448,24.000,vihtavuori,large_rifle_generic,12.000,2.795
308_win,0.308,sierra,hpbt,190.00,vihtavuori_n540,117,41.4,2507,24.000,vihtavuori,large_rifle_generic,12.000,2.795
308_win,0.308,sierra,hpbt,190.00,vihtavuori_n150,124,41.1,2467,24.000,vihtavuori,large_rifle_generic,12.000,2.795
308_win,0.308,sierra,hpbt,190.00,vihtavuori_n550,129,44.3,2546,24.000,vihtavuori,large_rifle_generic,12.000,2.795
308_win,0.308,hornady,eld_match,195.00,vihtavuori_n140,112,41.5,2431,24.000,vihtavuori,large_rifle_generic,12.000,2.800
308_win,0.308,hornady,eld_match,195.00,vihtavuori_n540,117,42.4,2493,24.000,vihtavuori,large_rifle_generic,12.000,2.800
308_win,0.308,hornady,eld_match,195.00,vihtavuori_n150,124,42.0,2431,24.000,vihtavuori,large_rifle_generic,12.000,2.800
308_win,0.308,hornady,eld_match,195.00,vihtavuori_n550,129,46.8,2552,24.000,vihtavuori,large_rifle_generic,12.000,2.800
308_win,0.308,speer,sp,200.00,vihtavuori_n140,112,41.2,2335,24.000,vihtavuori,large_rifle_generic,12.000,2.795
308_win,0.308,speer,sp,200.00,vihtavuori_n150,124,42.2,2344,24.000,vihtavuori,large_rifle_generic,12.000,2.795
308_win,0.308,berger,200_20x_hybrid_target,200.20,vihtavuori_n140,112,40.4,2372,24.000,vihtavuori,large_rifle_generic,12.000,2.795
308_win,0.308,berger,200_20x_hybrid_target,200.20,vihtavuori_n540,117,41.5,2454,24.000,vihtavuori,large_rifle_generic,12.000,2.795
308_win,0.308,berger,200_20x_hybrid_target,200.20,vihtavuori_n150,124,40.3,2388,24.000,vihtavuori,large_rifle_generic,12.000,2.795
308_win,0.308,berger,200_20x_hybrid_target,200.20,vihtavuori_n550,129,44.8,2497,24.000,vihtavuori,large_rifle_generic,12.000,2.795
308_win,0.308,berger,elite_hunter,205.00,vihtavuori_n140,112,39.4,2316,24.000,vihtavuori,large_rifle_generic,12.000,2.795
308_win,0.308,berger,elite_hunter,205.00,vihtavuori_n540,117,41.5,2415,24.000,vihtavuori,large_rifle_generic,12.000,2.795
308_win,0.308,berger,elite_hunter,205.00,vihtavuori_n150,124,40.4,2323,24.000,vihtavuori,large_rifle_generic,12.000,2.795
308_win,0.308,berger,elite_hunter,205.00,vihtavuori_n550,129,44.4,2457,24.000,vihtavuori,large_rifle_generic,12.000,2.795
308_win,0.308,hornady,a_max,208.00,vihtavuori_n140,112,38.4,2267,24.000,vihtavuori,large_rifle_generic,12.000,2.795
308_win,0.308,hornady,a_max,208.00,vihtavuori_n540,117,41.2,2395,24.000,vihtavuori,large_rifle_generic,12.000,2.795
308_win,0.308,hornady,a_max,208.00,vihtavuori_n150,124,40.1,2293,24.000,vihtavuori,large_rifle_generic,12.000,2.795
308_win,0.308,hornady,a_max,208.00,vihtavuori_n550,129,43.8,2418,24.000,vihtavuori,large_rifle_generic,12.000,2.795
308_win,0.308,sako,hammerhead,220.00,vihtavuori_n140,112,39.2,2192,24.000,vihtavuori,large_rifle_generic,12.000,2.776
308_win,0.308,sako,hammerhead,220.00,vihtavuori_n540,117,38.4,2182,24.000,vihtavuori,large_rifle_generic,12.000,2.776
