cartridge,bullet_diameter,bullet_brand,bullet_type,bullet_weight,powder_type,burn_rate_index,charge_weight,velocity_fps,barrel_length,data_source,primer,twist_rate,coal,compressed_load,jump_to_lands,amb_temp,pressure,case_capacity,suppressed
223_rem,0.225,barnes,hpfb,36,vihtavuori_n130,84,21.1,3402,25,vihtavuori,small_rifle_generic,12,2.181,,,,,,
223_rem,0.225,barnes,hpfb,36,vihtavuori_n133,89,22.8,3481,25,vihtavuori,small_rifle_generic,12,2.181,,,,,,
223_rem,0.225,barnes,hpfb,36,vihtavuori_n135,102,24.7,3514,25,vihtavuori,small_rifle_generic,12,2.181,,,,,,
223_rem,0.225,barnes,hpfb,36,vihtavuori_n140,112,26.2,3425,25,vihtavuori,small_rifle_generic,12,2.181,,,,,,
223_rem,0.225,barnes,hpfb,36,vihtavuori_n540,117,25.8,3301,25,vihtavuori,small_rifle_generic,12,2.181,,,,,,
223_rem,0.225,barnes,varmint_grenade,50,vihtavuori_n130,84,19.1,2877,25,vihtavuori,small_rifle_generic,12,2.201,,,,,,
223_rem,0.225,barnes,varmint_grenade,50,vihtavuori_n133,89,20.8,2959,25,vihtavuori,small_rifle_generic,12,2.201,,,,,,
223_rem,0.225,barnes,varmint_grenade,50,vihtavuori_n135,102,21.9,2976,25,vihtavuori,small_rifle_generic,12,2.201,,,,,,
223_rem,0.225,barnes,varmint_grenade,50,vihtavuori_n140,112,23.5,2963,25,vihtavuori,small_rifle_generic,12,2.201,,,,,,
223_rem,0.225,barnes,varmint_grenade,50,vihtavuori_n540,117,23.6,2920,25,vihtavuori,small_rifle_generic,12,2.201,,,,,,
223_rem,0.225,barnes,mpg_fb,55,vihtavuori_n130,84,19.3,2785,25,vihtavuori,small_rifle_generic,12,2.165,,,,,,
223_rem,0.225,barnes,mpg_fb,55,vihtavuori_n133,89,18.5,2726,25,vihtavuori,small_rifle_generic,12,2.165,,,,,,
223_rem,0.225,barnes,mpg_fb,55,vihtavuori_n135,102,19.3,2746,25,vihtavuori,small_rifle_generic,12,2.165,,,,,,
223_rem,0.225,barnes,mpg_fb,55,vihtavuori_n140,112,24.2,2910,25,vihtavuori,small_rifle_generic,12,2.165,,,,,,
223_rem,0.225,barnes,mpg_fb,55,vihtavuori_n540,117,25.2,2920,25,vihtavuori,small_rifle_generic,12,2.165,,,,,,
223_rem,0.225,barnes,ttsx_bt,55,vihtavuori_n130,84,20.7,2881,25,vihtavuori,small_rifle_generic,12,2.205,,,,,,
223_rem,0.225,barnes,ttsx_bt,55,vihtavuori_n133,89,19.3,2818,25,vihtavuori,small_rifle_generic,12,2.205,,,,,,
223_rem,0.225,barnes,ttsx_bt,55,vihtavuori_n135,102,21.3,2877,25,vihtavuori,small_rifle_generic,12,2.205,,,,,,
223_rem,0.225,barnes,ttsx_bt,55,vihtavuori_n140,112,25,2966,25,vihtavuori,small_rifle_generic,12,2.205,,,,,,
223_rem,0.225,barnes,ttsx_bt,55,vihtavuori_n540,117,25.2,2963,25,vihtavuori,small_rifle_generic,12,2.205,,,,,,
223_rem,0.225,barnes,tac_x_bt,62,vihtavuori_n133,89,20.7,2730,25,vihtavuori,small_rifle_generic,12,2.260,,,,,,
223_rem,0.225,barnes,tac_x_bt,62,vihtavuori_n530,100,21.6,2694,25,vihtavuori,small_rifle_generic,12,2.260,,,,,,
223_rem,0.225,barnes,tac_x_bt,62,vihtavuori_n135,102,21,2618,25,vihtavuori,small_rifle_generic,12,2.260,,,,,,
223_rem,0.225,barnes,tac_x_bt,62,vihtavuori_n140,112,23.5,2694,25,vihtavuori,small_rifle_generic,12,2.260,,,,,,
223_rem,0.225,barnes,tac_x_bt,62,vihtavuori_n540,117,23.9,2756,25,vihtavuori,small_rifle_generic,12,2.260,,,,,,
223_rem,0.225,barnes,ttsx_bt,62,vihtavuori_n133,89,19.9,2694,25,vihtavuori,small_rifle_generic,12,2.244,,,,,,
223_rem,0.225,barnes,ttsx_bt,62,vihtavuori_n530,100,21.5,2746,25,vihtavuori,small_rifle_generic,12,2.244,,,,,,
223_rem,0.225,barnes,ttsx_bt,62,vihtavuori_n135,102,21.1,2736,25,vihtavuori,small_rifle_generic,12,2.244,,,,,,
223_rem,0.225,barnes,ttsx_bt,62,vihtavuori_n140,112,24.2,2779,25,vihtavuori,small_rifle_generic,12,2.244,,,,,,
223_rem,0.225,barnes,ttsx_bt,62,vihtavuori_n540,117,23.9,2805,25,vihtavuori,small_rifle_generic,12,2.244,,,,,,
223_rem,0.225,barnes,lrx_bt,77,vihtavuori_n140,112,21.6,2339,25,vihtavuori,small_rifle_generic,12,2.260,,,,,,
223_rem,0.225,barnes,lrx_bt,77,vihtavuori_n540,117,21.6,2425,25,vihtavuori,small_rifle_generic,12,2.260,,,,,,
223_rem,0.225,barnes,bt_match,85,vihtavuori_n135,102,18.8,2310,25,vihtavuori,small_rifle_generic,12,2.228,,,,,,
223_rem,0.225,barnes,bt_match,85,vihtavuori_n140,112,20.8,2375,25,vihtavuori,small_rifle_generic,12,2.228,,,,,,
223_rem,0.225,barnes,bt_match,85,vihtavuori_n540,117,22.1,2470,25,vihtavuori,small_rifle_generic,12,2.228,,,,,,
223_rem,0.225,barnes,bt_match,85,vihtavuori_n150,124,21.5,2418,25,vihtavuori,small_rifle_generic,12,2.228,,,,,,
223_rem,0.225,barnes,hpfb,36,vihtavuori_n130,84,24.1,3786,25,vihtavuori,small_rifle_generic,12,2.181,yes,,,,,
223_rem,0.225,barnes,hpfb,36,vihtavuori_n133,89,25.9,3842,25,vihtavuori,small_rifle_generic,12,2.181,yes,,,,,
223_rem,0.225,barnes,hpfb,36,vihtavuori_n135,102,26.2,3717,25,vihtavuori,small_rifle_generic,12,2.181,yes,,,,,
223_rem,0.225,barnes,hpfb,36,vihtavuori_n140,112,27,3514,25,vihtavuori,small_rifle_generic,12,2.181,yes,,,,,
223_rem,0.225,barnes,hpfb,36,vihtavuori_n540,117,27.8,3576,25,vihtavuori,small_rifle_generic,12,2.181,yes,,,,,
223_rem,0.225,barnes,varmint_grenade,50,vihtavuori_n130,84,21.5,3179,25,vihtavuori,small_rifle_generic,12,2.201,,,,,,
223_rem,0.225,barnes,varmint_grenade,50,vihtavuori_n133,89,23.1,3255,25,vihtavuori,small_rifle_generic,12,2.201,,,,,,
223_rem,0.225,barnes,varmint_grenade,50,vihtavuori_n135,102,24.5,3297,25,vihtavuori,small_rifle_generic,12,2.201,yes,,,,,
223_rem,0.225,barnes,varmint_grenade,50,vihtavuori_n140,112,26.9,3317,25,vihtavuori,small_rifle_generic,12,2.201,yes,,,,,
223_rem,0.225,barnes,varmint_grenade,50,vihtavuori_n540,117,26.2,3278,25,vihtavuori,small_rifle_generic,12,2.201,yes,,,,,
223_rem,0.225,barnes,mpg_fb,55,vihtavuori_n130,84,21.6,3068,25,vihtavuori,small_rifle_generic,12,2.165,yes,,,,,
223_rem,0.225,barnes,mpg_fb,55,vihtavuori_n133,89,20.8,3028,25,vihtavuori,small_rifle_generic,12,2.165,,,,,,
223_rem,0.225,barnes,mpg_fb,55,vihtavuori_n135,102,21.9,3048,25,vihtavuori,small_rifle_generic,12,2.165,yes,,,,,
223_rem,0.225,barnes,mpg_fb,55,vihtavuori_n140,112,25.5,3035,25,vihtavuori,small_rifle_generic,12,2.165,yes,,,,,
223_rem,0.225,barnes,mpg_fb,55,vihtavuori_n540,117,27.8,3196,25,vihtavuori,small_rifle_generic,12,2.165,yes,,,,,
223_rem,0.225,barnes,ttsx_bt,55,vihtavuori_n130,84,23.1,3176,25,vihtavuori,small_rifle_generic,12,2.205,,,,,,
223_rem,0.225,barnes,ttsx_bt,55,vihtavuori_n133,89,23.5,3196,25,vihtavuori,small_rifle_generic,12,2.205,,,,,,
223_rem,0.225,barnes,ttsx_bt,55,vihtavuori_n135,102,25,3228,25,vihtavuori,small_rifle_generic,12,2.205,yes,,,,,
223_rem,0.225,barnes,ttsx_bt,55,vihtavuori_n140,112,27,3169,25,vihtavuori,small_rifle_generic,12,2.205,yes,,,,,
223_rem,0.225,barnes,ttsx_bt,55,vihtavuori_n540,117,27.8,3232,25,vihtavuori,small_rifle_generic,12,2.205,yes,,,,,
223_rem,0.225,barnes,tac_x_bt,62,vihtavuori_n133,89,23.1,2966,25,vihtavuori,small_rifle_generic,12,2.260,,,,,,
223_rem,0.225,barnes,tac_x_bt,62,vihtavuori_n530,100,24.4,3100,25,vihtavuori,small_rifle_generic,12,2.260,,,,,,
223_rem,0.225,barnes,tac_x_bt,62,vihtavuori_n135,102,25.2,3054,25,vihtavuori,small_rifle_generic,12,2.260,,,,,,
223_rem,0.225,barnes,tac_x_bt,62,vihtavuori_n140,112,26.2,3031,25,vihtavuori,small_rifle_generic,12,2.260,,,,,,
223_rem,0.225,barnes,tac_x_bt,62,vihtavuori_n540,117,27.2,3159,25,vihtavuori,small_rifle_generic,12,2.260,,,,,,
223_rem,0.225,barnes,ttsx_bt,62,vihtavuori_n133,89,22.2,2966,25,vihtavuori,small_rifle_generic,12,2.244,,,,,,
223_rem,0.225,barnes,ttsx_bt,62,vihtavuori_n530,100,23.3,3035,25,vihtavuori,small_rifle_generic,12,2.244,yes,,,,,
223_rem,0.225,barnes,ttsx_bt,62,vihtavuori_n135,102,23.3,3022,25,vihtavuori,small_rifle_generic,12,2.244,yes,,,,,
223_rem,0.225,barnes,ttsx_bt,62,vihtavuori_n140,112,26.2,2976,25,vihtavuori,small_rifle_generic,12,2.244,yes,,,,,
223_rem,0.225,barnes,ttsx_bt,62,vihtavuori_n540,117,26.9,3146,25,vihtavuori,small_rifle_generic,12,2.244,yes,,,,,
223_rem,0.225,barnes,lrx_bt,77,vihtavuori_n140,112,24.7,2674,25,vihtavuori,small_rifle_generic,12,2.260,yes,,,,,
223_rem,0.225,barnes,lrx_bt,77,vihtavuori_n540,117,24.8,2776,25,vihtavuori,small_rifle_generic,12,2.260,yes,,,,,
223_rem,0.225,barnes,bt_match,85,vihtavuori_n135,102,20.8,2493,25,vihtavuori,small_rifle_generic,12,2.228,,,,,,
223_rem,0.225,barnes,bt_match,85,vihtavuori_n140,112,23.6,2641,25,vihtavuori,small_rifle_generic,12,2.228,yes,,,,,
223_rem,0.225,barnes,bt_match,85,vihtavuori_n540,117,23.6,2687,25,vihtavuori,small_rifle_generic,12,2.228,,,,,,
223_rem,0.225,barnes,bt_match,85,vihtavuori_n150,124,23.8,2648,25,vihtavuori,small_rifle_generic,12,2.228,yes,,,,,
223_rem,0.225,berger,fb_target,52,vihtavuori_n120,81,18.5,2940,25,vihtavuori,small_rifle_generic,12,2.260,,,,,,
223_rem,0.225,berger,fb_target,52,vihtavuori_n130,84,20.8,3022,25,vihtavuori,small_rifle_generic,12,2.260,,,,,,
223_rem,0.225,berger,fb_target,52,vihtavuori_n133,89,22.5,3077,25,vihtavuori,small_rifle_generic,12,2.260,,,,,,
223_rem,0.225,berger,fb_target,52,vihtavuori_n530,100,22.7,3041,25,vihtavuori,small_rifle_generic,12,2.260,,,,,,
223_rem,0.225,berger,fb_target,52,vihtavuori_n135,102,23.9,3136,25,vihtavuori,small_rifle_generic,12,2.260,,,,,,
223_rem,0.225,berger,fb_varmint,52,vihtavuori_n130,84,21.1,2972,25,vihtavuori,small_rifle_generic,12,2.260,,,,,,
223_rem,0.225,berger,fb_varmint,52,vihtavuori_n133,89,23,3048,25,vihtavuori,small_rifle_generic,12,2.260,,,,,,
223_rem,0.225,berger,fb_varmint,52,vihtavuori_n530,100,23.6,3068,25,vihtavuori,small_rifle_generic,12,2.260,,,,,,
223_rem,0.225,berger,fb_varmint,52,vihtavuori_n135,102,24.1,3054,25,vihtavuori,small_rifle_generic,12,2.260,,,,,,
223_rem,0.225,berger,fb_varmint,52,vihtavuori_n140,112,25,2982,25,vihtavuori,small_rifle_generic,12,2.260,,,,,,
223_rem,0.225,berger,fb_varmint,55,vihtavuori_n130,84,20.7,2877,25,vihtavuori,small_rifle_generic,12,2.260,,,,,,
223_rem,0.225,berger,fb_varmint,55,vihtavuori_n133,89,22.4,2933,25,vihtavuori,small_rifle_generic,12,2.260,,,,,,
223_rem,0.225,berger,fb_varmint,55,vihtavuori_n530,100,23.1,2969,25,vihtavuori,small_rifle_generic,12,2.260,,,,,,
223_rem,0.225,berger,fb_varmint,55,vihtavuori_n135,102,23.8,2956,25,vihtavuori,small_rifle_generic,12,2.260,,,,,,
223_rem,0.225,berger,fb_varmint,55,vihtavuori_n140,112,24.7,2917,25,vihtavuori,small_rifle_generic,12,2.260,,,,,,
223_rem,0.225,berger,fb_varmint,60,vihtavuori_n133,89,21.5,2782,25,vihtavuori,small_rifle_generic,12,2.260,,,,,,
223_rem,0.225,berger,fb_varmint,60,vihtavuori_n530,100,22.4,2822,25,vihtavuori,small_rifle_generic,12,2.260,,,,,,
223_rem,0.225,berger,fb_varmint,60,vihtavuori_n135,102,23,2822,25,vihtavuori,small_rifle_generic,12,2.260,,,,,,
223_rem,0.225,berger,fb_varmint,60,vihtavuori_n140,112,23.9,2818,25,vihtavuori,small_rifle_generic,12,2.260,,,,,,
223_rem,0.225,berger,fb_varmint,60,vihtavuori_n540,117,24.8,2897,25,vihtavuori,small_rifle_generic,12,2.260,,,,,,
223_rem,0.225,berger,bt_target,73,vihtavuori_n133,89,18.5,2451,25,vihtavuori,small_rifle_generic,12,2.260,,,,,,
223_rem,0.225,berger,bt_target,73,vihtavuori_n530,100,20.5,2533,25,vihtavuori,small_rifle_generic,12,2.260,,,,,,
223_rem,0.225,berger,bt_target,73,vihtavuori_n135,102,20.2,2438,25,vihtavuori,small_rifle_generic,12,2.260,,,,,,
223_rem,0.225,berger,bt_target,73,vihtavuori_n140,112,21.9,2503,25,vihtavuori,small_rifle_generic,12,2.260,,,,,,
223_rem,0.225,berger,bt_target,73,vihtavuori_n540,117,22.7,2582,25,vihtavuori,small_rifle_generic,12,2.260,,,,,,
223_rem,0.225,berger,vld_target,75,vihtavuori_n133,89,18.7,2402,25,vihtavuori,small_rifle_generic,12,2.260,,,,,,
223_rem,0.225,berger,vld_target,75,vihtavuori_n530,100,20.8,2546,25,vihtavuori,small_rifle_generic,12,2.260,,,,,,
223_rem,0.225,berger,vld_target,75,vihtavuori_n135,102,20.8,2503,25,vihtavuori,small_rifle_generic,12,2.260,,,,,,
223_rem,0.225,berger,vld_target,75,vihtavuori_n140,112,22.2,2530,25,vihtavuori,small_rifle_generic,12,2.260,,,,,,
223_rem,0.225,berger,vld_target,75,vihtavuori_n540,117,22.7,786,25,vihtavuori,small_rifle_generic,12,2.260,,,,,,
223_rem,0.225,berger,otm_tactical,77,vihtavuori_n133,89,17.7,2402,25,vihtavuori,small_rifle_generic,12,2.260,,,,,,
223_rem,0.225,berger,otm_tactical,77,vihtavuori_n135,102,17.7,2336,25,vihtavuori,small_rifle_generic,12,2.260,,,,,,
223_rem,0.225,berger,otm_tactical,77,vihtavuori_n140,112,22.1,2533,25,vihtavuori,small_rifle_generic,12,2.260,,,,,,
223_rem,0.225,berger,otm_tactical,77,vihtavuori_n540,117,22.4,2543,25,vihtavuori,small_rifle_generic,12,2.260,,,,,,
223_rem,0.225,berger,otm_tactical,77,vihtavuori_n150,124,21.6,2575,25,vihtavuori,small_rifle_generic,12,2.260,,,,,,
223_rem,0.225,berger,otm_tactical,77,vihtavuori_n550,129,23.9,2549,25,vihtavuori,small_rifle_generic,12,2.260,,,,,,
223_rem,0.225,berger,fullbore_target,80.5,vihtavuori_n133,89,19.3,2444,25,vihtavuori,small_rifle_generic,12,2.244,,,,,,
223_rem,0.225,berger,fullbore_target,80.5,vihtavuori_n530,100,20.5,2500,25,vihtavuori,small_rifle_generic,12,2.244,,,,,,
223_rem,0.225,berger,fullbore_target,80.5,vihtavuori_n135,102,19.6,2428,25,vihtavuori,small_rifle_generic,12,2.244,,,,,,
223_rem,0.225,berger,fullbore_target,80.5,vihtavuori_n140,112,21.9,2500,25,vihtavuori,small_rifle_generic,12,2.244,,,,,,
223_rem,0.225,berger,fullbore_target,80.5,vihtavuori_n540,117,22.5,2556,25,vihtavuori,small_rifle_generic,12,2.244,,,,,,
223_rem,0.225,berger,fullbore_target,80.5,vihtavuori_n150,124,22.2,2543,25,vihtavuori,small_rifle_generic,12,2.244,,,,,,
223_rem,0.225,berger,fullbore_target,80.5,vihtavuori_n550,129,24.1,2523,25,vihtavuori,small_rifle_generic,12,2.244,,,,,,
223_rem,0.225,berger,long_range_hybrid_target,85.5,vihtavuori_n133,89,19.3,2375,25,vihtavuori,small_rifle_generic,12,2.323,,,,,,
223_rem,0.225,berger,long_range_hybrid_target,85.5,vihtavuori_n135,102,20.1,2408,25,vihtavuori,small_rifle_generic,12,2.323,,,,,,
223_rem,0.225,berger,long_range_hybrid_target,85.5,vihtavuori_n140,112,21.9,2477,25,vihtavuori,small_rifle_generic,12,2.323,,,,,,
223_rem,0.225,berger,long_range_hybrid_target,85.5,vihtavuori_n540,117,22.8,2523,25,vihtavuori,small_rifle_generic,12,2.323,,,,,,
223_rem,0.225,berger,long_range_hybrid_target,85.5,vihtavuori_n150,124,22.4,2487,25,vihtavuori,small_rifle_generic,12,2.323,,,,,,
223_rem,0.225,berger,hpbt,90,vihtavuori_n140,112,19.3,2119,25,vihtavuori,small_rifle_generic,12,2.457,,,,,,
223_rem,0.225,berger,hpbt,90,vihtavuori_n540,117,20.7,2238,25,vihtavuori,small_rifle_generic,12,2.457,,,,,,
223_rem,0.225,berger,hpbt,90,vihtavuori_n150,124,19.4,2136,25,vihtavuori,small_rifle_generic,12,2.457,,,,,,
223_rem,0.225,berger,fb_target,52,vihtavuori_n120,81,20.4,3189,25,vihtavuori,small_rifle_generic,12,2.260,,,,,,
223_rem,0.225,berger,fb_target,52,vihtavuori_n130,84,22.5,3271,25,vihtavuori,small_rifle_generic,12,2.260,,,,,,
223_rem,0.225,berger,fb_target,52,vihtavuori_n133,89,24.8,3360,25,vihtavuori,small_rifle_generic,12,2.260,,,,,,
223_rem,0.225,berger,fb_target,52,vihtavuori_n530,100,25.3,3369,25,vihtavuori,small_rifle_generic,12,2.260,,,,,,
223_rem,0.225,berger,fb_target,52,vihtavuori_n135,102,26.1,3402,25,vihtavuori,small_rifle_generic,12,2.260,,,,,,
223_rem,0.225,berger,fb_varmint,52,vihtavuori_n130,84,23.5,3310,25,vihtavuori,small_rifle_generic,12,2.260,,,,,,
223_rem,0.225,berger,fb_varmint,52,vihtavuori_n133,89,25,3343,25,vihtavuori,small_rifle_generic,12,2.260,,,,,,
223_rem,0.225,berger,fb_varmint,52,vihtavuori_n530,100,25.8,3369,25,vihtavuori,small_rifle_generic,12,2.260,,,,,,
223_rem,0.225,berger,fb_varmint,52,vihtavuori_n135,102,26.7,3373,25,vihtavuori,small_rifle_generic,12,2.260,,,,,,
223_rem,0.225,berger,fb_varmint,52,vihtavuori_n140,112,26.2,3146,25,vihtavuori,small_rifle_generic,12,2.260,,,,,,
223_rem,0.225,berger,fb_varmint,55,vihtavuori_n130,84,23,3196,25,vihtavuori,small_rifle_generic,12,2.260,,,,,,
223_rem,0.225,berger,fb_varmint,55,vihtavuori_n133,89,24.7,3251,25,vihtavuori,small_rifle_generic,12,2.260,,,,,,
223_rem,0.225,berger,fb_varmint,55,vihtavuori_n530,100,25.2,3268,25,vihtavuori,small_rifle_generic,12,2.260,,,,,,
223_rem,0.225,berger,fb_varmint,55,vihtavuori_n135,102,26.2,3271,25,vihtavuori,small_rifle_generic,12,2.260,,,,,,
223_rem,0.225,berger,fb_varmint,55,vihtavuori_n140,112,26.5,3166,25,vihtavuori,small_rifle_generic,12,2.260,,,,,,
223_rem,0.225,berger,fb_varmint,60,vihtavuori_n133,89,24.2,3107,25,vihtavuori,small_rifle_generic,12,2.260,,,,,,
223_rem,0.225,berger,fb_varmint,60,vihtavuori_n530,100,24.4,3156,25,vihtavuori,small_rifle_generic,12,2.260,,,,,,
223_rem,0.225,berger,fb_varmint,60,vihtavuori_n135,102,25.8,3140,25,vihtavuori,small_rifle_generic,12,2.260,,,,,,
223_rem,0.225,berger,fb_varmint,60,vihtavuori_n140,112,26.2,3068,25,vihtavuori,small_rifle_generic,12,2.260,,,,,,
223_rem,0.225,berger,fb_varmint,60,vihtavuori_n540,117,27.2,3219,25,vihtavuori,small_rifle_generic,12,2.260,,,,,,
223_rem,0.225,berger,bt_target,73,vihtavuori_n133,89,21.8,2697,25,vihtavuori,small_rifle_generic,12,2.260,,,,,,
223_rem,0.225,berger,bt_target,73,vihtavuori_n530,100,23.1,2910,25,vihtavuori,small_rifle_generic,12,2.260,,,,,,
223_rem,0.225,berger,bt_target,73,vihtavuori_n135,102,23.3,2805,25,vihtavuori,small_rifle_generic,12,2.260,,,,,,
223_rem,0.225,berger,bt_target,73,vihtavuori_n140,112,25.3,2871,25,vihtavuori,small_rifle_generic,12,2.260,,,,,,
223_rem,0.225,berger,bt_target,73,vihtavuori_n540,117,25.5,2949,25,vihtavuori,small_rifle_generic,12,2.260,,,,,,
223_rem,0.225,berger,vld_target,75,vihtavuori_n133,89,21.9,2746,25,vihtavuori,small_rifle_generic,12,2.260,,,,,,
223_rem,0.225,berger,vld_target,75,vihtavuori_n530,100,23.1,2894,25,vihtavuori,small_rifle_generic,12,2.260,,,,,,
223_rem,0.225,berger,vld_target,75,vihtavuori_n135,102,23.8,2835,25,vihtavuori,small_rifle_generic,12,2.260,,,,,,
223_rem,0.225,berger,vld_target,75,vihtavuori_n140,112,25.5,2877,25,vihtavuori,small_rifle_generic,12,2.260,,,,,,
223_rem,0.225,berger,vld_target,75,vihtavuori_n540,117,25.9,2963,25,vihtavuori,small_rifle_generic,12,2.260,,,,,,
223_rem,0.225,berger,otm_tactical,77,vihtavuori_n133,89,20.1,2595,25,vihtavuori,small_rifle_generic,12,2.260,,,,,,
223_rem,0.225,berger,otm_tactical,77,vihtavuori_n135,102,21.3,2661,25,vihtavuori,small_rifle_generic,12,2.260,,,,,,
223_rem,0.225,berger,otm_tactical,77,vihtavuori_n140,112,25,2815,25,vihtavuori,small_rifle_generic,12,2.260,yes,,,,,
223_rem,0.225,berger,otm_tactical,77,vihtavuori_n540,117,24.8,2841,25,vihtavuori,small_rifle_generic,12,2.260,yes,,,,,
223_rem,0.225,berger,otm_tactical,77,vihtavuori_n150,124,25.2,2812,25,vihtavuori,small_rifle_generic,12,2.260,yes,,,,,
223_rem,0.225,berger,otm_tactical,77,vihtavuori_n550,129,27,2881,25,vihtavuori,small_rifle_generic,12,2.260,yes,,,,,
223_rem,0.225,berger,fullbore_target,80.5,vihtavuori_n133,89,21,2638,25,vihtavuori,small_rifle_generic,12,2.244,,,,,,
223_rem,0.225,berger,fullbore_target,80.5,vihtavuori_n530,100,22.5,2740,25,vihtavuori,small_rifle_generic,12,2.244,,,,,,
223_rem,0.225,berger,fullbore_target,80.5,vihtavuori_n135,102,22.1,2690,25,vihtavuori,small_rifle_generic,12,2.244,,,,,,
223_rem,0.225,berger,fullbore_target,80.5,vihtavuori_n140,112,24.4,2753,25,vihtavuori,small_rifle_generic,12,2.244,yes,,,,,
223_rem,0.225,berger,fullbore_target,80.5,vihtavuori_n540,117,24.8,2828,25,vihtavuori,small_rifle_generic,12,2.244,,,,,,
223_rem,0.225,berger,fullbore_target,80.5,vihtavuori_n150,124,24.7,2792,25,vihtavuori,small_rifle_generic,12,2.244,,,,,,
223_rem,0.225,berger,fullbore_target,80.5,vihtavuori_n550,129,26.9,2799,25,vihtavuori,small_rifle_generic,12,2.244,yes,,,,,
223_rem,0.225,berger,long_range_hybrid_target,85.5,vihtavuori_n133,89,21.3,2602,25,vihtavuori,small_rifle_generic,12,2.323,,,,,,
223_rem,0.225,berger,long_range_hybrid_target,85.5,vihtavuori_n135,102,22.1,2638,25,vihtavuori,small_rifle_generic,12,2.323,,,,,,
223_rem,0.225,berger,long_range_hybrid_target,85.5,vihtavuori_n140,112,23.9,2710,25,vihtavuori,small_rifle_generic,12,2.323,,,,,,
223_rem,0.225,berger,long_range_hybrid_target,85.5,vihtavuori_n540,117,24.7,2746,25,vihtavuori,small_rifle_generic,12,2.323,,,,,,
223_rem,0.225,berger,long_range_hybrid_target,85.5,vihtavuori_n150,124,24.7,2700,25,vihtavuori,small_rifle_generic,12,2.323,yes,,,,,
223_rem,0.225,berger,hpbt,90,vihtavuori_n140,112,21.8,2411,25,vihtavuori,small_rifle_generic,12,2.457,,,,,,
223_rem,0.225,berger,hpbt,90,vihtavuori_n540,117,23,2490,25,vihtavuori,small_rifle_generic,12,2.457,,,,,,
223_rem,0.225,berger,hpbt,90,vihtavuori_n150,124,22.5,2431,25,vihtavuori,small_rifle_generic,12,2.457,,,,,,
223_rem,0.225,campro,spitzer_bt_fmj,55,vihtavuori_n120,81,18.7,2881,25,vihtavuori,small_rifle_generic,12,2.244,,,,,,
223_rem,0.225,campro,spitzer_bt_fmj,55,vihtavuori_n130,84,21.1,2969,25,vihtavuori,small_rifle_generic,12,2.244,,,,,,
223_rem,0.225,campro,spitzer_bt_fmj,55,vihtavuori_n133,89,22.4,2982,25,vihtavuori,small_rifle_generic,12,2.244,,,,,,
223_rem,0.225,campro,spitzer_bt_fmj,55,vihtavuori_n135,102,23.9,3071,25,vihtavuori,small_rifle_generic,12,2.244,,,,,,
223_rem,0.225,campro,spitzer_bt_fmj,62,vihtavuori_n130,84,18.5,2703,25,vihtavuori,small_rifle_generic,12,2.244,,,,,,
223_rem,0.225,campro,spitzer_bt_fmj,62,vihtavuori_n133,89,18.5,2690,25,vihtavuori,small_rifle_generic,12,2.244,,,,,,
223_rem,0.225,campro,spitzer_bt_fmj,62,vihtavuori_n135,102,19.3,2700,25,vihtavuori,small_rifle_generic,12,2.244,,,,,,
223_rem,0.225,campro,spitzer_bt_fmj,62,vihtavuori_n140,112,23.9,2792,25,vihtavuori,small_rifle_generic,12,2.244,,,,,,
223_rem,0.225,campro,spitzer_bt_fmj,62,vihtavuori_n540,117,24.7,2861,25,vihtavuori,small_rifle_generic,12,2.244,,,,,,
223_rem,0.225,campro,spitzer_bt_fmj,55,vihtavuori_n120,81,20.7,3130,25,vihtavuori,small_rifle_generic,12,2.244,,,,,,
223_rem,0.225,campro,spitzer_bt_fmj,55,vihtavuori_n130,84,23.6,3245,25,vihtavuori,small_rifle_generic,12,2.244,,,,,,
223_rem,0.225,campro,spitzer_bt_fmj,55,vihtavuori_n133,89,25.5,3314,25,vihtavuori,small_rifle_generic,12,2.244,yes,,,,,
223_rem,0.225,campro,spitzer_bt_fmj,55,vihtavuori_n135,102,25.9,3271,25,vihtavuori,small_rifle_generic,12,2.244,yes,,,,,
223_rem,0.225,campro,spitzer_bt_fmj,62,vihtavuori_n130,84,21.6,2992,25,vihtavuori,small_rifle_generic,12,2.244,,,,,,
223_rem,0.225,campro,spitzer_bt_fmj,62,vihtavuori_n133,89,23.3,3058,25,vihtavuori,small_rifle_generic,12,2.244,yes,,,,,
223_rem,0.225,campro,spitzer_bt_fmj,62,vihtavuori_n135,102,24.2,3091,25,vihtavuori,small_rifle_generic,12,2.244,yes,,,,,
223_rem,0.225,campro,spitzer_bt_fmj,62,vihtavuori_n140,112,26.2,3031,25,vihtavuori,small_rifle_generic,12,2.244,yes,,,,,
223_rem,0.225,campro,spitzer_bt_fmj,62,vihtavuori_n540,117,27.3,3173,25,vihtavuori,small_rifle_generic,12,2.244,yes,,,,,
223_rem,0.225,cutting_edge,mth,65,vihtavuori_n135,102,18.5,2507,25,vihtavuori,small_rifle_generic,12,2.252,,,,,,
223_rem,0.225,cutting_edge,mth,65,vihtavuori_n140,112,20.5,2526,25,vihtavuori,small_rifle_generic,12,2.252,,,,,,
223_rem,0.225,cutting_edge,mth,65,vihtavuori_n540,117,21.6,2615,25,vihtavuori,small_rifle_generic,12,2.252,,,,,,
223_rem,0.225,cutting_edge,mth,65,vihtavuori_n135,102,21.3,2805,25,vihtavuori,small_rifle_generic,12,2.252,yes,,,,,
223_rem,0.225,cutting_edge,mth,65,vihtavuori_n140,112,24.4,2897,25,vihtavuori,small_rifle_generic,12,2.252,yes,,,,,
223_rem,0.225,cutting_edge,mth,65,vihtavuori_n540,117,24.7,2956,25,vihtavuori,small_rifle_generic,12,2.252,yes,,,,,
223_rem,0.225,fox,classic_hunter,50,vihtavuori_n130,84,19.9,2972,25,vihtavuori,small_rifle_generic,12,2.165,,,,,,
223_rem,0.225,fox,classic_hunter,50,vihtavuori_n133,89,20.8,3005,25,vihtavuori,small_rifle_generic,12,2.165,,,,,,
223_rem,0.225,fox,classic_hunter,50,vihtavuori_n530,100,22.2,3048,25,vihtavuori,small_rifle_generic,12,2.165,,,,,,
223_rem,0.225,fox,classic_hunter,50,vihtavuori_n135,102,23.1,3120,25,vihtavuori,small_rifle_generic,12,2.165,,,,,,
223_rem,0.225,fox,classic_hunter,55,vihtavuori_n130,84,18.2,2772,25,vihtavuori,small_rifle_generic,12,2.165,,,,,,
223_rem,0.225,fox,classic_hunter,55,vihtavuori_n133,89,20.1,2864,25,vihtavuori,small_rifle_generic,12,2.165,,,,,,
223_rem,0.225,fox,classic_hunter,55,vihtavuori_n530,100,20.8,2867,25,vihtavuori,small_rifle_generic,12,2.165,,,,,,
223_rem,0.225,fox,classic_hunter,55,vihtavuori_n135,102,20.8,2884,25,vihtavuori,small_rifle_generic,12,2.165,,,,,,
223_rem,0.225,fox,classic_hunter,50,vihtavuori_n130,84,21.8,3261,25,vihtavuori,small_rifle_generic,12,2.165,,,,,,
223_rem,0.225,fox,classic_hunter,50,vihtavuori_n133,89,23.8,3343,25,vihtavuori,small_rifle_generic,12,2.165,,,,,,
223_rem,0.225,fox,classic_hunter,50,vihtavuori_n530,100,24.8,3399,25,vihtavuori,small_rifle_generic,12,2.165,,,,,,
223_rem,0.225,fox,classic_hunter,50,vihtavuori_n135,102,25.6,3422,25,vihtavuori,small_rifle_generic,12,2.165,,,,,,
223_rem,0.225,fox,classic_hunter,55,vihtavuori_n130,84,20.5,3068,25,vihtavuori,small_rifle_generic,12,2.165,,,,,,
223_rem,0.225,fox,classic_hunter,55,vihtavuori_n133,89,22.5,3163,25,vihtavuori,small_rifle_generic,12,2.165,,,,,,
223_rem,0.225,fox,classic_hunter,55,vihtavuori_n530,100,23.3,3199,25,vihtavuori,small_rifle_generic,12,2.165,,,,,,
223_rem,0.225,fox,classic_hunter,55,vihtavuori_n135,102,23.9,3219,25,vihtavuori,small_rifle_generic,12,2.165,,,,,,
223_rem,0.225,hornady,ntx,35,vihtavuori_n120,81,19.6,3458,25,vihtavuori,small_rifle_generic,12,2.205,,,,,,
223_rem,0.225,hornady,ntx,35,vihtavuori_n130,84,23.1,3543,25,vihtavuori,small_rifle_generic,12,2.205,,,,,,
223_rem,0.225,hornady,ntx,35,vihtavuori_n133,89,24.7,3632,25,vihtavuori,small_rifle_generic,12,2.205,,,,,,
223_rem,0.225,hornady,ntx,35,vihtavuori_n135,102,25.8,3665,25,vihtavuori,small_rifle_generic,12,2.205,,,,,,
223_rem,0.225,hornady,v_max,40,vihtavuori_n120,81,19.8,3346,25,vihtavuori,small_rifle_generic,12,2.224,,,,,,
223_rem,0.225,hornady,v_max,40,vihtavuori_n130,84,21.8,3396,25,vihtavuori,small_rifle_generic,12,2.224,,,,,,
223_rem,0.225,hornady,v_max,40,vihtavuori_n133,89,24.7,3517,25,vihtavuori,small_rifle_generic,12,2.224,,,,,,
223_rem,0.225,hornady,v_max,40,vihtavuori_n530,100,24.2,3376,25,vihtavuori,small_rifle_generic,12,2.224,,,,,,
223_rem,0.225,hornady,ecx,50,vihtavuori_n133,89,19.8,2861,25,vihtavuori,small_rifle_generic,12,2.205,,,,,,
223_rem,0.225,hornady,ecx,50,vihtavuori_n135,102,20.8,2923,25,vihtavuori,small_rifle_generic,12,2.205,,,,,,
223_rem,0.225,hornady,ecx,50,vihtavuori_n140,112,23.5,2946,25,vihtavuori,small_rifle_generic,12,2.205,,,,,,
223_rem,0.225,hornady,ecx,50,vihtavuori_n540,117,23.9,2959,25,vihtavuori,small_rifle_generic,12,2.205,,,,,,
223_rem,0.225,hornady,v_max,53,vihtavuori_n130,84,20.8,3025,25,vihtavuori,small_rifle_generic,12,2.256,,,,,,
223_rem,0.225,hornady,v_max,53,vihtavuori_n133,89,22.8,3077,25,vihtavuori,small_rifle_generic,12,2.256,,,,,,
223_rem,0.225,hornady,v_max,53,vihtavuori_n530,100,22.8,3084,25,vihtavuori,small_rifle_generic,12,2.256,,,,,,
223_rem,0.225,hornady,v_max,53,vihtavuori_n135,102,23.9,3133,25,vihtavuori,small_rifle_generic,12,2.256,,,,,,
223_rem,0.225,hornady,fmjbt,55,vihtavuori_n120,81,18.7,2917,25,vihtavuori,small_rifle_generic,12,2.244,,,,,,
223_rem,0.225,hornady,fmjbt,55,vihtavuori_n130,84,21.8,3136,25,vihtavuori,small_rifle_generic,12,2.244,,,,,,
223_rem,0.225,hornady,fmjbt,55,vihtavuori_n133,89,22.1,3045,25,vihtavuori,small_rifle_generic,12,2.244,,,,,,
223_rem,0.225,hornady,fmjbt,55,vihtavuori_n530,100,23.1,3087,25,vihtavuori,small_rifle_generic,12,2.244,,,,,,
223_rem,0.225,hornady,fmjbt,55,vihtavuori_n135,102,23.3,3077,25,vihtavuori,small_rifle_generic,12,2.244,,,,,,
223_rem,0.225,hornady,fmjbt,55,vihtavuori_n140,112,24.7,3051,25,vihtavuori,small_rifle_generic,12,2.244,,,,,,
223_rem,0.225,hornady,v_max,55,vihtavuori_n130,84,20.4,2812,25,vihtavuori,small_rifle_generic,12,2.260,,,,,,
223_rem,0.225,hornady,v_max,55,vihtavuori_n133,89,21.5,2782,25,vihtavuori,small_rifle_generic,12,2.260,,,,,,
223_rem,0.225,hornady,v_max,55,vihtavuori_n530,100,23,2927,25,vihtavuori,small_rifle_generic,12,2.260,,,,,,
223_rem,0.225,hornady,v_max,55,vihtavuori_n135,102,23.5,2900,25,vihtavuori,small_rifle_generic,12,2.260,,,,,,
223_rem,0.225,hornady,v_max,55,vihtavuori_n140,112,25.3,2900,25,vihtavuori,small_rifle_generic,12,2.260,,,,,,
223_rem,0.225,hornady,hp,60,vihtavuori_n130,84,20.5,2867,25,vihtavuori,small_rifle_generic,12,2.244,,,,,,
223_rem,0.225,hornady,hp,60,vihtavuori_n133,89,22.1,2913,25,vihtavuori,small_rifle_generic,12,2.244,,,,,,
223_rem,0.225,hornady,hp,60,vihtavuori_n135,102,23.1,2930,25,vihtavuori,small_rifle_generic,12,2.244,,,,,,
223_rem,0.225,hornady,hp,60,vihtavuori_n140,112,25,2936,25,vihtavuori,small_rifle_generic,12,2.244,,,,,,
223_rem,0.225,hornady,eld_vt,62,vihtavuori_n130,84,21.1,2825,25,vihtavuori,small_rifle_generic,12,2.260,,,,,,
223_rem,0.225,hornady,eld_vt,62,vihtavuori_n133,89,22.2,2864,25,vihtavuori,small_rifle_generic,12,2.260,,,,,,
223_rem,0.225,hornady,eld_vt,62,vihtavuori_n135,102,23.3,2874,25,vihtavuori,small_rifle_generic,12,2.260,,,,,,
223_rem,0.225,hornady,eld_vt,62,vihtavuori_n140,112,25.5,2904,25,vihtavuori,small_rifle_generic,12,2.260,,,,,,
223_rem,0.225,hornady,eld_vt,62,vihtavuori_n540,117,25,2894,25,vihtavuori,small_rifle_generic,12,2.260,,,,,,
223_rem,0.225,hornady,gmx,70,vihtavuori_n133,89,19.3,2552,25,vihtavuori,small_rifle_generic,12,2.240,,,,,,
223_rem,0.225,hornady,gmx,70,vihtavuori_n530,100,19.3,2474,25,vihtavuori,small_rifle_generic,12,2.240,,,,,,
223_rem,0.225,hornady,gmx,70,vihtavuori_n135,102,19.3,2467,25,vihtavuori,small_rifle_generic,12,2.240,,,,,,
223_rem,0.225,hornady,gmx,70,vihtavuori_n140,112,21.6,2497,25,vihtavuori,small_rifle_generic,12,2.240,,,,,,
223_rem,0.225,hornady,gmx,70,vihtavuori_n540,117,21.9,2523,25,vihtavuori,small_rifle_generic,12,2.240,,,,,,
223_rem,0.225,hornady,bthp,75,vihtavuori_n135,102,20.7,2467,25,vihtavuori,small_rifle_generic,12,2.260,,,,,,
223_rem,0.225,hornady,bthp,75,vihtavuori_n140,112,22.1,2474,25,vihtavuori,small_rifle_generic,12,2.260,,,,,,
223_rem,0.225,hornady,bthp,75,vihtavuori_n540,117,23.1,2536,25,vihtavuori,small_rifle_generic,12,2.260,,,,,,
223_rem,0.225,hornady,eld_match,75,vihtavuori_n530,100,20.5,2549,25,vihtavuori,small_rifle_generic,12,2.260,,,,,,
223_rem,0.225,hornady,eld_match,75,vihtavuori_n135,102,21.3,2513,25,vihtavuori,small_rifle_generic,12,2.260,,,,,,
223_rem,0.225,hornady,eld_match,75,vihtavuori_n140,112,22.8,2523,25,vihtavuori,small_rifle_generic,12,2.260,,,,,,
223_rem,0.225,hornady,eld_match,75,vihtavuori_n540,117,22.7,2595,25,vihtavuori,small_rifle_generic,12,2.260,,,,,,
223_rem,0.225,hornady,eld_match,88,vihtavuori_n133,89,19.3,2352,25,vihtavuori,small_rifle_generic,12,2.323,,,,,,
223_rem,0.225,hornady,eld_match,88,vihtavuori_n530,100,19.3,2365,25,vihtavuori,small_rifle_generic,12,2.323,,,,,,
223_rem,0.225,hornady,eld_match,88,vihtavuori_n135,102,20.1,2365,25,vihtavuori,small_rifle_generic,12,2.323,,,,,,
223_rem,0.225,hornady,eld_match,88,vihtavuori_n140,112,21.6,2434,25,vihtavuori,small_rifle_generic,12,2.323,,,,,,
223_rem,0.225,hornady,eld_match,88,vihtavuori_n540,117,21.9,2431,25,vihtavuori,small_rifle_generic,12,2.323,,,,,,
223_rem,0.225,hornady,eld_match,88,vihtavuori_n150,124,21.9,2411,25,vihtavuori,small_rifle_generic,12,2.323,,,,,,
223_rem,0.225,hornady,ntx,35,vihtavuori_n120,81,22.1,3783,25,vihtavuori,small_rifle_generic,12,2.205,,,,,,
223_rem,0.225,hornady,ntx,35,vihtavuori_n130,84,25.9,3911,25,vihtavuori,small_rifle_generic,12,2.205,yes,,,,,
223_rem,0.225,hornady,ntx,35,vihtavuori_n133,89,25.9,3809,25,vihtavuori,small_rifle_generic,12,2.205,yes,,,,,
223_rem,0.225,hornady,ntx,35,vihtavuori_n135,102,26.2,3727,25,vihtavuori,small_rifle_generic,12,2.205,yes,,,,,
223_rem,0.225,hornady,v_max,40,vihtavuori_n120,81,22.4,3678,25,vihtavuori,small_rifle_generic,12,2.224,,,,,,
223_rem,0.225,hornady,v_max,40,vihtavuori_n130,84,24.2,3711,25,vihtavuori,small_rifle_generic,12,2.224,,,,,,
223_rem,0.225,hornady,v_max,40,vihtavuori_n133,89,25.9,3681,25,vihtavuori,small_rifle_generic,12,2.224,,,,,,
223_rem,0.225,hornady,v_max,40,vihtavuori_n530,100,26.9,3747,25,vihtavuori,small_rifle_generic,12,2.224,,,,,,
223_rem,0.225,hornady,ecx,50,vihtavuori_n133,89,23.1,3251,25,vihtavuori,small_rifle_generic,12,2.205,,,,,,
223_rem,0.225,hornady,ecx,50,vihtavuori_n135,102,24.2,3294,25,vihtavuori,small_rifle_generic,12,2.205,yes,,,,,
223_rem,0.225,hornady,ecx,50,vihtavuori_n140,112,26.9,3317,25,vihtavuori,small_rifle_generic,12,2.205,yes,,,,,
223_rem,0.225,hornady,ecx,50,vihtavuori_n540,117,26.7,3327,25,vihtavuori,small_rifle_generic,12,2.205,yes,,,,,
223_rem,0.225,hornady,v_max,53,vihtavuori_n130,84,22.7,3274,25,vihtavuori,small_rifle_generic,12,2.256,,,,,,
223_rem,0.225,hornady,v_max,53,vihtavuori_n133,89,24.7,3337,25,vihtavuori,small_rifle_generic,12,2.256,,,,,,
223_rem,0.225,hornady,v_max,53,vihtavuori_n530,100,24.7,3314,25,vihtavuori,small_rifle_generic,12,2.256,,,,,,
223_rem,0.225,hornady,v_max,53,vihtavuori_n135,102,25.8,3376,25,vihtavuori,small_rifle_generic,12,2.256,,,,,,
223_rem,0.225,hornady,fmjbt,55,vihtavuori_n120,81,20.7,3150,25,vihtavuori,small_rifle_generic,12,2.244,,,,,,
223_rem,0.225,hornady,fmjbt,55,vihtavuori_n130,84,23.5,3323,25,vihtavuori,small_rifle_generic,12,2.244,,,,,,
223_rem,0.225,hornady,fmjbt,55,vihtavuori_n133,89,24.5,3301,25,vihtavuori,small_rifle_generic,12,2.244,,,,,,
223_rem,0.225,hornady,fmjbt,55,vihtavuori_n530,100,25,3353,25,vihtavuori,small_rifle_generic,12,2.244,,,,,,
223_rem,0.225,hornady,fmjbt,55,vihtavuori_n135,102,25.6,3337,25,vihtavuori,small_rifle_generic,12,2.244,,,,,,
223_rem,0.225,hornady,fmjbt,55,vihtavuori_n140,112,26.8,3343,25,vihtavuori,small_rifle_generic,12,2.244,,,,,,
223_rem,0.225,hornady,v_max,55,vihtavuori_n130,84,23,3166,25,vihtavuori,small_rifle_generic,12,2.260,,,,,,
223_rem,0.225,hornady,v_max,55,vihtavuori_n133,89,25,3222,25,vihtavuori,small_rifle_generic,12,2.260,,,,,,
223_rem,0.225,hornady,v_max,55,vihtavuori_n530,100,25.3,3261,25,vihtavuori,small_rifle_generic,12,2.260,,,,,,
223_rem,0.225,hornady,v_max,55,vihtavuori_n135,102,26.2,3212,25,vihtavuori,small_rifle_generic,12,2.260,,,,,,
223_rem,0.225,hornady,v_max,55,vihtavuori_n140,112,26.5,3045,25,vihtavuori,small_rifle_generic,12,2.260,,,,,,
223_rem,0.225,hornady,hp,60,vihtavuori_n130,84,23.1,3173,25,vihtavuori,small_rifle_generic,12,2.244,,,,,,
223_rem,0.225,hornady,hp,60,vihtavuori_n133,89,24.7,3209,25,vihtavuori,small_rifle_generic,12,2.244,,,,,,
223_rem,0.225,hornady,hp,60,vihtavuori_n135,102,25.8,3202,25,vihtavuori,small_rifle_generic,12,2.244,,,,,,
223_rem,0.225,hornady,hp,60,vihtavuori_n140,112,26.8,3166,25,vihtavuori,small_rifle_generic,12,2.244,yes,,,,,
223_rem,0.225,hornady,eld_vt,62,vihtavuori_n130,84,23,3061,25,vihtavuori,small_rifle_generic,12,2.260,yes,,,,,
223_rem,0.225,hornady,eld_vt,62,vihtavuori_n133,89,24.1,3094,25,vihtavuori,small_rifle_generic,12,2.260,yes,,,,,
223_rem,0.225,hornady,eld_vt,62,vihtavuori_n135,102,25.9,3169,25,vihtavuori,small_rifle_generic,12,2.260,yes,,,,,
223_rem,0.225,hornady,eld_vt,62,vihtavuori_n140,112,27,3110,25,vihtavuori,small_rifle_generic,12,2.260,yes,,,,,
223_rem,0.225,hornady,eld_vt,62,vihtavuori_n540,117,27.6,3199,25,vihtavuori,small_rifle_generic,12,2.260,yes,,,,,
223_rem,0.225,hornady,gmx,70,vihtavuori_n133,89,20.2,2667,25,vihtavuori,small_rifle_generic,12,2.240,,,,,,
223_rem,0.225,hornady,gmx,70,vihtavuori_n530,100,21.1,2736,25,vihtavuori,small_rifle_generic,12,2.240,,,,,,
223_rem,0.225,hornady,gmx,70,vihtavuori_n135,102,21.8,2740,25,vihtavuori,small_rifle_generic,12,2.240,,,,,,
223_rem,0.225,hornady,gmx,70,vihtavuori_n140,112,24.5,2828,25,vihtavuori,small_rifle_generic,12,2.240,,,,,,
223_rem,0.225,hornady,gmx,70,vihtavuori_n540,117,24.4,2854,25,vihtavuori,small_rifle_generic,12,2.240,,,,,,
223_rem,0.225,hornady,bthp,75,vihtavuori_n135,102,23.3,2723,25,vihtavuori,small_rifle_generic,12,2.260,,,,,,
223_rem,0.225,hornady,bthp,75,vihtavuori_n140,112,25,2766,25,vihtavuori,small_rifle_generic,12,2.260,,,,,,
223_rem,0.225,hornady,bthp,75,vihtavuori_n540,117,25.8,2831,25,vihtavuori,small_rifle_generic,12,2.260,,,,,,
223_rem,0.225,hornady,eld_match,75,vihtavuori_n530,100,23.3,2910,25,vihtavuori,small_rifle_generic,12,2.260,,,,,,
223_rem,0.225,hornady,eld_match,75,vihtavuori_n135,102,24.4,2874,25,vihtavuori,small_rifle_generic,12,2.260,,,,,,
223_rem,0.225,hornady,eld_match,75,vihtavuori_n140,112,26.2,2917,25,vihtavuori,small_rifle_generic,12,2.260,yes,,,,,
223_rem,0.225,hornady,eld_match,75,vihtavuori_n540,117,25.8,2956,25,vihtavuori,small_rifle_generic,12,2.260,yes,,,,,
223_rem,0.225,hornady,eld_match,88,vihtavuori_n133,89,21.3,2559,25,vihtavuori,small_rifle_generic,12,2.323,,,,,,
223_rem,0.225,hornady,eld_match,88,vihtavuori_n530,100,21.8,2605,25,vihtavuori,small_rifle_generic,12,2.323,,,,,,
223_rem,0.225,hornady,eld_match,88,vihtavuori_n135,102,21.9,2575,25,vihtavuori,small_rifle_generic,12,2.323,,,,,,
223_rem,0.225,hornady,eld_match,88,vihtavuori_n140,112,23.5,2631,25,vihtavuori,small_rifle_generic,12,2.323,yes,,,,,
223_rem,0.225,hornady,eld_match,88,vihtavuori_n540,117,24.2,2687,25,vihtavuori,small_rifle_generic,12,2.323,,,,,,
223_rem,0.225,hornady,eld_match,88,vihtavuori_n150,124,23.1,2539,25,vihtavuori,small_rifle_generic,12,2.323,yes,,,,,
223_rem,0.225,infitech,target_line,53,vihtavuori_n130,84,21.5,3031,25,vihtavuori,small_rifle_generic,12,2.220,,,,,,
223_rem,0.225,infitech,target_line,53,vihtavuori_n133,89,22.4,3087,25,vihtavuori,small_rifle_generic,12,2.220,,,,,,
223_rem,0.225,infitech,target_line,53,vihtavuori_n135,102,24.5,3143,25,vihtavuori,small_rifle_generic,12,2.220,,,,,,
223_rem,0.225,infitech,target_line,53,vihtavuori_n130,84,23.8,3323,25,vihtavuori,small_rifle_generic,12,2.220,yes,,,,,
223_rem,0.225,infitech,target_line,53,vihtavuori_n133,89,25.2,3386,25,vihtavuori,small_rifle_generic,12,2.220,yes,,,,,
223_rem,0.225,infitech,target_line,53,vihtavuori_n135,102,26.2,3327,25,vihtavuori,small_rifle_generic,12,2.220,yes,,,,,
223_rem,0.225,lapua,naturalis_n566,50,vihtavuori_n130,84,18.1,2825,25,vihtavuori,small_rifle_generic,12,2.205,,,,,,
223_rem,0.225,lapua,naturalis_n566,50,vihtavuori_n133,89,20.7,2927,25,vihtavuori,small_rifle_generic,12,2.205,,,,,,
223_rem,0.225,lapua,naturalis_n566,50,vihtavuori_n530,100,21,2913,25,vihtavuori,small_rifle_generic,12,2.205,,,,,,
223_rem,0.225,lapua,naturalis_n566,50,vihtavuori_n135,102,21.9,2972,25,vihtavuori,small_rifle_generic,12,2.205,,,,,,
223_rem,0.225,lapua,hpce,51,vihtavuori_n120,81,19,2982,25,vihtavuori,small_rifle_generic,12,2.244,,,,,,
223_rem,0.225,lapua,hpce,51,vihtavuori_n130,84,20.8,3051,25,vihtavuori,small_rifle_generic,12,2.244,,,,,,
223_rem,0.225,lapua,hpce,51,vihtavuori_n133,89,22.4,3094,25,vihtavuori,small_rifle_generic,12,2.244,,,,,,
223_rem,0.225,lapua,hpce,51,vihtavuori_n530,100,23.6,3159,25,vihtavuori,small_rifle_generic,12,2.244,,,,,,
223_rem,0.225,lapua,hpce,51,vihtavuori_n135,102,23.8,3140,25,vihtavuori,small_rifle_generic,12,2.244,,,,,,
223_rem,0.225,lapua,fmj,55,vihtavuori_n120,81,18.7,2874,25,vihtavuori,small_rifle_generic,12,2.244,,,,,,
223_rem,0.225,lapua,fmj,55,vihtavuori_n130,84,20.5,2936,25,vihtavuori,small_rifle_generic,12,2.244,,,,,,
223_rem,0.225,lapua,fmj,55,vihtavuori_n133,89,22.1,2989,25,vihtavuori,small_rifle_generic,12,2.244,,,,,,
223_rem,0.225,lapua,fmj,55,vihtavuori_n530,100,23.3,3054,25,vihtavuori,small_rifle_generic,12,2.244,,,,,,
223_rem,0.225,lapua,fmj,55,vihtavuori_n135,102,23.3,3041,25,vihtavuori,small_rifle_generic,12,2.244,,,,,,
223_rem,0.225,lapua,fmj,55,vihtavuori_n140,112,24.8,3009,25,vihtavuori,small_rifle_generic,12,2.244,,,,,,
223_rem,0.225,lapua,fmjbt_s569,55,vihtavuori_n130,84,20.1,2930,25,vihtavuori,small_rifle_generic,12,2.244,,,,,,
223_rem,0.225,lapua,fmjbt_s569,55,vihtavuori_n133,89,22.1,3002,25,vihtavuori,small_rifle_generic,12,2.244,,,,,,
223_rem,0.225,lapua,fmjbt_s569,55,vihtavuori_n135,102,22.8,3035,25,vihtavuori,small_rifle_generic,12,2.244,,,,,,
223_rem,0.225,lapua,fmjbt_s569,55,vihtavuori_n140,112,25.2,3058,25,vihtavuori,small_rifle_generic,12,2.244,,,,,,
223_rem,0.225,lapua,fmjbt_s569,55,vihtavuori_n540,117,24.8,3022,25,vihtavuori,small_rifle_generic,12,2.244,,,,,,
223_rem,0.225,lapua,soft_point,55,vihtavuori_n120,81,16.8,2690,25,vihtavuori,small_rifle_generic,12,2.224,,,,,,
223_rem,0.225,lapua,soft_point,55,vihtavuori_n130,84,18.7,2812,25,vihtavuori,small_rifle_generic,12,2.224,,,,,,
223_rem,0.225,lapua,soft_point,55,vihtavuori_n133,89,21,2874,25,vihtavuori,small_rifle_generic,12,2.224,,,,,,
223_rem,0.225,lapua,soft_point,55,vihtavuori_n530,100,22.2,2923,25,vihtavuori,small_rifle_generic,12,2.224,,,,,,
223_rem,0.225,lapua,soft_point,55,vihtavuori_n135,102,22.1,2949,25,vihtavuori,small_rifle_generic,12,2.224,,,,,,
223_rem,0.225,lapua,soft_point,55,vihtavuori_n140,112,24.2,3002,25,vihtavuori,small_rifle_generic,12,2.224,,,,,,
223_rem,0.225,lapua,scenar,69,vihtavuori_n133,89,20.2,2589,25,vihtavuori,small_rifle_generic,12,2.260,,,,,,
223_rem,0.225,lapua,scenar,69,vihtavuori_n530,100,21.1,2654,25,vihtavuori,small_rifle_generic,12,2.260,,,,,,
223_rem,0.225,lapua,scenar,69,vihtavuori_n135,102,21.1,2612,25,vihtavuori,small_rifle_generic,12,2.260,,,,,,
223_rem,0.225,lapua,scenar,69,vihtavuori_n140,112,22.8,2700,25,vihtavuori,small_rifle_generic,12,2.260,,,,,,
223_rem,0.225,lapua,scenar,69,vihtavuori_n540,117,23.1,2648,25,vihtavuori,small_rifle_generic,12,2.260,,,,,,
223_rem,0.225,lapua,scenar,77,vihtavuori_n530,100,19.3,2336,25,vihtavuori,small_rifle_generic,12,2.260,,,,,,
223_rem,0.225,lapua,scenar,77,vihtavuori_n135,102,18.8,2300,25,vihtavuori,small_rifle_generic,12,2.260,,,,,,
223_rem,0.225,lapua,scenar,77,vihtavuori_n140,112,20.8,2310,25,vihtavuori,small_rifle_generic,12,2.260,,,,,,
223_rem,0.225,lapua,scenar,77,vihtavuori_n540,117,21.8,2362,25,vihtavuori,small_rifle_generic,12,2.260,,,,,,
223_rem,0.225,lapua,naturalis_n566,50,vihtavuori_n130,84,21.6,3238,25,vihtavuori,small_rifle_generic,12,2.205,,,,,,
223_rem,0.225,lapua,naturalis_n566,50,vihtavuori_n133,89,24.1,3337,25,vihtavuori,small_rifle_generic,12,2.205,,,,,,
223_rem,0.225,lapua,naturalis_n566,50,vihtavuori_n530,100,23.8,3301,25,vihtavuori,small_rifle_generic,12,2.205,,,,,,
223_rem,0.225,lapua,naturalis_n566,50,vihtavuori_n135,102,25.6,3366,25,vihtavuori,small_rifle_generic,12,2.205,,,,,,
223_rem,0.225,lapua,hpce,51,vihtavuori_n120,81,21.1,3251,25,vihtavuori,small_rifle_generic,12,2.244,,,,,,
223_rem,0.225,lapua,hpce,51,vihtavuori_n130,84,23.3,3340,25,vihtavuori,small_rifle_generic,12,2.244,,,,,,
223_rem,0.225,lapua,hpce,51,vihtavuori_n133,89,24.8,3389,25,vihtavuori,small_rifle_generic,12,2.244,,,,,,
223_rem,0.225,lapua,hpce,51,vihtavuori_n530,100,25.6,3451,25,vihtavuori,small_rifle_generic,12,2.244,,,,,,
223_rem,0.225,lapua,hpce,51,vihtavuori_n135,102,25.9,3392,25,vihtavuori,small_rifle_generic,12,2.244,yes,,,,,
223_rem,0.225,lapua,fmj,55,vihtavuori_n120,81,20.8,3127,25,vihtavuori,small_rifle_generic,12,2.244,,,,,,
223_rem,0.225,lapua,fmj,55,vihtavuori_n130,84,23.1,3232,25,vihtavuori,small_rifle_generic,12,2.244,,,,,,
223_rem,0.225,lapua,fmj,55,vihtavuori_n133,89,24.5,3278,25,vihtavuori,small_rifle_generic,12,2.244,,,,,,
223_rem,0.225,lapua,fmj,55,vihtavuori_n530,100,25.3,3330,25,vihtavuori,small_rifle_generic,12,2.244,,,,,,
223_rem,0.225,lapua,fmj,55,vihtavuori_n135,102,25.9,3278,25,vihtavuori,small_rifle_generic,12,2.244,yes,,,,,
223_rem,0.225,lapua,fmj,55,vihtavuori_n140,112,27.3,3294,25,vihtavuori,small_rifle_generic,12,2.244,yes,,,,,
223_rem,0.225,lapua,fmjbt_s569,55,vihtavuori_n130,84,22.1,3179,25,vihtavuori,small_rifle_generic,12,2.244,,,,,,
223_rem,0.225,lapua,fmjbt_s569,55,vihtavuori_n133,89,24.4,3268,25,vihtavuori,small_rifle_generic,12,2.244,,,,,,
223_rem,0.225,lapua,fmjbt_s569,55,vihtavuori_n135,102,25.5,3291,25,vihtavuori,small_rifle_generic,12,2.244,yes,,,,,
223_rem,0.225,lapua,fmjbt_s569,55,vihtavuori_n140,112,26.7,3241,25,vihtavuori,small_rifle_generic,12,2.244,yes,,,,,
223_rem,0.225,lapua,fmjbt_s569,55,vihtavuori_n540,117,27.3,3310,25,vihtavuori,small_rifle_generic,12,2.244,yes,,,,,
223_rem,0.225,lapua,soft_point,55,vihtavuori_n120,81,20.2,3081,25,vihtavuori,small_rifle_generic,12,2.224,,,,,,
223_rem,0.225,lapua,soft_point,55,vihtavuori_n130,84,21.9,3146,25,vihtavuori,small_rifle_generic,12,2.224,,,,,,
223_rem,0.225,lapua,soft_point,55,vihtavuori_n133,89,24.1,3215,25,vihtavuori,small_rifle_generic,12,2.224,,,,,,
223_rem,0.225,lapua,soft_point,55,vihtavuori_n530,100,24.8,3264,25,vihtavuori,small_rifle_generic,12,2.224,,,,,,
223_rem,0.225,lapua,soft_point,55,vihtavuori_n135,102,25.3,3294,25,vihtavuori,small_rifle_generic,12,2.224,yes,,,,,
223_rem,0.225,lapua,soft_point,55,vihtavuori_n140,112,26.9,3327,25,vihtavuori,small_rifle_generic,12,2.224,yes,,,,,
223_rem,0.225,lapua,scenar,69,vihtavuori_n133,89,21.9,2785,25,vihtavuori,small_rifle_generic,12,2.260,,,,,,
223_rem,0.225,lapua,scenar,69,vihtavuori_n530,100,22.7,2851,25,vihtavuori,small_rifle_generic,12,2.260,,,,,,
223_rem,0.225,lapua,scenar,69,vihtavuori_n135,102,23,2828,25,vihtavuori,small_rifle_generic,12,2.260,,,,,,
223_rem,0.225,lapua,scenar,69,vihtavuori_n140,112,24.7,2884,25,vihtavuori,small_rifle_generic,12,2.260,,,,,,
223_rem,0.225,lapua,scenar,69,vihtavuori_n540,117,25.5,2936,25,vihtavuori,small_rifle_generic,12,2.260,,,,,,
223_rem,0.225,lapua,scenar,77,vihtavuori_n530,100,22.2,2664,25,vihtavuori,small_rifle_generic,12,2.260,,,,,,
223_rem,0.225,lapua,scenar,77,vihtavuori_n135,102,21.5,2635,25,vihtavuori,small_rifle_generic,12,2.260,,,,,,
223_rem,0.225,lapua,scenar,77,vihtavuori_n140,112,24.2,2628,25,vihtavuori,small_rifle_generic,12,2.260,,,,,,
223_rem,0.225,lapua,scenar,77,vihtavuori_n540,117,24.5,2671,25,vihtavuori,small_rifle_generic,12,2.260,,,,,,
223_rem,0.225,lehigh,controlled_chaos,55,vihtavuori_n130,84,19.3,2789,25,vihtavuori,small_rifle_generic,12,2.260,,,,,,
223_rem,0.225,lehigh,controlled_chaos,55,vihtavuori_n133,89,19.3,2776,25,vihtavuori,small_rifle_generic,12,2.260,,,,,,
223_rem,0.225,lehigh,controlled_chaos,55,vihtavuori_n135,102,20.8,2851,25,vihtavuori,small_rifle_generic,12,2.260,,,,,,
223_rem,0.225,lehigh,controlled_chaos,55,vihtavuori_n140,112,23.3,2858,25,vihtavuori,small_rifle_generic,12,2.260,,,,,,
223_rem,0.225,lehigh,controlled_chaos,55,vihtavuori_n540,117,23.9,2904,25,vihtavuori,small_rifle_generic,12,2.260,,,,,,
223_rem,0.225,lehigh,controlled_chaos,55,vihtavuori_n130,84,21.9,3094,25,vihtavuori,small_rifle_generic,12,2.260,,,,,,
223_rem,0.225,lehigh,controlled_chaos,55,vihtavuori_n133,89,22.7,3117,25,vihtavuori,small_rifle_generic,12,2.260,,,,,,
223_rem,0.225,lehigh,controlled_chaos,55,vihtavuori_n135,102,23.8,3179,25,vihtavuori,small_rifle_generic,12,2.260,yes,,,,,
223_rem,0.225,lehigh,controlled_chaos,55,vihtavuori_n140,112,26.5,3192,25,vihtavuori,small_rifle_generic,12,2.260,yes,,,,,
223_rem,0.225,lehigh,controlled_chaos,55,vihtavuori_n540,117,26.4,3219,25,vihtavuori,small_rifle_generic,12,2.260,yes,,,,,
223_rem,0.225,los,tactic,52,vihtavuori_n120,81,18.7,2963,25,vihtavuori,small_rifle_generic,12,2.193,,,,,,
223_rem,0.225,los,tactic,52,vihtavuori_n130,84,20.1,3028,25,vihtavuori,small_rifle_generic,12,2.193,,,,,,
223_rem,0.225,los,tactic,52,vihtavuori_n133,89,21.9,3094,25,vihtavuori,small_rifle_generic,12,2.193,,,,,,
223_rem,0.225,los,tactic,52,vihtavuori_n135,102,23.5,3150,25,vihtavuori,small_rifle_generic,12,2.193,,,,,,
223_rem,0.225,los,tactic,52,vihtavuori_n120,81,20.2,3212,25,vihtavuori,small_rifle_generic,12,2.193,,,,,,
223_rem,0.225,los,tactic,52,vihtavuori_n130,84,22.4,3297,25,vihtavuori,small_rifle_generic,12,2.193,,,,,,
223_rem,0.225,los,tactic,52,vihtavuori_n133,89,24.4,3383,25,vihtavuori,small_rifle_generic,12,2.193,yes,,,,,
223_rem,0.225,los,tactic,52,vihtavuori_n135,102,25.5,3386,25,vihtavuori,small_rifle_generic,12,2.193,yes,,,,,
223_rem,0.225,nosler,btlf,40,vihtavuori_n120,81,19,3238,25,vihtavuori,small_rifle_generic,12,2.260,,,,,,
223_rem,0.225,nosler,btlf,40,vihtavuori_n130,84,22.4,3356,25,vihtavuori,small_rifle_generic,12,2.260,,,,,,
223_rem,0.225,nosler,btlf,40,vihtavuori_n133,89,22.7,3363,25,vihtavuori,small_rifle_generic,12,2.260,,,,,,
223_rem,0.225,nosler,btlf,40,vihtavuori_n135,102,24.5,3448,25,vihtavuori,small_rifle_generic,12,2.260,,,,,,
223_rem,0.225,nosler,btlf,40,vihtavuori_n140,112,25.3,3186,25,vihtavuori,small_rifle_generic,12,2.260,,,,,,
223_rem,0.225,nosler,hpbt_custom_comp,52,vihtavuori_n130,84,21,2989,25,vihtavuori,small_rifle_generic,12,2.260,,,,,,
223_rem,0.225,nosler,hpbt_custom_comp,52,vihtavuori_n133,89,22.1,3045,25,vihtavuori,small_rifle_generic,12,2.260,,,,,,
223_rem,0.225,nosler,hpbt_custom_comp,52,vihtavuori_n135,102,23.6,3107,25,vihtavuori,small_rifle_generic,12,2.260,,,,,,
223_rem,0.225,nosler,hpbt_custom_comp,52,vihtavuori_n140,112,26.2,3107,25,vihtavuori,small_rifle_generic,12,2.260,,,,,,
223_rem,0.225,nosler,hpbt_custom_comp,52,vihtavuori_n540,117,25.8,3110,25,vihtavuori,small_rifle_generic,12,2.260,,,,,,
223_rem,0.225,nosler,fb_varmageddon,53,vihtavuori_n130,84,20.8,2972,25,vihtavuori,small_rifle_generic,12,2.260,,,,,,
223_rem,0.225,nosler,fb_varmageddon,53,vihtavuori_n133,89,22.4,3038,25,vihtavuori,small_rifle_generic,12,2.260,,,,,,
223_rem,0.225,nosler,fb_varmageddon,53,vihtavuori_n135,102,23.9,3100,25,vihtavuori,small_rifle_generic,12,2.260,,,,,,
223_rem,0.225,nosler,fb_varmageddon,53,vihtavuori_n140,112,26.2,3077,25,vihtavuori,small_rifle_generic,12,2.260,,,,,,
223_rem,0.225,nosler,fb_varmageddon,53,vihtavuori_n540,117,25.5,3028,25,vihtavuori,small_rifle_generic,12,2.260,,,,,,
223_rem,0.225,nosler,ballistic_tip_varmint,55,vihtavuori_n130,84,20.8,2923,25,vihtavuori,small_rifle_generic,12,2.260,,,,,,
223_rem,0.225,nosler,ballistic_tip_varmint,55,vihtavuori_n133,89,20.8,2890,25,vihtavuori,small_rifle_generic,12,2.260,,,,,,
223_rem,0.225,nosler,ballistic_tip_varmint,55,vihtavuori_n135,102,22.4,2953,25,vihtavuori,small_rifle_generic,12,2.260,,,,,,
223_rem,0.225,nosler,ballistic_tip_varmint,55,vihtavuori_n140,112,25.9,3015,25,vihtavuori,small_rifle_generic,12,2.260,,,,,,
223_rem,0.225,nosler,ballistic_tip_varmint,55,vihtavuori_n540,117,25.5,3031,25,vihtavuori,small_rifle_generic,12,2.260,,,,,,
223_rem,0.225,nosler,fb_varmageddon,55,vihtavuori_n130,84,21,2949,25,vihtavuori,small_rifle_generic,12,2.260,,,,,,
223_rem,0.225,nosler,fb_varmageddon,55,vihtavuori_n133,89,22.4,2986,25,vihtavuori,small_rifle_generic,12,2.260,,,,,,
223_rem,0.225,nosler,fb_varmageddon,55,vihtavuori_n135,102,23.5,3002,25,vihtavuori,small_rifle_generic,12,2.260,,,,,,
223_rem,0.225,nosler,fb_varmageddon,55,vihtavuori_n140,112,25.6,3028,25,vihtavuori,small_rifle_generic,12,2.260,,,,,,
223_rem,0.225,nosler,fb_varmageddon,55,vihtavuori_n540,117,25.5,3035,25,vihtavuori,small_rifle_generic,12,2.260,,,,,,
223_rem,0.225,nosler,ballistic_tip_varmint,60,vihtavuori_n130,84,20.1,2782,25,vihtavuori,small_rifle_generic,12,2.260,,,,,,
223_rem,0.225,nosler,ballistic_tip_varmint,60,vihtavuori_n133,89,20.2,2756,25,vihtavuori,small_rifle_generic,12,2.260,,,,,,
223_rem,0.225,nosler,ballistic_tip_varmint,60,vihtavuori_n135,102,21.6,2799,25,vihtavuori,small_rifle_generic,12,2.260,,,,,,
223_rem,0.225,nosler,ballistic_tip_varmint,60,vihtavuori_n140,112,24.5,2841,25,vihtavuori,small_rifle_generic,12,2.260,,,,,,
223_rem,0.225,nosler,ballistic_tip_varmint,60,vihtavuori_n540,117,24.7,2887,25,vihtavuori,small_rifle_generic,12,2.260,,,,,,
223_rem,0.225,nosler,fbhp_varmageddon,62,vihtavuori_n130,84,19.4,2684,25,vihtavuori,small_rifle_generic,12,2.197,,,,,,
223_rem,0.225,nosler,fbhp_varmageddon,62,vihtavuori_n133,89,20.5,2736,25,vihtavuori,small_rifle_generic,12,2.197,,,,,,
223_rem,0.225,nosler,fbhp_varmageddon,62,vihtavuori_n135,102,22.1,2795,25,vihtavuori,small_rifle_generic,12,2.197,,,,,,
223_rem,0.225,nosler,fbhp_varmageddon,62,vihtavuori_n140,112,23.9,2818,25,vihtavuori,small_rifle_generic,12,2.197,,,,,,
223_rem,0.225,nosler,fbhp_varmageddon,62,vihtavuori_n540,117,23.9,2808,25,vihtavuori,small_rifle_generic,12,2.197,,,,,,
223_rem,0.225,nosler,rdf,70,vihtavuori_n133,89,20.5,2648,25,vihtavuori,small_rifle_generic,12,2.260,,,,,,
223_rem,0.225,nosler,rdf,70,vihtavuori_n135,102,21.6,2694,25,vihtavuori,small_rifle_generic,12,2.260,,,,,,
223_rem,0.225,nosler,rdf,70,vihtavuori_n140,112,23.6,2726,25,vihtavuori,small_rifle_generic,12,2.260,,,,,,
223_rem,0.225,nosler,rdf,70,vihtavuori_n540,117,23.8,2746,25,vihtavuori,small_rifle_generic,12,2.260,,,,,,
223_rem,0.225,nosler,custom_competition,77,vihtavuori_n135,102,20.5,2507,25,vihtavuori,small_rifle_generic,12,2.260,,,,,,
223_rem,0.225,nosler,custom_competition,77,vihtavuori_n140,112,23.1,2605,25,vihtavuori,small_rifle_generic,12,2.260,,,,,,
223_rem,0.225,nosler,custom_competition,77,vihtavuori_n540,117,23.3,2615,25,vihtavuori,small_rifle_generic,12,2.260,,,,,,
223_rem,0.225,nosler,custom_competition,77,vihtavuori_n150,124,23.1,2608,25,vihtavuori,small_rifle_generic,12,2.260,,,,,,
223_rem,0.225,nosler,custom_competition,77,vihtavuori_n550,129,24.4,2598,25,vihtavuori,small_rifle_generic,12,2.260,,,,,,
223_rem,0.225,nosler,btlf,40,vihtavuori_n120,81,21.3,3560,25,vihtavuori,small_rifle_generic,12,2.260,,,,,,
223_rem,0.225,nosler,btlf,40,vihtavuori_n130,84,25.2,3711,25,vihtavuori,small_rifle_generic,12,2.260,yes,,,,,
223_rem,0.225,nosler,btlf,40,vihtavuori_n133,89,25.9,3724,25,vihtavuori,small_rifle_generic,12,2.260,yes,,,,,
223_rem,0.225,nosler,btlf,40,vihtavuori_n135,102,25.9,3612,25,vihtavuori,small_rifle_generic,12,2.260,yes,,,,,
223_rem,0.225,nosler,btlf,40,vihtavuori_n140,112,26.9,3360,25,vihtavuori,small_rifle_generic,12,2.260,yes,,,,,
223_rem,0.225,nosler,hpbt_custom_comp,52,vihtavuori_n130,84,23.5,3310,25,vihtavuori,small_rifle_generic,12,2.260,,,,,,
223_rem,0.225,nosler,hpbt_custom_comp,52,vihtavuori_n133,89,24.7,3323,25,vihtavuori,small_rifle_generic,12,2.260,yes,,,,,
223_rem,0.225,nosler,hpbt_custom_comp,52,vihtavuori_n135,102,26.1,3383,25,vihtavuori,small_rifle_generic,12,2.260,yes,,,,,
223_rem,0.225,nosler,hpbt_custom_comp,52,vihtavuori_n140,112,27,3205,25,vihtavuori,small_rifle_generic,12,2.260,yes,,,,,
223_rem,0.225,nosler,hpbt_custom_comp,52,vihtavuori_n540,117,28.2,3415,25,vihtavuori,small_rifle_generic,12,2.260,yes,,,,,
223_rem,0.225,nosler,fb_varmageddon,53,vihtavuori_n130,84,23.1,3258,25,vihtavuori,small_rifle_generic,12,2.260,,,,,,
223_rem,0.225,nosler,fb_varmageddon,53,vihtavuori_n133,89,24.8,3320,25,vihtavuori,small_rifle_generic,12,2.260,yes,,,,,
223_rem,0.225,nosler,fb_varmageddon,53,vihtavuori_n135,102,25.9,3340,25,vihtavuori,small_rifle_generic,12,2.260,yes,,,,,
223_rem,0.225,nosler,fb_varmageddon,53,vihtavuori_n140,112,27,3166,25,vihtavuori,small_rifle_generic,12,2.260,yes,,,,,
223_rem,0.225,nosler,fb_varmageddon,53,vihtavuori_n540,117,27.9,3389,25,vihtavuori,small_rifle_generic,12,2.260,yes,,,,,
223_rem,0.225,nosler,ballistic_tip_varmint,55,vihtavuori_n130,84,23.5,3212,25,vihtavuori,small_rifle_generic,12,2.260,,,,,,
223_rem,0.225,nosler,ballistic_tip_varmint,55,vihtavuori_n133,89,24.8,3261,25,vihtavuori,small_rifle_generic,12,2.260,,,,,,
223_rem,0.225,nosler,ballistic_tip_varmint,55,vihtavuori_n135,102,25.9,3264,25,vihtavuori,small_rifle_generic,12,2.260,yes,,,,,
223_rem,0.225,nosler,ballistic_tip_varmint,55,vihtavuori_n140,112,27,3130,25,vihtavuori,small_rifle_generic,12,2.260,yes,,,,,
223_rem,0.225,nosler,ballistic_tip_varmint,55,vihtavuori_n540,117,27.9,3333,25,vihtavuori,small_rifle_generic,12,2.260,yes,,,,,
223_rem,0.225,nosler,fb_varmageddon,55,vihtavuori_n130,84,23.1,3212,25,vihtavuori,small_rifle_generic,12,2.260,,,,,,
223_rem,0.225,nosler,fb_varmageddon,55,vihtavuori_n133,89,24.7,3255,25,vihtavuori,small_rifle_generic,12,2.260,yes,,,,,
223_rem,0.225,nosler,fb_varmageddon,55,vihtavuori_n135,102,25.9,3281,25,vihtavuori,small_rifle_generic,12,2.260,yes,,,,,
223_rem,0.225,nosler,fb_varmageddon,55,vihtavuori_n140,112,27,3159,25,vihtavuori,small_rifle_generic,12,2.260,yes,,,,,
223_rem,0.225,nosler,fb_varmageddon,55,vihtavuori_n540,117,27.8,3317,25,vihtavuori,small_rifle_generic,12,2.260,yes,,,,,
223_rem,0.225,nosler,ballistic_tip_varmint,60,vihtavuori_n130,84,22.4,3054,25,vihtavuori,small_rifle_generic,12,2.260,,,,,,
223_rem,0.225,nosler,ballistic_tip_varmint,60,vihtavuori_n133,89,23.5,3068,25,vihtavuori,small_rifle_generic,12,2.260,yes,,,,,
223_rem,0.225,nosler,ballistic_tip_varmint,60,vihtavuori_n135,102,24.5,3107,25,vihtavuori,small_rifle_generic,12,2.260,yes,,,,,
223_rem,0.225,nosler,ballistic_tip_varmint,60,vihtavuori_n140,112,27,3104,25,vihtavuori,small_rifle_generic,12,2.260,yes,,,,,
223_rem,0.225,nosler,ballistic_tip_varmint,60,vihtavuori_n540,117,26.9,3189,25,vihtavuori,small_rifle_generic,12,2.260,yes,,,,,
223_rem,0.225,nosler,fbhp_varmageddon,62,vihtavuori_n130,84,21.8,2963,25,vihtavuori,small_rifle_generic,12,2.197,,,,,,
223_rem,0.225,nosler,fbhp_varmageddon,62,vihtavuori_n133,89,23.1,3022,25,vihtavuori,small_rifle_generic,12,2.197,,,,,,
223_rem,0.225,nosler,fbhp_varmageddon,62,vihtavuori_n135,102,24.2,3028,25,vihtavuori,small_rifle_generic,12,2.197,yes,,,,,
223_rem,0.225,nosler,fbhp_varmageddon,62,vihtavuori_n140,112,26.4,3091,25,vihtavuori,small_rifle_generic,12,2.197,yes,,,,,
223_rem,0.225,nosler,fbhp_varmageddon,62,vihtavuori_n540,117,26.4,3120,25,vihtavuori,small_rifle_generic,12,2.197,yes,,,,,
223_rem,0.225,nosler,rdf,70,vihtavuori_n133,89,22.8,2917,25,vihtavuori,small_rifle_generic,12,2.260,,,,,,
223_rem,0.225,nosler,rdf,70,vihtavuori_n135,102,23.8,2956,25,vihtavuori,small_rifle_generic,12,2.260,,,,,,
223_rem,0.225,nosler,rdf,70,vihtavuori_n140,112,26.1,3005,25,vihtavuori,small_rifle_generic,12,2.260,yes,,,,,
223_rem,0.225,nosler,rdf,70,vihtavuori_n540,117,25.8,3022,25,vihtavuori,small_rifle_generic,12,2.260,,,,,,
223_rem,0.225,nosler,custom_competition,77,vihtavuori_n135,102,22.8,2759,25,vihtavuori,small_rifle_generic,12,2.260,,,,,,
223_rem,0.225,nosler,custom_competition,77,vihtavuori_n140,112,25,2828,25,vihtavuori,small_rifle_generic,12,2.260,yes,,,,,
223_rem,0.225,nosler,custom_competition,77,vihtavuori_n540,117,25.2,2864,25,vihtavuori,small_rifle_generic,12,2.260,,,,,,
223_rem,0.225,nosler,custom_competition,77,vihtavuori_n150,124,25.6,2838,25,vihtavuori,small_rifle_generic,12,2.260,yes,,,,,
223_rem,0.225,nosler,custom_competition,77,vihtavuori_n550,129,27,2884,25,vihtavuori,small_rifle_generic,12,2.260,yes,,,,,
223_rem,0.225,sako,blade_648g,55,vihtavuori_n130,84,21.1,2867,25,vihtavuori,small_rifle_generic,12,2.248,,,,,,
223_rem,0.225,sako,blade_648g,55,vihtavuori_n133,89,19.3,2789,25,vihtavuori,small_rifle_generic,12,2.248,,,,,,
223_rem,0.225,sako,blade_648g,55,vihtavuori_n135,102,22.4,2900,25,vihtavuori,small_rifle_generic,12,2.248,,,,,,
223_rem,0.225,sako,blade_648g,55,vihtavuori_n140,112,25.9,2995,25,vihtavuori,small_rifle_generic,12,2.248,,,,,,
223_rem,0.225,sako,blade_648g,55,vihtavuori_n130,84,23.8,3176,25,vihtavuori,small_rifle_generic,12,2.248,yes,,,,,
223_rem,0.225,sako,blade_648g,55,vihtavuori_n133,89,24.7,3209,25,vihtavuori,small_rifle_generic,12,2.248,yes,,,,,
223_rem,0.225,sako,blade_648g,55,vihtavuori_n135,102,25.9,3241,25,vihtavuori,small_rifle_generic,12,2.248,yes,,,,,
223_rem,0.225,sako,blade_648g,55,vihtavuori_n140,112,26.9,3077,25,vihtavuori,small_rifle_generic,12,2.248,yes,,,,,
223_rem,0.225,sierra,blitzking,50,vihtavuori_n130,84,21.1,3091,25,vihtavuori,small_rifle_generic,12,2.260,,,,,,
223_rem,0.225,sierra,blitzking,50,vihtavuori_n133,89,23.3,3176,25,vihtavuori,small_rifle_generic,12,2.260,,,,,,
223_rem,0.225,sierra,blitzking,50,vihtavuori_n530,100,23.1,3114,25,vihtavuori,small_rifle_generic,12,2.260,,,,,,
223_rem,0.225,sierra,blitzking,50,vihtavuori_n135,102,24.2,3199,25,vihtavuori,small_rifle_generic,12,2.260,,,,,,
223_rem,0.225,sierra,blitzking,50,vihtavuori_n140,112,25.5,3120,25,vihtavuori,small_rifle_generic,12,2.260,,,,,,
223_rem,0.225,sierra,spitzer,50,vihtavuori_n130,84,21.6,3087,25,vihtavuori,small_rifle_generic,12,2.248,,,,,,
223_rem,0.225,sierra,spitzer,50,vihtavuori_n133,89,22.7,3133,25,vihtavuori,small_rifle_generic,12,2.248,,,,,,
223_rem,0.225,sierra,spitzer,50,vihtavuori_n135,102,23.9,3156,25,vihtavuori,small_rifle_generic,12,2.248,,,,,,
223_rem,0.225,sierra,spitzer,50,vihtavuori_n140,112,26.2,3179,25,vihtavuori,small_rifle_generic,12,2.248,,,,,,
223_rem,0.225,sierra,spitzer,50,vihtavuori_n540,117,26.2,3153,25,vihtavuori,small_rifle_generic,12,2.248,,,,,,
223_rem,0.225,sierra,hpbt,52,vihtavuori_n130,84,21.1,3071,25,vihtavuori,small_rifle_generic,12,2.244,,,,,,
223_rem,0.225,sierra,hpbt,52,vihtavuori_n133,89,22.5,3110,25,vihtavuori,small_rifle_generic,12,2.244,,,,,,
223_rem,0.225,sierra,hpbt,52,vihtavuori_n135,102,23.8,3140,25,vihtavuori,small_rifle_generic,12,2.244,,,,,,
223_rem,0.225,sierra,varminter_hp,60,vihtavuori_n130,84,20.1,2782,25,vihtavuori,small_rifle_generic,12,2.236,,,,,,
223_rem,0.225,sierra,varminter_hp,60,vihtavuori_n133,89,20.8,2808,25,vihtavuori,small_rifle_generic,12,2.236,,,,,,
223_rem,0.225,sierra,varminter_hp,60,vihtavuori_n135,102,21.8,2841,25,vihtavuori,small_rifle_generic,12,2.236,,,,,,
223_rem,0.225,sierra,varminter_hp,60,vihtavuori_n140,112,24.2,2890,25,vihtavuori,small_rifle_generic,12,2.236,,,,,,
223_rem,0.225,sierra,varminter_hp,60,vihtavuori_n540,117,24.7,2877,25,vihtavuori,small_rifle_generic,12,2.236,,,,,,
223_rem,0.225,sierra,sbt,65,vihtavuori_n130,84,19,2687,25,vihtavuori,small_rifle_generic,12,2.244,,,,,,
223_rem,0.225,sierra,sbt,65,vihtavuori_n133,89,20.7,2733,25,vihtavuori,small_rifle_generic,12,2.244,,,,,,
223_rem,0.225,sierra,sbt,65,vihtavuori_n135,102,21.6,2766,25,vihtavuori,small_rifle_generic,12,2.244,,,,,,
223_rem,0.225,sierra,sbt,65,vihtavuori_n140,112,23.8,2808,25,vihtavuori,small_rifle_generic,12,2.244,,,,,,
223_rem,0.225,sierra,sbt,65,vihtavuori_n540,117,23.5,2769,25,vihtavuori,small_rifle_generic,12,2.244,,,,,,
223_rem,0.225,sierra,hpbt,69,vihtavuori_n133,89,20.7,2598,25,vihtavuori,small_rifle_generic,12,2.244,,,,,,
223_rem,0.225,sierra,hpbt,69,vihtavuori_n135,102,21.6,2638,25,vihtavuori,small_rifle_generic,12,2.244,,,,,,
223_rem,0.225,sierra,hpbt,69,vihtavuori_n140,112,23.6,2690,25,vihtavuori,small_rifle_generic,12,2.244,,,,,,
223_rem,0.225,sierra,hpbt,69,vihtavuori_n540,117,24.1,2703,25,vihtavuori,small_rifle_generic,12,2.244,,,,,,
223_rem,0.225,sierra,hpbt,77,vihtavuori_n530,100,19.8,2336,25,vihtavuori,small_rifle_generic,12,2.260,,,,,,
223_rem,0.225,sierra,hpbt,77,vihtavuori_n135,102,19.6,2316,25,vihtavuori,small_rifle_generic,12,2.260,,,,,,
223_rem,0.225,sierra,hpbt,77,vihtavuori_n140,112,21,2336,25,vihtavuori,small_rifle_generic,12,2.260,,,,,,
223_rem,0.225,sierra,hpbt,77,vihtavuori_n540,117,22.7,2428,25,vihtavuori,small_rifle_generic,12,2.260,,,,,,
223_rem,0.225,sierra,tmk,77,vihtavuori_n530,100,20.2,2441,25,vihtavuori,small_rifle_generic,12,2.260,,,,,,
223_rem,0.225,sierra,tmk,77,vihtavuori_n135,102,19.9,2375,25,vihtavuori,small_rifle_generic,12,2.260,,,,,,
223_rem,0.225,sierra,tmk,77,vihtavuori_n140,112,22.2,2441,25,vihtavuori,small_rifle_generic,12,2.260,,,,,,
223_rem,0.225,sierra,tmk,77,vihtavuori_n540,117,22.5,2477,25,vihtavuori,small_rifle_generic,12,2.260,,,,,,
223_rem,0.225,sierra,hpbt,80,vihtavuori_n530,100,20,2339,25,vihtavuori,small_rifle_generic,12,2.551,,,,,,
223_rem,0.225,sierra,hpbt,80,vihtavuori_n135,102,18.8,2333,25,vihtavuori,small_rifle_generic,12,2.551,,,,,,
223_rem,0.225,sierra,hpbt,80,vihtavuori_n140,112,20.7,2395,25,vihtavuori,small_rifle_generic,12,2.551,,,,,,
223_rem,0.225,sierra,hpbt,80,vihtavuori_n540,117,21.4,2395,25,vihtavuori,small_rifle_generic,12,2.551,,,,,,
223_rem,0.225,sierra,hpbt,90,vihtavuori_n140,112,19.3,2100,25,vihtavuori,small_rifle_generic,12,2.354,,,,,,
223_rem,0.225,sierra,hpbt,90,vihtavuori_n540,117,20.7,2224,25,vihtavuori,small_rifle_generic,12,2.354,,,,,,
223_rem,0.225,sierra,hpbt,90,vihtavuori_n150,124,19.1,2126,25,vihtavuori,small_rifle_generic,12,2.354,,,,,,
223_rem,0.225,sierra,blitzking,50,vihtavuori_n130,84,23,3356,25,vihtavuori,small_rifle_generic,12,2.260,,,,,,
223_rem,0.225,sierra,blitzking,50,vihtavuori_n133,89,25.3,3448,25,vihtavuori,small_rifle_generic,12,2.260,,,,,,
223_rem,0.225,sierra,blitzking,50,vihtavuori_n530,100,25.3,3406,25,vihtavuori,small_rifle_generic,12,2.260,,,,,,
223_rem,0.225,sierra,blitzking,50,vihtavuori_n135,102,26.2,3471,25,vihtavuori,small_rifle_generic,12,2.260,,,,,,
223_rem,0.225,sierra,blitzking,50,vihtavuori_n140,112,27,3333,25,vihtavuori,small_rifle_generic,12,2.260,yes,,,,,
223_rem,0.225,sierra,spitzer,50,vihtavuori_n130,84,23.8,3369,25,vihtavuori,small_rifle_generic,12,2.248,,,,,,
223_rem,0.225,sierra,spitzer,50,vihtavuori_n133,89,25.5,3425,25,vihtavuori,small_rifle_generic,12,2.248,,,,,,
223_rem,0.225,sierra,spitzer,50,vihtavuori_n135,102,25.9,3379,25,vihtavuori,small_rifle_generic,12,2.248,yes,,,,,
223_rem,0.225,sierra,spitzer,50,vihtavuori_n140,112,27,3264,25,vihtavuori,small_rifle_generic,12,2.248,yes,,,,,
223_rem,0.225,sierra,spitzer,50,vihtavuori_n540,117,28.5,3442,25,vihtavuori,small_rifle_generic,12,2.248,yes,,,,,
223_rem,0.225,sierra,hpbt,52,vihtavuori_n130,84,23.8,3373,25,vihtavuori,small_rifle_generic,12,2.244,,,,,,
223_rem,0.225,sierra,hpbt,52,vihtavuori_n133,89,25,3389,25,vihtavuori,small_rifle_generic,12,2.244,,,,,,
223_rem,0.225,sierra,hpbt,52,vihtavuori_n135,102,25.6,3409,25,vihtavuori,small_rifle_generic,12,2.244,yes,,,,,
223_rem,0.225,sierra,varminter_hp,60,vihtavuori_n130,84,22.2,3035,25,vihtavuori,small_rifle_generic,12,2.236,,,,,,
223_rem,0.225,sierra,varminter_hp,60,vihtavuori_n133,89,23.5,3084,25,vihtavuori,small_rifle_generic,12,2.236,,,,,,
223_rem,0.225,sierra,varminter_hp,60,vihtavuori_n135,102,24.5,3133,25,vihtavuori,small_rifle_generic,12,2.236,yes,,,,,
223_rem,0.225,sierra,varminter_hp,60,vihtavuori_n140,112,26.9,3176,25,vihtavuori,small_rifle_generic,12,2.236,yes,,,,,
223_rem,0.225,sierra,varminter_hp,60,vihtavuori_n540,117,27.2,3196,25,vihtavuori,small_rifle_generic,12,2.236,yes,,,,,
223_rem,0.225,sierra,sbt,65,vihtavuori_n130,84,21,2927,25,vihtavuori,small_rifle_generic,12,2.244,,,,,,
223_rem,0.225,sierra,sbt,65,vihtavuori_n133,89,22.7,2989,25,vihtavuori,small_rifle_generic,12,2.244,,,,,,
223_rem,0.225,sierra,sbt,65,vihtavuori_n135,102,23.8,3025,25,vihtavuori,small_rifle_generic,12,2.244,,,,,,
223_rem,0.225,sierra,sbt,65,vihtavuori_n140,112,25.6,3054,25,vihtavuori,small_rifle_generic,12,2.244,,,,,,
223_rem,0.225,sierra,sbt,65,vihtavuori_n540,117,25.6,3058,25,vihtavuori,small_rifle_generic,12,2.244,,,,,,
223_rem,0.225,sierra,hpbt,69,vihtavuori_n133,89,22.8,2844,25,vihtavuori,small_rifle_generic,12,2.244,,,,,,
223_rem,0.225,sierra,hpbt,69,vihtavuori_n135,102,23.8,2871,25,vihtavuori,small_rifle_generic,12,2.244,,,,,,
223_rem,0.225,sierra,hpbt,69,vihtavuori_n140,112,25.9,2943,25,vihtavuori,small_rifle_generic,12,2.244,,,,,,
223_rem,0.225,sierra,hpbt,69,vihtavuori_n540,117,26.4,2986,25,vihtavuori,small_rifle_generic,12,2.244,,,,,,
223_rem,0.225,sierra,hpbt,77,vihtavuori_n530,100,22.1,2608,25,vihtavuori,small_rifle_generic,12,2.260,,,,,,
223_rem,0.225,sierra,hpbt,77,vihtavuori_n135,102,22.5,2595,25,vihtavuori,small_rifle_generic,12,2.260,,,,,,
223_rem,0.225,sierra,hpbt,77,vihtavuori_n140,112,24.7,2657,25,vihtavuori,small_rifle_generic,12,2.260,,,,,,
223_rem,0.225,sierra,hpbt,77,vihtavuori_n540,117,25.3,2717,25,vihtavuori,small_rifle_generic,12,2.260,,,,,,
223_rem,0.225,sierra,tmk,77,vihtavuori_n530,100,22.7,2789,25,vihtavuori,small_rifle_generic,12,2.260,,,,,,
223_rem,0.225,sierra,tmk,77,vihtavuori_n135,102,23,2707,25,vihtavuori,small_rifle_generic,12,2.260,,,,,,
223_rem,0.225,sierra,tmk,77,vihtavuori_n140,112,25.5,2795,25,vihtavuori,small_rifle_generic,12,2.260,,,,,,
223_rem,0.225,sierra,tmk,77,vihtavuori_n540,117,25.2,2854,25,vihtavuori,small_rifle_generic,12,2.260,,,,,,
223_rem,0.225,sierra,hpbt,80,vihtavuori_n530,100,23.1,2630,25,vihtavuori,small_rifle_generic,12,2.551,,,,,,
223_rem,0.225,sierra,hpbt,80,vihtavuori_n135,102,21.6,2587,25,vihtavuori,small_rifle_generic,12,2.551,,,,,,
223_rem,0.225,sierra,hpbt,80,vihtavuori_n140,112,23,2646,25,vihtavuori,small_rifle_generic,12,2.551,,,,,,
223_rem,0.225,sierra,hpbt,80,vihtavuori_n540,117,23.7,2652,25,vihtavuori,small_rifle_generic,12,2.551,,,,,,
223_rem,0.225,sierra,hpbt,90,vihtavuori_n140,112,22.2,2434,25,vihtavuori,small_rifle_generic,12,2.354,,,,,,
223_rem,0.225,sierra,hpbt,90,vihtavuori_n540,117,23.5,2500,25,vihtavuori,small_rifle_generic,12,2.354,,,,,,
223_rem,0.225,sierra,hpbt,90,vihtavuori_n150,124,22.8,2454,25,vihtavuori,small_rifle_generic,12,2.354,,,,,,
223_rem,0.225,speer,spire_point,40,vihtavuori_n120,81,19,3159,25,vihtavuori,small_rifle_generic,12,2.075,,,,,,
223_rem,0.225,speer,spire_point,40,vihtavuori_n130,84,22.5,3386,25,vihtavuori,small_rifle_generic,12,2.075,,,,,,
223_rem,0.225,speer,spire_point,40,vihtavuori_n133,89,23.8,3402,25,vihtavuori,small_rifle_generic,12,2.075,,,,,,
223_rem,0.225,speer,spitzer,45,vihtavuori_n120,81,19.3,3061,25,vihtavuori,small_rifle_generic,12,2.126,,,,,,
223_rem,0.225,speer,spitzer,45,vihtavuori_n130,84,22.2,3251,25,vihtavuori,small_rifle_generic,12,2.126,,,,,,
223_rem,0.225,speer,spitzer,45,vihtavuori_n133,89,23.3,3238,25,vihtavuori,small_rifle_generic,12,2.126,,,,,,
223_rem,0.225,speer,spitzer,45,vihtavuori_n135,102,25.3,3314,25,vihtavuori,small_rifle_generic,12,2.126,,,,,,
223_rem,0.225,speer,tnt_hp,50,vihtavuori_n120,81,19.3,2989,25,vihtavuori,small_rifle_generic,12,2.244,,,,,,
223_rem,0.225,speer,tnt_hp,50,vihtavuori_n130,84,22.1,3107,25,vihtavuori,small_rifle_generic,12,2.244,,,,,,
223_rem,0.225,speer,tnt_hp,50,vihtavuori_n133,89,24.1,3248,25,vihtavuori,small_rifle_generic,12,2.244,,,,,,
223_rem,0.225,speer,tnt_hp,50,vihtavuori_n135,102,25.5,3278,25,vihtavuori,small_rifle_generic,12,2.244,,,,,,
223_rem,0.225,speer,fmjbt,62,vihtavuori_n530,100,22.1,2825,25,vihtavuori,small_rifle_generic,12,2.260,,,,,,
223_rem,0.225,speer,fmjbt,62,vihtavuori_n135,102,22.1,2795,25,vihtavuori,small_rifle_generic,12,2.260,,,,,,
223_rem,0.225,speer,fmjbt,62,vihtavuori_n140,112,25,2956,25,vihtavuori,small_rifle_generic,12,2.260,,,,,,
223_rem,0.225,speer,spire_point,40,vihtavuori_n120,81,23,3668,25,vihtavuori,small_rifle_generic,12,2.075,,,,,,
223_rem,0.225,speer,spire_point,40,vihtavuori_n130,84,25.5,3763,25,vihtavuori,small_rifle_generic,12,2.075,,,,,,
223_rem,0.225,speer,spire_point,40,vihtavuori_n133,89,25.9,3625,25,vihtavuori,small_rifle_generic,12,2.075,yes,,,,,
223_rem,0.225,speer,spitzer,45,vihtavuori_n120,81,22.8,3517,25,vihtavuori,small_rifle_generic,12,2.126,,,,,,
223_rem,0.225,speer,spitzer,45,vihtavuori_n130,84,25,3583,25,vihtavuori,small_rifle_generic,12,2.126,,,,,,
223_rem,0.225,speer,spitzer,45,vihtavuori_n133,89,25.9,3579,25,vihtavuori,small_rifle_generic,12,2.126,yes,,,,,
223_rem,0.225,speer,spitzer,45,vihtavuori_n135,102,25.9,3392,25,vihtavuori,small_rifle_generic,12,2.126,yes,,,,,
223_rem,0.225,speer,tnt_hp,50,vihtavuori_n120,81,22.7,3399,25,vihtavuori,small_rifle_generic,12,2.244,,,,,,
223_rem,0.225,speer,tnt_hp,50,vihtavuori_n130,84,24.5,3432,25,vihtavuori,small_rifle_generic,12,2.244,,,,,,
223_rem,0.225,speer,tnt_hp,50,vihtavuori_n133,89,25.9,3533,25,vihtavuori,small_rifle_generic,12,2.244,yes,,,,,
223_rem,0.225,speer,tnt_hp,50,vihtavuori_n135,102,25.9,3340,25,vihtavuori,small_rifle_generic,12,2.244,yes,,,,,
223_rem,0.225,speer,fmjbt,62,vihtavuori_n530,100,24.1,3127,25,vihtavuori,small_rifle_generic,12,2.260,,,,,,
223_rem,0.225,speer,fmjbt,62,vihtavuori_n135,102,24.7,3091,25,vihtavuori,small_rifle_generic,12,2.260,,,,,,
223_rem,0.225,speer,fmjbt,62,vihtavuori_n140,112,26.2,3094,25,vihtavuori,small_rifle_generic,12,2.260,yes,,,,,
223_rem,0.225,swift,scirocco_ii,62,vihtavuori_n530,100,21.1,2661,25,vihtavuori,small_rifle_generic,12,2.260,,,,,,
223_rem,0.225,swift,scirocco_ii,62,vihtavuori_n135,102,21,2572,25,vihtavuori,small_rifle_generic,12,2.260,,,,,,
223_rem,0.225,swift,scirocco_ii,62,vihtavuori_n140,112,23.5,2638,25,vihtavuori,small_rifle_generic,12,2.260,,,,,,
223_rem,0.225,swift,scirocco_ii,62,vihtavuori_n540,117,23.8,2720,25,vihtavuori,small_rifle_generic,12,2.260,,,,,,
223_rem,0.225,swift,scirocco_ii,75,vihtavuori_n530,100,19.8,2323,25,vihtavuori,small_rifle_generic,12,2.260,,,,,,
223_rem,0.225,swift,scirocco_ii,75,vihtavuori_n135,102,19,2290,25,vihtavuori,small_rifle_generic,12,2.260,,,,,,
223_rem,0.225,swift,scirocco_ii,75,vihtavuori_n140,112,21.8,2356,25,vihtavuori,small_rifle_generic,12,2.260,,,,,,
223_rem,0.225,swift,scirocco_ii,75,vihtavuori_n540,117,22.1,2438,25,vihtavuori,small_rifle_generic,12,2.260,,,,,,
223_rem,0.225,swift,scirocco_ii,62,vihtavuori_n530,100,23.8,2982,25,vihtavuori,small_rifle_generic,12,2.260,,,,,,
223_rem,0.225,swift,scirocco_ii,62,vihtavuori_n135,102,24.4,2972,25,vihtavuori,small_rifle_generic,12,2.260,,,,,,
223_rem,0.225,swift,scirocco_ii,62,vihtavuori_n140,112,26.7,3015,25,vihtavuori,small_rifle_generic,12,2.260,,,,,,
223_rem,0.225,swift,scirocco_ii,62,vihtavuori_n540,117,26.5,3087,25,vihtavuori,small_rifle_generic,12,2.260,,,,,,
223_rem,0.225,swift,scirocco_ii,75,vihtavuori_n530,100,22.4,2671,25,vihtavuori,small_rifle_generic,12,2.260,,,,,,
223_rem,0.225,swift,scirocco_ii,75,vihtavuori_n135,102,22.4,2608,25,vihtavuori,small_rifle_generic,12,2.260,,,,,,
223_rem,0.225,swift,scirocco_ii,75,vihtavuori_n140,112,25,2674,25,vihtavuori,small_rifle_generic,12,2.260,,,,,,
223_rem,0.225,swift,scirocco_ii,75,vihtavuori_n540,117,25.3,2776,25,vihtavuori,small_rifle_generic,12,2.260,,,,,,
243_win,0.243,barnes,tsx,85,vihtavuori_n540,117,33.8,2812,23,vihtavuori,large_rifle_generic,10,2.638,,,,,,
243_win,0.243,barnes,tsx,85,vihtavuori_n150,124,33.2,2717,23,vihtavuori,large_rifle_generic,10,2.638,,,,,,
243_win,0.243,barnes,tsx,85,vihtavuori_n550,129,39.5,3064,23,vihtavuori,large_rifle_generic,10,2.638,,,,,,
243_win,0.243,barnes,tsx,85,vihtavuori_n160,143,40.9,2822,23,vihtavuori,large_rifle_generic,10,2.638,,,,,,
243_win,0.243,barnes,tsx,85,vihtavuori_n540,117,39.5,3219,23,vihtavuori,large_rifle_generic,10,2.638,,,,,,
243_win,0.243,barnes,tsx,85,vihtavuori_n150,124,39.4,3114,23,vihtavuori,large_rifle_generic,10,2.638,,,,,,
243_win,0.243,barnes,tsx,85,vihtavuori_n550,129,42,3255,23,vihtavuori,large_rifle_generic,10,2.638,,,,,,
243_win,0.243,barnes,tsx,85,vihtavuori_n160,143,46,3189,23,vihtavuori,large_rifle_generic,10,2.638,,,,,,
243_win,0.243,berger,bt_target,90,vihtavuori_n140,112,32.9,2615,23,vihtavuori,large_rifle_generic,10,2.693,,,,,,
243_win,0.243,berger,bt_target,90,vihtavuori_n540,117,34.7,2707,23,vihtavuori,large_rifle_generic,10,2.693,,,,,,
243_win,0.243,berger,bt_target,90,vihtavuori_n150,124,32.1,2605,23,vihtavuori,large_rifle_generic,10,2.693,,,,,,
243_win,0.243,berger,bt_target,90,vihtavuori_n550,129,37.8,2743,23,vihtavuori,large_rifle_generic,10,2.693,,,,,,
243_win,0.243,berger,bt_target,90,vihtavuori_n555,144,40.9,2749,23,vihtavuori,large_rifle_generic,10,2.693,,,,,,
243_win,0.243,berger,bt_target,90,vihtavuori_n160,143,38.1,2631,23,vihtavuori,large_rifle_generic,10,2.693,,,,,,
243_win,0.243,berger,bt_target,90,vihtavuori_n560,147,43.1,2707,23,vihtavuori,large_rifle_generic,10,2.693,,,,,,
243_win,0.243,berger,classic_hunter,95,vihtavuori_n555,144,37.8,2644,23,vihtavuori,large_rifle_generic,10,2.681,,,,,,
243_win,0.243,berger,classic_hunter,95,vihtavuori_n160,143,35.8,2516,23,vihtavuori,large_rifle_generic,10,2.681,,,,,,
243_win,0.243,berger,classic_hunter,95,vihtavuori_n165,153,41.8,2638,23,vihtavuori,large_rifle_generic,10,2.681,,,,,,
243_win,0.243,berger,classic_hunter,95,vihtavuori_n560,147,40.6,2608,23,vihtavuori,large_rifle_generic,10,2.681,,,,,,
243_win,0.243,berger,bt_target,108,vihtavuori_n550,129,33,2451,23,vihtavuori,large_rifle_generic,10,2.709,,,,,,
243_win,0.243,berger,bt_target,108,vihtavuori_n555,144,35.5,2461,23,vihtavuori,large_rifle_generic,10,2.709,,,,,,
243_win,0.243,berger,bt_target,108,vihtavuori_n160,143,34,2372,23,vihtavuori,large_rifle_generic,10,2.709,,,,,,
243_win,0.243,berger,bt_target,108,vihtavuori_n165,153,38.7,2451,23,vihtavuori,large_rifle_generic,10,2.709,,,,,,
243_win,0.243,berger,bt_target,108,vihtavuori_n560,147,38.9,2457,23,vihtavuori,large_rifle_generic,10,2.709,,,,,,
243_win,0.243,berger,elite_hunter,108,vihtavuori_n550,129,34,2461,23,vihtavuori,large_rifle_generic,10,2.709,,,,,,
243_win,0.243,berger,elite_hunter,108,vihtavuori_n555,144,38.1,2530,23,vihtavuori,large_rifle_generic,10,2.709,,,,,,
243_win,0.243,berger,elite_hunter,108,vihtavuori_n160,143,36.4,2398,23,vihtavuori,large_rifle_generic,10,2.709,,,,,,
243_win,0.243,berger,elite_hunter,108,vihtavuori_n165,153,41.8,2516,23,vihtavuori,large_rifle_generic,10,2.709,,,,,,
243_win,0.243,berger,elite_hunter,108,vihtavuori_n560,147,39.4,2487,23,vihtavuori,large_rifle_generic,10,2.709,,,,,,
243_win,0.243,berger,elite_hunter,108,vihtavuori_n565,156,41.4,2500,23,vihtavuori,large_rifle_generic,10,2.709,,,,,,
243_win,0.243,berger,long_range_hybrid_target,109,vihtavuori_n550,129,33.8,2434,23,vihtavuori,large_rifle_generic,10,2.795,,,,,,
243_win,0.243,berger,long_range_hybrid_target,109,vihtavuori_n555,144,35.8,2438,23,vihtavuori,large_rifle_generic,10,2.795,,,,,,
243_win,0.243,berger,long_range_hybrid_target,109,vihtavuori_n160,143,31.8,2290,23,vihtavuori,large_rifle_generic,10,2.795,,,,,,
243_win,0.243,berger,long_range_hybrid_target,109,vihtavuori_n165,153,38,2408,23,vihtavuori,large_rifle_generic,10,2.795,,,,,,
243_win,0.243,berger,long_range_hybrid_target,109,vihtavuori_n560,147,38.1,2444,23,vihtavuori,large_rifle_generic,10,2.795,,,,,,
243_win,0.243,berger,long_range_hybrid_target,109,vihtavuori_n565,156,40,2464,23,vihtavuori,large_rifle_generic,10,2.795,,,,,,
243_win,0.243,berger,bt_target,90,vihtavuori_n140,112,37.3,2887,23,vihtavuori,large_rifle_generic,10,2.693,,,,,,
243_win,0.243,berger,bt_target,90,vihtavuori_n540,117,39.5,2995,23,vihtavuori,large_rifle_generic,10,2.693,,,,,,
243_win,0.243,berger,bt_target,90,vihtavuori_n150,124,36.7,2887,23,vihtavuori,large_rifle_generic,10,2.693,,,,,,
243_win,0.243,berger,bt_target,90,vihtavuori_n550,129,41.7,3015,23,vihtavuori,large_rifle_generic,10,2.693,,,,,,
243_win,0.243,berger,bt_target,90,vihtavuori_n555,144,44.9,3054,23,vihtavuori,large_rifle_generic,10,2.693,,,,,,
243_win,0.243,berger,bt_target,90,vihtavuori_n160,143,45.1,2969,23,vihtavuori,large_rifle_generic,10,2.693,,,,,,
243_win,0.243,berger,bt_target,90,vihtavuori_n560,147,46.6,2999,23,vihtavuori,large_rifle_generic,10,2.693,,,,,,
243_win,0.243,berger,classic_hunter,95,vihtavuori_n555,144,42.4,2946,23,vihtavuori,large_rifle_generic,10,2.681,,,,,,
243_win,0.243,berger,classic_hunter,95,vihtavuori_n160,143,41.2,2828,23,vihtavuori,large_rifle_generic,10,2.681,,,,,,
243_win,0.243,berger,classic_hunter,95,vihtavuori_n165,153,46,2917,23,vihtavuori,large_rifle_generic,10,2.681,,,,,,
243_win,0.243,berger,classic_hunter,95,vihtavuori_n560,147,44.6,2910,23,vihtavuori,large_rifle_generic,10,2.681,,,,,,
243_win,0.243,berger,bt_target,108,vihtavuori_n550,129,37.3,2713,23,vihtavuori,large_rifle_generic,10,2.709,,,,,,
243_win,0.243,berger,bt_target,108,vihtavuori_n555,144,40.4,2743,23,vihtavuori,large_rifle_generic,10,2.709,,,,,,
243_win,0.243,berger,bt_target,108,vihtavuori_n160,143,40.1,2680,23,vihtavuori,large_rifle_generic,10,2.709,,,,,,
243_win,0.243,berger,bt_target,108,vihtavuori_n165,153,43.8,2736,23,vihtavuori,large_rifle_generic,10,2.709,,,,,,
243_win,0.243,berger,bt_target,108,vihtavuori_n560,147,43.2,2749,23,vihtavuori,large_rifle_generic,10,2.709,,,,,,
243_win,0.243,berger,elite_hunter,108,vihtavuori_n550,129,38.4,2746,23,vihtavuori,large_rifle_generic,10,2.709,,,,,,
243_win,0.243,berger,elite_hunter,108,vihtavuori_n555,144,41.8,2785,23,vihtavuori,large_rifle_generic,10,2.709,,,,,,
243_win,0.243,berger,elite_hunter,108,vihtavuori_n160,143,41.8,2703,23,vihtavuori,large_rifle_generic,10,2.709,,,,,,
243_win,0.243,berger,elite_hunter,108,vihtavuori_n165,153,45.7,2766,23,vihtavuori,large_rifle_generic,10,2.709,,,,,,
243_win,0.243,berger,elite_hunter,108,vihtavuori_n560,147,43.4,2756,23,vihtavuori,large_rifle_generic,10,2.709,,,,,,
243_win,0.243,berger,elite_hunter,108,vihtavuori_n565,156,45.4,2766,23,vihtavuori,large_rifle_generic,10,2.709,yes,,,,,
243_win,0.243,berger,long_range_hybrid_target,109,vihtavuori_n550,129,38.3,2720,23,vihtavuori,large_rifle_generic,10,2.795,,,,,,
243_win,0.243,berger,long_range_hybrid_target,109,vihtavuori_n555,144,41.8,2756,23,vihtavuori,large_rifle_generic,10,2.795,,,,,,
243_win,0.243,berger,long_range_hybrid_target,109,vihtavuori_n160,143,38.4,2615,23,vihtavuori,large_rifle_generic,10,2.795,,,,,,
243_win,0.243,berger,long_range_hybrid_target,109,vihtavuori_n165,153,45.1,2736,23,vihtavuori,large_rifle_generic,10,2.795,,,,,,
243_win,0.243,berger,long_range_hybrid_target,109,vihtavuori_n560,147,43.2,2749,23,vihtavuori,large_rifle_generic,10,2.795,,,,,,
243_win,0.243,berger,long_range_hybrid_target,109,vihtavuori_n565,156,45.1,2749,23,vihtavuori,large_rifle_generic,10,2.795,,,,,,
243_win,0.243,brenneke,tog,96,vihtavuori_n540,117,33.2,2690,23,vihtavuori,large_rifle_generic,10,2.638,,,,,,
243_win,0.243,brenneke,tog,96,vihtavuori_n550,129,38,2766,23,vihtavuori,large_rifle_generic,10,2.638,,,,,,
243_win,0.243,brenneke,tog,96,vihtavuori_n160,143,40.1,2703,23,vihtavuori,large_rifle_generic,10,2.638,,,,,,
243_win,0.243,brenneke,tog,96,vihtavuori_n540,117,38.6,3045,23,vihtavuori,large_rifle_generic,10,2.638,,,,,,
243_win,0.243,brenneke,tog,96,vihtavuori_n550,129,41.4,3081,23,vihtavuori,large_rifle_generic,10,2.638,,,,,,
243_win,0.243,brenneke,tog,96,vihtavuori_n160,143,45.2,3048,23,vihtavuori,large_rifle_generic,10,2.638,,,,,,
243_win,0.243,fox,classic_hunter,80,vihtavuori_n540,117,34.7,2802,23,vihtavuori,large_rifle_generic,10,2.697,,,,,,
243_win,0.243,fox,classic_hunter,80,vihtavuori_n150,124,30.1,2733,23,vihtavuori,large_rifle_generic,10,2.697,,,,,,
243_win,0.243,fox,classic_hunter,80,vihtavuori_n550,129,36.9,2799,23,vihtavuori,large_rifle_generic,10,2.697,,,,,,
243_win,0.243,fox,classic_hunter,80,vihtavuori_n555,144,41.7,2887,23,vihtavuori,large_rifle_generic,10,2.697,,,,,,
243_win,0.243,fox,classic_hunter,80,vihtavuori_n540,117,40.3,3143,23,vihtavuori,large_rifle_generic,10,2.697,,,,,,
243_win,0.243,fox,classic_hunter,80,vihtavuori_n150,124,34.7,2930,23,vihtavuori,large_rifle_generic,10,2.697,,,,,,
243_win,0.243,fox,classic_hunter,80,vihtavuori_n550,129,41.2,3133,23,vihtavuori,large_rifle_generic,10,2.697,,,,,,
243_win,0.243,fox,classic_hunter,80,vihtavuori_n555,144,46.1,3209,23,vihtavuori,large_rifle_generic,10,2.697,,,,,,
243_win,0.243,hornady,v_max,58,vihtavuori_n135,102,35.6,3402,23,vihtavuori,large_rifle_generic,10,2.579,,,,,,
243_win,0.243,hornady,v_max,58,vihtavuori_n140,112,39,3422,23,vihtavuori,large_rifle_generic,10,2.579,,,,,,
243_win,0.243,hornady,v_max,58,vihtavuori_n540,117,37.8,3448,23,vihtavuori,large_rifle_generic,10,2.579,,,,,,
243_win,0.243,hornady,v_max,58,vihtavuori_n550,129,40.9,3501,23,vihtavuori,large_rifle_generic,10,2.579,,,,,,
243_win,0.243,hornady,v_max,65,vihtavuori_n135,102,34,3022,23,vihtavuori,large_rifle_generic,10,2.701,,,,,,
243_win,0.243,hornady,v_max,65,vihtavuori_n140,112,38,3051,23,vihtavuori,large_rifle_generic,10,2.701,,,,,,
243_win,0.243,hornady,v_max,65,vihtavuori_n540,117,39.4,3153,23,vihtavuori,large_rifle_generic,10,2.701,,,,,,
243_win,0.243,hornady,v_max,65,vihtavuori_n150,124,36.6,3064,23,vihtavuori,large_rifle_generic,10,2.701,,,,,,
243_win,0.243,hornady,v_max,65,vihtavuori_n550,129,42,3143,23,vihtavuori,large_rifle_generic,10,2.701,,,,,,
243_win,0.243,hornady,v_max,65,vihtavuori_n555,144,45.4,3192,23,vihtavuori,large_rifle_generic,10,2.701,,,,,,
243_win,0.243,hornady,v_max,65,vihtavuori_n160,143,45.7,3117,23,vihtavuori,large_rifle_generic,10,2.701,,,,,,
243_win,0.243,hornady,v_max,75,vihtavuori_n135,102,31.9,2818,23,vihtavuori,large_rifle_generic,10,2.630,,,,,,
243_win,0.243,hornady,v_max,75,vihtavuori_n140,112,34,2848,23,vihtavuori,large_rifle_generic,10,2.630,,,,,,
243_win,0.243,hornady,v_max,75,vihtavuori_n150,124,34,2828,23,vihtavuori,large_rifle_generic,10,2.630,,,,,,
243_win,0.243,hornady,v_max,75,vihtavuori_n550,129,38.6,3058,23,vihtavuori,large_rifle_generic,10,2.630,,,,,,
243_win,0.243,hornady,v_max,75,vihtavuori_n555,144,43.2,3035,23,vihtavuori,large_rifle_generic,10,2.630,,,,,,
243_win,0.243,hornady,v_max,75,vihtavuori_n160,143,43.2,2946,23,vihtavuori,large_rifle_generic,10,2.630,,,,,,
243_win,0.243,hornady,fmj,80,vihtavuori_n140,112,31.5,2726,23,vihtavuori,large_rifle_generic,10,2.638,,,,,,
243_win,0.243,hornady,fmj,80,vihtavuori_n150,124,31.8,2756,23,vihtavuori,large_rifle_generic,10,2.638,,,,,,
243_win,0.243,hornady,fmj,80,vihtavuori_n550,129,37.3,2936,23,vihtavuori,large_rifle_generic,10,2.638,,,,,,
243_win,0.243,hornady,fmj,80,vihtavuori_n160,143,39.2,2920,23,vihtavuori,large_rifle_generic,10,2.638,,,,,,
243_win,0.243,hornady,v_max,87,vihtavuori_n140,112,31.6,2592,23,vihtavuori,large_rifle_generic,10,2.689,,,,,,
243_win,0.243,hornady,v_max,87,vihtavuori_n150,124,32.4,2621,23,vihtavuori,large_rifle_generic,10,2.689,,,,,,
243_win,0.243,hornady,v_max,87,vihtavuori_n550,129,35.5,2687,23,vihtavuori,large_rifle_generic,10,2.689,,,,,,
243_win,0.243,hornady,v_max,87,vihtavuori_n555,144,40.9,2818,23,vihtavuori,large_rifle_generic,10,2.689,,,,,,
243_win,0.243,hornady,v_max,87,vihtavuori_n160,143,39.4,2667,23,vihtavuori,large_rifle_generic,10,2.689,,,,,,
243_win,0.243,hornady,v_max,87,vihtavuori_n560,147,43.2,2749,23,vihtavuori,large_rifle_generic,10,2.689,,,,,,
243_win,0.243,hornady,v_max,58,vihtavuori_n135,102,39.3,3698,23,vihtavuori,large_rifle_generic,10,2.579,,,,,,
243_win,0.243,hornady,v_max,58,vihtavuori_n140,112,43.2,3730,23,vihtavuori,large_rifle_generic,10,2.579,,,,,,
243_win,0.243,hornady,v_max,58,vihtavuori_n540,117,44.3,3776,23,vihtavuori,large_rifle_generic,10,2.579,,,,,,
243_win,0.243,hornady,v_max,58,vihtavuori_n550,129,44.4,3822,23,vihtavuori,large_rifle_generic,10,2.579,,,,,,
243_win,0.243,hornady,v_max,65,vihtavuori_n135,102,38.4,3314,23,vihtavuori,large_rifle_generic,10,2.701,,,,,,
243_win,0.243,hornady,v_max,65,vihtavuori_n140,112,42.4,3379,23,vihtavuori,large_rifle_generic,10,2.701,,,,,,
243_win,0.243,hornady,v_max,65,vihtavuori_n540,117,43.4,3474,23,vihtavuori,large_rifle_generic,10,2.701,,,,,,
243_win,0.243,hornady,v_max,65,vihtavuori_n150,124,41.8,3386,23,vihtavuori,large_rifle_generic,10,2.701,,,,,,
243_win,0.243,hornady,v_max,65,vihtavuori_n550,129,45.4,3478,23,vihtavuori,large_rifle_generic,10,2.701,,,,,,
243_win,0.243,hornady,v_max,65,vihtavuori_n555,144,47.8,3373,23,vihtavuori,large_rifle_generic,10,2.701,yes,,,,,
243_win,0.243,hornady,v_max,65,vihtavuori_n160,143,49.8,3435,23,vihtavuori,large_rifle_generic,10,2.701,yes,,,,,
243_win,0.243,hornady,v_max,75,vihtavuori_n135,102,35.6,3100,23,vihtavuori,large_rifle_generic,10,2.630,,,,,,
243_win,0.243,hornady,v_max,75,vihtavuori_n140,112,39,3169,23,vihtavuori,large_rifle_generic,10,2.630,,,,,,
243_win,0.243,hornady,v_max,75,vihtavuori_n150,124,38.9,3140,23,vihtavuori,large_rifle_generic,10,2.630,,,,,,
243_win,0.243,hornady,v_max,75,vihtavuori_n550,129,43.4,3297,23,vihtavuori,large_rifle_generic,10,2.630,,,,,,
243_win,0.243,hornady,v_max,75,vihtavuori_n555,144,46.9,3340,23,vihtavuori,large_rifle_generic,10,2.630,yes,,,,,
243_win,0.243,hornady,v_max,75,vihtavuori_n160,143,46.9,3238,23,vihtavuori,large_rifle_generic,10,2.630,,,,,,
243_win,0.243,hornady,fmj,80,vihtavuori_n140,112,37.2,3114,23,vihtavuori,large_rifle_generic,10,2.638,,,,,,
243_win,0.243,hornady,fmj,80,vihtavuori_n150,124,37.5,3107,23,vihtavuori,large_rifle_generic,10,2.638,,,,,,
243_win,0.243,hornady,fmj,80,vihtavuori_n550,129,43.1,3287,23,vihtavuori,large_rifle_generic,10,2.638,,,,,,
243_win,0.243,hornady,fmj,80,vihtavuori_n160,143,45.4,3258,23,vihtavuori,large_rifle_generic,10,2.638,,,,,,
243_win,0.243,hornady,v_max,87,vihtavuori_n140,112,36.3,2897,23,vihtavuori,large_rifle_generic,10,2.689,,,,,,
243_win,0.243,hornady,v_max,87,vihtavuori_n150,124,36.6,2884,23,vihtavuori,large_rifle_generic,10,2.689,,,,,,
243_win,0.243,hornady,v_max,87,vihtavuori_n550,129,40.7,3048,23,vihtavuori,large_rifle_generic,10,2.689,,,,,,
243_win,0.243,hornady,v_max,87,vihtavuori_n555,144,44.4,3087,23,vihtavuori,large_rifle_generic,10,2.689,,,,,,
243_win,0.243,hornady,v_max,87,vihtavuori_n160,143,44.4,2979,23,vihtavuori,large_rifle_generic,10,2.689,,,,,,
243_win,0.243,hornady,v_max,87,vihtavuori_n560,147,47.1,3048,23,vihtavuori,large_rifle_generic,10,2.689,,,,,,
243_win,0.243,lapua,hp,77,vihtavuori_n135,102,30.7,2805,23,vihtavuori,large_rifle_generic,10,2.638,,,,,,
243_win,0.243,lapua,hp,77,vihtavuori_n140,112,34.4,2897,23,vihtavuori,large_rifle_generic,10,2.638,,,,,,
243_win,0.243,lapua,hp,77,vihtavuori_n150,124,34.6,2890,23,vihtavuori,large_rifle_generic,10,2.638,,,,,,
243_win,0.243,lapua,hp,77,vihtavuori_n550,129,39.7,3012,23,vihtavuori,large_rifle_generic,10,2.638,,,,,,
243_win,0.243,lapua,naturalis,90,vihtavuori_n540,117,34.9,2756,23,vihtavuori,large_rifle_generic,10,2.638,,,,,,
243_win,0.243,lapua,naturalis,90,vihtavuori_n150,124,31.2,2621,23,vihtavuori,large_rifle_generic,10,2.638,,,,,,
243_win,0.243,lapua,naturalis,90,vihtavuori_n550,129,37.7,2776,23,vihtavuori,large_rifle_generic,10,2.638,,,,,,
243_win,0.243,lapua,naturalis,90,vihtavuori_n160,143,37.5,2700,23,vihtavuori,large_rifle_generic,10,2.638,,,,,,
243_win,0.243,lapua,scenar,90,vihtavuori_n540,117,35,2822,23,vihtavuori,large_rifle_generic,10,2.689,,,,,,
243_win,0.243,lapua,scenar,90,vihtavuori_n150,124,32.1,2680,23,vihtavuori,large_rifle_generic,10,2.689,,,,,,
243_win,0.243,lapua,scenar,90,vihtavuori_n550,129,38,2838,23,vihtavuori,large_rifle_generic,10,2.689,,,,,,
243_win,0.243,lapua,scenar,90,vihtavuori_n160,143,38.9,2779,23,vihtavuori,large_rifle_generic,10,2.689,,,,,,
243_win,0.243,lapua,scenar,105,vihtavuori_n150,124,30.1,2392,23,vihtavuori,large_rifle_generic,10,2.689,,,,,,
243_win,0.243,lapua,scenar,105,vihtavuori_n550,129,36.1,2566,23,vihtavuori,large_rifle_generic,10,2.689,,,,,,
243_win,0.243,lapua,scenar,105,vihtavuori_n160,143,37.5,2513,23,vihtavuori,large_rifle_generic,10,2.689,,,,,,
243_win,0.243,lapua,scenar,105,vihtavuori_n165,153,40.4,2569,23,vihtavuori,large_rifle_generic,10,2.689,,,,,,
243_win,0.243,lapua,hp,77,vihtavuori_n135,102,35.8,3176,23,vihtavuori,large_rifle_generic,10,2.638,,,,,,
243_win,0.243,lapua,hp,77,vihtavuori_n140,112,39.2,3255,23,vihtavuori,large_rifle_generic,10,2.638,,,,,,
243_win,0.243,lapua,hp,77,vihtavuori_n150,124,39.8,3264,23,vihtavuori,large_rifle_generic,10,2.638,,,,,,
243_win,0.243,lapua,hp,77,vihtavuori_n550,129,43.2,3386,23,vihtavuori,large_rifle_generic,10,2.638,,,,,,
243_win,0.243,lapua,naturalis,90,vihtavuori_n540,117,39,3100,23,vihtavuori,large_rifle_generic,10,2.638,,,,,,
243_win,0.243,lapua,naturalis,90,vihtavuori_n150,124,36.9,2963,23,vihtavuori,large_rifle_generic,10,2.638,,,,,,
243_win,0.243,lapua,naturalis,90,vihtavuori_n550,129,42,3123,23,vihtavuori,large_rifle_generic,10,2.638,,,,,,
243_win,0.243,lapua,naturalis,90,vihtavuori_n160,143,44,3091,23,vihtavuori,large_rifle_generic,10,2.638,,,,,,
243_win,0.243,lapua,scenar,90,vihtavuori_n540,117,39.2,3156,23,vihtavuori,large_rifle_generic,10,2.689,,,,,,
243_win,0.243,lapua,scenar,90,vihtavuori_n150,124,37.7,2999,23,vihtavuori,large_rifle_generic,10,2.689,,,,,,
243_win,0.243,lapua,scenar,90,vihtavuori_n550,129,41.4,3173,23,vihtavuori,large_rifle_generic,10,2.689,,,,,,
243_win,0.243,lapua,scenar,90,vihtavuori_n160,143,43.7,3123,23,vihtavuori,large_rifle_generic,10,2.689,,,,,,
243_win,0.243,lapua,scenar,105,vihtavuori_n150,124,35,2694,23,vihtavuori,large_rifle_generic,10,2.689,,,,,,
243_win,0.243,lapua,scenar,105,vihtavuori_n550,129,40,2920,23,vihtavuori,large_rifle_generic,10,2.689,,,,,,
243_win,0.243,lapua,scenar,105,vihtavuori_n160,143,41.7,2851,23,vihtavuori,large_rifle_generic,10,2.689,,,,,,
243_win,0.243,lapua,scenar,105,vihtavuori_n165,153,46.3,2933,23,vihtavuori,large_rifle_generic,10,2.689,,,,,,
243_win,0.243,norma,fmj,95,vihtavuori_n550,129,34.7,2549,23,vihtavuori,large_rifle_generic,10,2.508,,,,,,
243_win,0.243,norma,fmj,95,vihtavuori_n555,144,36.4,2582,23,vihtavuori,large_rifle_generic,10,2.508,,,,,,
243_win,0.243,norma,fmj,95,vihtavuori_n160,143,34.7,2461,23,vihtavuori,large_rifle_generic,10,2.508,,,,,,
243_win,0.243,norma,fmj,95,vihtavuori_n165,153,41.4,2582,23,vihtavuori,large_rifle_generic,10,2.508,,,,,,
243_win,0.243,norma,fmj,95,vihtavuori_n560,147,40,2549,23,vihtavuori,large_rifle_generic,10,2.508,,,,,,
243_win,0.243,norma,fmj,95,vihtavuori_n550,129,39.5,2848,23,vihtavuori,large_rifle_generic,10,2.508,,,,,,
243_win,0.243,norma,fmj,95,vihtavuori_n555,144,42.4,2900,23,vihtavuori,large_rifle_generic,10,2.508,,,,,,
243_win,0.243,norma,fmj,95,vihtavuori_n160,143,40.9,2769,23,vihtavuori,large_rifle_generic,10,2.508,,,,,,
243_win,0.243,norma,fmj,95,vihtavuori_n165,153,45.2,2844,23,vihtavuori,large_rifle_generic,10,2.508,,,,,,
243_win,0.243,norma,fmj,95,vihtavuori_n560,147,44,2841,23,vihtavuori,large_rifle_generic,10,2.508,,,,,,
243_win,0.243,nosler,partition,85,vihtavuori_n540,117,33.5,2822,23,vihtavuori,large_rifle_generic,10,2.677,,,,,,
243_win,0.243,nosler,partition,85,vihtavuori_n150,124,29.3,2628,23,vihtavuori,large_rifle_generic,10,2.677,,,,,,
243_win,0.243,nosler,partition,85,vihtavuori_n550,129,36.4,2841,23,vihtavuori,large_rifle_generic,10,2.677,,,,,,
243_win,0.243,nosler,partition,85,vihtavuori_n160,143,37.3,2776,23,vihtavuori,large_rifle_generic,10,2.677,,,,,,
243_win,0.243,nosler,partition,85,vihtavuori_n540,117,38.6,3186,23,vihtavuori,large_rifle_generic,10,2.677,,,,,,
243_win,0.243,nosler,partition,85,vihtavuori_n150,124,35.2,3025,23,vihtavuori,large_rifle_generic,10,2.677,,,,,,
243_win,0.243,nosler,partition,85,vihtavuori_n550,129,41.8,3205,23,vihtavuori,large_rifle_generic,10,2.677,,,,,,
243_win,0.243,nosler,partition,85,vihtavuori_n160,143,43.8,3179,23,vihtavuori,large_rifle_generic,10,2.677,,,,,,
243_win,0.243,sierra,blitz_king,70,vihtavuori_n135,102,33.5,2940,23,vihtavuori,large_rifle_generic,10,2.681,,,,,,
243_win,0.243,sierra,blitz_king,70,vihtavuori_n140,112,36.6,2995,23,vihtavuori,large_rifle_generic,10,2.681,,,,,,
243_win,0.243,sierra,blitz_king,70,vihtavuori_n550,129,42.6,3071,23,vihtavuori,large_rifle_generic,10,2.681,,,,,,
243_win,0.243,sierra,fmj,90,vihtavuori_n540,117,33.5,2762,23,vihtavuori,large_rifle_generic,10,2.689,,,,,,
243_win,0.243,sierra,fmj,90,vihtavuori_n150,124,30.6,2641,23,vihtavuori,large_rifle_generic,10,2.689,,,,,,
243_win,0.243,sierra,fmj,90,vihtavuori_n550,129,35.6,2782,23,vihtavuori,large_rifle_generic,10,2.689,,,,,,
243_win,0.243,sierra,fmj,90,vihtavuori_n160,143,37.2,2743,23,vihtavuori,large_rifle_generic,10,2.689,,,,,,
243_win,0.243,sierra,blitz_king,70,vihtavuori_n135,102,38.4,3241,23,vihtavuori,large_rifle_generic,10,2.681,,,,,,
243_win,0.243,sierra,blitz_king,70,vihtavuori_n140,112,41.7,3310,23,vihtavuori,large_rifle_generic,10,2.681,,,,,,
243_win,0.243,sierra,blitz_king,70,vihtavuori_n550,129,45.7,3402,23,vihtavuori,large_rifle_generic,10,2.681,,,,,,
243_win,0.243,sierra,fmj,90,vihtavuori_n540,117,38.4,3104,23,vihtavuori,large_rifle_generic,10,2.689,,,,,,
243_win,0.243,sierra,fmj,90,vihtavuori_n150,124,35.5,2959,23,vihtavuori,large_rifle_generic,10,2.689,,,,,,
243_win,0.243,sierra,fmj,90,vihtavuori_n550,129,40.6,3123,23,vihtavuori,large_rifle_generic,10,2.689,,,,,,
243_win,0.243,sierra,fmj,90,vihtavuori_n160,143,42.6,3087,23,vihtavuori,large_rifle_generic,10,2.689,,,,,,
243_win,0.243,speer,grand_slam,100,vihtavuori_n540,117,30.4,2526,23,vihtavuori,large_rifle_generic,10,2.689,,,,,,
243_win,0.243,speer,grand_slam,100,vihtavuori_n150,124,28.7,2369,23,vihtavuori,large_rifle_generic,10,2.689,,,,,,
243_win,0.243,speer,grand_slam,100,vihtavuori_n550,129,34.1,2582,23,vihtavuori,large_rifle_generic,10,2.689,,,,,,
243_win,0.243,speer,grand_slam,100,vihtavuori_n160,143,34.4,2523,23,vihtavuori,large_rifle_generic,10,2.689,,,,,,
243_win,0.243,speer,grand_slam,100,vihtavuori_n540,117,36,2881,23,vihtavuori,large_rifle_generic,10,2.689,,,,,,
243_win,0.243,speer,grand_slam,100,vihtavuori_n150,124,34.4,2753,23,vihtavuori,large_rifle_generic,10,2.689,,,,,,
243_win,0.243,speer,grand_slam,100,vihtavuori_n550,129,38.3,2904,23,vihtavuori,large_rifle_generic,10,2.689,,,,,,
243_win,0.243,speer,grand_slam,100,vihtavuori_n160,143,39.8,2864,23,vihtavuori,large_rifle_generic,10,2.689,,,,,,
243_win,0.243,swift,scirocco_ii,90,vihtavuori_n550,129,33.5,2585,23,vihtavuori,large_rifle_generic,10,2.689,,,,,,
243_win,0.243,swift,scirocco_ii,90,vihtavuori_n555,144,34,2579,23,vihtavuori,large_rifle_generic,10,2.689,,,,,,
243_win,0.243,swift,scirocco_ii,90,vihtavuori_n160,143,27.9,2343,23,vihtavuori,large_rifle_generic,10,2.689,,,,,,
243_win,0.243,swift,scirocco_ii,90,vihtavuori_n165,153,34,2520,23,vihtavuori,large_rifle_generic,10,2.689,,,,,,
243_win,0.243,swift,scirocco_ii,90,vihtavuori_n560,147,38,2546,23,vihtavuori,large_rifle_generic,10,2.689,,,,,,
243_win,0.243,swift,scirocco_ii,90,vihtavuori_n550,129,38.3,2884,23,vihtavuori,large_rifle_generic,10,2.689,,,,,,
243_win,0.243,swift,scirocco_ii,90,vihtavuori_n555,144,42,2936,23,vihtavuori,large_rifle_generic,10,2.689,,,,,,
243_win,0.243,swift,scirocco_ii,90,vihtavuori_n160,143,35,2687,23,vihtavuori,large_rifle_generic,10,2.689,,,,,,
243_win,0.243,swift,scirocco_ii,90,vihtavuori_n165,153,43.2,2854,23,vihtavuori,large_rifle_generic,10,2.689,,,,,,
243_win,0.243,swift,scirocco_ii,90,vihtavuori_n560,147,43.4,2884,23,vihtavuori,large_rifle_generic,10,2.689,,,,,,
260_rem,0.264,berger,hpbt,130,alliant_reloder_17,134,42.5,2950,28,accurateshooter,,,,,,,,,
260_rem,0.264,berger,vld,140,hodgdon_h4350,133,42,2700,,accurateshooter,cci,,2.850,,,,,,
260_rem,0.264,berger,,130,alliant_reloder_17,134,44.5,3050,28,accurateshooter,cci_br2,,2.390,,,,,,
260_rem,0.264,berger,vld,130,alliant_reloder_17,134,43.5,3072,,accurateshooter,winchester_large_rifle,,2.940,,,,,,
260_rem,0.264,berger,vld,130,hodgdon_h4350,133,44.5,2890,,accurateshooter,cci_br2,,,,,,,,
260_rem,0.264,berger,vld,140,hodgdon_h4350,133,41.7,2835,30,accurateshooter,cci_br2,,,,,,,,
260_rem,0.264,berger,vld,130,alliant_reloder_17,134,45,3120,30,accurateshooter,cci_200,,2.990,,,,,,
260_rem,0.264,berger,vld,140,hodgdon_h4350,133,43,2865,28,accurateshooter,cci_br2,8.5,,,0.012,,,,
260_rem,0.264,berger,vld,130,hodgdon_h4350,133,43.5,2950,26,accurateshooter,cci_br2,8,,,0.01,,,,
260_rem,0.264,berger,vld,140,hodgdon_h4350,133,41.5,2690,24,accurateshooter,cci_br2,8.5,,,0.015,,,,
260_rem,0.264,hornady,a_max,140,hodgdon_h4350,133,43.5,2810,,accurateshooter,cci,,,,-0.015,,,,
260_rem,0.264,hornady,sp,129,vihtavuori_n165,153,46.6,2750,,accurateshooter,cci_200,,,,-0.012,,,,
260_rem,0.264,hornady,sst,129,alliant_reloder_19,140,45.2,2703,,accurateshooter,cci_200,,,,-0.02,,,,
260_rem,0.264,hornady,a_max,140,vihtavuori_n165,153,43.5,2582,,accurateshooter,cci_200,,,,0,,,,
260_rem,0.264,hornady,a_max,123,hodgdon_h4831,146,48,3000,26,accurateshooter,winchester_large_rifle,8,2.850,,-0.01,,,,
260_rem,0.264,hornady,a_max,123,hodgdon_varget,113,39.3,2930,26,accurateshooter,winchester_large_rifle,8,2.850,,-0.01,,,,
260_rem,0.264,hornady,a_max,123,alliant_reloder_17,134,44,3030,26,accurateshooter,winchester_large_rifle,8,2.850,,-0.01,,,,
260_rem,0.264,hornady,a_max,140,imr_7828sc,154,47,2780,26,accurateshooter,wolf,,,,,,,,
260_rem,0.264,lapua,hpbt,123,hodgdon_h4350,133,43.5,2975,,accurateshooter,federal,,,,,,,,
260_rem,0.264,lapua,scenar,139,hodgdon_h4350,133,42,2820,26,accurateshooter,cci_br2,8,2.845,,,,,,
260_rem,0.264,norma,diamond,130,hodgdon_hybrid_100v,137,44,2900,24,accurateshooter,,,,,,,,,
260_rem,0.264,norma,golden,130,alliant_reloder_17,134,43.5,2969,,accurateshooter,winchester_large_rifle,,2.865,,-0.01,,,,
260_rem,0.264,nosler,bt,120,hodgdon_h380,122,41.5,2675,22,accurateshooter,winchester_large_rifle,9,2.790,,,,,,
260_rem,0.264,nosler,ballistic_tip,120,alliant_reloder_19,140,46.3,3040,28,accurateshooter,,,2.875,,-0.018,,,,
260_rem,0.264,sierra,match_king,142,vihtavuori_n165,153,44.5,2620,,accurateshooter,cci_200,,,,,,,,
300_blk,0.308,berger,fb_target,115,hodgdon_trail_boss,22,4.5,965,,hodgdonpowderco,,,2.050,no,,,17100,,
300_blk,0.308,berger,fb_target,115,hodgdon_trail_boss,22,5.5,1062,,hodgdonpowderco,,,2.050,no,,,18400,,
300_blk,0.308,berrys,spire_point,200,imr_4198,79,11.5,890,9,reddit,,7,2.200,no,,68,,,yes
300_blk,0.308,berrys,spire_point,220,hodgdon_h110,66,9,940,8.3,reddit,,,2.300,no,,,,,
300_blk,0.308,berrys,spire_point,220,hodgdon_h110,66,9.5,1000,8.3,reddit,,,2.300,no,,,,,
300_blk,0.308,berrys,spire_point,220,hodgdon_h110,66,10,1060,8.3,reddit,,,2.300,no,,,,,
300_blk,0.308,hornady,v_max,110,hodgdon_trail_boss,22,4.9,1023,,hodgdonpowderco,,,2.050,no,,,12400,,
300_blk,0.308,hornady,v_max,110,hodgdon_trail_boss,22,6.2,1040,,hodgdonpowderco,,,2.050,no,,,18600,,
300_blk,0.308,hornady,interbond,150,hodgdon_trail_boss,22,6,871,,hodgdonpowderco,,,2.235,no,,,28900,,
300_blk,0.308,hornady,sub_x,190,imr_4198,79,11.4,1032,,hodgdonpowderco,,,2.050,yes,,,22800,,
300_blk,0.308,hornady,sub_x,190,hodgdon_cfe_blk,74,12.3,1062,,hodgdonpowderco,,,2.050,yes,,,18700,,
300_blk,0.308,hornady,sub_x,190,hodgdon_h4198,80,11.5,1059,,hodgdonpowderco,,,2.050,yes,,,22900,,
300_blk,0.308,hornady,sub_x,190,imr_4227,69,10.4,1056,,hodgdonpowderco,,,2.050,yes,,,29100,,
300_blk,0.308,hornady,sub_x,190,hodgdon_h110,66,9.6,1067,,hodgdonpowderco,,,2.050,no,,,22400,,
300_blk,0.308,lapua,hpce_otce,100,vihtavuori_n105,59,10.3,1867,14,vihtavuori,small_rifle_generic,8,1.831,,,,,,
300_blk,0.308,lapua,hpce_otce,100,vihtavuori_n110,64,14.4,2077,14,vihtavuori,small_rifle_generic,8,1.831,,,,,,
300_blk,0.308,lapua,fmj,123,vihtavuori_n105,59,10.3,1575,14,vihtavuori,small_rifle_generic,8,1.976,,,,,,
300_blk,0.308,lapua,fmj,123,vihtavuori_n110,64,14.5,1857,14,vihtavuori,small_rifle_generic,8,1.976,,,,,,
300_blk,0.308,lapua,lock_base,150,vihtavuori_n120,81,9.3,1040,14,vihtavuori,small_rifle_generic,8,2.244,,,,,,
300_blk,0.308,lapua,scenar_l,155,vihtavuori_n120,81,9.6,1037,14,vihtavuori,small_rifle_generic,8,2.244,,,,,,
300_blk,0.308,lapua,scenar,167,vihtavuori_n120,81,9.4,1027,14,vihtavuori,small_rifle_generic,8,2.244,,,,,,
300_blk,0.308,lapua,scenar,185,vihtavuori_n120,81,10.2,1043,14,vihtavuori,small_rifle_generic,8,2.244,,,,,,
300_blk,0.308,lapua,fmjbt,200,vihtavuori_n110,64,8.3,1047,14,vihtavuori,small_rifle_generic,8,2.244,,,,,,
300_blk,0.308,lapua,fmjbt,200,vihtavuori_n120,81,10.2,1037,14,vihtavuori,small_rifle_generic,8,2.244,,,,,,
300_blk,0.308,lapua,hpce_otce,100,vihtavuori_n105,59,13,2110,14,vihtavuori,small_rifle_generic,8,1.831,,,,,,
300_blk,0.308,lapua,hpce_otce,100,vihtavuori_n110,64,17,2257,14,vihtavuori,small_rifle_generic,8,1.831,,,,,,
300_blk,0.308,lapua,fmj,123,vihtavuori_n105,59,11.9,1775,14,vihtavuori,small_rifle_generic,8,1.976,,,,,,
300_blk,0.308,lapua,fmj,123,vihtavuori_n110,64,15.9,1991,14,vihtavuori,small_rifle_generic,8,1.976,,,,,,
300_blk,0.308,lapua,lock_base,150,vihtavuori_n120,81,19.6,2018,14,vihtavuori,small_rifle_generic,8,2.244,,,,,,
300_blk,0.308,lapua,scenar_l,155,vihtavuori_n120,81,18.4,1929,14,vihtavuori,small_rifle_generic,8,2.244,,,,,,
300_blk,0.308,lapua,scenar,167,vihtavuori_n120,81,18.1,1841,14,vihtavuori,small_rifle_generic,8,2.244,,,,,,
300_blk,0.308,lapua,scenar,185,vihtavuori_n120,81,16.8,1713,14,vihtavuori,small_rifle_generic,8,2.244,,,,,,
300_blk,0.308,lapua,fmjbt,200,vihtavuori_n110,64,12.2,1430,14,vihtavuori,small_rifle_generic,8,2.244,,,,,,
300_blk,0.308,lapua,fmjbt,200,vihtavuori_n120,81,15.7,1506,14,vihtavuori,small_rifle_generic,8,2.244,,,,,,
300_blk,0.308,nosler,bt,125,hodgdon_trail_boss,22,6.1,1060,,hodgdonpowderco,,,2.060,no,,,21300,,
300_blk,0.308,nosler,hpbt,140,hodgdon_trail_boss,22,6,929,,hodgdonpowderco,,,2.055,no,,,27100,,
300_blk,0.308,nosler,accubond,125,vihtavuori_n105,59,10.2,1699,14,vihtavuori,small_rifle_generic,8,2.024,,,,,,
300_blk,0.308,nosler,accubond,125,vihtavuori_n110,64,13.7,1903,14,vihtavuori,small_rifle_generic,8,2.024,,,,,,
300_blk,0.308,nosler,accubond,125,vihtavuori_n105,59,11.9,1893,14,vihtavuori,small_rifle_generic,8,2.024,,,,,,
300_blk,0.308,nosler,accubond,125,vihtavuori_n110,64,15.3,2024,14,vihtavuori,small_rifle_generic,8,2.024,,,,,,
300_blk,0.308,sierra,varmint_hp,135,hodgdon_trail_boss,22,6.4,869,,hodgdonpowderco,,,2.055,no,,,21600,,
300_blk,0.308,sierra,match_king,125,vihtavuori_n105,59,10.2,1742,14,vihtavuori,small_rifle_generic,8,2.209,,,,,,
300_blk,0.308,sierra,match_king,125,vihtavuori_n110,64,14.2,1864,14,vihtavuori,small_rifle_generic,8,2.209,,,,,,
300_blk,0.308,sierra,match_king,125,vihtavuori_n105,59,11.7,1811,14,vihtavuori,small_rifle_generic,8,2.209,,,,,,
300_blk,0.308,sierra,match_king,125,vihtavuori_n110,64,15.7,2011,14,vihtavuori,small_rifle_generic,8,2.209,,,,,,
300_blk,0.308,speer,tnt,125,accurate_4100,61,16.4,1948,,reddit,cci_450,,,no,,,,,
300_blk,0.308,speer,tnt,125,accurate_4100,61,16.6,1960,,reddit,cci_450,,,no,,,,,
300_blk,0.308,speer,tnt,125,accurate_4100,61,16.8,1978,,reddit,cci_450,,,no,,,,,
300_blk,0.308,speer,tnt,125,accurate_4100,61,17,2015,,reddit,cci_450,,,no,,,,,
300_blk,0.308,speer,tnt,125,accurate_4100,61,17.2,2018,,reddit,cci_450,,,no,,,,,
300_blk,0.308,speer,tnt,125,accurate_4100,61,17.4,2032,,reddit,cci_450,,,no,,,,,
300_blk,0.308,speer,tnt,125,accurate_4100,61,17.6,2030,,reddit,cci_450,,,no,,,,,
300_blk,0.308,speer,tnt,125,accurate_4100,61,17.8,2005,,reddit,cci_450,,,no,,,,,
300_blk,0.308,speer,tnt,125,accurate_4100,61,18,2000,,reddit,cci_450,,,no,,,,,
300_blk,0.308,speer,tnt,125,accurate_4100,61,18.2,2005,,reddit,cci_450,,,no,,,,,
300_blk,0.308,speer,tnt,125,accurate_4100,61,18.4,2025,,reddit,cci_450,,,no,,,,,
300_blk,0.308,speer,hp,130,hodgdon_trail_boss,22,6.4,967,,hodgdonpowderco,,,2.005,no,,,25800,,
300_blk,0.308,berrys,spire_point,200,ramshot_enforcer,58,7,710,9,reddit,,7,2.200,no,,68,,,no
300_blk,0.308,berrys,spire_point,200,ramshot_enforcer,58,7.5,877,9,reddit,,7,2.200,no,,68,,,yes
300_blk,0.308,berrys,spire_point,200,hodgdon_lil_gun,65,8.5,1015,9,reddit,,7,2.200,no,,68,,,no
300_blk,0.308,berrys,spire_point,200,hodgdon_lil_gun,65,9,1080,9,reddit,,7,2.200,no,,68,,,yes
300_blk,0.308,berrys,spire_point,200,alliant_reloder_7,77,11,904,9,reddit,,7,2.200,no,,68,,,no
300_blk,0.308,berrys,spire_point,200,alliant_reloder_7,77,11.5,945,9,reddit,,7,2.200,no,,68,,,yes
300_blk,0.308,berrys,spire_point,200,hodgdon_cfe_blk,74,11.5,925,9,reddit,,7,2.200,no,,68,,,no
300_blk,0.308,berrys,spire_point,200,hodgdon_cfe_blk,74,12,905,9,reddit,,7,2.200,no,,68,,,yes
300_blk,0.308,berrys,spire_point,200,imr_4198,79,11,823,9,reddit,,7,2.200,no,,68,,,no
308_win,0.308,lapua,als,57,vihtavuori_n110,64,27.5,3481,24,vihtavuori,large_rifle_generic,12,2.638,,,,,,
308_win,0.308,lapua,g589_ot,100,vihtavuori_n120,81,33.6,2890,24,vihtavuori,large_rifle_generic,12,2.638,,,,,,
308_win,0.308,lapua,g589_ot,100,vihtavuori_n130,84,37.8,2986,24,vihtavuori,large_rifle_generic,12,2.638,,,,,,
308_win,0.308,lapua,g589_ot,100,vihtavuori_n133,89,41.7,3097,24,vihtavuori,large_rifle_generic,12,2.638,,,,,,
308_win,0.308,lapua,g589_ot,100,vihtavuori_n135,102,43.2,3123,24,vihtavuori,large_rifle_generic,12,2.638,,,,,,
308_win,0.308,lapua,g589_ot,100,vihtavuori_n540,117,47.4,3114,24,vihtavuori,large_rifle_generic,12,2.638,,,,,,
308_win,0.308,lapua,hpce_otce,100,vihtavuori_n110,64,20.4,2333,24,vihtavuori,large_rifle_generic,12,2.638,,,,,,
308_win,0.308,lapua,hpce_otce,100,vihtavuori_n120,81,30.6,2663,24,vihtavuori,large_rifle_generic,12,2.638,,,,,,
308_win,0.308,lapua,hpce_otce,100,vihtavuori_n130,84,33.7,2794,24,vihtavuori,large_rifle_generic,12,2.638,,,,,,
308_win,0.308,lapua,hpce_otce,100,vihtavuori_n133,89,40.6,3012,24,vihtavuori,large_rifle_generic,12,2.638,,,,,,
308_win,0.308,lapua,hpce_otce,100,vihtavuori_n530,100,41.4,3002,24,vihtavuori,large_rifle_generic,12,2.638,,,,,,
308_win,0.308,lapua,hpce_otce,100,vihtavuori_n135,102,38.1,2837,24,vihtavuori,large_rifle_generic,12,2.638,,,,,,
308_win,0.308,barnes,tsx_fb,110,vihtavuori_n130,84,38,2887,24,vihtavuori,large_rifle_generic,12,2.697,,,,,,
308_win,0.308,barnes,tsx_fb,110,vihtavuori_n133,89,41.7,2986,24,vihtavuori,large_rifle_generic,12,2.697,,,,,,
308_win,0.308,barnes,tsx_fb,110,vihtavuori_n530,100,43.5,2995,24,vihtavuori,large_rifle_generic,12,2.697,,,,,,
308_win,0.308,barnes,tsx_fb,110,vihtavuori_n135,102,43.2,2999,24,vihtavuori,large_rifle_generic,12,2.697,,,,,,
308_win,0.308,fox,classic_hunter,110,vihtavuori_n133,89,37,2838,24,vihtavuori,large_rifle_generic,12,2.697,,,,,,
308_win,0.308,fox,classic_hunter,110,vihtavuori_n135,102,39.7,2897,24,vihtavuori,large_rifle_generic,12,2.697,,,,,,
308_win,0.308,fox,classic_hunter,110,vihtavuori_n140,112,46.3,3035,24,vihtavuori,large_rifle_generic,12,2.697,,,,,,
308_win,0.308,hornady,cx,110,vihtavuori_n130,84,38.3,2864,24,vihtavuori,large_rifle_generic,12,2.795,,,,,,
308_win,0.308,hornady,cx,110,vihtavuori_n133,89,42.4,2969,24,vihtavuori,large_rifle_generic,12,2.795,,,,,,
308_win,0.308,hornady,cx,110,vihtavuori_n135,102,44,3002,24,vihtavuori,large_rifle_generic,12,2.795,,,,,,
308_win,0.308,hornady,cx,110,vihtavuori_n540,117,47.1,2999,24,vihtavuori,large_rifle_generic,12,2.795,,,,,,
308_win,0.308,hornady,gmx,110,vihtavuori_n130,84,37,2848,24,vihtavuori,large_rifle_generic,12,2.795,,,,,,
308_win,0.308,hornady,gmx,110,vihtavuori_n133,89,40.6,2897,24,vihtavuori,large_rifle_generic,12,2.795,,,,,,
308_win,0.308,hornady,gmx,110,vihtavuori_n530,100,41.1,2890,24,vihtavuori,large_rifle_generic,12,2.795,,,,,,
308_win,0.308,hornady,gmx,110,vihtavuori_n135,102,42.3,2930,24,vihtavuori,large_rifle_generic,12,2.795,,,,,,
308_win,0.308,hornady,gmx,110,vihtavuori_n540,117,45.8,2930,24,vihtavuori,large_rifle_generic,12,2.795,,,,,,
308_win,0.308,hornady,v_max,110,vihtavuori_n130,84,37.2,2871,24,vihtavuori,large_rifle_generic,12,2.697,,,,,,
308_win,0.308,hornady,v_max,110,vihtavuori_n133,89,40.6,2943,24,vihtavuori,large_rifle_generic,12,2.697,,,,,,
308_win,0.308,hornady,v_max,110,vihtavuori_n530,100,42.1,2969,24,vihtavuori,large_rifle_generic,12,2.697,,,,,,
308_win,0.308,hornady,v_max,110,vihtavuori_n135,102,42.6,3002,24,vihtavuori,large_rifle_generic,12,2.697,,,,,,
308_win,0.308,hornady,v_max,110,vihtavuori_n140,112,46,2992,24,vihtavuori,large_rifle_generic,12,2.697,,,,,,
308_win,0.308,nosler,varmageddon,110,vihtavuori_n120,81,34.9,2848,24,vihtavuori,large_rifle_generic,12,2.598,,,,,,
308_win,0.308,nosler,varmageddon,110,vihtavuori_n130,84,38.6,2920,24,vihtavuori,large_rifle_generic,12,2.598,,,,,,
308_win,0.308,nosler,varmageddon,110,vihtavuori_n133,89,42.4,2995,24,vihtavuori,large_rifle_generic,12,2.598,,,,,,
308_win,0.308,sierra,hp_varminter,110,vihtavuori_n130,84,39.4,2930,24,vihtavuori,large_rifle_generic,12,2.600,,,,,,
308_win,0.308,sierra,hp_varminter,110,vihtavuori_n133,89,42.4,3002,24,vihtavuori,large_rifle_generic,12,2.600,,,,,,
308_win,0.308,sierra,hp_varminter,110,vihtavuori_n135,102,44,3018,24,vihtavuori,large_rifle_generic,12,2.600,,,,,,
308_win,0.308,sierra,hp_varminter,110,vihtavuori_n140,112,46.3,2946,24,vihtavuori,large_rifle_generic,12,2.600,,,,,,
308_win,0.308,lehigh,controlled_chaos_copper,115,vihtavuori_n130,84,38.6,2854,24,vihtavuori,large_rifle_generic,12,2.756,,,,,,
308_win,0.308,lehigh,controlled_chaos_copper,115,vihtavuori_n133,89,41.7,2920,24,vihtavuori,large_rifle_generic,12,2.756,,,,,,
308_win,0.308,lehigh,controlled_chaos_copper,115,vihtavuori_n135,102,44,2959,24,vihtavuori,large_rifle_generic,12,2.756,,,,,,
308_win,0.308,lehigh,controlled_chaos_copper,115,vihtavuori_n140,112,46.9,2946,24,vihtavuori,large_rifle_generic,12,2.756,,,,,,
308_win,0.308,sierra,hp_varminter,115,vihtavuori_n130,84,38.6,2861,24,vihtavuori,large_rifle_generic,12,2.736,,,,,,
308_win,0.308,sierra,hp_varminter,115,vihtavuori_n133,89,41.7,2904,24,vihtavuori,large_rifle_generic,12,2.736,,,,,,
308_win,0.308,sierra,hp_varminter,115,vihtavuori_n135,102,43.2,2953,24,vihtavuori,large_rifle_generic,12,2.736,,,,,,
308_win,0.308,sierra,hp_varminter,115,vihtavuori_n140,112,46.3,2953,24,vihtavuori,large_rifle_generic,12,2.736,,,,,,
308_win,0.308,sako,blade_633a,120,vihtavuori_n133,89,39.5,2720,24,vihtavuori,large_rifle_generic,12,2.795,,,,,,
308_win,0.308,sako,blade_633a,120,vihtavuori_n530,100,40.9,2762,24,vihtavuori,large_rifle_generic,12,2.795,,,,,,
308_win,0.308,sako,blade_633a,120,vihtavuori_n135,102,41.7,2769,24,vihtavuori,large_rifle_generic,12,2.795,,,,,,
308_win,0.308,sako,blade_633a,120,vihtavuori_n140,112,44.8,2792,24,vihtavuori,large_rifle_generic,12,2.795,,,,,,
308_win,0.308,sako,blade_633a,120,vihtavuori_n540,117,45.5,2825,24,vihtavuori,large_rifle_generic,12,2.795,,,,,,
308_win,0.308,sako,blade_633a,120,vihtavuori_n150,124,44.8,2785,24,vihtavuori,large_rifle_generic,12,2.795,,,,,,
308_win,0.308,lapua,fmj,123,vihtavuori_n120,81,32.1,2664,24,vihtavuori,large_rifle_generic,12,2.634,,,,,,
308_win,0.308,lapua,fmj,123,vihtavuori_n130,84,34.9,2566,24,vihtavuori,large_rifle_generic,12,2.634,,,,,,
308_win,0.308,lapua,fmj,123,vihtavuori_n133,89,40.4,2815,24,vihtavuori,large_rifle_generic,12,2.634,,,,,,
308_win,0.308,lapua,fmj,123,vihtavuori_n530,100,40,2789,24,vihtavuori,large_rifle_generic,12,2.634,,,,,,
308_win,0.308,lapua,fmj,123,vihtavuori_n135,102,42,2723,24,vihtavuori,large_rifle_generic,12,2.634,,,,,,
308_win,0.308,hornady,ecx,125,vihtavuori_n133,89,33.2,2579,24,vihtavuori,large_rifle_generic,12,2.728,,,,,,
308_win,0.308,hornady,ecx,125,vihtavuori_n135,102,34.7,2582,24,vihtavuori,large_rifle_generic,12,2.728,,,,,,
308_win,0.308,hornady,ecx,125,vihtavuori_n140,112,42.4,2740,24,vihtavuori,large_rifle_generic,12,2.728,,,,,,
308_win,0.308,hornady,ecx,125,vihtavuori_n540,117,43.2,2759,24,vihtavuori,large_rifle_generic,12,2.728,,,,,,
308_win,0.308,hornady,ecx,125,vihtavuori_n150,124,42.7,2753,24,vihtavuori,large_rifle_generic,12,2.728,,,,,,
308_win,0.308,hornady,sst,125,vihtavuori_n130,84,37,2720,24,vihtavuori,large_rifle_generic,12,2.728,,,,,,
308_win,0.308,hornady,sst,125,vihtavuori_n133,89,40.1,2789,24,vihtavuori,large_rifle_generic,12,2.728,,,,,,
308_win,0.308,hornady,sst,125,vihtavuori_n135,102,42.4,2812,24,vihtavuori,large_rifle_generic,12,2.728,,,,,,
308_win,0.308,hornady,sst,125,vihtavuori_n140,112,45.5,2828,24,vihtavuori,large_rifle_generic,12,2.728,,,,,,
308_win,0.308,hornady,sst,125,vihtavuori_n540,117,45.5,2795,24,vihtavuori,large_rifle_generic,12,2.728,,,,,,
308_win,0.308,lehigh,controlled_chaos,125,vihtavuori_n133,89,33.5,2507,24,vihtavuori,large_rifle_generic,12,2.756,,,,,,
308_win,0.308,lehigh,controlled_chaos,125,vihtavuori_n135,102,36,2592,24,vihtavuori,large_rifle_generic,12,2.756,,,,,,
308_win,0.308,lehigh,controlled_chaos,125,vihtavuori_n140,112,39.2,2612,24,vihtavuori,large_rifle_generic,12,2.756,,,,,,
308_win,0.308,lehigh,controlled_chaos,125,vihtavuori_n540,117,42.4,2726,24,vihtavuori,large_rifle_generic,12,2.756,,,,,,
308_win,0.308,lehigh,controlled_chaos,125,vihtavuori_n150,124,39.4,2651,24,vihtavuori,large_rifle_generic,12,2.756,,,,,,
308_win,0.308,nosler,accubond,125,vihtavuori_n130,84,36.7,2717,24,vihtavuori,large_rifle_generic,12,2.748,,,,,,
308_win,0.308,nosler,accubond,125,vihtavuori_n133,89,40.4,2812,24,vihtavuori,large_rifle_generic,12,2.748,,,,,,
308_win,0.308,nosler,accubond,125,vihtavuori_n135,102,42.4,2835,24,vihtavuori,large_rifle_generic,12,2.748,,,,,,
308_win,0.308,nosler,accubond,125,vihtavuori_n140,112,44.8,2825,24,vihtavuori,large_rifle_generic,12,2.748,,,,,,
308_win,0.308,nosler,accubond,125,vihtavuori_n540,117,45.8,2858,24,vihtavuori,large_rifle_generic,12,2.748,,,,,,
308_win,0.308,nosler,ballistic_tip,125,vihtavuori_n130,84,37,2684,24,vihtavuori,large_rifle_generic,12,2.756,,,,,,
308_win,0.308,nosler,ballistic_tip,125,vihtavuori_n133,89,40.1,2721,24,vihtavuori,large_rifle_generic,12,2.756,,,,,,
308_win,0.308,nosler,ballistic_tip,125,vihtavuori_n135,102,41.6,2732,24,vihtavuori,large_rifle_generic,12,2.756,,,,,,
308_win,0.308,nosler,ballistic_tip,125,vihtavuori_n140,112,44.1,2739,24,vihtavuori,large_rifle_generic,12,2.756,,,,,,
308_win,0.308,sierra,tmk,125,vihtavuori_n130,84,35.2,2664,24,vihtavuori,large_rifle_generic,12,2.795,,,,,,
308_win,0.308,sierra,tmk,125,vihtavuori_n133,89,39.7,2756,24,vihtavuori,large_rifle_generic,12,2.795,,,,,,
308_win,0.308,sierra,tmk,125,vihtavuori_n530,100,38.7,2733,24,vihtavuori,large_rifle_generic,12,2.795,,,,,,
308_win,0.308,sierra,tmk,125,vihtavuori_n135,102,40.4,2759,24,vihtavuori,large_rifle_generic,12,2.795,,,,,,
308_win,0.308,sierra,tmk,125,vihtavuori_n140,112,43.2,2743,24,vihtavuori,large_rifle_generic,12,2.795,,,,,,
308_win,0.308,speer,tnt_hp,125,vihtavuori_n133,89,41.2,2851,24,vihtavuori,large_rifle_generic,12,2.638,,,,,,
308_win,0.308,speer,tnt_hp,125,vihtavuori_n135,102,42.9,2884,24,vihtavuori,large_rifle_generic,12,2.638,,,,,,
308_win,0.308,speer,tnt_hp,125,vihtavuori_n140,112,44,2871,24,vihtavuori,large_rifle_generic,12,2.638,,,,,,
308_win,0.308,speer,tnt_hp,125,vihtavuori_n540,117,45.8,2867,24,vihtavuori,large_rifle_generic,12,2.638,,,,,,
308_win,0.308,speer,tnt_hp,125,vihtavuori_n150,124,46.3,2917,24,vihtavuori,large_rifle_generic,12,2.638,,,,,,
308_win,0.308,infitech,target_line,130,vihtavuori_n135,102,40.1,2759,24,vihtavuori,large_rifle_generic,12,2.799,,,,,,
308_win,0.308,infitech,target_line,130,vihtavuori_n140,112,43.8,2795,24,vihtavuori,large_rifle_generic,12,2.799,,,,,,
308_win,0.308,infitech,target_line,130,vihtavuori_n540,117,44,2815,24,vihtavuori,large_rifle_generic,12,2.799,,,,,,
308_win,0.308,sako,blade_636a,130,vihtavuori_n133,89,38.9,2680,24,vihtavuori,large_rifle_generic,12,2.800,,,,,,
308_win,0.308,sako,blade_636a,130,vihtavuori_n135,102,40.6,2717,24,vihtavuori,large_rifle_generic,12,2.800,,,,,,
308_win,0.308,sako,blade_636a,130,vihtavuori_n140,112,43.8,2733,24,vihtavuori,large_rifle_generic,12,2.800,,,,,,
308_win,0.308,barnes,tsx_bt,130,vihtavuori_n130,84,35.3,2615,24,vihtavuori,large_rifle_generic,12,2.783,,,,,,
308_win,0.308,barnes,tsx_bt,130,vihtavuori_n133,89,38.6,2697,24,vihtavuori,large_rifle_generic,12,2.783,,,,,,
308_win,0.308,barnes,tsx_bt,130,vihtavuori_n530,100,40.4,2723,24,vihtavuori,large_rifle_generic,12,2.783,,,,,,
308_win,0.308,barnes,tsx_bt,130,vihtavuori_n135,102,40.1,2720,24,vihtavuori,large_rifle_generic,12,2.783,,,,,,
308_win,0.308,barnes,tsx_bt,130,vihtavuori_n140,112,43.4,2740,24,vihtavuori,large_rifle_generic,12,2.783,,,,,,
308_win,0.308,sierra,hp_varminter,135,vihtavuori_n130,84,34.7,2572,24,vihtavuori,large_rifle_generic,12,2.650,,,,,,
308_win,0.308,sierra,hp_varminter,135,vihtavuori_n133,89,40.4,2717,24,vihtavuori,large_rifle_generic,12,2.650,,,,,,
308_win,0.308,sierra,hp_varminter,135,vihtavuori_n135,102,42,2746,24,vihtavuori,large_rifle_generic,12,2.650,,,,,,
308_win,0.308,sierra,hp_varminter,135,vihtavuori_n140,112,44.8,2772,24,vihtavuori,large_rifle_generic,12,2.650,,,,,,
308_win,0.308,brenneke,basic_nature,139,vihtavuori_n130,84,34,2356,24,vihtavuori,large_rifle_generic,12,2.626,,,,,,
308_win,0.308,brenneke,basic_nature,139,vihtavuori_n133,89,36,2405,24,vihtavuori,large_rifle_generic,12,2.626,,,,,,
308_win,0.308,brenneke,basic_nature,139,vihtavuori_n135,102,38.6,2490,24,vihtavuori,large_rifle_generic,12,2.626,,,,,,
308_win,0.308,brenneke,basic_nature,139,vihtavuori_n140,112,42.4,2536,24,vihtavuori,large_rifle_generic,12,2.626,,,,,,
308_win,0.308,brenneke,basic_nature,139,vihtavuori_n540,117,41.7,2592,24,vihtavuori,large_rifle_generic,12,2.626,,,,,,
308_win,0.308,brenneke,basic_nature,139,vihtavuori_n150,124,42.4,2556,24,vihtavuori,large_rifle_generic,12,2.626,,,,,,
308_win,0.308,brenneke,basic_nature,139,vihtavuori_n550,129,45.8,2589,24,vihtavuori,large_rifle_generic,12,2.626,,,,,,
308_win,0.308,infitech,target_line,140,vihtavuori_n135,102,38.6,2618,24,vihtavuori,large_rifle_generic,12,2.799,,,,,,
308_win,0.308,infitech,target_line,140,vihtavuori_n140,112,43.2,2703,24,vihtavuori,large_rifle_generic,12,2.799,,,,,,
308_win,0.308,infitech,target_line,140,vihtavuori_n540,117,43.2,2733,24,vihtavuori,large_rifle_generic,12,2.799,,,,,,
308_win,0.308,los,hunting_tactic,140,vihtavuori_n135,102,39.4,2664,24,vihtavuori,large_rifle_generic,12,2.776,,,,,,
308_win,0.308,los,hunting_tactic,140,vihtavuori_n140,112,41.7,2654,24,vihtavuori,large_rifle_generic,12,2.776,,,,,,
308_win,0.308,los,hunting_tactic,140,vihtavuori_n540,117,42,2677,24,vihtavuori,large_rifle_generic,12,2.776,,,,,,
308_win,0.308,npb,hunting_expandable,140,vihtavuori_n135,102,35.5,2428,24,vihtavuori,large_rifle_generic,12,2.697,,,,,,
308_win,0.308,npb,hunting_expandable,140,vihtavuori_n140,112,38.7,2457,24,vihtavuori,large_rifle_generic,12,2.697,,,,,,
308_win,0.308,npb,hunting_expandable,140,vihtavuori_n540,117,41.4,2572,24,vihtavuori,large_rifle_generic,12,2.697,,,,,,
308_win,0.308,npb,hunting_expandable,140,vihtavuori_n150,124,39.4,2480,24,vihtavuori,large_rifle_generic,12,2.697,,,,,,
308_win,0.308,npb,hunting_expandable,140,vihtavuori_n550,129,44,2556,24,vihtavuori,large_rifle_generic,12,2.697,,,,,,
308_win,0.308,brenneke,tug_nature,147,vihtavuori_n133,89,34.7,2388,24,vihtavuori,large_rifle_generic,12,2.618,,,,,,
308_win,0.308,brenneke,tug_nature,147,vihtavuori_n135,102,35.8,2388,24,vihtavuori,large_rifle_generic,12,2.618,,,,,,
308_win,0.308,brenneke,tug_nature,147,vihtavuori_n140,112,39,2425,24,vihtavuori,large_rifle_generic,12,2.618,,,,,,
308_win,0.308,brenneke,tug_nature,147,vihtavuori_n540,117,40.4,2477,24,vihtavuori,large_rifle_generic,12,2.618,,,,,,
308_win,0.308,brenneke,tug_nature,147,vihtavuori_n150,124,40.1,2457,24,vihtavuori,large_rifle_generic,12,2.618,,,,,,
308_win,0.308,brenneke,tug_nature,147,vihtavuori_n550,129,43.2,2474,24,vihtavuori,large_rifle_generic,12,2.618,,,,,,
308_win,0.308,campro,spitzer_bt_fmj,147,vihtavuori_n130,84,34.3,2484,24,vihtavuori,large_rifle_generic,12,2.783,,,,,,
308_win,0.308,campro,spitzer_bt_fmj,147,vihtavuori_n133,89,37.8,2536,24,vihtavuori,large_rifle_generic,12,2.783,,,,,,
308_win,0.308,campro,spitzer_bt_fmj,147,vihtavuori_n135,102,39.8,2575,24,vihtavuori,large_rifle_generic,12,2.783,,,,,,
308_win,0.308,campro,spitzer_bt_fmj,147,vihtavuori_n140,112,42.4,2618,24,vihtavuori,large_rifle_generic,12,2.783,,,,,,
308_win,0.308,campro,spitzer_bt_fmj,147,vihtavuori_n540,117,43.5,2661,24,vihtavuori,large_rifle_generic,12,2.783,,,,,,
308_win,0.308,barnes,mpg_fb,150,vihtavuori_n130,84,35.5,2398,24,vihtavuori,large_rifle_generic,12,2.795,,,,,,
308_win,0.308,barnes,mpg_fb,150,vihtavuori_n133,89,35,2398,24,vihtavuori,large_rifle_generic,12,2.795,,,,,,
308_win,0.308,barnes,mpg_fb,150,vihtavuori_n135,102,37,2448,24,vihtavuori,large_rifle_generic,12,2.795,,,,,,
308_win,0.308,barnes,mpg_fb,150,vihtavuori_n140,112,40.9,2503,24,vihtavuori,large_rifle_generic,12,2.795,,,,,,
308_win,0.308,barnes,mpg_fb,150,vihtavuori_n540,117,41.2,2533,24,vihtavuori,large_rifle_generic,12,2.795,,,,,,
308_win,0.308,barnes,mpg_fb,150,vihtavuori_n150,124,41.7,2552,24,vihtavuori,large_rifle_generic,12,2.795,,,,,,
308_win,0.308,barnes,mpg_fb,150,vihtavuori_n550,129,43.2,2480,24,vihtavuori,large_rifle_generic,12,2.795,,,,,,
308_win,0.308,barnes,ttsx_bt,150,vihtavuori_n135,102,35.2,2379,24,vihtavuori,large_rifle_generic,12,2.795,,,,,,
308_win,0.308,barnes,ttsx_bt,150,vihtavuori_n140,112,39.2,2474,24,vihtavuori,large_rifle_generic,12,2.795,,,,,,
308_win,0.308,barnes,ttsx_bt,150,vihtavuori_n540,117,39.7,2497,24,vihtavuori,large_rifle_generic,12,2.795,,,,,,
308_win,0.308,barnes,ttsx_bt,150,vihtavuori_n150,124,40.1,2507,24,vihtavuori,large_rifle_generic,12,2.795,,,,,,
308_win,0.308,barnes,ttsx_bt,150,vihtavuori_n550,129,42.9,2484,24,vihtavuori,large_rifle_generic,12,2.795,,,,,,
308_win,0.308,fox,classic_hunter,150,vihtavuori_n530,100,35.5,2454,24,vihtavuori,large_rifle_generic,12,2.638,,,,,,
308_win,0.308,fox,classic_hunter,150,vihtavuori_n135,102,34,2398,24,vihtavuori,large_rifle_generic,12,2.638,,,,,,
308_win,0.308,fox,classic_hunter,150,vihtavuori_n140,112,39.8,2480,24,vihtavuori,large_rifle_generic,12,2.638,,,,,,
308_win,0.308,fox,classic_hunter,150,vihtavuori_n540,117,41.7,2552,24,vihtavuori,large_rifle_generic,12,2.638,,,,,,
308_win,0.308,fox,classic_hunter,150,vihtavuori_n150,124,40.1,2513,24,vihtavuori,large_rifle_generic,12,2.638,,,,,,
308_win,0.308,fox,classic_hunter,150,vihtavuori_n550,129,44,2539,24,vihtavuori,large_rifle_generic,12,2.638,,,,,,
308_win,0.308,fox,target,150,vihtavuori_n130,84,34,2408,24,vihtavuori,large_rifle_generic,12,2.697,,,,,,
308_win,0.308,fox,target,150,vihtavuori_n133,89,35.5,2431,24,vihtavuori,large_rifle_generic,12,2.697,,,,,,
308_win,0.308,fox,target,150,vihtavuori_n135,102,37,2484,24,vihtavuori,large_rifle_generic,12,2.697,,,,,,
308_win,0.308,fox,target,150,vihtavuori_n140,112,41.7,2556,24,vihtavuori,large_rifle_generic,12,2.697,,,,,,
308_win,0.308,fox,target,150,vihtavuori_n150,124,42.6,2592,24,vihtavuori,large_rifle_generic,12,2.697,,,,,,
308_win,0.308,hornady,cx,150,vihtavuori_n135,102,34.1,2320,24,vihtavuori,large_rifle_generic,12,2.799,,,,,,
308_win,0.308,hornady,cx,150,vihtavuori_n140,112,39.5,2451,24,vihtavuori,large_rifle_generic,12,2.799,,,,,,
308_win,0.308,hornady,cx,150,vihtavuori_n540,117,39.4,2480,24,vihtavuori,large_rifle_generic,12,2.799,,,,,,
308_win,0.308,hornady,cx,150,vihtavuori_n150,124,38.6,2454,24,vihtavuori,large_rifle_generic,12,2.799,,,,,,
308_win,0.308,hornady,cx,150,vihtavuori_n550,129,42.4,2503,24,vihtavuori,large_rifle_generic,12,2.799,,,,,,
308_win,0.308,hornady,fmj_bt,150,vihtavuori_n130,84,36.3,2523,24,vihtavuori,large_rifle_generic,12,2.795,,,,,,
308_win,0.308,hornady,fmj_bt,150,vihtavuori_n133,89,40.1,2612,24,vihtavuori,large_rifle_generic,12,2.795,,,,,,
308_win,0.308,hornady,fmj_bt,150,vihtavuori_n135,102,41.7,2621,24,vihtavuori,large_rifle_generic,12,2.795,,,,,,
308_win,0.308,hornady,fmj_bt,150,vihtavuori_n140,112,44,2648,24,vihtavuori,large_rifle_generic,12,2.795,,,,,,
308_win,0.308,hornady,fmj_bt,150,vihtavuori_n540,117,44,2641,24,vihtavuori,large_rifle_generic,12,2.795,,,,,,
308_win,0.308,hornady,fmj_bt,150,vihtavuori_n150,124,44.8,2651,24,vihtavuori,large_rifle_generic,12,2.795,,,,,,
308_win,0.308,hornady,fmj_bt,150,vihtavuori_n550,129,47.8,2674,24,vihtavuori,large_rifle_generic,12,2.795,,,,,,
308_win,0.308,hornady,gmx,150,vihtavuori_n135,102,36.3,2359,24,vihtavuori,large_rifle_generic,12,2.795,,,,,,
308_win,0.308,hornady,gmx,150,vihtavuori_n140,112,39,2411,24,vihtavuori,large_rifle_generic,12,2.795,,,,,,
308_win,0.308,hornady,gmx,150,vihtavuori_n540,117,40.1,2441,24,vihtavuori,large_rifle_generic,12,2.795,,,,,,
308_win,0.308,hornady,gmx,150,vihtavuori_n150,124,39.4,2415,24,vihtavuori,large_rifle_generic,12,2.795,,,,,,
308_win,0.308,hornady,interlock_btsp,150,vihtavuori_n130,84,35.5,2513,24,vihtavuori,large_rifle_generic,12,2.740,,,,,,
308_win,0.308,hornady,interlock_btsp,150,vihtavuori_n133,89,38.7,2566,24,vihtavuori,large_rifle_generic,12,2.740,,,,,,
308_win,0.308,hornady,interlock_btsp,150,vihtavuori_n135,102,39.4,2552,24,vihtavuori,large_rifle_generic,12,2.740,,,,,,
308_win,0.308,hornady,interlock_btsp,150,vihtavuori_n140,112,41.7,2575,24,vihtavuori,large_rifle_generic,12,2.740,,,,,,
308_win,0.308,hornady,interlock_btsp,150,vihtavuori_n540,117,43.5,2641,24,vihtavuori,large_rifle_generic,12,2.740,,,,,,
308_win,0.308,hornady,interlock_btsp,150,vihtavuori_n150,124,43.2,2628,24,vihtavuori,large_rifle_generic,12,2.740,,,,,,
308_win,0.308,hornady,interlock_btsp,150,vihtavuori_n550,129,47.1,2667,24,vihtavuori,large_rifle_generic,12,2.740,,,,,,
308_win,0.308,hornady,sst,150,vihtavuori_n133,89,37,2500,24,vihtavuori,large_rifle_generic,12,2.732,,,,,,
308_win,0.308,hornady,sst,150,vihtavuori_n530,100,38,2533,24,vihtavuori,large_rifle_generic,12,2.732,,,,,,
308_win,0.308,hornady,sst,150,vihtavuori_n135,102,39,2539,24,vihtavuori,large_rifle_generic,12,2.732,,,,,,
308_win,0.308,hornady,sst,150,vihtavuori_n140,112,40.9,2516,24,vihtavuori,large_rifle_generic,12,2.732,,,,,,
308_win,0.308,hornady,sst,150,vihtavuori_n540,117,41.8,2585,24,vihtavuori,large_rifle_generic,12,2.732,,,,,,
308_win,0.308,hornady,sst,150,vihtavuori_n150,124,41.7,2552,24,vihtavuori,large_rifle_generic,12,2.732,,,,,,
308_win,0.308,lapua,lockbase,150,vihtavuori_n530,100,37.8,2605,24,vihtavuori,large_rifle_generic,12,2.756,,,,,,
308_win,0.308,lapua,lockbase,150,vihtavuori_n135,102,39.5,2657,24,vihtavuori,large_rifle_generic,12,2.756,,,,,,
308_win,0.308,lapua,lockbase,150,vihtavuori_n140,112,42.4,2625,24,vihtavuori,large_rifle_generic,12,2.756,,,,,,
308_win,0.308,lapua,lockbase,150,vihtavuori_n540,117,42.9,2648,24,vihtavuori,large_rifle_generic,12,2.756,,,,,,
308_win,0.308,lapua,lockbase,150,vihtavuori_n150,124,43.2,2635,24,vihtavuori,large_rifle_generic,12,2.756,,,,,,
308_win,0.308,lapua,mega_e469,150,vihtavuori_n135,102,36.3,2451,24,vihtavuori,large_rifle_generic,12,2.567,,,,,,
308_win,0.308,lapua,mega_e469,150,vihtavuori_n140,112,36.3,2346,24,vihtavuori,large_rifle_generic,12,2.567,,,,,,
308_win,0.308,lapua,mega_e469,150,vihtavuori_n540,117,40.7,2382,24,vihtavuori,large_rifle_generic,12,2.567,,,,,,
308_win,0.308,lapua,trx,150,vihtavuori_n133,89,34.7,2425,24,vihtavuori,large_rifle_generic,12,2.776,,,,,,
308_win,0.308,lapua,trx,150,vihtavuori_n135,102,36.1,2474,24,vihtavuori,large_rifle_generic,12,2.776,,,,,,
308_win,0.308,lapua,trx,150,vihtavuori_n140,112,42.4,2589,24,vihtavuori,large_rifle_generic,12,2.776,,,,,,
308_win,0.308,lapua,trx,150,vihtavuori_n540,117,41.7,2602,24,vihtavuori,large_rifle_generic,12,2.776,,,,,,
308_win,0.308,lapua,trx,150,vihtavuori_n150,124,41.7,2585,24,vihtavuori,large_rifle_generic,12,2.776,,,,,,
308_win,0.308,lapua,trx,150,vihtavuori_n550,129,44.8,2595,24,vihtavuori,large_rifle_generic,12,2.776,,,,,,
308_win,0.308,los,tactic,150,vihtavuori_n530,100,36.7,2536,24,vihtavuori,large_rifle_generic,12,2.780,,,,,,
308_win,0.308,los,tactic,150,vihtavuori_n135,102,38,2566,24,vihtavuori,large_rifle_generic,12,2.780,,,,,,
308_win,0.308,los,tactic,150,vihtavuori_n140,112,40.7,2559,24,vihtavuori,large_rifle_generic,12,2.780,,,,,,
308_win,0.308,los,tactic,150,vihtavuori_n540,117,41.2,2589,24,vihtavuori,large_rifle_generic,12,2.780,,,,,,
308_win,0.308,norma,fmj,150,vihtavuori_n130,84,31.2,2362,24,vihtavuori,large_rifle_generic,12,2.693,,,,,,
308_win,0.308,norma,fmj,150,vihtavuori_n133,89,35.8,2484,24,vihtavuori,large_rifle_generic,12,2.693,,,,,,
308_win,0.308,norma,fmj,150,vihtavuori_n530,100,37,2503,24,vihtavuori,large_rifle_generic,12,2.693,,,,,,
308_win,0.308,norma,fmj,150,vihtavuori_n135,102,37.8,2539,24,vihtavuori,large_rifle_generic,12,2.693,,,,,,
308_win,0.308,norma,fmj,150,vihtavuori_n140,112,40.6,2562,24,vihtavuori,large_rifle_generic,12,2.693,,,,,,
308_win,0.308,nosler,accubond,150,vihtavuori_n133,89,36.7,2503,24,vihtavuori,large_rifle_generic,12,2.795,,,,,,
308_win,0.308,nosler,accubond,150,vihtavuori_n135,102,39,2520,24,vihtavuori,large_rifle_generic,12,2.795,,,,,,
308_win,0.308,nosler,accubond,150,vihtavuori_n140,112,42.3,2569,24,vihtavuori,large_rifle_generic,12,2.795,,,,,,
308_win,0.308,nosler,accubond,150,vihtavuori_n540,117,43.2,2618,24,vihtavuori,large_rifle_generic,12,2.795,,,,,,
308_win,0.308,nosler,accubond,150,vihtavuori_n150,124,42.6,2618,24,vihtavuori,large_rifle_generic,12,2.795,,,,,,
308_win,0.308,nosler,accubond,150,vihtavuori_n550,129,45.8,2631,24,vihtavuori,large_rifle_generic,12,2.795,,,,,,
308_win,0.308,red_moose,tarvas,150,vihtavuori_n135,102,38.6,2595,24,vihtavuori,large_rifle_generic,12,2.724,,,,,,
308_win,0.308,red_moose,tarvas,150,vihtavuori_n140,112,40.9,2582,24,vihtavuori,large_rifle_generic,12,2.724,,,,,,
308_win,0.308,red_moose,tarvas,150,vihtavuori_n540,117,42.7,2651,24,vihtavuori,large_rifle_generic,12,2.724,,,,,,
308_win,0.308,red_moose,tarvas,150,vihtavuori_n150,124,42.4,2635,24,vihtavuori,large_rifle_generic,12,2.724,,,,,,
308_win,0.308,red_moose,tarvas,150,vihtavuori_n550,129,45.5,2654,24,vihtavuori,large_rifle_generic,12,2.724,,,,,,
308_win,0.308,sako,blade_645a,150,vihtavuori_n133,89,34,2297,24,vihtavuori,large_rifle_generic,12,2.795,,,,,,
308_win,0.308,sako,blade_645a,150,vihtavuori_n135,102,36.6,2402,24,vihtavuori,large_rifle_generic,12,2.795,,,,,,
308_win,0.308,sako,blade_645a,150,vihtavuori_n140,112,40.1,2480,24,vihtavuori,large_rifle_generic,12,2.795,,,,,,
308_win,0.308,sako,blade_645a,150,vihtavuori_n540,117,40.9,2520,24,vihtavuori,large_rifle_generic,12,2.795,,,,,,
308_win,0.308,sako,blade_645a,150,vihtavuori_n150,124,40.1,2470,24,vihtavuori,large_rifle_generic,12,2.795,,,,,,
308_win,0.308,sako,blade_645a,150,vihtavuori_n550,129,43.2,2516,24,vihtavuori,large_rifle_generic,12,2.795,,,,,,
308_win,0.308,sierra,hpbt,150,vihtavuori_n130,84,36,2510,24,vihtavuori,large_rifle_generic,12,2.795,,,,,,
308_win,0.308,sierra,hpbt,150,vihtavuori_n133,89,38.9,2566,24,vihtavuori,large_rifle_generic,12,2.795,,,,,,
308_win,0.308,sierra,hpbt,150,vihtavuori_n135,102,40.9,2602,24,vihtavuori,large_rifle_generic,12,2.795,,,,,,
308_win,0.308,sierra,hpbt,150,vihtavuori_n140,112,40.4,2467,24,vihtavuori,large_rifle_generic,12,2.795,,,,,,
308_win,0.308,sierra,hpbt,150,vihtavuori_n540,117,41.8,2487,24,vihtavuori,large_rifle_generic,12,2.795,,,,,,
308_win,0.308,sierra,hpbt,150,vihtavuori_n150,124,42.2,2545,24,vihtavuori,large_rifle_generic,12,2.795,,,,,,
308_win,0.308,sierra,hpbt,150,vihtavuori_n550,129,44.5,2534,24,vihtavuori,large_rifle_generic,12,2.795,,,,,,
308_win,0.308,sierra,spbt,150,vihtavuori_n133,89,35,2391,24,vihtavuori,large_rifle_generic,12,2.756,,,,,,
308_win,0.308,sierra,spbt,150,vihtavuori_n135,102,39.5,2505,24,vihtavuori,large_rifle_generic,12,2.756,,,,,,
308_win,0.308,sierra,spbt,150,vihtavuori_n140,112,41.8,2516,24,vihtavuori,large_rifle_generic,12,2.756,,,,,,
308_win,0.308,sierra,spbt,150,vihtavuori_n150,124,43.6,2545,24,vihtavuori,large_rifle_generic,12,2.756,,,,,,
308_win,0.308,swift,scirocco_ii,150,vihtavuori_n135,102,35.2,2448,24,vihtavuori,large_rifle_generic,12,2.795,,,,,,
308_win,0.308,swift,scirocco_ii,150,vihtavuori_n140,112,38.6,2484,24,vihtavuori,large_rifle_generic,12,2.795,,,,,,
308_win,0.308,swift,scirocco_ii,150,vihtavuori_n540,117,39.4,2533,24,vihtavuori,large_rifle_generic,12,2.795,,,,,,
308_win,0.308,swift,scirocco_ii,150,vihtavuori_n150,124,39.4,2526,24,vihtavuori,large_rifle_generic,12,2.795,,,,,,
308_win,0.308,swift,scirocco_ii,150,vihtavuori_n550,129,42.4,2503,24,vihtavuori,large_rifle_generic,12,2.795,,,,,,
308_win,0.308,woodleigh,weldcore_pp,150,vihtavuori_n135,102,37.3,2464,24,vihtavuori,large_rifle_generic,12,2.795,,,,,,
308_win,0.308,woodleigh,weldcore_pp,150,vihtavuori_n140,112,39,2444,24,vihtavuori,large_rifle_generic,12,2.795,,,,,,
308_win,0.308,woodleigh,weldcore_pp,150,vihtavuori_n540,117,40.6,2520,24,vihtavuori,large_rifle_generic,12,2.795,,,,,,
308_win,0.308,berger,hybrid_target,155,vihtavuori_n135,102,37.2,2461,24,vihtavuori,large_rifle_generic,12,2.795,,,,,,
308_win,0.308,berger,hybrid_target,155,vihtavuori_n140,112,39.8,2474,24,vihtavuori,large_rifle_generic,12,2.795,,,,,,
308_win,0.308,berger,hybrid_target,155,vihtavuori_n540,117,40.7,2520,24,vihtavuori,large_rifle_generic,12,2.795,,,,,,
308_win,0.308,berger,hybrid_target,155,vihtavuori_n150,124,40.3,2497,24,vihtavuori,large_rifle_generic,12,2.795,,,,,,
308_win,0.308,berger,hybrid_target,155,vihtavuori_n550,129,42.6,2490,24,vihtavuori,large_rifle_generic,12,2.795,,,,,,
308_win,0.308,berger,vld_hunting,155,vihtavuori_n130,84,34.3,2425,24,vihtavuori,large_rifle_generic,12,2.800,,,,,,
308_win,0.308,berger,vld_hunting,155,vihtavuori_n133,89,37.3,2477,24,vihtavuori,large_rifle_generic,12,2.800,,,,,,
308_win,0.308,berger,vld_hunting,155,vihtavuori_n135,102,38.6,2500,24,vihtavuori,large_rifle_generic,12,2.800,,,,,,
308_win,0.308,berger,vld_hunting,155,vihtavuori_n140,112,40.9,2516,24,vihtavuori,large_rifle_generic,12,2.800,,,,,,
308_win,0.308,berger,vld_hunting,155,vihtavuori_n540,117,41.7,2562,24,vihtavuori,large_rifle_generic,12,2.800,,,,,,
308_win,0.308,berger,vld_hunting,155,vihtavuori_n150,124,42.3,2569,24,vihtavuori,large_rifle_generic,12,2.800,,,,,,
308_win,0.308,berger,vld_hunting,155,vihtavuori_n550,129,44.9,2572,24,vihtavuori,large_rifle_generic,12,2.800,,,,,,
308_win,0.308,brenneke,tag,155,vihtavuori_n140,112,41.1,2510,24,vihtavuori,large_rifle_generic,12,2.740,,,,,,
308_win,0.308,brenneke,tag,155,vihtavuori_n540,117,41.5,2546,24,vihtavuori,large_rifle_generic,12,2.740,,,,,,
308_win,0.308,brenneke,tag,155,vihtavuori_n150,124,42.3,2533,24,vihtavuori,large_rifle_generic,12,2.740,,,,,,
308_win,0.308,hornady,bthp,155,vihtavuori_n130,84,35.5,2470,24,vihtavuori,large_rifle_generic,12,2.795,,,,,,
308_win,0.308,hornady,bthp,155,vihtavuori_n133,89,38.6,2536,24,vihtavuori,large_rifle_generic,12,2.795,,,,,,
308_win,0.308,hornady,bthp,155,vihtavuori_n135,102,39.4,2530,24,vihtavuori,large_rifle_generic,12,2.795,,,,,,
308_win,0.308,hornady,bthp,155,vihtavuori_n140,112,42,2556,24,vihtavuori,large_rifle_generic,12,2.795,,,,,,
308_win,0.308,hornady,bthp,155,vihtavuori_n540,117,42.7,2592,24,vihtavuori,large_rifle_generic,12,2.795,,,,,,
308_win,0.308,hornady,bthp,155,vihtavuori_n150,124,42.9,2602,24,vihtavuori,large_rifle_generic,12,2.795,,,,,,
308_win,0.308,hornady,bthp,155,vihtavuori_n550,129,46.3,2595,24,vihtavuori,large_rifle_generic,12,2.795,,,,,,
308_win,0.308,hornady,eld_match,155,vihtavuori_n133,89,37,2507,24,vihtavuori,large_rifle_generic,12,2.799,,,,,,
308_win,0.308,hornady,eld_match,155,vihtavuori_n135,102,38.4,2526,24,vihtavuori,large_rifle_generic,12,2.799,,,,,,
308_win,0.308,hornady,eld_match,155,vihtavuori_n140,112,40.3,2543,24,vihtavuori,large_rifle_generic,12,2.799,,,,,,
308_win,0.308,hornady,eld_match,155,vihtavuori_n540,117,40.9,2566,24,vihtavuori,large_rifle_generic,12,2.799,,,,,,
308_win,0.308,hornady,eld_match,155,vihtavuori_n150,124,41.7,2595,24,vihtavuori,large_rifle_generic,12,2.799,,,,,,
308_win,0.308,hornady,eld_match,155,vihtavuori_n550,129,44,2585,24,vihtavuori,large_rifle_generic,12,2.799,,,,,,
308_win,0.308,lapua,scenar_l,155,vihtavuori_n530,100,34.6,2385,24,vihtavuori,large_rifle_generic,12,2.795,,,,,,
308_win,0.308,lapua,scenar_l,155,vihtavuori_n135,102,34.4,2254,24,vihtavuori,large_rifle_generic,12,2.795,,,,,,
308_win,0.308,lapua,scenar_l,155,vihtavuori_n140,112,36.7,2251,24,vihtavuori,large_rifle_generic,12,2.795,,,,,,
308_win,0.308,lapua,scenar_l,155,vihtavuori_n540,117,40.6,2562,24,vihtavuori,large_rifle_generic,12,2.795,,,,,,
308_win,0.308,lapua,scenar_l,155,vihtavuori_n150,124,39,2359,24,vihtavuori,large_rifle_generic,12,2.795,,,,,,
308_win,0.308,lapua,scenar_l,155,vihtavuori_n550,129,44.4,2605,24,vihtavuori,large_rifle_generic,12,2.795,,,,,,
308_win,0.308,los,hunting,155,vihtavuori_n140,112,40.4,2513,24,vihtavuori,large_rifle_generic,12,2.752,,,,,,
308_win,0.308,los,hunting,155,vihtavuori_n540,117,41.1,2556,24,vihtavuori,large_rifle_generic,12,2.752,,,,,,
308_win,0.308,los,hunting,155,vihtavuori_n150,124,41.4,2546,24,vihtavuori,large_rifle_generic,12,2.752,,,,,,
308_win,0.308,nosler,custom_competition,155,vihtavuori_n133,89,37.3,2503,24,vihtavuori,large_rifle_generic,12,2.795,,,,,,
308_win,0.308,nosler,custom_competition,155,vihtavuori_n135,102,38.9,2546,24,vihtavuori,large_rifle_generic,12,2.795,,,,,,
308_win,0.308,nosler,custom_competition,155,vihtavuori_n140,112,41.7,2575,24,vihtavuori,large_rifle_generic,12,2.795,,,,,,
308_win,0.308,nosler,custom_competition,155,vihtavuori_n540,117,42.1,2598,24,vihtavuori,large_rifle_generic,12,2.795,,,,,,
308_win,0.308,nosler,custom_competition,155,vihtavuori_n150,124,41.7,2559,24,vihtavuori,large_rifle_generic,12,2.795,,,,,,
308_win,0.308,sierra,hpbt,155,vihtavuori_n135,102,35.1,2337,24,vihtavuori,large_rifle_generic,12,2.795,,,,,,
308_win,0.308,sierra,hpbt,155,vihtavuori_n140,112,37,2354,24,vihtavuori,large_rifle_generic,12,2.795,,,,,,
308_win,0.308,sierra,hpbt,155,vihtavuori_n540,117,37.9,2337,24,vihtavuori,large_rifle_generic,12,2.795,,,,,,
308_win,0.308,sierra,hpbt,155,vihtavuori_n150,124,40.6,2466,24,vihtavuori,large_rifle_generic,12,2.795,,,,,,
308_win,0.308,sierra,hpbt,155,vihtavuori_n550,129,42.5,2479,24,vihtavuori,large_rifle_generic,12,2.795,,,,,,
308_win,0.308,sierra,tmk,155,vihtavuori_n135,102,37.3,2470,24,vihtavuori,large_rifle_generic,12,2.795,,,,,,
308_win,0.308,sierra,tmk,155,vihtavuori_n140,112,39.8,2464,24,vihtavuori,large_rifle_generic,12,2.795,,,,,,
308_win,0.308,sierra,tmk,155,vihtavuori_n540,117,40.4,2513,24,vihtavuori,large_rifle_generic,12,2.795,,,,,,
308_win,0.308,sierra,tmk,155,vihtavuori_n150,124,40.6,2497,24,vihtavuori,large_rifle_generic,12,2.795,,,,,,
308_win,0.308,sierra,tmk,155,vihtavuori_n550,129,42.9,2510,24,vihtavuori,large_rifle_generic,12,2.795,,,,,,
308_win,0.308,berger,fullbore_target,155.5,vihtavuori_n130,84,34.9,2441,24,vihtavuori,large_rifle_generic,12,2.800,,,,,,
308_win,0.308,berger,fullbore_target,155.5,vihtavuori_n133,89,38.1,2507,24,vihtavuori,large_rifle_generic,12,2.800,,,,,,
308_win,0.308,berger,fullbore_target,155.5,vihtavuori_n135,102,39.7,2526,24,vihtavuori,large_rifle_generic,12,2.800,,,,,,
308_win,0.308,berger,fullbore_target,155.5,vihtavuori_n140,112,42,2569,24,vihtavuori,large_rifle_generic,12,2.800,,,,,,
308_win,0.308,berger,fullbore_target,155.5,vihtavuori_n540,117,42.7,2615,24,vihtavuori,large_rifle_generic,12,2.800,,,,,,
308_win,0.308,berger,fullbore_target,155.5,vihtavuori_n150,124,43.2,2605,24,vihtavuori,large_rifle_generic,12,2.800,,,,,,
308_win,0.308,berger,fullbore_target,155.5,vihtavuori_n550,129,46.3,2618,24,vihtavuori,large_rifle_generic,12,2.800,,,,,,
308_win,0.308,sako,blade_656a,162,vihtavuori_n140,112,36.3,2297,24,vihtavuori,large_rifle_generic,12,2.795,,,,,,
308_win,0.308,sako,blade_656a,162,vihtavuori_n540,117,37.8,2352,24,vihtavuori,large_rifle_generic,12,2.795,,,,,,
308_win,0.308,sako,blade_656a,162,vihtavuori_n150,124,37,2277,24,vihtavuori,large_rifle_generic,12,2.795,,,,,,
308_win,0.308,sako,blade_656a,162,vihtavuori_n550,129,41.7,2392,24,vihtavuori,large_rifle_generic,12,2.795,,,,,,
308_win,0.308,barnes,tsx,165,vihtavuori_n140,112,37.8,2303,24,vihtavuori,large_rifle_generic,12,2.795,,,,,,
308_win,0.308,barnes,tsx,165,vihtavuori_n150,124,38.9,2346,24,vihtavuori,large_rifle_generic,12,2.795,,,,,,
308_win,0.308,barnes,tsx,165,vihtavuori_n550,129,41.8,2382,24,vihtavuori,large_rifle_generic,12,2.795,,,,,,
308_win,0.308,barnes,ttsx_bt,165,vihtavuori_n135,102,34.4,2254,24,vihtavuori,large_rifle_generic,12,2.799,,,,,,
308_win,0.308,barnes,ttsx_bt,165,vihtavuori_n140,112,40.1,2382,24,vihtavuori,large_rifle_generic,12,2.799,,,,,,
308_win,0.308,barnes,ttsx_bt,165,vihtavuori_n540,117,40.1,2431,24,vihtavuori,large_rifle_generic,12,2.799,,,,,,
308_win,0.308,barnes,ttsx_bt,165,vihtavuori_n150,124,40.1,2411,24,vihtavuori,large_rifle_generic,12,2.799,,,,,,
308_win,0.308,barnes,ttsx_bt,165,vihtavuori_n550,129,44,2470,24,vihtavuori,large_rifle_generic,12,2.799,,,,,,
308_win,0.308,brenneke,tog,165,vihtavuori_n135,102,31,2011,24,vihtavuori,large_rifle_generic,12,2.697,,,,,,
308_win,0.308,brenneke,tog,165,vihtavuori_n140,112,38.4,2392,24,vihtavuori,large_rifle_generic,12,2.697,,,,,,
308_win,0.308,brenneke,tog,165,vihtavuori_n540,117,39,2415,24,vihtavuori,large_rifle_generic,12,2.697,,,,,,
308_win,0.308,brenneke,tog,165,vihtavuori_n150,124,38.7,2359,24,vihtavuori,large_rifle_generic,12,2.697,,,,,,
308_win,0.308,cutting_edge,mth,165,vihtavuori_n140,112,38.3,2352,24,vihtavuori,large_rifle_generic,12,2.795,,,,,,
308_win,0.308,cutting_edge,mth,165,vihtavuori_n540,117,39.5,2421,24,vihtavuori,large_rifle_generic,12,2.795,,,,,,
308_win,0.308,cutting_edge,mth,165,vihtavuori_n150,124,38.9,2372,24,vihtavuori,large_rifle_generic,12,2.795,,,,,,
308_win,0.308,cutting_edge,mth,165,vihtavuori_n550,129,42.1,2431,24,vihtavuori,large_rifle_generic,12,2.795,,,,,,
308_win,0.308,fox,target,165,vihtavuori_n140,112,40.1,2398,24,vihtavuori,large_rifle_generic,12,2.697,,,,,,
308_win,0.308,fox,target,165,vihtavuori_n540,117,41.7,2487,24,vihtavuori,large_rifle_generic,12,2.697,,,,,,
308_win,0.308,fox,target,165,vihtavuori_n150,124,40.6,2421,24,vihtavuori,large_rifle_generic,12,2.697,,,,,,
308_win,0.308,hornady,cx,165,vihtavuori_n135,102,33.2,2205,24,vihtavuori,large_rifle_generic,12,2.799,,,,,,
308_win,0.308,hornady,cx,165,vihtavuori_n140,112,38.6,2306,24,vihtavuori,large_rifle_generic,12,2.799,,,,,,
308_win,0.308,hornady,cx,165,vihtavuori_n540,117,38.6,2329,24,vihtavuori,large_rifle_generic,12,2.799,,,,,,
308_win,0.308,hornady,cx,165,vihtavuori_n150,124,37.8,2313,24,vihtavuori,large_rifle_generic,12,2.799,,,,,,
308_win,0.308,hornady,cx,165,vihtavuori_n550,129,42.4,2392,24,vihtavuori,large_rifle_generic,12,2.799,,,,,,
308_win,0.308,hornady,ecx,165,vihtavuori_n135,102,33,2136,24,vihtavuori,large_rifle_generic,12,2.795,,,,,,
308_win,0.308,hornady,ecx,165,vihtavuori_n140,112,37,2251,24,vihtavuori,large_rifle_generic,12,2.795,,,,,,
308_win,0.308,hornady,ecx,165,vihtavuori_n540,117,39.4,2346,24,vihtavuori,large_rifle_generic,12,2.795,,,,,,
308_win,0.308,hornady,ecx,165,vihtavuori_n150,124,37,2267,24,vihtavuori,large_rifle_generic,12,2.795,,,,,,
308_win,0.308,hornady,ecx,165,vihtavuori_n550,129,42.1,2375,24,vihtavuori,large_rifle_generic,12,2.795,,,,,,
308_win,0.308,hornady,gmx,165,vihtavuori_n140,112,38,2238,24,vihtavuori,large_rifle_generic,12,2.795,,,,,,
308_win,0.308,hornady,gmx,165,vihtavuori_n540,117,37.2,2247,24,vihtavuori,large_rifle_generic,12,2.795,,,,,,
308_win,0.308,hornady,gmx,165,vihtavuori_n150,124,37.3,2234,24,vihtavuori,large_rifle_generic,12,2.795,,,,,,
308_win,0.308,hornady,gmx,165,vihtavuori_n550,129,40.3,2293,24,vihtavuori,large_rifle_generic,12,2.795,,,,,,
308_win,0.308,hornady,interlock_btsp,165,vihtavuori_n130,84,34,2349,24,vihtavuori,large_rifle_generic,12,2.740,,,,,,
308_win,0.308,hornady,interlock_btsp,165,vihtavuori_n133,89,36.3,2385,24,vihtavuori,large_rifle_generic,12,2.740,,,,,,
308_win,0.308,hornady,interlock_btsp,165,vihtavuori_n135,102,37.8,2428,24,vihtavuori,large_rifle_generic,12,2.740,,,,,,
308_win,0.308,hornady,interlock_btsp,165,vihtavuori_n140,112,40.9,2470,24,vihtavuori,large_rifle_generic,12,2.740,,,,,,
308_win,0.308,hornady,interlock_btsp,165,vihtavuori_n540,117,40.9,2490,24,vihtavuori,large_rifle_generic,12,2.740,,,,,,
308_win,0.308,hornady,interlock_btsp,165,vihtavuori_n150,124,41.4,2493,24,vihtavuori,large_rifle_generic,12,2.740,,,,,,
308_win,0.308,hornady,interlock_btsp,165,vihtavuori_n550,129,45.1,2552,24,vihtavuori,large_rifle_generic,12,2.740,,,,,,
308_win,0.308,hornady,sst,165,vihtavuori_n130,84,32.4,2293,24,vihtavuori,large_rifle_generic,12,2.776,,,,,,
308_win,0.308,hornady,sst,165,vihtavuori_n133,89,34.3,2300,24,vihtavuori,large_rifle_generic,12,2.776,,,,,,
308_win,0.308,hornady,sst,165,vihtavuori_n135,102,36,2343,24,vihtavuori,large_rifle_generic,12,2.776,,,,,,
308_win,0.308,hornady,sst,165,vihtavuori_n140,112,38.9,2398,24,vihtavuori,large_rifle_generic,12,2.776,,,,,,
308_win,0.308,hornady,sst,165,vihtavuori_n540,117,40.1,2467,24,vihtavuori,large_rifle_generic,12,2.776,,,,,,
308_win,0.308,hornady,sst,165,vihtavuori_n150,124,39.2,2421,24,vihtavuori,large_rifle_generic,12,2.776,,,,,,
308_win,0.308,hornady,sst,165,vihtavuori_n550,129,42,2451,24,vihtavuori,large_rifle_generic,12,2.776,,,,,,
308_win,0.308,lapua,trx,165,vihtavuori_n135,102,36.6,2382,24,vihtavuori,large_rifle_generic,12,2.799,,,,,,
308_win,0.308,lapua,trx,165,vihtavuori_n140,112,40.1,2434,24,vihtavuori,large_rifle_generic,12,2.799,,,,,,
308_win,0.308,lapua,trx,165,vihtavuori_n540,117,40.1,2448,24,vihtavuori,large_rifle_generic,12,2.799,,,,,,
308_win,0.308,lapua,trx,165,vihtavuori_n150,124,40.1,2454,24,vihtavuori,large_rifle_generic,12,2.799,,,,,,
308_win,0.308,lapua,trx,165,vihtavuori_n550,129,44,2480,24,vihtavuori,large_rifle_generic,12,2.799,,,,,,
308_win,0.308,los,solid_brass_tactic,165,vihtavuori_n130,84,33.2,2375,24,vihtavuori,large_rifle_generic,12,2.795,,,,,,
308_win,0.308,los,solid_brass_tactic,165,vihtavuori_n133,89,36.3,2434,24,vihtavuori,large_rifle_generic,12,2.795,,,,,,
308_win,0.308,los,solid_brass_tactic,165,vihtavuori_n135,102,38.6,2467,24,vihtavuori,large_rifle_generic,12,2.795,,,,,,
308_win,0.308,los,solid_brass_tactic,165,vihtavuori_n140,112,41.1,2493,24,vihtavuori,large_rifle_generic,12,2.795,,,,,,
308_win,0.308,los,solid_brass_tactic,165,vihtavuori_n540,117,42.4,2556,24,vihtavuori,large_rifle_generic,12,2.795,,,,,,
308_win,0.308,los,solid_brass_tactic,165,vihtavuori_n150,124,42.1,2539,24,vihtavuori,large_rifle_generic,12,2.795,,,,,,
308_win,0.308,red_moose,tarvas,165,vihtavuori_n140,112,40.1,2490,24,vihtavuori,large_rifle_generic,12,2.724,,,,,,
308_win,0.308,red_moose,tarvas,165,vihtavuori_n540,117,40.9,2484,24,vihtavuori,large_rifle_generic,12,2.724,,,,,,
308_win,0.308,red_moose,tarvas,165,vihtavuori_n150,124,40.9,2477,24,vihtavuori,large_rifle_generic,12,2.724,,,,,,
308_win,0.308,red_moose,tarvas,165,vihtavuori_n550,129,43.7,2516,24,vihtavuori,large_rifle_generic,12,2.724,,,,,,
308_win,0.308,rhino,solid_shank,165,vihtavuori_n140,112,39.5,2415,24,vihtavuori,large_rifle_generic,12,2.657,,,,,,
308_win,0.308,rhino,solid_shank,165,vihtavuori_n540,117,40.1,2425,24,vihtavuori,large_rifle_generic,12,2.657,,,,,,
308_win,0.308,rhino,solid_shank,165,vihtavuori_n150,124,41.5,2487,24,vihtavuori,large_rifle_generic,12,2.657,,,,,,
308_win,0.308,rhino,solid_shank,165,vihtavuori_n550,129,44.1,2444,24,vihtavuori,large_rifle_generic,12,2.657,,,,,,
308_win,0.308,sierra,sbt,165,vihtavuori_n135,102,36.7,2382,24,vihtavuori,large_rifle_generic,12,2.752,,,,,,
308_win,0.308,sierra,sbt,165,vihtavuori_n140,112,39.4,2434,24,vihtavuori,large_rifle_generic,12,2.752,,,,,,
308_win,0.308,sierra,sbt,165,vihtavuori_n540,117,40.6,2474,24,vihtavuori,large_rifle_generic,12,2.752,,,,,,
308_win,0.308,sierra,sbt,165,vihtavuori_n150,124,40.4,2438,24,vihtavuori,large_rifle_generic,12,2.752,,,,,,
308_win,0.308,sierra,sbt,165,vihtavuori_n550,129,43.2,2497,24,vihtavuori,large_rifle_generic,12,2.752,,,,,,
308_win,0.308,speer,spbt,165,vihtavuori_n133,89,36.8,2345,24,vihtavuori,large_rifle_generic,12,2.795,,,,,,
308_win,0.308,speer,spbt,165,vihtavuori_n135,102,38.3,2376,24,vihtavuori,large_rifle_generic,12,2.795,,,,,,
308_win,0.308,speer,spbt,165,vihtavuori_n140,112,40.1,2390,24,vihtavuori,large_rifle_generic,12,2.795,,,,,,
308_win,0.308,speer,spbt,165,vihtavuori_n150,124,41,2411,24,vihtavuori,large_rifle_generic,12,2.795,,,,,,
308_win,0.308,speer,spbt,165,vihtavuori_n550,129,44.1,2495,24,vihtavuori,large_rifle_generic,12,2.795,,,,,,
308_win,0.308,swift,scirocco_ii,165,vihtavuori_n140,112,36.9,2346,24,vihtavuori,large_rifle_generic,12,2.795,,,,,,
308_win,0.308,swift,scirocco_ii,165,vihtavuori_n540,117,37.7,2349,24,vihtavuori,large_rifle_generic,12,2.795,,,,,,
308_win,0.308,swift,scirocco_ii,165,vihtavuori_n150,124,38.1,2372,24,vihtavuori,large_rifle_generic,12,2.795,,,,,,
308_win,0.308,swift,scirocco_ii,165,vihtavuori_n550,129,41.4,2375,24,vihtavuori,large_rifle_generic,12,2.795,,,,,,
308_win,0.308,copperbear,exhbt,166,vihtavuori_n135,102,34,2228,24,vihtavuori,large_rifle_generic,12,2.657,,,,,,
308_win,0.308,copperbear,exhbt,166,vihtavuori_n140,112,37,2247,24,vihtavuori,large_rifle_generic,12,2.657,,,,,,
308_win,0.308,copperbear,exhbt,166,vihtavuori_n540,117,38.6,2320,24,vihtavuori,large_rifle_generic,12,2.657,,,,,,
308_win,0.308,copperbear,exhbt,166,vihtavuori_n150,124,37,2267,24,vihtavuori,large_rifle_generic,12,2.657,,,,,,
308_win,0.308,copperbear,exhbt,166,vihtavuori_n550,129,41.1,2339,24,vihtavuori,large_rifle_generic,12,2.657,,,,,,
308_win,0.308,lapua,scenar,167,vihtavuori_n135,102,36.7,2425,24,vihtavuori,large_rifle_generic,12,2.795,,,,,,
308_win,0.308,lapua,scenar,167,vihtavuori_n140,112,40,2356,24,vihtavuori,large_rifle_generic,12,2.795,,,,,,
308_win,0.308,lapua,scenar,167,vihtavuori_n540,117,39.8,2405,24,vihtavuori,large_rifle_generic,12,2.795,,,,,,
308_win,0.308,lapua,scenar,167,vihtavuori_n150,124,41.8,2451,24,vihtavuori,large_rifle_generic,12,2.795,,,,,,
308_win,0.308,lapua,scenar,167,vihtavuori_n550,129,44.4,2503,24,vihtavuori,large_rifle_generic,12,2.795,,,,,,
308_win,0.308,barnes,tsx,168,vihtavuori_n140,112,40,2425,24,vihtavuori,large_rifle_generic,12,2.795,,,,,,
308_win,0.308,barnes,tsx,168,vihtavuori_n540,117,41.4,2448,24,vihtavuori,large_rifle_generic,12,2.795,,,,,,
308_win,0.308,barnes,tsx,168,vihtavuori_n150,124,40.6,2428,24,vihtavuori,large_rifle_generic,12,2.795,,,,,,
308_win,0.308,barnes,ttsx_bt,168,vihtavuori_n133,89,35.2,2264,24,vihtavuori,large_rifle_generic,12,2.736,,,,,,
308_win,0.308,barnes,ttsx_bt,168,vihtavuori_n135,102,37.3,2320,24,vihtavuori,large_rifle_generic,12,2.736,,,,,,
308_win,0.308,barnes,ttsx_bt,168,vihtavuori_n140,112,40,2356,24,vihtavuori,large_rifle_generic,12,2.736,,,,,,
308_win,0.308,barnes,ttsx_bt,168,vihtavuori_n540,117,41.7,2411,24,vihtavuori,large_rifle_generic,12,2.736,,,,,,
308_win,0.308,barnes,ttsx_bt,168,vihtavuori_n150,124,40.9,2392,24,vihtavuori,large_rifle_generic,12,2.736,,,,,,
308_win,0.308,barnes,ttsx_bt,168,vihtavuori_n550,129,44,2428,24,vihtavuori,large_rifle_generic,12,2.736,,,,,,
308_win,0.308,berger,classic_hunter,168,vihtavuori_n133,89,36.3,2385,24,vihtavuori,large_rifle_generic,12,2.795,,,,,,
308_win,0.308,berger,classic_hunter,168,vihtavuori_n135,102,38.1,2385,24,vihtavuori,large_rifle_generic,12,2.795,,,,,,
308_win,0.308,berger,classic_hunter,168,vihtavuori_n140,112,40.6,2441,24,vihtavuori,large_rifle_generic,12,2.795,,,,,,
308_win,0.308,berger,classic_hunter,168,vihtavuori_n540,117,40.9,2470,24,vihtavuori,large_rifle_generic,12,2.795,,,,,,
308_win,0.308,berger,classic_hunter,168,vihtavuori_n150,124,40.3,2448,24,vihtavuori,large_rifle_generic,12,2.795,,,,,,
308_win,0.308,berger,classic_hunter,168,vihtavuori_n550,129,42.9,2474,24,vihtavuori,large_rifle_generic,12,2.795,,,,,,
308_win,0.308,berger,hybrid_target,168,vihtavuori_n140,112,38.6,2346,24,vihtavuori,large_rifle_generic,12,2.795,,,,,,
308_win,0.308,berger,hybrid_target,168,vihtavuori_n540,117,39.8,2415,24,vihtavuori,large_rifle_generic,12,2.795,,,,,,
308_win,0.308,berger,hybrid_target,168,vihtavuori_n150,124,39.5,2398,24,vihtavuori,large_rifle_generic,12,2.795,,,,,,
308_win,0.308,berger,hybrid_target,168,vihtavuori_n550,129,42.1,2425,24,vihtavuori,large_rifle_generic,12,2.795,,,,,,
308_win,0.308,berger,vld_hunting,168,vihtavuori_n130,84,33.2,2293,24,vihtavuori,large_rifle_generic,12,2.800,,,,,,
308_win,0.308,berger,vld_hunting,168,vihtavuori_n133,89,36.3,2365,24,vihtavuori,large_rifle_generic,12,2.800,,,,,,
308_win,0.308,berger,vld_hunting,168,vihtavuori_n135,102,37.8,2385,24,vihtavuori,large_rifle_generic,12,2.800,,,,,,
308_win,0.308,berger,vld_hunting,168,vihtavuori_n140,112,40.3,2425,24,vihtavuori,large_rifle_generic,12,2.800,,,,,,
308_win,0.308,berger,vld_hunting,168,vihtavuori_n540,117,40.9,2470,24,vihtavuori,large_rifle_generic,12,2.800,,,,,,
308_win,0.308,berger,vld_hunting,168,vihtavuori_n150,124,40.9,2444,24,vihtavuori,large_rifle_generic,12,2.800,,,,,,
308_win,0.308,berger,vld_hunting,168,vihtavuori_n550,129,44,2477,24,vihtavuori,large_rifle_generic,12,2.800,,,,,,
308_win,0.308,cutting_edge,mtac,168,vihtavuori_n135,102,35.5,2326,24,vihtavuori,large_rifle_generic,12,2.795,,,,,,
308_win,0.308,cutting_edge,mtac,168,vihtavuori_n140,112,37.8,2346,24,vihtavuori,large_rifle_generic,12,2.795,,,,,,
308_win,0.308,cutting_edge,mtac,168,vihtavuori_n540,117,39,2392,24,vihtavuori,large_rifle_generic,12,2.795,,,,,,
308_win,0.308,cutting_edge,mtac,168,vihtavuori_n150,124,38.1,2346,24,vihtavuori,large_rifle_generic,12,2.795,,,,,,
308_win,0.308,cutting_edge,mtac,168,vihtavuori_n550,129,41.8,2408,24,vihtavuori,large_rifle_generic,12,2.795,,,,,,
308_win,0.308,hornady,a_max,168,vihtavuori_n133,89,34.7,2297,24,vihtavuori,large_rifle_generic,12,2.795,,,,,,
308_win,0.308,hornady,a_max,168,vihtavuori_n135,102,37,2343,24,vihtavuori,large_rifle_generic,12,2.795,,,,,,
308_win,0.308,hornady,a_max,168,vihtavuori_n140,112,39.4,2372,24,vihtavuori,large_rifle_generic,12,2.795,,,,,,
308_win,0.308,hornady,a_max,168,vihtavuori_n540,117,40.3,2415,24,vihtavuori,large_rifle_generic,12,2.795,,,,,,
308_win,0.308,hornady,a_max,168,vihtavuori_n150,124,39.4,2372,24,vihtavuori,large_rifle_generic,12,2.795,,,,,,
308_win,0.308,hornady,a_max,168,vihtavuori_n550,129,42.4,2418,24,vihtavuori,large_rifle_generic,12,2.795,,,,,,
308_win,0.308,hornady,eld_match,168,vihtavuori_n135,102,36.4,2395,24,vihtavuori,large_rifle_generic,12,2.795,,,,,,
308_win,0.308,hornady,eld_match,168,vihtavuori_n140,112,38.9,2431,24,vihtavuori,large_rifle_generic,12,2.795,,,,,,
308_win,0.308,hornady,eld_match,168,vihtavuori_n540,117,39.4,2444,24,vihtavuori,large_rifle_generic,12,2.795,,,,,,
308_win,0.308,hornady,eld_match,168,vihtavuori_n150,124,39.4,2441,24,vihtavuori,large_rifle_generic,12,2.795,,,,,,
308_win,0.308,hornady,eld_match,168,vihtavuori_n550,129,42,2477,24,vihtavuori,large_rifle_generic,12,2.795,,,,,,
308_win,0.308,nosler,custom_competition,168,vihtavuori_n133,89,35.8,2382,24,vihtavuori,large_rifle_generic,12,2.799,,,,,,
308_win,0.308,nosler,custom_competition,168,vihtavuori_n135,102,37.7,2411,24,vihtavuori,large_rifle_generic,12,2.799,,,,,,
308_win,0.308,nosler,custom_competition,168,vihtavuori_n140,112,40,2428,24,vihtavuori,large_rifle_generic,12,2.799,,,,,,
308_win,0.308,nosler,custom_competition,168,vihtavuori_n540,117,40.3,2467,24,vihtavuori,large_rifle_generic,12,2.799,,,,,,
308_win,0.308,nosler,custom_competition,168,vihtavuori_n150,124,40.3,2464,24,vihtavuori,large_rifle_generic,12,2.799,,,,,,
308_win,0.308,nosler,custom_competition,168,vihtavuori_n550,129,42.7,2470,24,vihtavuori,large_rifle_generic,12,2.799,,,,,,
308_win,0.308,nosler,expansion_tip,168,vihtavuori_n135,102,36.4,2316,24,vihtavuori,large_rifle_generic,12,2.748,,,,,,
308_win,0.308,nosler,expansion_tip,168,vihtavuori_n140,112,39.2,2356,24,vihtavuori,large_rifle_generic,12,2.748,,,,,,
308_win,0.308,nosler,expansion_tip,168,vihtavuori_n540,117,41.4,2408,24,vihtavuori,large_rifle_generic,12,2.748,,,,,,
308_win,0.308,nosler,expansion_tip,168,vihtavuori_n150,124,39.7,2388,24,vihtavuori,large_rifle_generic,12,2.748,,,,,,
308_win,0.308,nosler,expansion_tip,168,vihtavuori_n550,129,44,2451,24,vihtavuori,large_rifle_generic,12,2.748,,,,,,
308_win,0.308,sierra,hpbt,168,vihtavuori_n135,102,37,2388,24,vihtavuori,large_rifle_generic,12,2.795,,,,,,
308_win,0.308,sierra,hpbt,168,vihtavuori_n140,112,39.7,2428,24,vihtavuori,large_rifle_generic,12,2.795,,,,,,
308_win,0.308,sierra,hpbt,168,vihtavuori_n540,117,40.4,2464,24,vihtavuori,large_rifle_generic,12,2.795,,,,,,
308_win,0.308,sierra,hpbt,168,vihtavuori_n150,124,40.1,2441,24,vihtavuori,large_rifle_generic,12,2.795,,,,,,
308_win,0.308,sierra,hpbt,168,vihtavuori_n550,129,42.7,2477,24,vihtavuori,large_rifle_generic,12,2.795,,,,,,
308_win,0.308,speer,target_match,168,vihtavuori_n133,89,36.1,2382,24,vihtavuori,large_rifle_generic,12,2.795,,,,,,
308_win,0.308,speer,target_match,168,vihtavuori_n135,102,37.8,2421,24,vihtavuori,large_rifle_generic,12,2.795,,,,,,
308_win,0.308,speer,target_match,168,vihtavuori_n140,112,40.1,2448,24,vihtavuori,large_rifle_generic,12,2.795,,,,,,
308_win,0.308,speer,target_match,168,vihtavuori_n540,117,40.1,2454,24,vihtavuori,large_rifle_generic,12,2.795,,,,,,
308_win,0.308,speer,target_match,168,vihtavuori_n150,124,40.1,2454,24,vihtavuori,large_rifle_generic,12,2.795,,,,,,
308_win,0.308,speer,target_match,168,vihtavuori_n550,129,43.2,2487,24,vihtavuori,large_rifle_generic,12,2.795,,,,,,
308_win,0.308,lapua,lockbase_b476,170,vihtavuori_n135,102,37.4,2328,24,vihtavuori,large_rifle_generic,12,2.795,,,,,,
308_win,0.308,lapua,lockbase_b476,170,vihtavuori_n140,112,39.5,2345,24,vihtavuori,large_rifle_generic,12,2.795,,,,,,
308_win,0.308,lapua,lockbase_b476,170,vihtavuori_n540,117,40.1,2308,24,vihtavuori,large_rifle_generic,12,2.795,,,,,,
308_win,0.308,lapua,lockbase_b476,170,vihtavuori_n150,124,40.2,2361,24,vihtavuori,large_rifle_generic,12,2.795,,,,,,
308_win,0.308,lapua,lockbase_b476,170,vihtavuori_n550,129,42.8,2360,24,vihtavuori,large_rifle_generic,12,2.795,,,,,,
308_win,0.308,lapua,naturalis_lr,170,vihtavuori_n140,112,39.2,2441,24,vihtavuori,large_rifle_generic,12,2.795,,,,,,
308_win,0.308,lapua,naturalis_lr,170,vihtavuori_n150,124,41.2,2493,24,vihtavuori,large_rifle_generic,12,2.795,,,,,,
308_win,0.308,lapua,naturalis_lr,170,vihtavuori_n550,129,42.9,2418,24,vihtavuori,large_rifle_generic,12,2.795,,,,,,
308_win,0.308,lapua,naturalis_n558,170,vihtavuori_n140,112,38,2372,24,vihtavuori,large_rifle_generic,12,2.795,,,,,,
308_win,0.308,lapua,naturalis_n558,170,vihtavuori_n540,117,39.7,2467,24,vihtavuori,large_rifle_generic,12,2.795,,,,,,
308_win,0.308,lapua,naturalis_n558,170,vihtavuori_n150,124,39.5,2395,24,vihtavuori,large_rifle_generic,12,2.795,,,,,,
308_win,0.308,lapua,naturalis_n558,170,vihtavuori_n550,129,42,2415,24,vihtavuori,large_rifle_generic,12,2.795,,,,,,
308_win,0.308,hornady,eld_vt,174,vihtavuori_n130,84,32.4,2254,24,vihtavuori,large_rifle_generic,12,2.800,,,,,,
308_win,0.308,hornady,eld_vt,174,vihtavuori_n133,89,36,2323,24,vihtavuori,large_rifle_generic,12,2.800,,,,,,
308_win,0.308,hornady,eld_vt,174,vihtavuori_n135,102,37.5,2346,24,vihtavuori,large_rifle_generic,12,2.800,,,,,,
308_win,0.308,hornady,eld_vt,174,vihtavuori_n140,112,40.1,2392,24,vihtavuori,large_rifle_generic,12,2.800,,,,,,
308_win,0.308,hornady,eld_vt,174,vihtavuori_n540,117,40.1,2438,24,vihtavuori,large_rifle_generic,12,2.800,,,,,,
308_win,0.308,hornady,eld_vt,174,vihtavuori_n150,124,40.1,2385,24,vihtavuori,large_rifle_generic,12,2.800,,,,,,
308_win,0.308,hornady,eld_vt,174,vihtavuori_n550,129,43.2,2441,24,vihtavuori,large_rifle_generic,12,2.800,,,,,,
308_win,0.308,sierra,hpbt,174,vihtavuori_n133,89,34.3,2293,24,vihtavuori,large_rifle_generic,12,2.795,,,,,,
308_win,0.308,sierra,hpbt,174,vihtavuori_n135,102,36.1,2336,24,vihtavuori,large_rifle_generic,12,2.795,,,,,,
308_win,0.308,sierra,hpbt,174,vihtavuori_n140,112,38.6,2375,24,vihtavuori,large_rifle_generic,12,2.795,,,,,,
308_win,0.308,sierra,hpbt,174,vihtavuori_n540,117,38.9,2395,24,vihtavuori,large_rifle_generic,12,2.795,,,,,,
308_win,0.308,sierra,hpbt,174,vihtavuori_n150,124,38.6,2388,24,vihtavuori,large_rifle_generic,12,2.795,,,,,,
308_win,0.308,sierra,hpbt,174,vihtavuori_n550,129,41.8,2425,24,vihtavuori,large_rifle_generic,12,2.795,,,,,,
308_win,0.308,barnes,lrx_bt,175,vihtavuori_n133,89,34,2208,24,vihtavuori,large_rifle_generic,12,2.795,,,,,,
308_win,0.308,barnes,lrx_bt,175,vihtavuori_n135,102,36.1,2247,24,vihtavuori,large_rifle_generic,12,2.795,,,,,,
308_win,0.308,barnes,lrx_bt,175,vihtavuori_n140,112,38.7,2300,24,vihtavuori,large_rifle_generic,12,2.795,,,,,,
308_win,0.308,barnes,lrx_bt,175,vihtavuori_n540,117,40.1,2336,24,vihtavuori,large_rifle_generic,12,2.795,,,,,,
308_win,0.308,barnes,lrx_bt,175,vihtavuori_n150,124,39.7,2329,24,vihtavuori,large_rifle_generic,12,2.795,,,,,,
308_win,0.308,barnes,lrx_bt,175,vihtavuori_n550,129,42.4,2392,24,vihtavuori,large_rifle_generic,12,2.795,,,,,,
308_win,0.308,berger,long_range_bt_target,175,vihtavuori_n130,84,33.2,2254,24,vihtavuori,large_rifle_generic,12,2.800,,,,,,
308_win,0.308,berger,long_range_bt_target,175,vihtavuori_n133,89,36.3,2329,24,vihtavuori,large_rifle_generic,12,2.800,,,,,,
308_win,0.308,berger,long_range_bt_target,175,vihtavuori_n135,102,37,2316,24,vihtavuori,large_rifle_generic,12,2.800,,,,,,
308_win,0.308,berger,long_range_bt_target,175,vihtavuori_n140,112,39.7,2372,24,vihtavuori,large_rifle_generic,12,2.800,,,,,,
308_win,0.308,berger,long_range_bt_target,175,vihtavuori_n540,117,40.9,2418,24,vihtavuori,large_rifle_generic,12,2.800,,,,,,
308_win,0.308,berger,long_range_bt_target,175,vihtavuori_n150,124,40.9,2418,24,vihtavuori,large_rifle_generic,12,2.800,,,,,,
308_win,0.308,berger,long_range_bt_target,175,vihtavuori_n550,129,44.8,2457,24,vihtavuori,large_rifle_generic,12,2.800,,,,,,
308_win,0.308,berger,otm_tactical,175,vihtavuori_n130,84,31.6,2244,24,vihtavuori,large_rifle_generic,12,2.795,,,,,,
308_win,0.308,berger,otm_tactical,175,vihtavuori_n133,89,34.7,2287,24,vihtavuori,large_rifle_generic,12,2.795,,,,,,
308_win,0.308,berger,otm_tactical,175,vihtavuori_n530,100,35.3,2339,24,vihtavuori,large_rifle_generic,12,2.795,,,,,,
308_win,0.308,berger,otm_tactical,175,vihtavuori_n135,102,35.8,2313,24,vihtavuori,large_rifle_generic,12,2.795,,,,,,
308_win,0.308,berger,otm_tactical,175,vihtavuori_n140,112,38.7,2365,24,vihtavuori,large_rifle_generic,12,2.795,,,,,,
308_win,0.308,berger,otm_tactical,175,vihtavuori_n540,117,39.8,2418,24,vihtavuori,large_rifle_generic,12,2.795,,,,,,
308_win,0.308,berger,otm_tactical,175,vihtavuori_n150,124,38.7,2388,24,vihtavuori,large_rifle_generic,12,2.795,,,,,,
308_win,0.308,berger,otm_tactical,175,vihtavuori_n550,129,41.8,2421,24,vihtavuori,large_rifle_generic,12,2.795,,,,,,
308_win,0.308,berger,vld_hunting,175,vihtavuori_n130,84,33.2,2241,24,vihtavuori,large_rifle_generic,12,2.800,,,,,,
308_win,0.308,berger,vld_hunting,175,vihtavuori_n133,89,35.8,2287,24,vihtavuori,large_rifle_generic,12,2.800,,,,,,
308_win,0.308,berger,vld_hunting,175,vihtavuori_n135,102,37,2306,24,vihtavuori,large_rifle_generic,12,2.800,,,,,,
308_win,0.308,berger,vld_hunting,175,vihtavuori_n140,112,39.7,2356,24,vihtavuori,large_rifle_generic,12,2.800,,,,,,
308_win,0.308,berger,vld_hunting,175,vihtavuori_n540,117,40.9,2408,24,vihtavuori,large_rifle_generic,12,2.800,,,,,,
308_win,0.308,berger,vld_hunting,175,vihtavuori_n150,124,40.9,2408,24,vihtavuori,large_rifle_generic,12,2.800,,,,,,
308_win,0.308,berger,vld_hunting,175,vihtavuori_n550,129,44.8,2467,24,vihtavuori,large_rifle_generic,12,2.800,,,,,,
308_win,0.308,lapua,maxrange_target_gb581,175,vihtavuori_n135,102,36.1,2346,24,vihtavuori,large_rifle_generic,12,2.795,,,,,,
308_win,0.308,lapua,maxrange_target_gb581,175,vihtavuori_n140,112,39.4,2388,24,vihtavuori,large_rifle_generic,12,2.795,,,,,,
308_win,0.308,lapua,maxrange_target_gb581,175,vihtavuori_n540,117,39.4,2418,24,vihtavuori,large_rifle_generic,12,2.795,,,,,,
308_win,0.308,lapua,maxrange_target_gb581,175,vihtavuori_n150,124,40.1,2428,24,vihtavuori,large_rifle_generic,12,2.795,,,,,,
308_win,0.308,lapua,maxrange_target_gb581,175,vihtavuori_n550,129,42.4,2441,24,vihtavuori,large_rifle_generic,12,2.795,,,,,,
308_win,0.308,lapua,otm_scenar_l,175,vihtavuori_n135,102,35.3,2362,24,vihtavuori,large_rifle_generic,12,2.795,,,,,,
308_win,0.308,lapua,otm_scenar_l,175,vihtavuori_n140,112,38,2411,24,vihtavuori,large_rifle_generic,12,2.795,,,,,,
308_win,0.308,lapua,otm_scenar_l,175,vihtavuori_n540,117,38.7,2448,24,vihtavuori,large_rifle_generic,12,2.795,,,,,,
308_win,0.308,lapua,otm_scenar_l,175,vihtavuori_n150,124,39.2,2431,24,vihtavuori,large_rifle_generic,12,2.795,,,,,,
308_win,0.308,hornady,a_tip_match,176,vihtavuori_n135,102,36.6,2310,24,vihtavuori,large_rifle_generic,12,2.795,,,,,,
308_win,0.308,hornady,a_tip_match,176,vihtavuori_n140,112,39.7,2359,24,vihtavuori,large_rifle_generic,12,2.795,,,,,,
308_win,0.308,hornady,a_tip_match,176,vihtavuori_n540,117,40.1,2425,24,vihtavuori,large_rifle_generic,12,2.795,,,,,,
308_win,0.308,hornady,a_tip_match,176,vihtavuori_n150,124,40.1,2411,24,vihtavuori,large_rifle_generic,12,2.795,,,,,,
308_win,0.308,hornady,a_tip_match,176,vihtavuori_n550,129,43.2,2448,24,vihtavuori,large_rifle_generic,12,2.795,,,,,,
308_win,0.308,hornady,eld_match,178,vihtavuori_n130,84,33.2,2257,24,vihtavuori,large_rifle_generic,12,2.795,,,,,,
308_win,0.308,hornady,eld_match,178,vihtavuori_n133,89,36,2303,24,vihtavuori,large_rifle_generic,12,2.795,,,,,,
308_win,0.308,hornady,eld_match,178,vihtavuori_n135,102,37,2316,24,vihtavuori,large_rifle_generic,12,2.795,,,,,,
308_win,0.308,hornady,eld_match,178,vihtavuori_n140,112,40.1,2385,24,vihtavuori,large_rifle_generic,12,2.795,,,,,,
308_win,0.308,hornady,eld_match,178,vihtavuori_n540,117,40.4,2395,24,vihtavuori,large_rifle_generic,12,2.795,,,,,,
308_win,0.308,hornady,eld_match,178,vihtavuori_n150,124,40.9,2405,24,vihtavuori,large_rifle_generic,12,2.795,,,,,,
308_win,0.308,hornady,eld_match,178,vihtavuori_n550,129,43.4,2418,24,vihtavuori,large_rifle_generic,12,2.795,,,,,,
308_win,0.308,barnes,ttsx_bt,180,vihtavuori_n135,102,32.1,2110,24,vihtavuori,large_rifle_generic,12,2.795,,,,,,
308_win,0.308,barnes,ttsx_bt,180,vihtavuori_n140,112,36.9,2185,24,vihtavuori,large_rifle_generic,12,2.795,,,,,,
308_win,0.308,barnes,ttsx_bt,180,vihtavuori_n540,117,36.9,2215,24,vihtavuori,large_rifle_generic,12,2.795,,,,,,
308_win,0.308,barnes,ttsx_bt,180,vihtavuori_n150,124,36.4,2198,24,vihtavuori,large_rifle_generic,12,2.795,,,,,,
308_win,0.308,barnes,ttsx_bt,180,vihtavuori_n550,129,39.7,2234,24,vihtavuori,large_rifle_generic,12,2.795,,,,,,
308_win,0.308,barnes,xfb,180,vihtavuori_n540,117,32.2,1938,24,vihtavuori,large_rifle_generic,12,2.795,,,,,,
308_win,0.308,barnes,xfb,180,vihtavuori_n550,129,35.5,2043,24,vihtavuori,large_rifle_generic,12,2.795,,,,,,
308_win,0.308,berger,elite_hunter,180,vihtavuori_n135,102,36.4,2274,24,vihtavuori,large_rifle_generic,12,2.795,,,,,,
308_win,0.308,berger,elite_hunter,180,vihtavuori_n140,112,37.8,2277,24,vihtavuori,large_rifle_generic,12,2.795,,,,,,
308_win,0.308,berger,elite_hunter,180,vihtavuori_n540,117,39,2339,24,vihtavuori,large_rifle_generic,12,2.795,,,,,,
308_win,0.308,berger,elite_hunter,180,vihtavuori_n150,124,38.3,2287,24,vihtavuori,large_rifle_generic,12,2.795,,,,,,
308_win,0.308,berger,elite_hunter,180,vihtavuori_n550,129,41.2,2346,24,vihtavuori,large_rifle_generic,12,2.795,,,,,,
308_win,0.308,hornady,cx,180,vihtavuori_n135,102,30.1,1975,24,vihtavuori,large_rifle_generic,12,2.795,,,,,,
308_win,0.308,hornady,cx,180,vihtavuori_n140,112,34,2100,24,vihtavuori,large_rifle_generic,12,2.795,,,,,,
308_win,0.308,hornady,cx,180,vihtavuori_n540,117,36.6,2182,24,vihtavuori,large_rifle_generic,12,2.795,,,,,,
308_win,0.308,hornady,cx,180,vihtavuori_n150,124,34.7,2103,24,vihtavuori,large_rifle_generic,12,2.795,,,,,,
308_win,0.308,hornady,cx,180,vihtavuori_n550,129,39.2,2231,24,vihtavuori,large_rifle_generic,12,2.795,,,,,,
308_win,0.308,hornady,interlock_btsp,180,vihtavuori_n135,102,36.3,2264,24,vihtavuori,large_rifle_generic,12,2.740,,,,,,
308_win,0.308,hornady,interlock_btsp,180,vihtavuori_n140,112,39.4,2349,24,vihtavuori,large_rifle_generic,12,2.740,,,,,,
308_win,0.308,hornady,interlock_btsp,180,vihtavuori_n540,117,39.8,2362,24,vihtavuori,large_rifle_generic,12,2.740,,,,,,
308_win,0.308,hornady,interlock_btsp,180,vihtavuori_n150,124,39.4,2336,24,vihtavuori,large_rifle_generic,12,2.740,,,,,,
308_win,0.308,hornady,interlock_btsp,180,vihtavuori_n550,129,43.8,2415,24,vihtavuori,large_rifle_generic,12,2.740,,,,,,
308_win,0.308,norma,oryx,180,vihtavuori_n530,100,34.6,2274,24,vihtavuori,large_rifle_generic,12,2.709,,,,,,
308_win,0.308,norma,oryx,180,vihtavuori_n135,102,34.3,2231,24,vihtavuori,large_rifle_generic,12,2.709,,,,,,
308_win,0.308,norma,oryx,180,vihtavuori_n140,112,37.3,2287,24,vihtavuori,large_rifle_generic,12,2.709,,,,,,
308_win,0.308,norma,oryx,180,vihtavuori_n540,117,37.8,2323,24,vihtavuori,large_rifle_generic,12,2.709,,,,,,
308_win,0.308,norma,oryx,180,vihtavuori_n150,124,37.5,2303,24,vihtavuori,large_rifle_generic,12,2.709,,,,,,
308_win,0.308,norma,oryx,180,vihtavuori_n550,129,40,2336,24,vihtavuori,large_rifle_generic,12,2.709,,,,,,
308_win,0.308,rws,hmk,180,vihtavuori_n140,112,38.1,2274,24,vihtavuori,large_rifle_generic,12,2.661,,,,,,
308_win,0.308,rws,hmk,180,vihtavuori_n540,117,38.4,2300,24,vihtavuori,large_rifle_generic,12,2.661,,,,,,
308_win,0.308,rws,hmk,180,vihtavuori_n150,124,38.3,2287,24,vihtavuori,large_rifle_generic,12,2.661,,,,,,
308_win,0.308,rws,hmk,180,vihtavuori_n550,129,42.3,2336,24,vihtavuori,large_rifle_generic,12,2.661,,,,,,
308_win,0.308,rws,uni_classic,180,vihtavuori_n140,112,37.5,2260,24,vihtavuori,large_rifle_generic,12,2.646,,,,,,
308_win,0.308,rws,uni_classic,180,vihtavuori_n540,117,37.8,2264,24,vihtavuori,large_rifle_generic,12,2.646,,,,,,
308_win,0.308,rws,uni_classic,180,vihtavuori_n150,124,38.6,2290,24,vihtavuori,large_rifle_generic,12,2.646,,,,,,
308_win,0.308,rws,uni_classic,180,vihtavuori_n550,129,41.7,2310,24,vihtavuori,large_rifle_generic,12,2.646,,,,,,
308_win,0.308,brenneke,tug,181,vihtavuori_n135,102,35.8,2228,24,vihtavuori,large_rifle_generic,12,2.701,,,,,,
308_win,0.308,brenneke,tug,181,vihtavuori_n140,112,38.7,2287,24,vihtavuori,large_rifle_generic,12,2.701,,,,,,
308_win,0.308,brenneke,tug,181,vihtavuori_n540,117,39.7,2343,24,vihtavuori,large_rifle_generic,12,2.701,,,,,,
308_win,0.308,brenneke,tug,181,vihtavuori_n150,124,38.4,2297,24,vihtavuori,large_rifle_generic,12,2.701,,,,,,
308_win,0.308,brenneke,tug,181,vihtavuori_n550,129,41.4,2329,24,vihtavuori,large_rifle_generic,12,2.701,,,,,,
308_win,0.308,berger,hybrid_target,185,vihtavuori_n540,117,37.3,2244,24,vihtavuori,large_rifle_generic,12,2.795,,,,,,
308_win,0.308,berger,hybrid_target,185,vihtavuori_n150,124,37.2,2205,24,vihtavuori,large_rifle_generic,12,2.795,,,,,,
308_win,0.308,berger,juggernaut_target,185,vihtavuori_n140,112,37,2192,24,vihtavuori,large_rifle_generic,12,2.795,,,,,,
308_win,0.308,berger,juggernaut_target,185,vihtavuori_n540,117,37.8,2254,24,vihtavuori,large_rifle_generic,12,2.795,,,,,,
308_win,0.308,berger,juggernaut_target,185,vihtavuori_n150,124,37.5,2211,24,vihtavuori,large_rifle_generic,12,2.795,,,,,,
308_win,0.308,berger,juggernaut_target,185,vihtavuori_n550,129,40.6,2293,24,vihtavuori,large_rifle_generic,12,2.795,,,,,,
308_win,0.308,lapua,d46,185,vihtavuori_n135,102,36,2188,24,vihtavuori,large_rifle_generic,12,2.795,,,,,,
308_win,0.308,lapua,d46,185,vihtavuori_n140,112,37.6,2215,24,vihtavuori,large_rifle_generic,12,2.795,,,,,,
308_win,0.308,lapua,d46,185,vihtavuori_n540,117,39.2,2335,24,vihtavuori,large_rifle_generic,12,2.795,,,,,,
308_win,0.308,lapua,d46,185,vihtavuori_n150,124,39.7,2388,24,vihtavuori,large_rifle_generic,12,2.795,,,,,,
308_win,0.308,lapua,d46,185,vihtavuori_n550,129,42.1,2398,24,vihtavuori,large_rifle_generic,12,2.795,,,,,,
308_win,0.308,lapua,mega_e415,185,vihtavuori_n135,102,36.9,2208,24,vihtavuori,large_rifle_generic,12,2.657,,,,,,
308_win,0.308,lapua,mega_e415,185,vihtavuori_n140,112,39,2215,24,vihtavuori,large_rifle_generic,12,2.657,,,,,,
308_win,0.308,lapua,mega_e415,185,vihtavuori_n540,117,40.6,2320,24,vihtavuori,large_rifle_generic,12,2.657,,,,,,
308_win,0.308,lapua,mega_e415,185,vihtavuori_n150,124,40.9,2257,24,vihtavuori,large_rifle_generic,12,2.657,,,,,,
308_win,0.308,lapua,mega_e415,185,vihtavuori_n550,129,42.6,2247,24,vihtavuori,large_rifle_generic,12,2.657,,,,,,
308_win,0.308,lapua,scenar,185,vihtavuori_n140,112,37.7,2316,24,vihtavuori,large_rifle_generic,12,2.795,,,,,,
308_win,0.308,lapua,scenar,185,vihtavuori_n540,117,36.7,2379,24,vihtavuori,large_rifle_generic,12,2.795,,,,,,
308_win,0.308,lapua,scenar,185,vihtavuori_n150,124,37.3,2179,24,vihtavuori,large_rifle_generic,12,2.795,,,,,,
308_win,0.308,lapua,scenar,185,vihtavuori_n550,129,40.5,2203,24,vihtavuori,large_rifle_generic,12,2.795,,,,,,
308_win,0.308,sierra,hpbt,190,vihtavuori_n135,102,34.4,2208,24,vihtavuori,large_rifle_generic,12,2.795,,,,,,
308_win,0.308,sierra,hpbt,190,vihtavuori_n140,112,37,2267,24,vihtavuori,large_rifle_generic,12,2.795,,,,,,
308_win,0.308,sierra,hpbt,190,vihtavuori_n540,117,38,2303,24,vihtavuori,large_rifle_generic,12,2.795,,,,,,
308_win,0.308,sierra,hpbt,190,vihtavuori_n150,124,37.3,2260,24,vihtavuori,large_rifle_generic,12,2.795,,,,,,
308_win,0.308,sierra,hpbt,190,vihtavuori_n550,129,40.4,2329,24,vihtavuori,large_rifle_generic,12,2.795,,,,,,
308_win,0.308,hornady,eld_match,195,vihtavuori_n140,112,38.6,2254,24,vihtavuori,large_rifle_generic,12,2.800,,,,,,
308_win,0.308,hornady,eld_match,195,vihtavuori_n540,117,39.4,2290,24,vihtavuori,large_rifle_generic,12,2.800,,,,,,
308_win,0.308,hornady,eld_match,195,vihtavuori_n150,124,38.6,2257,24,vihtavuori,large_rifle_generic,12,2.800,,,,,,
308_win,0.308,hornady,eld_match,195,vihtavuori_n550,129,42.1,2306,24,vihtavuori,large_rifle_generic,12,2.800,,,,,,
308_win,0.308,speer,sp,200,vihtavuori_n140,112,35.2,1999,24,vihtavuori,large_rifle_generic,12,2.795,,,,,,
308_win,0.308,speer,sp,200,vihtavuori_n150,124,34.5,1982,24,vihtavuori,large_rifle_generic,12,2.795,,,,,,
308_win,0.308,berger,200_20x_hybrid_target,200.2,vihtavuori_n140,112,37.2,2201,24,vihtavuori,large_rifle_generic,12,2.795,,,,,,
308_win,0.308,berger,200_20x_hybrid_target,200.2,vihtavuori_n540,117,38.3,2254,24,vihtavuori,large_rifle_generic,12,2.795,,,,,,
308_win,0.308,berger,200_20x_hybrid_target,200.2,vihtavuori_n150,124,37.2,2221,24,vihtavuori,large_rifle_generic,12,2.795,,,,,,
308_win,0.308,berger,200_20x_hybrid_target,200.2,vihtavuori_n550,129,40.4,2267,24,vihtavuori,large_rifle_generic,12,2.795,,,,,,
308_win,0.308,berger,elite_hunter,205,vihtavuori_n140,112,36,2126,24,vihtavuori,large_rifle_generic,12,2.795,,,,,,
308_win,0.308,berger,elite_hunter,205,vihtavuori_n540,117,37.8,2195,24,vihtavuori,large_rifle_generic,12,2.795,,,,,,
308_win,0.308,berger,elite_hunter,205,vihtavuori_n150,124,36.9,2136,24,vihtavuori,large_rifle_generic,12,2.795,,,,,,
308_win,0.308,berger,elite_hunter,205,vihtavuori_n550,129,40.4,2224,24,vihtavuori,large_rifle_generic,12,2.795,,,,,,
308_win,0.308,hornady,a_max,208,vihtavuori_n140,112,35.2,2080,24,vihtavuori,large_rifle_generic,12,2.795,,,,,,
308_win,0.308,hornady,a_max,208,vihtavuori_n540,117,37.8,2192,24,vihtavuori,large_rifle_generic,12,2.795,,,,,,
308_win,0.308,hornady,a_max,208,vihtavuori_n150,124,37,2123,24,vihtavuori,large_rifle_generic,12,2.795,,,,,,
308_win,0.308,hornady,a_max,208,vihtavuori_n550,129,40.1,2208,24,vihtavuori,large_rifle_generic,12,2.795,,,,,,
308_win,0.308,sako,hammerhead,220,vihtavuori_n140,112,35.5,1998,24,vihtavuori,large_rifle_generic,12,2.776,,,,,,
308_win,0.308,sako,hammerhead,220,vihtavuori_n540,117,35,1978,24,vihtavuori,large_rifle_generic,12,2.776,,,,,,
308_win,0.308,sako,hammerhead,220,vihtavuori_n150,124,34.9,1946,24,vihtavuori,large_rifle_generic,12,2.776,,,,,,
308_win,0.308,sako,hammerhead,220,vihtavuori_n550,129,40.1,2087,24,vihtavuori,large_rifle_generic,12,2.776,,,,,,
308_win,0.308,lapua,als,57,vihtavuori_n110,64,34.5,3993,24,vihtavuori,large_rifle_generic,12,2.638,,,,,,
308_win,0.308,lapua,g589_ot,100,vihtavuori_n120,81,37.5,3143,24,vihtavuori,large_rifle_generic,12,2.638,,,,,,
308_win,0.308,lapua,g589_ot,100,vihtavuori_n130,84,41.5,3251,24,vihtavuori,large_rifle_generic,12,2.638,,,,,,
308_win,0.308,lapua,g589_ot,100,vihtavuori_n133,89,44.6,3304,24,vihtavuori,large_rifle_generic,12,2.638,,,,,,
308_win,0.308,lapua,g589_ot,100,vihtavuori_n135,102,47.8,3360,24,vihtavuori,large_rifle_generic,12,2.638,yes,,,,,
308_win,0.308,lapua,g589_ot,100,vihtavuori_n540,117,50.9,3337,24,vihtavuori,large_rifle_generic,12,2.638,yes,,,,,
308_win,0.308,lapua,hpce_otce,100,vihtavuori_n110,64,27.8,2854,24,vihtavuori,large_rifle_generic,12,2.638,,,,,,
308_win,0.308,lapua,hpce_otce,100,vihtavuori_n120,81,36,3051,24,vihtavuori,large_rifle_generic,12,2.638,,,,,,
308_win,0.308,lapua,hpce_otce,100,vihtavuori_n130,84,40.1,3203,24,vihtavuori,large_rifle_generic,12,2.638,,,,,,
308_win,0.308,lapua,hpce_otce,100,vihtavuori_n133,89,45.5,3356,24,vihtavuori,large_rifle_generic,12,2.638,yes,,,,,
308_win,0.308,lapua,hpce_otce,100,vihtavuori_n530,100,46.5,3425,24,vihtavuori,large_rifle_generic,12,2.638,,,,,,
308_win,0.308,lapua,hpce_otce,100,vihtavuori_n135,102,46.1,3255,24,vihtavuori,large_rifle_generic,12,2.638,,,,,,
308_win,0.308,barnes,tsx_fb,110,vihtavuori_n130,84,41.7,3127,24,vihtavuori,large_rifle_generic,12,2.697,,,,,,
308_win,0.308,barnes,tsx_fb,110,vihtavuori_n133,89,45.4,3225,24,vihtavuori,large_rifle_generic,12,2.697,,,,,,
308_win,0.308,barnes,tsx_fb,110,vihtavuori_n530,100,47.1,3274,24,vihtavuori,large_rifle_generic,12,2.697,,,,,,
308_win,0.308,barnes,tsx_fb,110,vihtavuori_n135,102,46.3,3186,24,vihtavuori,large_rifle_generic,12,2.697,,,,,,
308_win,0.308,fox,classic_hunter,110,vihtavuori_n133,89,41.7,3104,24,vihtavuori,large_rifle_generic,12,2.697,,,,,,
308_win,0.308,fox,classic_hunter,110,vihtavuori_n135,102,45.2,3186,24,vihtavuori,large_rifle_generic,12,2.697,,,,,,
308_win,0.308,fox,classic_hunter,110,vihtavuori_n140,112,48.6,3196,24,vihtavuori,large_rifle_generic,12,2.697,yes,,,,,
308_win,0.308,hornady,cx,110,vihtavuori_n130,84,41.8,3107,24,vihtavuori,large_rifle_generic,12,2.795,,,,,,
308_win,0.308,hornady,cx,110,vihtavuori_n133,89,45.5,3196,24,vihtavuori,large_rifle_generic,12,2.795,yes,,,,,
308_win,0.308,hornady,cx,110,vihtavuori_n135,102,48.1,3248,24,vihtavuori,large_rifle_generic,12,2.795,yes,,,,,
308_win,0.308,hornady,cx,110,vihtavuori_n540,117,51.7,3287,24,vihtavuori,large_rifle_generic,12,2.795,yes,,,,,
308_win,0.308,hornady,gmx,110,vihtavuori_n130,84,40.3,3077,24,vihtavuori,large_rifle_generic,12,2.795,,,,,,
308_win,0.308,hornady,gmx,110,vihtavuori_n133,89,44.6,3169,24,vihtavuori,large_rifle_generic,12,2.795,yes,,,,,
308_win,0.308,hornady,gmx,110,vihtavuori_n530,100,45.5,3209,24,vihtavuori,large_rifle_generic,12,2.795,,,,,,
308_win,0.308,hornady,gmx,110,vihtavuori_n135,102,46.3,3189,24,vihtavuori,large_rifle_generic,12,2.795,yes,,,,,
308_win,0.308,hornady,gmx,110,vihtavuori_n540,117,48.9,3130,24,vihtavuori,large_rifle_generic,12,2.795,yes,,,,,
308_win,0.308,hornady,v_max,110,vihtavuori_n130,84,40.3,3081,24,vihtavuori,large_rifle_generic,12,2.697,,,,,,
308_win,0.308,hornady,v_max,110,vihtavuori_n133,89,43.8,3163,24,vihtavuori,large_rifle_generic,12,2.697,,,,,,
308_win,0.308,hornady,v_max,110,vihtavuori_n530,100,45.5,3189,24,vihtavuori,large_rifle_generic,12,2.697,,,,,,
308_win,0.308,hornady,v_max,110,vihtavuori_n135,102,46.5,3215,24,vihtavuori,large_rifle_generic,12,2.697,,,,,,
308_win,0.308,hornady,v_max,110,vihtavuori_n140,112,49.4,3199,24,vihtavuori,large_rifle_generic,12,2.697,yes,,,,,
308_win,0.308,nosler,varmageddon,110,vihtavuori_n120,81,37.5,3054,24,vihtavuori,large_rifle_generic,12,2.598,,,,,,
308_win,0.308,nosler,varmageddon,110,vihtavuori_n130,84,41.5,3130,24,vihtavuori,large_rifle_generic,12,2.598,,,,,,
308_win,0.308,nosler,varmageddon,110,vihtavuori_n133,89,46.3,3248,24,vihtavuori,large_rifle_generic,12,2.598,yes,,,,,
308_win,0.308,sierra,hp_varminter,110,vihtavuori_n130,84,43.2,3166,24,vihtavuori,large_rifle_generic,12,2.600,,,,,,
308_win,0.308,sierra,hp_varminter,110,vihtavuori_n133,89,46.3,3228,24,vihtavuori,large_rifle_generic,12,2.600,yes,,,,,
308_win,0.308,sierra,hp_varminter,110,vihtavuori_n135,102,48.6,3281,24,vihtavuori,large_rifle_generic,12,2.600,yes,,,,,
308_win,0.308,sierra,hp_varminter,110,vihtavuori_n140,112,49.4,3136,24,vihtavuori,large_rifle_generic,12,2.600,yes,,,,,
308_win,0.308,lehigh,controlled_chaos_copper,115,vihtavuori_n130,84,41.4,3071,24,vihtavuori,large_rifle_generic,12,2.756,,,,,,
308_win,0.308,lehigh,controlled_chaos_copper,115,vihtavuori_n133,89,45.2,3150,24,vihtavuori,large_rifle_generic,12,2.756,yes,,,,,
308_win,0.308,lehigh,controlled_chaos_copper,115,vihtavuori_n135,102,48.6,3189,24,vihtavuori,large_rifle_generic,12,2.756,yes,,,,,
308_win,0.308,lehigh,controlled_chaos_copper,115,vihtavuori_n140,112,50.2,3133,24,vihtavuori,large_rifle_generic,12,2.756,yes,,,,,
308_win,0.308,sierra,hp_varminter,115,vihtavuori_n130,84,42.3,3094,24,vihtavuori,large_rifle_generic,12,2.736,,,,,,
308_win,0.308,sierra,hp_varminter,115,vihtavuori_n133,89,45.2,3150,24,vihtavuori,large_rifle_generic,12,2.736,,,,,,
308_win,0.308,sierra,hp_varminter,115,vihtavuori_n135,102,47.2,3186,24,vihtavuori,large_rifle_generic,12,2.736,,,,,,
308_win,0.308,sierra,hp_varminter,115,vihtavuori_n140,112,49.4,3123,24,vihtavuori,large_rifle_generic,12,2.736,yes,,,,,
308_win,0.308,sako,blade_633a,120,vihtavuori_n133,89,43.7,2992,24,vihtavuori,large_rifle_generic,12,2.795,,,,,,
308_win,0.308,sako,blade_633a,120,vihtavuori_n530,100,44.6,3048,24,vihtavuori,large_rifle_generic,12,2.795,,,,,,
308_win,0.308,sako,blade_633a,120,vihtavuori_n135,102,45.8,3045,24,vihtavuori,large_rifle_generic,12,2.795,yes,,,,,
308_win,0.308,sako,blade_633a,120,vihtavuori_n140,112,48,3028,24,vihtavuori,large_rifle_generic,12,2.795,yes,,,,,
308_win,0.308,sako,blade_633a,120,vihtavuori_n540,117,49.8,3110,24,vihtavuori,large_rifle_generic,12,2.795,yes,,,,,
308_win,0.308,sako,blade_633a,120,vihtavuori_n150,124,47.8,2956,24,vihtavuori,large_rifle_generic,12,2.795,yes,,,,,
308_win,0.308,lapua,fmj,123,vihtavuori_n120,81,36.9,2940,24,vihtavuori,large_rifle_generic,12,2.634,,,,,,
308_win,0.308,lapua,fmj,123,vihtavuori_n130,84,42.9,3028,24,vihtavuori,large_rifle_generic,12,2.634,,,,,,
308_win,0.308,lapua,fmj,123,vihtavuori_n133,89,44.3,3084,24,vihtavuori,large_rifle_generic,12,2.634,,,,,,
308_win,0.308,lapua,fmj,123,vihtavuori_n530,100,44.4,3146,24,vihtavuori,large_rifle_generic,12,2.634,,,,,,
308_win,0.308,lapua,fmj,123,vihtavuori_n135,102,47.2,3022,24,vihtavuori,large_rifle_generic,12,2.634,yes,,,,,
308_win,0.308,hornady,ecx,125,vihtavuori_n133,89,38.1,2822,24,vihtavuori,large_rifle_generic,12,2.728,,,,,,
308_win,0.308,hornady,ecx,125,vihtavuori_n135,102,40.3,2871,24,vihtavuori,large_rifle_generic,12,2.728,,,,,,
308_win,0.308,hornady,ecx,125,vihtavuori_n140,112,46.8,2992,24,vihtavuori,large_rifle_generic,12,2.728,,,,,,
308_win,0.308,hornady,ecx,125,vihtavuori_n540,117,48.3,3048,24,vihtavuori,large_rifle_generic,12,2.728,yes,,,,,
308_win,0.308,hornady,ecx,125,vihtavuori_n150,124,47.1,2986,24,vihtavuori,large_rifle_generic,12,2.728,yes,,,,,
308_win,0.308,hornady,sst,125,vihtavuori_n130,84,40,2936,24,vihtavuori,large_rifle_generic,12,2.728,,,,,,
308_win,0.308,hornady,sst,125,vihtavuori_n133,89,43.1,2999,24,vihtavuori,large_rifle_generic,12,2.728,,,,,,
308_win,0.308,hornady,sst,125,vihtavuori_n135,102,46.1,3041,24,vihtavuori,large_rifle_generic,12,2.728,,,,,,
308_win,0.308,hornady,sst,125,vihtavuori_n140,112,49.1,3054,24,vihtavuori,large_rifle_generic,12,2.728,,,,,,
308_win,0.308,hornady,sst,125,vihtavuori_n540,117,49.5,3074,24,vihtavuori,large_rifle_generic,12,2.728,,,,,,
308_win,0.308,lehigh,controlled_chaos,125,vihtavuori_n133,89,38.6,2808,24,vihtavuori,large_rifle_generic,12,2.756,,,,,,
308_win,0.308,lehigh,controlled_chaos,125,vihtavuori_n135,102,41.2,2881,24,vihtavuori,large_rifle_generic,12,2.756,,,,,,
308_win,0.308,lehigh,controlled_chaos,125,vihtavuori_n140,112,46,2949,24,vihtavuori,large_rifle_generic,12,2.756,,,,,,
308_win,0.308,lehigh,controlled_chaos,125,vihtavuori_n540,117,47.8,3022,24,vihtavuori,large_rifle_generic,12,2.756,,,,,,
308_win,0.308,lehigh,controlled_chaos,125,vihtavuori_n150,124,46.5,2966,24,vihtavuori,large_rifle_generic,12,2.756,yes,,,,,
308_win,0.308,nosler,accubond,125,vihtavuori_n130,84,40.3,2953,24,vihtavuori,large_rifle_generic,12,2.748,,,,,,
308_win,0.308,nosler,accubond,125,vihtavuori_n133,89,43.7,3025,24,vihtavuori,large_rifle_generic,12,2.748,,,,,,
308_win,0.308,nosler,accubond,125,vihtavuori_n135,102,46.8,3071,24,vihtavuori,large_rifle_generic,12,2.748,yes,,,,,
308_win,0.308,nosler,accubond,125,vihtavuori_n140,112,49.5,3071,24,vihtavuori,large_rifle_generic,12,2.748,yes,,,,,
308_win,0.308,nosler,accubond,125,vihtavuori_n540,117,50.2,3130,24,vihtavuori,large_rifle_generic,12,2.748,yes,,,,,
308_win,0.308,nosler,ballistic_tip,125,vihtavuori_n130,84,43,3068,24,vihtavuori,large_rifle_generic,12,2.756,,,,,,
308_win,0.308,nosler,ballistic_tip,125,vihtavuori_n133,89,46.3,3120,24,vihtavuori,large_rifle_generic,12,2.756,,,,,,
308_win,0.308,nosler,ballistic_tip,125,vihtavuori_n135,102,48.9,3143,24,vihtavuori,large_rifle_generic,12,2.756,,,,,,
308_win,0.308,nosler,ballistic_tip,125,vihtavuori_n140,112,49.8,3071,24,vihtavuori,large_rifle_generic,12,2.756,yes,,,,,
308_win,0.308,sierra,tmk,125,vihtavuori_n130,84,39.4,2900,24,vihtavuori,large_rifle_generic,12,2.795,,,,,,
308_win,0.308,sierra,tmk,125,vihtavuori_n133,89,42.4,2953,24,vihtavuori,large_rifle_generic,12,2.795,,,,,,
308_win,0.308,sierra,tmk,125,vihtavuori_n530,100,44,3048,24,vihtavuori,large_rifle_generic,12,2.795,,,,,,
308_win,0.308,sierra,tmk,125,vihtavuori_n135,102,43.4,2979,24,vihtavuori,large_rifle_generic,12,2.795,,,,,,
308_win,0.308,sierra,tmk,125,vihtavuori_n140,112,47.2,2986,24,vihtavuori,large_rifle_generic,12,2.795,,,,,,
308_win,0.308,speer,tnt_hp,125,vihtavuori_n133,89,44.3,3058,24,vihtavuori,large_rifle_generic,12,2.638,,,,,,
308_win,0.308,speer,tnt_hp,125,vihtavuori_n135,102,46.1,3091,24,vihtavuori,large_rifle_generic,12,2.638,yes,,,,,
308_win,0.308,speer,tnt_hp,125,vihtavuori_n140,112,48.6,3054,24,vihtavuori,large_rifle_generic,12,2.638,yes,,,,,
308_win,0.308,speer,tnt_hp,125,vihtavuori_n540,117,49.4,3094,24,vihtavuori,large_rifle_generic,12,2.638,yes,,,,,
308_win,0.308,speer,tnt_hp,125,vihtavuori_n150,124,47.8,3022,24,vihtavuori,large_rifle_generic,12,2.638,yes,,,,,
308_win,0.308,infitech,target_line,130,vihtavuori_n135,102,44.8,3009,24,vihtavuori,large_rifle_generic,12,2.799,yes,,,,,
308_win,0.308,infitech,target_line,130,vihtavuori_n140,112,48.6,3051,24,vihtavuori,large_rifle_generic,12,2.799,yes,,,,,
308_win,0.308,infitech,target_line,130,vihtavuori_n540,117,48.6,3077,24,vihtavuori,large_rifle_generic,12,2.799,yes,,,,,
308_win,0.308,sako,blade_636a,130,vihtavuori_n133,89,42,2877,24,vihtavuori,large_rifle_generic,12,2.800,yes,,,,,
308_win,0.308,sako,blade_636a,130,vihtavuori_n135,102,43.8,2910,24,vihtavuori,large_rifle_generic,12,2.800,yes,,,,,
308_win,0.308,sako,blade_636a,130,vihtavuori_n140,112,49.2,3002,24,vihtavuori,large_rifle_generic,12,2.800,yes,,,,,
308_win,0.308,barnes,tsx_bt,130,vihtavuori_n130,84,39,2848,24,vihtavuori,large_rifle_generic,12,2.783,,,,,,
308_win,0.308,barnes,tsx_bt,130,vihtavuori_n133,89,41.7,2904,24,vihtavuori,large_rifle_generic,12,2.783,,,,,,
308_win,0.308,barnes,tsx_bt,130,vihtavuori_n530,100,43.8,2953,24,vihtavuori,large_rifle_generic,12,2.783,,,,,,
308_win,0.308,barnes,tsx_bt,130,vihtavuori_n135,102,43.7,2946,24,vihtavuori,large_rifle_generic,12,2.783,,,,,,
308_win,0.308,barnes,tsx_bt,130,vihtavuori_n140,112,47.1,2976,24,vihtavuori,large_rifle_generic,12,2.783,,,,,,
308_win,0.308,sierra,hp_varminter,135,vihtavuori_n130,84,40.7,2867,24,vihtavuori,large_rifle_generic,12,2.650,,,,,,
308_win,0.308,sierra,hp_varminter,135,vihtavuori_n133,89,43.8,2917,24,vihtavuori,large_rifle_generic,12,2.650,,,,,,
308_win,0.308,sierra,hp_varminter,135,vihtavuori_n135,102,45.5,2956,24,vihtavuori,large_rifle_generic,12,2.650,,,,,,
308_win,0.308,sierra,hp_varminter,135,vihtavuori_n140,112,48.8,2995,24,vihtavuori,large_rifle_generic,12,2.650,yes,,,,,
308_win,0.308,brenneke,basic_nature,139,vihtavuori_n130,84,37.8,2605,24,vihtavuori,large_rifle_generic,12,2.626,,,,,,
308_win,0.308,brenneke,basic_nature,139,vihtavuori_n133,89,40.4,2657,24,vihtavuori,large_rifle_generic,12,2.626,,,,,,
308_win,0.308,brenneke,basic_nature,139,vihtavuori_n135,102,42.7,2723,24,vihtavuori,large_rifle_generic,12,2.626,yes,,,,,
308_win,0.308,brenneke,basic_nature,139,vihtavuori_n140,112,46.5,2769,24,vihtavuori,large_rifle_generic,12,2.626,yes,,,,,
308_win,0.308,brenneke,basic_nature,139,vihtavuori_n540,117,45.8,2831,24,vihtavuori,large_rifle_generic,12,2.626,yes,,,,,
308_win,0.308,brenneke,basic_nature,139,vihtavuori_n150,124,45.8,2762,24,vihtavuori,large_rifle_generic,12,2.626,yes,,,,,
308_win,0.308,brenneke,basic_nature,139,vihtavuori_n550,129,50.5,2844,24,vihtavuori,large_rifle_generic,12,2.626,yes,,,,,
308_win,0.308,infitech,target_line,140,vihtavuori_n135,102,43.2,2877,24,vihtavuori,large_rifle_generic,12,2.799,yes,,,,,
308_win,0.308,infitech,target_line,140,vihtavuori_n140,112,46.9,2930,24,vihtavuori,large_rifle_generic,12,2.799,yes,,,,,
308_win,0.308,infitech,target_line,140,vihtavuori_n540,117,46.6,2953,24,vihtavuori,large_rifle_generic,12,2.799,yes,,,,,
308_win,0.308,los,hunting_tactic,140,vihtavuori_n135,102,42.9,2894,24,vihtavuori,large_rifle_generic,12,2.776,,,,,,
308_win,0.308,los,hunting_tactic,140,vihtavuori_n140,112,45.7,2894,24,vihtavuori,large_rifle_generic,12,2.776,,,,,,
308_win,0.308,los,hunting_tactic,140,vihtavuori_n540,117,45.8,2943,24,vihtavuori,large_rifle_generic,12,2.776,,,,,,
308_win,0.308,npb,hunting_expandable,140,vihtavuori_n135,102,40.7,2697,24,vihtavuori,large_rifle_generic,12,2.697,,,,,,
308_win,0.308,npb,hunting_expandable,140,vihtavuori_n140,112,44.1,2759,24,vihtavuori,large_rifle_generic,12,2.697,,,,,,
308_win,0.308,npb,hunting_expandable,140,vihtavuori_n540,117,45.8,2844,24,vihtavuori,large_rifle_generic,12,2.697,,,,,,
308_win,0.308,npb,hunting_expandable,140,vihtavuori_n150,124,45.1,2782,24,vihtavuori,large_rifle_generic,12,2.697,,,,,,
308_win,0.308,npb,hunting_expandable,140,vihtavuori_n550,129,49.1,2848,24,vihtavuori,large_rifle_generic,12,2.697,yes,,,,,
308_win,0.308,brenneke,tug_nature,147,vihtavuori_n133,89,38.3,2602,24,vihtavuori,large_rifle_generic,12,2.618,,,,,,
308_win,0.308,brenneke,tug_nature,147,vihtavuori_n135,102,40,2641,24,vihtavuori,large_rifle_generic,12,2.618,,,,,,
308_win,0.308,brenneke,tug_nature,147,vihtavuori_n140,112,43.7,2694,24,vihtavuori,large_rifle_generic,12,2.618,yes,,,,,
308_win,0.308,brenneke,tug_nature,147,vihtavuori_n540,117,45.1,2766,24,vihtavuori,large_rifle_generic,12,2.618,yes,,,,,
308_win,0.308,brenneke,tug_nature,147,vihtavuori_n150,124,45.1,2713,24,vihtavuori,large_rifle_generic,12,2.618,yes,,,,,
308_win,0.308,brenneke,tug_nature,147,vihtavuori_n550,129,48.9,2782,24,vihtavuori,large_rifle_generic,12,2.618,yes,,,,,
308_win,0.308,campro,spitzer_bt_fmj,147,vihtavuori_n130,84,37.7,2684,24,vihtavuori,large_rifle_generic,12,2.783,,,,,,
308_win,0.308,campro,spitzer_bt_fmj,147,vihtavuori_n133,89,41.4,2746,24,vihtavuori,large_rifle_generic,12,2.783,,,,,,
308_win,0.308,campro,spitzer_bt_fmj,147,vihtavuori_n135,102,43.7,2799,24,vihtavuori,large_rifle_generic,12,2.783,yes,,,,,
308_win,0.308,campro,spitzer_bt_fmj,147,vihtavuori_n140,112,46.6,2835,24,vihtavuori,large_rifle_generic,12,2.783,yes,,,,,
308_win,0.308,campro,spitzer_bt_fmj,147,vihtavuori_n540,117,47.7,2887,24,vihtavuori,large_rifle_generic,12,2.783,yes,,,,,
308_win,0.308,barnes,mpg_fb,150,vihtavuori_n130,84,37.2,2621,24,vihtavuori,large_rifle_generic,12,2.795,,,,,,
308_win,0.308,barnes,mpg_fb,150,vihtavuori_n133,89,38.7,2635,24,vihtavuori,large_rifle_generic,12,2.795,,,,,,
308_win,0.308,barnes,mpg_fb,150,vihtavuori_n135,102,41.2,2671,24,vihtavuori,large_rifle_generic,12,2.795,,,,,,
308_win,0.308,barnes,mpg_fb,150,vihtavuori_n140,112,44.8,2749,24,vihtavuori,large_rifle_generic,12,2.795,,,,,,
308_win,0.308,barnes,mpg_fb,150,vihtavuori_n540,117,45.5,2792,24,vihtavuori,large_rifle_generic,12,2.795,,,,,,
308_win,0.308,barnes,mpg_fb,150,vihtavuori_n150,124,46.1,2779,24,vihtavuori,large_rifle_generic,12,2.795,yes,,,,,
308_win,0.308,barnes,mpg_fb,150,vihtavuori_n550,129,49.4,2815,24,vihtavuori,large_rifle_generic,12,2.795,yes,,,,,
308_win,0.308,barnes,ttsx_bt,150,vihtavuori_n135,102,39.4,2625,24,vihtavuori,large_rifle_generic,12,2.795,,,,,,
308_win,0.308,barnes,ttsx_bt,150,vihtavuori_n140,112,42.7,2697,24,vihtavuori,large_rifle_generic,12,2.795,,,,,,
308_win,0.308,barnes,ttsx_bt,150,vihtavuori_n540,117,43.5,2756,24,vihtavuori,large_rifle_generic,12,2.795,yes,,,,,
308_win,0.308,barnes,ttsx_bt,150,vihtavuori_n150,124,43.5,2720,24,vihtavuori,large_rifle_generic,12,2.795,yes,,,,,
308_win,0.308,barnes,ttsx_bt,150,vihtavuori_n550,129,47.8,2776,24,vihtavuori,large_rifle_generic,12,2.795,yes,,,,,
308_win,0.308,fox,classic_hunter,150,vihtavuori_n530,100,39.7,2697,24,vihtavuori,large_rifle_generic,12,2.638,,,,,,
308_win,0.308,fox,classic_hunter,150,vihtavuori_n135,102,37.3,2592,24,vihtavuori,large_rifle_generic,12,2.638,,,,,,
308_win,0.308,fox,classic_hunter,150,vihtavuori_n140,112,43.5,2707,24,vihtavuori,large_rifle_generic,12,2.638,,,,,,
308_win,0.308,fox,classic_hunter,150,vihtavuori_n540,117,46,2815,24,vihtavuori,large_rifle_generic,12,2.638,yes,,,,,
308_win,0.308,fox,classic_hunter,150,vihtavuori_n150,124,44.9,2756,24,vihtavuori,large_rifle_generic,12,2.638,yes,,,,,
308_win,0.308,fox,classic_hunter,150,vihtavuori_n550,129,47.8,2726,24,vihtavuori,large_rifle_generic,12,2.638,yes,,,,,
308_win,0.308,fox,target,150,vihtavuori_n130,84,37.5,2631,24,vihtavuori,large_rifle_generic,12,2.697,,,,,,
308_win,0.308,fox,target,150,vihtavuori_n133,89,39.7,2677,24,vihtavuori,large_rifle_generic,12,2.697,,,,,,
308_win,0.308,fox,target,150,vihtavuori_n135,102,41.4,2713,24,vihtavuori,large_rifle_generic,12,2.697,,,,,,
308_win,0.308,fox,target,150,vihtavuori_n140,112,46.1,2795,24,vihtavuori,large_rifle_generic,12,2.697,yes,,,,,
308_win,0.308,fox,target,150,vihtavuori_n150,124,46.9,2818,24,vihtavuori,large_rifle_generic,12,2.697,yes,,,,,
308_win,0.308,hornady,cx,150,vihtavuori_n135,102,38.6,2575,24,vihtavuori,large_rifle_generic,12,2.799,,,,,,
308_win,0.308,hornady,cx,150,vihtavuori_n140,112,43.8,2697,24,vihtavuori,large_rifle_generic,12,2.799,yes,,,,,
308_win,0.308,hornady,cx,150,vihtavuori_n540,117,43.7,2743,24,vihtavuori,large_rifle_generic,12,2.799,yes,,,,,
308_win,0.308,hornady,cx,150,vihtavuori_n150,124,43.2,2684,24,vihtavuori,large_rifle_generic,12,2.799,yes,,,,,
308_win,0.308,hornady,cx,150,vihtavuori_n550,129,47.5,2772,24,vihtavuori,large_rifle_generic,12,2.799,yes,,,,,
308_win,0.308,hornady,fmj_bt,150,vihtavuori_n130,84,39.5,2720,24,vihtavuori,large_rifle_generic,12,2.795,,,,,,
308_win,0.308,hornady,fmj_bt,150,vihtavuori_n133,89,42.9,2785,24,vihtavuori,large_rifle_generic,12,2.795,,,,,,
308_win,0.308,hornady,fmj_bt,150,vihtavuori_n135,102,44.4,2799,24,vihtavuori,large_rifle_generic,12,2.795,,,,,,
308_win,0.308,hornady,fmj_bt,150,vihtavuori_n140,112,47.4,2835,24,vihtavuori,large_rifle_generic,12,2.795,yes,,,,,
308_win,0.308,hornady,fmj_bt,150,vihtavuori_n540,117,48.1,2887,24,vihtavuori,large_rifle_generic,12,2.795,yes,,,,,
308_win,0.308,hornady,fmj_bt,150,vihtavuori_n150,124,48,2848,24,vihtavuori,large_rifle_generic,12,2.795,yes,,,,,
308_win,0.308,hornady,fmj_bt,150,vihtavuori_n550,129,50.2,2799,24,vihtavuori,large_rifle_generic,12,2.795,yes,,,,,
308_win,0.308,hornady,gmx,150,vihtavuori_n135,102,39.7,2608,24,vihtavuori,large_rifle_generic,12,2.795,,,,,,
308_win,0.308,hornady,gmx,150,vihtavuori_n140,112,43.1,2657,24,vihtavuori,large_rifle_generic,12,2.795,,,,,,
308_win,0.308,hornady,gmx,150,vihtavuori_n540,117,43.7,2713,24,vihtavuori,large_rifle_generic,12,2.795,,,,,,
308_win,0.308,hornady,gmx,150,vihtavuori_n150,124,43.5,2661,24,vihtavuori,large_rifle_generic,12,2.795,,,,,,
308_win,0.308,hornady,interlock_btsp,150,vihtavuori_n130,84,38.7,2703,24,vihtavuori,large_rifle_generic,12,2.740,,,,,,
308_win,0.308,hornady,interlock_btsp,150,vihtavuori_n133,89,42,2762,24,vihtavuori,large_rifle_generic,12,2.740,,,,,,
308_win,0.308,hornady,interlock_btsp,150,vihtavuori_n135,102,43.2,2779,24,vihtavuori,large_rifle_generic,12,2.740,,,,,,
308_win,0.308,hornady,interlock_btsp,150,vihtavuori_n140,112,45.8,2815,24,vihtavuori,large_rifle_generic,12,2.740,yes,,,,,
308_win,0.308,hornady,interlock_btsp,150,vihtavuori_n540,117,47.4,2874,24,vihtavuori,large_rifle_generic,12,2.740,yes,,,,,
308_win,0.308,hornady,interlock_btsp,150,vihtavuori_n150,124,46.6,2818,24,vihtavuori,large_rifle_generic,12,2.740,yes,,,,,
308_win,0.308,hornady,interlock_btsp,150,vihtavuori_n550,129,50.9,2894,24,vihtavuori,large_rifle_generic,12,2.740,yes,,,,,
308_win,0.308,hornady,sst,150,vihtavuori_n133,89,39.8,2690,24,vihtavuori,large_rifle_generic,12,2.732,,,,,,
308_win,0.308,hornady,sst,150,vihtavuori_n530,100,40.7,2743,24,vihtavuori,large_rifle_generic,12,2.732,,,,,,
308_win,0.308,hornady,sst,150,vihtavuori_n135,102,41.2,2726,24,vihtavuori,large_rifle_generic,12,2.732,,,,,,
308_win,0.308,hornady,sst,150,vihtavuori_n140,112,44.1,2749,24,vihtavuori,large_rifle_generic,12,2.732,,,,,,
308_win,0.308,hornady,sst,150,vihtavuori_n540,117,45.1,2818,24,vihtavuori,large_rifle_generic,12,2.732,,,,,,
308_win,0.308,hornady,sst,150,vihtavuori_n150,124,44.9,2753,24,vihtavuori,large_rifle_generic,12,2.732,yes,,,,,
308_win,0.308,lapua,lockbase,150,vihtavuori_n530,100,42.6,2927,24,vihtavuori,large_rifle_generic,12,2.756,,,,,,
308_win,0.308,lapua,lockbase,150,vihtavuori_n135,102,43.7,2904,24,vihtavuori,large_rifle_generic,12,2.756,,,,,,
308_win,0.308,lapua,lockbase,150,vihtavuori_n140,112,44.7,2799,24,vihtavuori,large_rifle_generic,12,2.756,yes,,,,,
308_win,0.308,lapua,lockbase,150,vihtavuori_n540,117,46.3,2956,24,vihtavuori,large_rifle_generic,12,2.756,,,,,,
308_win,0.308,lapua,lockbase,150,vihtavuori_n150,124,45.2,2740,24,vihtavuori,large_rifle_generic,12,2.756,yes,,,,,
308_win,0.308,lapua,mega_e469,150,vihtavuori_n135,102,41.4,2762,24,vihtavuori,large_rifle_generic,12,2.567,,,,,,
308_win,0.308,lapua,mega_e469,150,vihtavuori_n140,112,45.5,2703,24,vihtavuori,large_rifle_generic,12,2.567,,,,,,
308_win,0.308,lapua,mega_e469,150,vihtavuori_n540,117,45.8,2733,24,vihtavuori,large_rifle_generic,12,2.567,,,,,,
308_win,0.308,lapua,trx,150,vihtavuori_n133,89,38.6,2677,24,vihtavuori,large_rifle_generic,12,2.776,,,,,,
308_win,0.308,lapua,trx,150,vihtavuori_n135,102,40.3,2697,24,vihtavuori,large_rifle_generic,12,2.776,v,,,,,
308_win,0.308,lapua,trx,150,vihtavuori_n140,112,46,2802,24,vihtavuori,large_rifle_generic,12,2.776,yes,,,,,
308_win,0.308,lapua,trx,150,vihtavuori_n540,117,44.6,2808,24,vihtavuori,large_rifle_generic,12,2.776,yes,,,,,
308_win,0.308,lapua,trx,150,vihtavuori_n150,124,45.7,2795,24,vihtavuori,large_rifle_generic,12,2.776,yes,,,,,
308_win,0.308,lapua,trx,150,vihtavuori_n550,129,49.1,2838,24,vihtavuori,large_rifle_generic,12,2.776,yes,,,,,
308_win,0.308,los,tactic,150,vihtavuori_n530,100,40.7,2799,24,vihtavuori,large_rifle_generic,12,2.780,,,,,,
308_win,0.308,los,tactic,150,vihtavuori_n135,102,41.4,2766,24,vihtavuori,large_rifle_generic,12,2.780,,,,,,
308_win,0.308,los,tactic,150,vihtavuori_n140,112,45.5,2805,24,vihtavuori,large_rifle_generic,12,2.780,,,,,,
308_win,0.308,los,tactic,150,vihtavuori_n540,117,45.5,2864,24,vihtavuori,large_rifle_generic,12,2.780,,,,,,
308_win,0.308,norma,fmj,150,vihtavuori_n130,84,36.4,2631,24,vihtavuori,large_rifle_generic,12,2.693,,,,,,
308_win,0.308,norma,fmj,150,vihtavuori_n133,89,39,2697,24,vihtavuori,large_rifle_generic,12,2.693,,,,,,
308_win,0.308,norma,fmj,150,vihtavuori_n530,100,39.8,2713,24,vihtavuori,large_rifle_generic,12,2.693,,,,,,
308_win,0.308,norma,fmj,150,vihtavuori_n135,102,41.2,2736,24,vihtavuori,large_rifle_generic,12,2.693,,,,,,
308_win,0.308,norma,fmj,150,vihtavuori_n140,112,44.1,2785,24,vihtavuori,large_rifle_generic,12,2.693,,,,,,
308_win,0.308,nosler,accubond,150,vihtavuori_n133,89,40.4,2710,24,vihtavuori,large_rifle_generic,12,2.795,,,,,,
308_win,0.308,nosler,accubond,150,vihtavuori_n135,102,42.7,2746,24,vihtavuori,large_rifle_generic,12,2.795,,,,,,
308_win,0.308,nosler,accubond,150,vihtavuori_n140,112,45.7,2782,24,vihtavuori,large_rifle_generic,12,2.795,,,,,,
308_win,0.308,nosler,accubond,150,vihtavuori_n540,117,47.2,2858,24,vihtavuori,large_rifle_generic,12,2.795,yes,,,,,
308_win,0.308,nosler,accubond,150,vihtavuori_n150,124,46,2812,24,vihtavuori,large_rifle_generic,12,2.795,yes,,,,,
308_win,0.308,nosler,accubond,150,vihtavuori_n550,129,50.5,2877,24,vihtavuori,large_rifle_generic,12,2.795,yes,,,,,
308_win,0.308,red_moose,tarvas,150,vihtavuori_n135,102,41.7,2795,24,vihtavuori,large_rifle_generic,12,2.724,,,,,,
308_win,0.308,red_moose,tarvas,150,vihtavuori_n140,112,45.4,2838,24,vihtavuori,large_rifle_generic,12,2.724,,,,,,
308_win,0.308,red_moose,tarvas,150,vihtavuori_n540,117,46.6,2881,24,vihtavuori,large_rifle_generic,12,2.724,yes,,,,,
308_win,0.308,red_moose,tarvas,150,vihtavuori_n150,124,46.1,2825,24,vihtavuori,large_rifle_generic,12,2.724,yes,,,,,
308_win,0.308,red_moose,tarvas,150,vihtavuori_n550,129,47.8,2792,24,vihtavuori,large_rifle_generic,12,2.724,yes,,,,,
308_win,0.308,sako,blade_645a,150,vihtavuori_n133,89,38.6,2585,24,vihtavuori,large_rifle_generic,12,2.795,,,,,,
308_win,0.308,sako,blade_645a,150,vihtavuori_n135,102,40.3,2628,24,vihtavuori,large_rifle_generic,12,2.795,,,,,,
308_win,0.308,sako,blade_645a,150,vihtavuori_n140,112,43.8,2697,24,vihtavuori,large_rifle_generic,12,2.795,,,,,,
308_win,0.308,sako,blade_645a,150,vihtavuori_n540,117,44.1,2736,24,vihtavuori,large_rifle_generic,12,2.795,,,,,,
308_win,0.308,sako,blade_645a,150,vihtavuori_n150,124,44.8,2703,24,vihtavuori,large_rifle_generic,12,2.795,,,,,,
308_win,0.308,sako,blade_645a,150,vihtavuori_n550,129,47.8,2779,24,vihtavuori,large_rifle_generic,12,2.795,yes,,,,,
308_win,0.308,sierra,hpbt,150,vihtavuori_n130,84,39.4,2710,24,vihtavuori,large_rifle_generic,12,2.795,,,,,,
308_win,0.308,sierra,hpbt,150,vihtavuori_n133,89,42.1,2766,24,vihtavuori,large_rifle_generic,12,2.795,,,,,,
308_win,0.308,sierra,hpbt,150,vihtavuori_n135,102,44,2789,24,vihtavuori,large_rifle_generic,12,2.795,,,,,,
308_win,0.308,sierra,hpbt,150,vihtavuori_n140,112,47.3,2851,24,vihtavuori,large_rifle_generic,12,2.795,,,,,,
308_win,0.308,sierra,hpbt,150,vihtavuori_n540,117,48.3,2956,24,vihtavuori,large_rifle_generic,12,2.795,,,,,,
308_win,0.308,sierra,hpbt,150,vihtavuori_n150,124,48.4,2869,24,vihtavuori,large_rifle_generic,12,2.795,yes,,,,,
308_win,0.308,sierra,hpbt,150,vihtavuori_n550,129,50.3,2855,24,vihtavuori,large_rifle_generic,12,2.795,yes,,,,,
308_win,0.308,sierra,spbt,150,vihtavuori_n133,89,44.1,2831,24,vihtavuori,large_rifle_generic,12,2.756,,,,,,
308_win,0.308,sierra,spbt,150,vihtavuori_n135,102,45.7,2857,24,vihtavuori,large_rifle_generic,12,2.756,,,,,,
308_win,0.308,sierra,spbt,150,vihtavuori_n140,112,47.1,2815,24,vihtavuori,large_rifle_generic,12,2.756,,,,,,
308_win,0.308,sierra,spbt,150,vihtavuori_n150,124,49.9,2880,24,vihtavuori,large_rifle_generic,12,2.756,,,,,,
308_win,0.308,swift,scirocco_ii,150,vihtavuori_n135,102,38.3,2621,24,vihtavuori,large_rifle_generic,12,2.795,,,,,,
308_win,0.308,swift,scirocco_ii,150,vihtavuori_n140,112,42.4,2697,24,vihtavuori,large_rifle_generic,12,2.795,,,,,,
308_win,0.308,swift,scirocco_ii,150,vihtavuori_n540,117,42.7,2733,24,vihtavuori,large_rifle_generic,12,2.795,,,,,,
308_win,0.308,swift,scirocco_ii,150,vihtavuori_n150,124,42.9,2713,24,vihtavuori,large_rifle_generic,12,2.795,,,,,,
308_win,0.308,swift,scirocco_ii,150,vihtavuori_n550,129,46,2726,24,vihtavuori,large_rifle_generic,12,2.795,,,,,,
308_win,0.308,woodleigh,weldcore_pp,150,vihtavuori_n135,102,41.4,2680,24,vihtavuori,large_rifle_generic,12,2.795,,,,,,
308_win,0.308,woodleigh,weldcore_pp,150,vihtavuori_n140,112,44.3,2697,24,vihtavuori,large_rifle_generic,12,2.795,,,,,,
308_win,0.308,woodleigh,weldcore_pp,150,vihtavuori_n540,117,45.2,2802,24,vihtavuori,large_rifle_generic,12,2.795,,,,,,
308_win,0.308,berger,hybrid_target,155,vihtavuori_n135,102,40.3,2664,24,vihtavuori,large_rifle_generic,12,2.795,,,,,,
308_win,0.308,berger,hybrid_target,155,vihtavuori_n140,112,43.2,2687,24,vihtavuori,large_rifle_generic,12,2.795,,,,,,
308_win,0.308,berger,hybrid_target,155,vihtavuori_n540,117,44,2762,24,vihtavuori,large_rifle_generic,12,2.795,,,,,,
308_win,0.308,berger,hybrid_target,155,vihtavuori_n150,124,43.8,2720,24,vihtavuori,large_rifle_generic,12,2.795,,,,,,
308_win,0.308,berger,hybrid_target,155,vihtavuori_n550,129,46.5,2756,24,vihtavuori,large_rifle_generic,12,2.795,,,,,,
308_win,0.308,berger,vld_hunting,155,vihtavuori_n130,84,37.7,2612,24,vihtavuori,large_rifle_generic,12,2.800,,,,,,
308_win,0.308,berger,vld_hunting,155,vihtavuori_n133,89,40.3,2667,24,vihtavuori,large_rifle_generic,12,2.800,,,,,,
308_win,0.308,berger,vld_hunting,155,vihtavuori_n135,102,41.8,2694,24,vihtavuori,large_rifle_generic,12,2.800,,,,,,
308_win,0.308,berger,vld_hunting,155,vihtavuori_n140,112,44.9,2746,24,vihtavuori,large_rifle_generic,12,2.800,yes,,,,,
308_win,0.308,berger,vld_hunting,155,vihtavuori_n540,117,45.7,2795,24,vihtavuori,large_rifle_generic,12,2.800,,,,,,
308_win,0.308,berger,vld_hunting,155,vihtavuori_n150,124,45.5,2769,24,vihtavuori,large_rifle_generic,12,2.800,yes,,,,,
308_win,0.308,berger,vld_hunting,155,vihtavuori_n550,129,49.7,2835,24,vihtavuori,large_rifle_generic,12,2.800,yes,,,,,
308_win,0.308,brenneke,tag,155,vihtavuori_n140,112,45.4,2772,24,vihtavuori,large_rifle_generic,12,2.740,,,,,,
308_win,0.308,brenneke,tag,155,vihtavuori_n540,117,46.1,2858,24,vihtavuori,large_rifle_generic,12,2.740,,,,,,
308_win,0.308,brenneke,tag,155,vihtavuori_n150,124,46.3,2782,24,vihtavuori,large_rifle_generic,12,2.740,,,,,,
308_win,0.308,hornady,bthp,155,vihtavuori_n130,84,38.3,2648,24,vihtavuori,large_rifle_generic,12,2.795,,,,,,
308_win,0.308,hornady,bthp,155,vihtavuori_n133,89,41.4,2720,24,vihtavuori,large_rifle_generic,12,2.795,,,,,,
308_win,0.308,hornady,bthp,155,vihtavuori_n135,102,43.4,2749,24,vihtavuori,large_rifle_generic,12,2.795,,,,,,
308_win,0.308,hornady,bthp,155,vihtavuori_n140,112,46,2785,24,vihtavuori,large_rifle_generic,12,2.795,yes,,,,,
308_win,0.308,hornady,bthp,155,vihtavuori_n540,117,46.6,2828,24,vihtavuori,large_rifle_generic,12,2.795,,,,,,
308_win,0.308,hornady,bthp,155,vihtavuori_n150,124,46.1,2805,24,vihtavuori,large_rifle_generic,12,2.795,yes,,,,,
308_win,0.308,hornady,bthp,155,vihtavuori_n550,129,50,2831,24,vihtavuori,large_rifle_generic,12,2.795,yes,,,,,
308_win,0.308,hornady,eld_match,155,vihtavuori_n133,89,39.7,2684,24,vihtavuori,large_rifle_generic,12,2.799,,,,,,
308_win,0.308,hornady,eld_match,155,vihtavuori_n135,102,41.4,2717,24,vihtavuori,large_rifle_generic,12,2.799,,,,,,
308_win,0.308,hornady,eld_match,155,vihtavuori_n140,112,44.1,2759,24,vihtavuori,large_rifle_generic,12,2.799,,,,,,
308_win,0.308,hornady,eld_match,155,vihtavuori_n540,117,44.4,2782,24,vihtavuori,large_rifle_generic,12,2.799,,,,,,
308_win,0.308,hornady,eld_match,155,vihtavuori_n150,124,44.8,2769,24,vihtavuori,large_rifle_generic,12,2.799,yes,,,,,
308_win,0.308,hornady,eld_match,155,vihtavuori_n550,129,48,2812,24,vihtavuori,large_rifle_generic,12,2.799,yes,,,,,
308_win,0.308,lapua,scenar_l,155,vihtavuori_n530,100,41,2769,24,vihtavuori,large_rifle_generic,12,2.795,,,,,,
308_win,0.308,lapua,scenar_l,155,vihtavuori_n135,102,40.7,2638,24,vihtavuori,large_rifle_generic,12,2.795,,,,,,
308_win,0.308,lapua,scenar_l,155,vihtavuori_n140,112,43.4,2648,24,vihtavuori,large_rifle_generic,12,2.795,,,,,,
308_win,0.308,lapua,scenar_l,155,vihtavuori_n540,117,44.9,2900,24,vihtavuori,large_rifle_generic,12,2.795,,,,,,
308_win,0.308,lapua,scenar_l,155,vihtavuori_n150,124,46.8,2683,24,vihtavuori,large_rifle_generic,12,2.795,,,,,,
308_win,0.308,lapua,scenar_l,155,vihtavuori_n550,129,50.2,2956,24,vihtavuori,large_rifle_generic,12,2.795,yes,,,,,
308_win,0.308,los,hunting,155,vihtavuori_n140,112,44.4,2743,24,vihtavuori,large_rifle_generic,12,2.752,,,,,,
308_win,0.308,los,hunting,155,vihtavuori_n540,117,44.8,2805,24,vihtavuori,large_rifle_generic,12,2.752,,,,,,
308_win,0.308,los,hunting,155,vihtavuori_n150,124,45.4,2776,24,vihtavuori,large_rifle_generic,12,2.752,,,,,,
308_win,0.308,nosler,custom_competition,155,vihtavuori_n133,89,40.3,2700,24,vihtavuori,large_rifle_generic,12,2.795,,,,,,
308_win,0.308,nosler,custom_competition,155,vihtavuori_n135,102,42.3,2733,24,vihtavuori,large_rifle_generic,12,2.795,,,,,,
308_win,0.308,nosler,custom_competition,155,vihtavuori_n140,112,45.2,2772,24,vihtavuori,large_rifle_generic,12,2.795,yes,,,,,
308_win,0.308,nosler,custom_competition,155,vihtavuori_n540,117,45.5,2828,24,vihtavuori,large_rifle_generic,12,2.795,,,,,,
308_win,0.308,nosler,custom_competition,155,vihtavuori_n150,124,45.2,2785,24,vihtavuori,large_rifle_generic,12,2.795,yes,,,,,
308_win,0.308,sierra,hpbt,155,vihtavuori_n135,102,41.3,2674,24,vihtavuori,large_rifle_generic,12,2.795,,,,,,
308_win,0.308,sierra,hpbt,155,vihtavuori_n140,112,44.2,2712,24,vihtavuori,large_rifle_generic,12,2.795,,,,,,
308_win,0.308,sierra,hpbt,155,vihtavuori_n540,117,45.1,2750,24,vihtavuori,large_rifle_generic,12,2.795,,,,,,
308_win,0.308,sierra,hpbt,155,vihtavuori_n150,124,46.5,2790,24,vihtavuori,large_rifle_generic,12,2.795,,,,,,
308_win,0.308,sierra,hpbt,155,vihtavuori_n550,129,49.7,2888,24,vihtavuori,large_rifle_generic,12,2.795,yes,,,,,
308_win,0.308,sierra,tmk,155,vihtavuori_n135,102,40.1,2654,24,vihtavuori,large_rifle_generic,12,2.795,,,,,,
308_win,0.308,sierra,tmk,155,vihtavuori_n140,112,43.1,2677,24,vihtavuori,large_rifle_generic,12,2.795,,,,,,
308_win,0.308,sierra,tmk,155,vihtavuori_n540,117,43.7,2753,24,vihtavuori,large_rifle_generic,12,2.795,,,,,,
308_win,0.308,sierra,tmk,155,vihtavuori_n150,124,44,2710,24,vihtavuori,large_rifle_generic,12,2.795,,,,,,
308_win,0.308,sierra,tmk,155,vihtavuori_n550,129,46.5,2759,24,vihtavuori,large_rifle_generic,12,2.795,,,,,,
308_win,0.308,berger,fullbore_target,155.5,vihtavuori_n130,84,38,2635,24,vihtavuori,large_rifle_generic,12,2.800,,,,,,
308_win,0.308,berger,fullbore_target,155.5,vihtavuori_n133,89,41.1,2690,24,vihtavuori,large_rifle_generic,12,2.800,,,,,,
308_win,0.308,berger,fullbore_target,155.5,vihtavuori_n135,102,42.6,2733,24,vihtavuori,large_rifle_generic,12,2.800,,,,,,
308_win,0.308,berger,fullbore_target,155.5,vihtavuori_n140,112,45.7,2769,24,vihtavuori,large_rifle_generic,12,2.800,yes,,,,,
308_win,0.308,berger,fullbore_target,155.5,vihtavuori_n540,117,46.6,2835,24,vihtavuori,large_rifle_generic,12,2.800,yes,,,,,
308_win,0.308,berger,fullbore_target,155.5,vihtavuori_n150,124,46.3,2782,24,vihtavuori,large_rifle_generic,12,2.800,yes,,,,,
308_win,0.308,berger,fullbore_target,155.5,vihtavuori_n550,129,50.6,2861,24,vihtavuori,large_rifle_generic,12,2.800,yes,,,,,
308_win,0.308,sako,blade_656a,162,vihtavuori_n140,112,40.4,2520,24,vihtavuori,large_rifle_generic,12,2.795,yes,,,,,
308_win,0.308,sako,blade_656a,162,vihtavuori_n540,117,42.6,2615,24,vihtavuori,large_rifle_generic,12,2.795,,,,,,
308_win,0.308,sako,blade_656a,162,vihtavuori_n150,124,41.2,2503,24,vihtavuori,large_rifle_generic,12,2.795,,,,,,
308_win,0.308,sako,blade_656a,162,vihtavuori_n550,129,46.9,2667,24,vihtavuori,large_rifle_generic,12,2.795,yes,,,,,
308_win,0.308,barnes,tsx,165,vihtavuori_n140,112,43.1,2674,24,vihtavuori,large_rifle_generic,12,2.795,,,,,,
308_win,0.308,barnes,tsx,165,vihtavuori_n150,124,44.6,2703,24,vihtavuori,large_rifle_generic,12,2.795,,,,,,
308_win,0.308,barnes,tsx,165,vihtavuori_n550,129,47.1,2733,24,vihtavuori,large_rifle_generic,12,2.795,,,,,,
308_win,0.308,barnes,ttsx_bt,165,vihtavuori_n135,102,39.4,2507,24,vihtavuori,large_rifle_generic,12,2.799,,,,,,
308_win,0.308,barnes,ttsx_bt,165,vihtavuori_n140,112,43.8,2618,24,vihtavuori,large_rifle_generic,12,2.799,yes,,,,,
308_win,0.308,barnes,ttsx_bt,165,vihtavuori_n540,117,44.1,2687,24,vihtavuori,large_rifle_generic,12,2.799,yes,,,,,
308_win,0.308,barnes,ttsx_bt,165,vihtavuori_n150,124,43.8,2608,24,vihtavuori,large_rifle_generic,12,2.799,yes,,,,,
308_win,0.308,barnes,ttsx_bt,165,vihtavuori_n550,129,48.8,2720,24,vihtavuori,large_rifle_generic,12,2.799,yes,,,,,
308_win,0.308,brenneke,tog,165,vihtavuori_n135,102,34.7,2221,24,vihtavuori,large_rifle_generic,12,2.697,,,,,,
308_win,0.308,brenneke,tog,165,vihtavuori_n140,112,42.1,2585,24,vihtavuori,large_rifle_generic,12,2.697,,,,,,
308_win,0.308,brenneke,tog,165,vihtavuori_n540,117,43.5,2690,24,vihtavuori,large_rifle_generic,12,2.697,,,,,,
308_win,0.308,brenneke,tog,165,vihtavuori_n150,124,43.4,2605,24,vihtavuori,large_rifle_generic,12,2.697,,,,,,
308_win,0.308,cutting_edge,mth,165,vihtavuori_n140,112,42.1,2566,24,vihtavuori,large_rifle_generic,12,2.795,,,,,,
308_win,0.308,cutting_edge,mth,165,vihtavuori_n540,117,42.9,2644,24,vihtavuori,large_rifle_generic,12,2.795,,,,,,
308_win,0.308,cutting_edge,mth,165,vihtavuori_n150,124,42.6,2592,24,vihtavuori,large_rifle_generic,12,2.795,yes,,,,,
308_win,0.308,cutting_edge,mth,165,vihtavuori_n550,129,46.1,2661,24,vihtavuori,large_rifle_generic,12,2.795,,,,,,
308_win,0.308,fox,target,165,vihtavuori_n140,112,43.1,2608,24,vihtavuori,large_rifle_generic,12,2.697,yes,,,,,
308_win,0.308,fox,target,165,vihtavuori_n540,117,45.2,2690,24,vihtavuori,large_rifle_generic,12,2.697,yes,,,,,
308_win,0.308,fox,target,165,vihtavuori_n150,124,44.9,2651,24,vihtavuori,large_rifle_generic,12,2.697,yes,,,,,
308_win,0.308,hornady,cx,165,vihtavuori_n135,102,38.1,2438,24,vihtavuori,large_rifle_generic,12,2.799,,,,,,
308_win,0.308,hornady,cx,165,vihtavuori_n140,112,42.9,2562,24,vihtavuori,large_rifle_generic,12,2.799,yes,,,,,
308_win,0.308,hornady,cx,165,vihtavuori_n540,117,42.9,2612,24,vihtavuori,large_rifle_generic,12,2.799,yes,,,,,
308_win,0.308,hornady,cx,165,vihtavuori_n150,124,42.3,2552,24,vihtavuori,large_rifle_generic,12,2.799,yes,,,,,
308_win,0.308,hornady,cx,165,vihtavuori_n550,129,48,2671,24,vihtavuori,large_rifle_generic,12,2.799,yes,,,,,
308_win,0.308,hornady,ecx,165,vihtavuori_n135,102,37.5,2395,24,vihtavuori,large_rifle_generic,12,2.795,,,,,,
308_win,0.308,hornady,ecx,165,vihtavuori_n140,112,42.1,2510,24,vihtavuori,large_rifle_generic,12,2.795,,,,,,
308_win,0.308,hornady,ecx,165,vihtavuori_n540,117,43.4,2595,24,vihtavuori,large_rifle_generic,12,2.795,,,,,,
308_win,0.308,hornady,ecx,165,vihtavuori_n150,124,42.3,2530,24,vihtavuori,large_rifle_generic,12,2.795,,,,,,
308_win,0.308,hornady,ecx,165,vihtavuori_n550,129,46.5,2625,24,vihtavuori,large_rifle_generic,12,2.795,yes,,,,,
308_win,0.308,hornady,gmx,165,vihtavuori_n140,112,41.2,2480,24,vihtavuori,large_rifle_generic,12,2.795,,,,,,
308_win,0.308,hornady,gmx,165,vihtavuori_n540,117,41.7,2549,24,vihtavuori,large_rifle_generic,12,2.795,,,,,,
308_win,0.308,hornady,gmx,165,vihtavuori_n150,124,41.7,2497,24,vihtavuori,large_rifle_generic,12,2.795,,,,,,
308_win,0.308,hornady,gmx,165,vihtavuori_n550,129,45.2,2592,24,vihtavuori,large_rifle_generic,12,2.795,,,,,,
308_win,0.308,hornady,interlock_btsp,165,vihtavuori_n130,84,36.6,2520,24,vihtavuori,large_rifle_generic,12,2.740,,,,,,
308_win,0.308,hornady,interlock_btsp,165,vihtavuori_n133,89,39.7,2582,24,vihtavuori,large_rifle_generic,12,2.740,,,,,,
308_win,0.308,hornady,interlock_btsp,165,vihtavuori_n135,102,41.1,2615,24,vihtavuori,large_rifle_generic,12,2.740,,,,,,
308_win,0.308,hornady,interlock_btsp,165,vihtavuori_n140,112,44.4,2687,24,vihtavuori,large_rifle_generic,12,2.740,,,,,,
308_win,0.308,hornady,interlock_btsp,165,vihtavuori_n540,117,44.9,2726,24,vihtavuori,large_rifle_generic,12,2.740,yes,,,,,
308_win,0.308,hornady,interlock_btsp,165,vihtavuori_n150,124,44.9,2694,24,vihtavuori,large_rifle_generic,12,2.740,yes,,,,,
308_win,0.308,hornady,interlock_btsp,165,vihtavuori_n550,129,49.1,2769,24,vihtavuori,large_rifle_generic,12,2.740,yes,,,,,
308_win,0.308,hornady,sst,165,vihtavuori_n130,84,34.7,2444,24,vihtavuori,large_rifle_generic,12,2.776,,,,,,
308_win,0.308,hornady,sst,165,vihtavuori_n133,89,37.2,2497,24,vihtavuori,large_rifle_generic,12,2.776,,,,,,
308_win,0.308,hornady,sst,165,vihtavuori_n135,102,38.7,2533,24,vihtavuori,large_rifle_generic,12,2.776,,,,,,
308_win,0.308,hornady,sst,165,vihtavuori_n140,112,42.4,2595,24,vihtavuori,large_rifle_generic,12,2.776,,,,,,
308_win,0.308,hornady,sst,165,vihtavuori_n540,117,43.5,2680,24,vihtavuori,large_rifle_generic,12,2.776,,,,,,
308_win,0.308,hornady,sst,165,vihtavuori_n150,124,42.7,2631,24,vihtavuori,large_rifle_generic,12,2.776,,,,,,
308_win,0.308,hornady,sst,165,vihtavuori_n550,129,46,2687,24,vihtavuori,large_rifle_generic,12,2.776,,,,,,
308_win,0.308,lapua,trx,165,vihtavuori_n135,102,40.3,2582,24,vihtavuori,large_rifle_generic,12,2.799,yes,,,,,
308_win,0.308,lapua,trx,165,vihtavuori_n140,112,44.3,2661,24,vihtavuori,large_rifle_generic,12,2.799,yes,,,,,
308_win,0.308,lapua,trx,165,vihtavuori_n540,117,43.7,2690,24,vihtavuori,large_rifle_generic,12,2.799,yes,,,,,
308_win,0.308,lapua,trx,165,vihtavuori_n150,124,44,2667,24,vihtavuori,large_rifle_generic,12,2.799,yes,,,,,
308_win,0.308,lapua,trx,165,vihtavuori_n550,129,48.1,2707,24,vihtavuori,large_rifle_generic,12,2.799,yes,,,,,
308_win,0.308,los,solid_brass_tactic,165,vihtavuori_n130,84,36.7,2579,24,vihtavuori,large_rifle_generic,12,2.795,,,,,,
308_win,0.308,los,solid_brass_tactic,165,vihtavuori_n133,89,39.8,2628,24,vihtavuori,large_rifle_generic,12,2.795,,,,,,
308_win,0.308,los,solid_brass_tactic,165,vihtavuori_n135,102,42.7,2677,24,vihtavuori,large_rifle_generic,12,2.795,yes,,,,,
308_win,0.308,los,solid_brass_tactic,165,vihtavuori_n140,112,45.2,2717,24,vihtavuori,large_rifle_generic,12,2.795,yes,,,,,
308_win,0.308,los,solid_brass_tactic,165,vihtavuori_n540,117,46.8,2795,24,vihtavuori,large_rifle_generic,12,2.795,yes,,,,,
308_win,0.308,los,solid_brass_tactic,165,vihtavuori_n150,124,45.5,2713,24,vihtavuori,large_rifle_generic,12,2.795,yes,,,,,
308_win,0.308,red_moose,tarvas,165,vihtavuori_n140,112,43.5,2687,24,vihtavuori,large_rifle_generic,12,2.724,,,,,,
308_win,0.308,red_moose,tarvas,165,vihtavuori_n540,117,45.1,2736,24,vihtavuori,large_rifle_generic,12,2.724,,,,,,
308_win,0.308,red_moose,tarvas,165,vihtavuori_n150,124,44.6,2684,24,vihtavuori,large_rifle_generic,12,2.724,,,,,,
308_win,0.308,red_moose,tarvas,165,vihtavuori_n550,129,47.7,2743,24,vihtavuori,large_rifle_generic,12,2.724,yes,,,,,
308_win,0.308,rhino,solid_shank,165,vihtavuori_n140,112,42.9,2612,24,vihtavuori,large_rifle_generic,12,2.657,,,,,,
308_win,0.308,rhino,solid_shank,165,vihtavuori_n540,117,44,2651,24,vihtavuori,large_rifle_generic,12,2.657,,,,,,
308_win,0.308,rhino,solid_shank,165,vihtavuori_n150,124,44,2651,24,vihtavuori,large_rifle_generic,12,2.657,,,,,,
308_win,0.308,rhino,solid_shank,165,vihtavuori_n550,129,47.4,2667,24,vihtavuori,large_rifle_generic,12,2.657,,,,,,
308_win,0.308,sierra,sbt,165,vihtavuori_n135,102,40,2579,24,vihtavuori,large_rifle_generic,12,2.752,,,,,,
308_win,0.308,sierra,sbt,165,vihtavuori_n140,112,43.4,2651,24,vihtavuori,large_rifle_generic,12,2.752,,,,,,
308_win,0.308,sierra,sbt,165,vihtavuori_n540,117,44.4,2713,24,vihtavuori,large_rifle_generic,12,2.752,,,,,,
308_win,0.308,sierra,sbt,165,vihtavuori_n150,124,44,2648,24,vihtavuori,large_rifle_generic,12,2.752,,,,,,
308_win,0.308,sierra,sbt,165,vihtavuori_n550,129,47.1,2726,24,vihtavuori,large_rifle_generic,12,2.752,yes,,,,,
308_win,0.308,speer,spbt,165,vihtavuori_n133,89,41.9,2653,24,vihtavuori,large_rifle_generic,12,2.795,,,,,,
308_win,0.308,speer,spbt,165,vihtavuori_n135,102,44.1,2703,24,vihtavuori,large_rifle_generic,12,2.795,,,,,,
308_win,0.308,speer,spbt,165,vihtavuori_n140,112,46.3,2750,24,vihtavuori,large_rifle_generic,12,2.795,,,,,,
308_win,0.308,speer,spbt,165,vihtavuori_n150,124,47.9,2761,24,vihtavuori,large_rifle_generic,12,2.795,,,,,,
308_win,0.308,speer,spbt,165,vihtavuori_n550,129,49.3,2789,24,vihtavuori,large_rifle_generic,12,2.795,,,,,,
308_win,0.308,swift,scirocco_ii,165,vihtavuori_n140,112,40.6,2549,24,vihtavuori,large_rifle_generic,12,2.795,,,,,,
308_win,0.308,swift,scirocco_ii,165,vihtavuori_n540,117,41.5,2579,24,vihtavuori,large_rifle_generic,12,2.795,,,,,,
308_win,0.308,swift,scirocco_ii,165,vihtavuori_n150,124,41.7,2566,24,vihtavuori,large_rifle_generic,12,2.795,,,,,,
308_win,0.308,swift,scirocco_ii,165,vihtavuori_n550,129,45.2,2615,24,vihtavuori,large_rifle_generic,12,2.795,,,,,,
308_win,0.308,copperbear,exhbt,166,vihtavuori_n135,102,35.5,2329,24,vihtavuori,large_rifle_generic,12,2.657,,,,,,
308_win,0.308,copperbear,exhbt,166,vihtavuori_n140,112,42,2510,24,vihtavuori,large_rifle_generic,12,2.657,,,,,,
308_win,0.308,copperbear,exhbt,166,vihtavuori_n540,117,42.7,2572,24,vihtavuori,large_rifle_generic,12,2.657,,,,,,
308_win,0.308,copperbear,exhbt,166,vihtavuori_n150,124,41.7,2500,24,vihtavuori,large_rifle_generic,12,2.657,,,,,,
308_win,0.308,copperbear,exhbt,166,vihtavuori_n550,129,46.5,2628,24,vihtavuori,large_rifle_generic,12,2.657,yes,,,,,
308_win,0.308,lapua,scenar,167,vihtavuori_n135,102,40,2667,24,vihtavuori,large_rifle_generic,12,2.795,,,,,,
308_win,0.308,lapua,scenar,167,vihtavuori_n140,112,44,2628,24,vihtavuori,large_rifle_generic,12,2.795,,,,,,
308_win,0.308,lapua,scenar,167,vihtavuori_n540,117,44,2661,24,vihtavuori,large_rifle_generic,12,2.795,,,,,,
308_win,0.308,lapua,scenar,167,vihtavuori_n150,124,44.8,2744,24,vihtavuori,large_rifle_generic,12,2.795,,,,,,
308_win,0.308,lapua,scenar,167,vihtavuori_n550,129,48.9,2743,24,vihtavuori,large_rifle_generic,12,2.795,yes,,,,,
308_win,0.308,barnes,tsx,168,vihtavuori_n140,112,44.1,2664,24,vihtavuori,large_rifle_generic,12,2.795,,,,,,
308_win,0.308,barnes,tsx,168,vihtavuori_n540,117,45.4,2749,24,vihtavuori,large_rifle_generic,12,2.795,,,,,,
308_win,0.308,barnes,tsx,168,vihtavuori_n150,124,44.9,2671,24,vihtavuori,large_rifle_generic,12,2.795,,,,,,
308_win,0.308,barnes,ttsx_bt,168,vihtavuori_n133,89,38.4,2467,24,vihtavuori,large_rifle_generic,12,2.736,,,,,,
308_win,0.308,barnes,ttsx_bt,168,vihtavuori_n135,102,41.5,2549,24,vihtavuori,large_rifle_generic,12,2.736,yes,,,,,
308_win,0.308,barnes,ttsx_bt,168,vihtavuori_n140,112,44.3,2592,24,vihtavuori,large_rifle_generic,12,2.736,yes,,,,,
308_win,0.308,barnes,ttsx_bt,168,vihtavuori_n540,117,45.7,2644,24,vihtavuori,large_rifle_generic,12,2.736,yes,,,,,
308_win,0.308,barnes,ttsx_bt,168,vihtavuori_n150,124,44.8,2598,24,vihtavuori,large_rifle_generic,12,2.736,yes,,,,,
308_win,0.308,barnes,ttsx_bt,168,vihtavuori_n550,129,48.9,2687,24,vihtavuori,large_rifle_generic,12,2.736,yes,,,,,
308_win,0.308,berger,classic_hunter,168,vihtavuori_n133,89,39,2552,24,vihtavuori,large_rifle_generic,12,2.795,,,,,,
308_win,0.308,berger,classic_hunter,168,vihtavuori_n135,102,40.6,2582,24,vihtavuori,large_rifle_generic,12,2.795,,,,,,
308_win,0.308,berger,classic_hunter,168,vihtavuori_n140,112,43.5,2628,24,vihtavuori,large_rifle_generic,12,2.795,,,,,,
308_win,0.308,berger,classic_hunter,168,vihtavuori_n540,117,44.1,2687,24,vihtavuori,large_rifle_generic,12,2.795,,,,,,
308_win,0.308,berger,classic_hunter,168,vihtavuori_n150,124,43.5,2638,24,vihtavuori,large_rifle_generic,12,2.795,,,,,,
308_win,0.308,berger,classic_hunter,168,vihtavuori_n550,129,46.8,2694,24,vihtavuori,large_rifle_generic,12,2.795,yes,,,,,
308_win,0.308,berger,hybrid_target,168,vihtavuori_n140,112,41.8,2556,24,vihtavuori,large_rifle_generic,12,2.795,,,,,,
308_win,0.308,berger,hybrid_target,168,vihtavuori_n540,117,42.9,2654,24,vihtavuori,large_rifle_generic,12,2.795,,,,,,
308_win,0.308,berger,hybrid_target,168,vihtavuori_n150,124,42.8,2602,24,vihtavuori,large_rifle_generic,12,2.795,,,,,,
308_win,0.308,berger,hybrid_target,168,vihtavuori_n550,129,45,2661,24,vihtavuori,large_rifle_generic,12,2.795,,,,,,
308_win,0.308,berger,vld_hunting,168,vihtavuori_n130,84,36.9,2497,24,vihtavuori,large_rifle_generic,12,2.800,,,,,,
308_win,0.308,berger,vld_hunting,168,vihtavuori_n133,89,39.4,2543,24,vihtavuori,large_rifle_generic,12,2.800,,,,,,
308_win,0.308,berger,vld_hunting,168,vihtavuori_n135,102,41.1,2579,24,vihtavuori,large_rifle_generic,12,2.800,,,,,,
308_win,0.308,berger,vld_hunting,168,vihtavuori_n140,112,44.1,2641,24,vihtavuori,large_rifle_generic,12,2.800,yes,,,,,
308_win,0.308,berger,vld_hunting,168,vihtavuori_n540,117,44.9,2700,24,vihtavuori,large_rifle_generic,12,2.800,yes,,,,,
308_win,0.308,berger,vld_hunting,168,vihtavuori_n150,124,44.4,2648,24,vihtavuori,large_rifle_generic,12,2.800,yes,,,,,
308_win,0.308,berger,vld_hunting,168,vihtavuori_n550,129,48.6,2723,24,vihtavuori,large_rifle_generic,12,2.800,yes,,,,,
308_win,0.308,cutting_edge,mtac,168,vihtavuori_n135,102,38.6,2490,24,vihtavuori,large_rifle_generic,12,2.795,,,,,,
308_win,0.308,cutting_edge,mtac,168,vihtavuori_n140,112,41.8,2562,24,vihtavuori,large_rifle_generic,12,2.795,,,,,,
308_win,0.308,cutting_edge,mtac,168,vihtavuori_n540,117,42.6,2621,24,vihtavuori,large_rifle_generic,12,2.795,,,,,,
308_win,0.308,cutting_edge,mtac,168,vihtavuori_n150,124,42,2559,24,vihtavuori,large_rifle_generic,12,2.795,,,,,,
308_win,0.308,cutting_edge,mtac,168,vihtavuori_n550,129,45.8,2641,24,vihtavuori,large_rifle_generic,12,2.795,,,,,,
308_win,0.308,hornady,a_max,168,vihtavuori_n133,89,38.3,2503,24,vihtavuori,large_rifle_generic,12,2.795,,,,,,
308_win,0.308,hornady,a_max,168,vihtavuori_n135,102,39.8,2533,24,vihtavuori,large_rifle_generic,12,2.795,,,,,,
308_win,0.308,hornady,a_max,168,vihtavuori_n140,112,42.1,2569,24,vihtavuori,large_rifle_generic,12,2.795,,,,,,
308_win,0.308,hornady,a_max,168,vihtavuori_n540,117,43.5,2651,24,vihtavuori,large_rifle_generic,12,2.795,,,,,,
308_win,0.308,hornady,a_max,168,vihtavuori_n150,124,42.7,2579,24,vihtavuori,large_rifle_generic,12,2.795,yes,,,,,
308_win,0.308,hornady,a_max,168,vihtavuori_n550,129,45.5,2651,24,vihtavuori,large_rifle_generic,12,2.795,yes,,,,,
308_win,0.308,hornady,eld_match,168,vihtavuori_n135,102,39.4,2575,24,vihtavuori,large_rifle_generic,12,2.795,,,,,,
308_win,0.308,hornady,eld_match,168,vihtavuori_n140,112,42.4,2648,24,vihtavuori,large_rifle_generic,12,2.795,,,,,,
308_win,0.308,hornady,eld_match,168,vihtavuori_n540,117,42.7,2671,24,vihtavuori,large_rifle_generic,12,2.795,,,,,,
308_win,0.308,hornady,eld_match,168,vihtavuori_n150,124,42.9,2644,24,vihtavuori,large_rifle_generic,12,2.795,,,,,,
308_win,0.308,hornady,eld_match,168,vihtavuori_n550,129,45.7,2703,24,vihtavuori,large_rifle_generic,12,2.795,yes,,,,,
308_win,0.308,nosler,custom_competition,168,vihtavuori_n133,89,38.9,2569,24,vihtavuori,large_rifle_generic,12,2.799,,,,,,
308_win,0.308,nosler,custom_competition,168,vihtavuori_n135,102,40.6,2592,24,vihtavuori,large_rifle_generic,12,2.799,,,,,,
308_win,0.308,nosler,custom_competition,168,vihtavuori_n140,112,43.5,2625,24,vihtavuori,large_rifle_generic,12,2.799,yes,,,,,
308_win,0.308,nosler,custom_competition,168,vihtavuori_n540,117,43.7,2680,24,vihtavuori,large_rifle_generic,12,2.799,,,,,,
308_win,0.308,nosler,custom_competition,168,vihtavuori_n150,124,43.1,2638,24,vihtavuori,large_rifle_generic,12,2.799,,,,,,
308_win,0.308,nosler,custom_competition,168,vihtavuori_n550,129,46.6,2700,24,vihtavuori,large_rifle_generic,12,2.799,yes,,,,,
308_win,0.308,nosler,expansion_tip,168,vihtavuori_n135,102,40.9,2539,24,vihtavuori,large_rifle_generic,12,2.748,yes,,,,,
308_win,0.308,nosler,expansion_tip,168,vihtavuori_n140,112,43.5,2582,24,vihtavuori,large_rifle_generic,12,2.748,yes,,,,,
308_win,0.308,nosler,expansion_tip,168,vihtavuori_n540,117,45.7,2651,24,vihtavuori,large_rifle_generic,12,2.748,yes,,,,,
308_win,0.308,nosler,expansion_tip,168,vihtavuori_n150,124,44.3,2602,24,vihtavuori,large_rifle_generic,12,2.748,yes,,,,,
308_win,0.308,nosler,expansion_tip,168,vihtavuori_n550,129,48.5,2684,24,vihtavuori,large_rifle_generic,12,2.748,yes,,,,,
308_win,0.308,sierra,hpbt,168,vihtavuori_n135,102,40.1,2569,24,vihtavuori,large_rifle_generic,12,2.795,,,,,,
308_win,0.308,sierra,hpbt,168,vihtavuori_n140,112,42.9,2631,24,vihtavuori,large_rifle_generic,12,2.795,,,,,,
308_win,0.308,sierra,hpbt,168,vihtavuori_n540,117,43.7,2671,24,vihtavuori,large_rifle_generic,12,2.795,,,,,,
308_win,0.308,sierra,hpbt,168,vihtavuori_n150,124,43.5,2635,24,vihtavuori,large_rifle_generic,12,2.795,,,,,,
308_win,0.308,sierra,hpbt,168,vihtavuori_n550,129,46.5,2703,24,vihtavuori,large_rifle_generic,12,2.795,,,,,,
308_win,0.308,speer,target_match,168,vihtavuori_n133,89,39,2566,24,vihtavuori,large_rifle_generic,12,2.795,,,,,,
308_win,0.308,speer,target_match,168,vihtavuori_n135,102,40.7,2595,24,vihtavuori,large_rifle_generic,12,2.795,,,,,,
308_win,0.308,speer,target_match,168,vihtavuori_n140,112,43.7,2651,24,vihtavuori,large_rifle_generic,12,2.795,,,,,,
308_win,0.308,speer,target_match,168,vihtavuori_n540,117,43.8,2680,24,vihtavuori,large_rifle_generic,12,2.795,,,,,,
308_win,0.308,speer,target_match,168,vihtavuori_n150,124,43.8,2651,24,vihtavuori,large_rifle_generic,12,2.795,,,,,,
308_win,0.308,speer,target_match,168,vihtavuori_n550,129,47.2,2717,24,vihtavuori,large_rifle_generic,12,2.795,yes,,,,,
308_win,0.308,lapua,lockbase_b476,170,vihtavuori_n135,102,42.9,2645,24,vihtavuori,large_rifle_generic,12,2.795,,,,,,
308_win,0.308,lapua,lockbase_b476,170,vihtavuori_n140,112,45.5,2696,24,vihtavuori,large_rifle_generic,12,2.795,,,,,,
308_win,0.308,lapua,lockbase_b476,170,vihtavuori_n540,117,46.3,2762,24,vihtavuori,large_rifle_generic,12,2.795,,,,,,
308_win,0.308,lapua,lockbase_b476,170,vihtavuori_n150,124,45.5,2734,24,vihtavuori,large_rifle_generic,12,2.795,,,,,,
308_win,0.308,lapua,lockbase_b476,170,vihtavuori_n550,129,48.5,2772,24,vihtavuori,large_rifle_generic,12,2.795,,,,,,
308_win,0.308,lapua,naturalis_lr,170,vihtavuori_n140,112,43.8,2707,24,vihtavuori,large_rifle_generic,12,2.795,,,,,,
308_win,0.308,lapua,naturalis_lr,170,vihtavuori_n150,124,44.6,2674,24,vihtavuori,large_rifle_generic,12,2.795,,,,,,
308_win,0.308,lapua,naturalis_lr,170,vihtavuori_n550,129,48.3,2733,24,vihtavuori,large_rifle_generic,12,2.795,yes,,,,,
308_win,0.308,lapua,naturalis_n558,170,vihtavuori_n140,112,42,2615,24,vihtavuori,large_rifle_generic,12,2.795,,,,,,
308_win,0.308,lapua,naturalis_n558,170,vihtavuori_n540,117,44.1,2703,24,vihtavuori,large_rifle_generic,12,2.795,,,,,,
308_win,0.308,lapua,naturalis_n558,170,vihtavuori_n150,124,42.7,2635,24,vihtavuori,large_rifle_generic,12,2.795,,,,,,
308_win,0.308,lapua,naturalis_n558,170,vihtavuori_n550,129,45.8,2621,24,vihtavuori,large_rifle_generic,12,2.795,,,,,,
308_win,0.308,hornady,eld_vt,174,vihtavuori_n130,84,36,2441,24,vihtavuori,large_rifle_generic,12,2.800,,,,,,
308_win,0.308,hornady,eld_vt,174,vihtavuori_n133,89,38.7,2490,24,vihtavuori,large_rifle_generic,12,2.800,yes,,,,,
308_win,0.308,hornady,eld_vt,174,vihtavuori_n135,102,40.3,2533,24,vihtavuori,large_rifle_generic,12,2.800,yes,,,,,
308_win,0.308,hornady,eld_vt,174,vihtavuori_n140,112,43.4,2589,24,vihtavuori,large_rifle_generic,12,2.800,yes,,,,,
308_win,0.308,hornady,eld_vt,174,vihtavuori_n540,117,43.2,2648,24,vihtavuori,large_rifle_generic,12,2.800,yes,,,,,
308_win,0.308,hornady,eld_vt,174,vihtavuori_n150,124,43.5,2579,24,vihtavuori,large_rifle_generic,12,2.800,yes,,,,,
308_win,0.308,hornady,eld_vt,174,vihtavuori_n550,129,47.7,2687,24,vihtavuori,large_rifle_generic,12,2.800,yes,,,,,
308_win,0.308,sierra,hpbt,174,vihtavuori_n133,89,37.5,2480,24,vihtavuori,large_rifle_generic,12,2.795,,,,,,
308_win,0.308,sierra,hpbt,174,vihtavuori_n135,102,38.9,2510,24,vihtavuori,large_rifle_generic,12,2.795,,,,,,
308_win,0.308,sierra,hpbt,174,vihtavuori_n140,112,41.7,2569,24,vihtavuori,large_rifle_generic,12,2.795,,,,,,
308_win,0.308,sierra,hpbt,174,vihtavuori_n540,117,42.1,2608,24,vihtavuori,large_rifle_generic,12,2.795,,,,,,
308_win,0.308,sierra,hpbt,174,vihtavuori_n150,124,42.3,2592,24,vihtavuori,large_rifle_generic,12,2.795,,,,,,
308_win,0.308,sierra,hpbt,174,vihtavuori_n550,129,45.2,2648,24,vihtavuori,large_rifle_generic,12,2.795,,,,,,
308_win,0.308,barnes,lrx_bt,175,vihtavuori_n133,89,37.7,2415,24,vihtavuori,large_rifle_generic,12,2.795,,,,,,
308_win,0.308,barnes,lrx_bt,175,vihtavuori_n135,102,40.1,2474,24,vihtavuori,large_rifle_generic,12,2.795,yes,,,,,
308_win,0.308,barnes,lrx_bt,175,vihtavuori_n140,112,43.2,2526,24,vihtavuori,large_rifle_generic,12,2.795,yes,,,,,
308_win,0.308,barnes,lrx_bt,175,vihtavuori_n540,117,45.2,2605,24,vihtavuori,large_rifle_generic,12,2.795,yes,,,,,
308_win,0.308,barnes,lrx_bt,175,vihtavuori_n150,124,43.7,2539,24,vihtavuori,large_rifle_generic,12,2.795,yes,,,,,
308_win,0.308,barnes,lrx_bt,175,vihtavuori_n550,129,47.7,2631,24,vihtavuori,large_rifle_generic,12,2.795,yes,,,,,
308_win,0.308,berger,long_range_bt_target,175,vihtavuori_n130,84,36,2428,24,vihtavuori,large_rifle_generic,12,2.800,,,,,,
308_win,0.308,berger,long_range_bt_target,175,vihtavuori_n133,89,38.9,2477,24,vihtavuori,large_rifle_generic,12,2.800,,,,,,
308_win,0.308,berger,long_range_bt_target,175,vihtavuori_n135,102,40.6,2516,24,vihtavuori,large_rifle_generic,12,2.800,,,,,,
308_win,0.308,berger,long_range_bt_target,175,vihtavuori_n140,112,43.5,2579,24,vihtavuori,large_rifle_generic,12,2.800,,,,,,
308_win,0.308,berger,long_range_bt_target,175,vihtavuori_n540,117,44.3,2638,24,vihtavuori,large_rifle_generic,12,2.800,,,,,,
308_win,0.308,berger,long_range_bt_target,175,vihtavuori_n150,124,44.1,2585,24,vihtavuori,large_rifle_generic,12,2.800,,,,,,
308_win,0.308,berger,long_range_bt_target,175,vihtavuori_n550,129,48.3,2667,24,vihtavuori,large_rifle_generic,12,2.800,yes,,,,,
308_win,0.308,berger,otm_tactical,175,vihtavuori_n130,84,34.9,2431,24,vihtavuori,large_rifle_generic,12,2.795,,,,,,
308_win,0.308,berger,otm_tactical,175,vihtavuori_n133,89,37.3,2477,24,vihtavuori,large_rifle_generic,12,2.795,,,,,,
308_win,0.308,berger,otm_tactical,175,vihtavuori_n530,100,38.6,2533,24,vihtavuori,large_rifle_generic,12,2.795,,,,,,
308_win,0.308,berger,otm_tactical,175,vihtavuori_n135,102,39,2510,24,vihtavuori,large_rifle_generic,12,2.795,,,,,,
308_win,0.308,berger,otm_tactical,175,vihtavuori_n140,112,41.8,2559,24,vihtavuori,large_rifle_generic,12,2.795,,,,,,
308_win,0.308,berger,otm_tactical,175,vihtavuori_n540,117,42.9,2628,24,vihtavuori,large_rifle_generic,12,2.795,,,,,,
308_win,0.308,berger,otm_tactical,175,vihtavuori_n150,124,42.3,2582,24,vihtavuori,large_rifle_generic,12,2.795,,,,,,
308_win,0.308,berger,otm_tactical,175,vihtavuori_n550,129,45.4,2641,24,vihtavuori,large_rifle_generic,12,2.795,,,,,,
308_win,0.308,berger,vld_hunting,175,vihtavuori_n130,84,36.1,2411,24,vihtavuori,large_rifle_generic,12,2.800,,,,,,
308_win,0.308,berger,vld_hunting,175,vihtavuori_n133,89,38.9,2470,24,vihtavuori,large_rifle_generic,12,2.800,,,,,,
308_win,0.308,berger,vld_hunting,175,vihtavuori_n135,102,40.3,2497,24,vihtavuori,large_rifle_generic,12,2.800,,,,,,
308_win,0.308,berger,vld_hunting,175,vihtavuori_n140,112,43.4,2566,24,vihtavuori,large_rifle_generic,12,2.800,,,,,,
308_win,0.308,berger,vld_hunting,175,vihtavuori_n540,117,44.1,2625,24,vihtavuori,large_rifle_generic,12,2.800,,,,,,
308_win,0.308,berger,vld_hunting,175,vihtavuori_n150,124,44.1,2582,24,vihtavuori,large_rifle_generic,12,2.800,yes,,,,,
308_win,0.308,berger,vld_hunting,175,vihtavuori_n550,129,48.5,2671,24,vihtavuori,large_rifle_generic,12,2.800,yes,,,,,
308_win,0.308,lapua,maxrange_target_gb581,175,vihtavuori_n135,102,39.5,2533,24,vihtavuori,large_rifle_generic,12,2.795,,,,,,
308_win,0.308,lapua,maxrange_target_gb581,175,vihtavuori_n140,112,42.9,2598,24,vihtavuori,large_rifle_generic,12,2.795,yes,,,,,
308_win,0.308,lapua,maxrange_target_gb581,175,vihtavuori_n540,117,42.7,2631,24,vihtavuori,large_rifle_generic,12,2.795,,,,,,
308_win,0.308,lapua,maxrange_target_gb581,175,vihtavuori_n150,124,42.9,2598,24,vihtavuori,large_rifle_generic,12,2.795,yes,,,,,
308_win,0.308,lapua,maxrange_target_gb581,175,vihtavuori_n550,129,46.5,2674,24,vihtavuori,large_rifle_generic,12,2.795,yes,,,,,
308_win,0.308,lapua,otm_scenar_l,175,vihtavuori_n135,102,38.6,2579,24,vihtavuori,large_rifle_generic,12,2.795,,,,,,
308_win,0.308,lapua,otm_scenar_l,175,vihtavuori_n140,112,41.4,2635,24,vihtavuori,large_rifle_generic,12,2.795,,,,,,
308_win,0.308,lapua,otm_scenar_l,175,vihtavuori_n540,117,42.4,2697,24,vihtavuori,large_rifle_generic,12,2.795,,,,,,
308_win,0.308,lapua,otm_scenar_l,175,vihtavuori_n150,124,42.1,2638,24,vihtavuori,large_rifle_generic,12,2.795,,,,,,
308_win,0.308,hornady,a_tip_match,176,vihtavuori_n135,102,39.8,2507,24,vihtavuori,large_rifle_generic,12,2.795,,,,,,
308_win,0.308,hornady,a_tip_match,176,vihtavuori_n140,112,43.2,2566,24,vihtavuori,large_rifle_generic,12,2.795,yes,,,,,
308_win,0.308,hornady,a_tip_match,176,vihtavuori_n540,117,44.1,2631,24,vihtavuori,large_rifle_generic,12,2.795,,,,,,
308_win,0.308,hornady,a_tip_match,176,vihtavuori_n150,124,43.5,2598,24,vihtavuori,large_rifle_generic,12,2.795,yes,,,,,
308_win,0.308,hornady,a_tip_match,176,vihtavuori_n550,129,47.2,2651,24,vihtavuori,large_rifle_generic,12,2.795,yes,,,,,
308_win,0.308,hornady,eld_match,178,vihtavuori_n130,84,36.1,2441,24,vihtavuori,large_rifle_generic,12,2.795,,,,,,
308_win,0.308,hornady,eld_match,178,vihtavuori_n133,89,38.7,2484,24,vihtavuori,large_rifle_generic,12,2.795,,,,,,
308_win,0.308,hornady,eld_match,178,vihtavuori_n135,102,40.1,2510,24,vihtavuori,large_rifle_generic,12,2.795,,,,,,
308_win,0.308,hornady,eld_match,178,vihtavuori_n140,112,43.2,2566,24,vihtavuori,large_rifle_generic,12,2.795,,,,,,
308_win,0.308,hornady,eld_match,178,vihtavuori_n540,117,43.7,2602,24,vihtavuori,large_rifle_generic,12,2.795,,,,,,
308_win,0.308,hornady,eld_match,178,vihtavuori_n150,124,44.1,2592,24,vihtavuori,large_rifle_generic,12,2.795,,,,,,
308_win,0.308,hornady,eld_match,178,vihtavuori_n550,129,47.1,2641,24,vihtavuori,large_rifle_generic,12,2.795,yes,,,,,
308_win,0.308,barnes,ttsx_bt,180,vihtavuori_n135,102,36.7,2333,24,vihtavuori,large_rifle_generic,12,2.795,,,,,,
308_win,0.308,barnes,ttsx_bt,180,vihtavuori_n140,112,40.7,2415,24,vihtavuori,large_rifle_generic,12,2.795,,,,,,
308_win,0.308,barnes,ttsx_bt,180,vihtavuori_n540,117,40.7,2454,24,vihtavuori,large_rifle_generic,12,2.795,,,,,,
308_win,0.308,barnes,ttsx_bt,180,vihtavuori_n150,124,40.6,2421,24,vihtavuori,large_rifle_generic,12,2.795,,,,,,
308_win,0.308,barnes,ttsx_bt,180,vihtavuori_n550,129,43.4,2464,24,vihtavuori,large_rifle_generic,12,2.795,,,,,,
308_win,0.308,barnes,xfb,180,vihtavuori_n540,117,39.3,2346,24,vihtavuori,large_rifle_generic,12,2.795,,,,,,
308_win,0.308,barnes,xfb,180,vihtavuori_n550,129,42.4,2408,24,vihtavuori,large_rifle_generic,12,2.795,,,,,,
308_win,0.308,berger,elite_hunter,180,vihtavuori_n135,102,39,2448,24,vihtavuori,large_rifle_generic,12,2.795,,,,,,
308_win,0.308,berger,elite_hunter,180,vihtavuori_n140,112,41.1,2487,24,vihtavuori,large_rifle_generic,12,2.795,,,,,,
308_win,0.308,berger,elite_hunter,180,vihtavuori_n540,117,42.1,2549,24,vihtavuori,large_rifle_generic,12,2.795,,,,,,
308_win,0.308,berger,elite_hunter,180,vihtavuori_n150,124,41.7,2493,24,vihtavuori,large_rifle_generic,12,2.795,,,,,,
308_win,0.308,berger,elite_hunter,180,vihtavuori_n550,129,44.8,2575,24,vihtavuori,large_rifle_generic,12,2.795,,,,,,
308_win,0.308,hornady,cx,180,vihtavuori_n135,102,33,2165,24,vihtavuori,large_rifle_generic,12,2.795,,,,,,
308_win,0.308,hornady,cx,180,vihtavuori_n140,112,38.7,2329,24,vihtavuori,large_rifle_generic,12,2.795,,,,,,
308_win,0.308,hornady,cx,180,vihtavuori_n540,117,40.1,2421,24,vihtavuori,large_rifle_generic,12,2.795,,,,,,
308_win,0.308,hornady,cx,180,vihtavuori_n150,124,39.2,2346,24,vihtavuori,large_rifle_generic,12,2.795,,,,,,
308_win,0.308,hornady,cx,180,vihtavuori_n550,129,43.5,2480,24,vihtavuori,large_rifle_generic,12,2.795,,,,,,
308_win,0.308,hornady,interlock_btsp,180,vihtavuori_n135,102,39.8,2467,24,vihtavuori,large_rifle_generic,12,2.740,,,,,,
308_win,0.308,hornady,interlock_btsp,180,vihtavuori_n140,112,42.9,2539,24,vihtavuori,large_rifle_generic,12,2.740,yes,,,,,
308_win,0.308,hornady,interlock_btsp,180,vihtavuori_n540,117,43.5,2585,24,vihtavuori,large_rifle_generic,12,2.740,yes,,,,,
308_win,0.308,hornady,interlock_btsp,180,vihtavuori_n150,124,43.2,2552,24,vihtavuori,large_rifle_generic,12,2.740,yes,,,,,
308_win,0.308,hornady,interlock_btsp,180,vihtavuori_n550,129,47.5,2641,24,vihtavuori,large_rifle_generic,12,2.740,yes,,,,,
308_win,0.308,norma,oryx,180,vihtavuori_n530,100,36.7,2441,24,vihtavuori,large_rifle_generic,12,2.709,,,,,,
308_win,0.308,norma,oryx,180,vihtavuori_n135,102,37,2418,24,vihtavuori,large_rifle_generic,12,2.709,,,,,,
308_win,0.308,norma,oryx,180,vihtavuori_n140,112,41.1,2493,24,vihtavuori,large_rifle_generic,12,2.709,,,,,,
308_win,0.308,norma,oryx,180,vihtavuori_n540,117,41.1,2526,24,vihtavuori,large_rifle_generic,12,2.709,,,,,,
308_win,0.308,norma,oryx,180,vihtavuori_n150,124,41.4,2507,24,vihtavuori,large_rifle_generic,12,2.709,,,,,,
308_win,0.308,norma,oryx,180,vihtavuori_n550,129,43.4,2539,24,vihtavuori,large_rifle_generic,12,2.709,,,,,,
308_win,0.308,rws,hmk,180,vihtavuori_n140,112,41.4,2474,24,vihtavuori,large_rifle_generic,12,2.661,,,,,,
308_win,0.308,rws,hmk,180,vihtavuori_n540,117,42.4,2533,24,vihtavuori,large_rifle_generic,12,2.661,,,,,,
308_win,0.308,rws,hmk,180,vihtavuori_n150,124,42.1,2493,24,vihtavuori,large_rifle_generic,12,2.661,,,,,,
308_win,0.308,rws,hmk,180,vihtavuori_n550,129,46.9,2585,24,vihtavuori,large_rifle_generic,12,2.661,yes,,,,,
308_win,0.308,rws,uni_classic,180,vihtavuori_n140,112,41.5,2470,24,vihtavuori,large_rifle_generic,12,2.646,,,,,,
308_win,0.308,rws,uni_classic,180,vihtavuori_n540,117,41.7,2497,24,vihtavuori,large_rifle_generic,12,2.646,,,,,,
308_win,0.308,rws,uni_classic,180,vihtavuori_n150,124,42.1,2487,24,vihtavuori,large_rifle_generic,12,2.646,,,,,,
308_win,0.308,rws,uni_classic,180,vihtavuori_n550,129,46,2552,24,vihtavuori,large_rifle_generic,12,2.646,yes,,,,,
308_win,0.308,brenneke,tug,181,vihtavuori_n135,102,38.4,2402,24,vihtavuori,large_rifle_generic,12,2.701,,,,,,
308_win,0.308,brenneke,tug,181,vihtavuori_n140,112,42.4,2477,24,vihtavuori,large_rifle_generic,12,2.701,,,,,,
308_win,0.308,brenneke,tug,181,vihtavuori_n540,117,42.9,2549,24,vihtavuori,large_rifle_generic,12,2.701,,,,,,
308_win,0.308,brenneke,tug,181,vihtavuori_n150,124,42.3,2500,24,vihtavuori,large_rifle_generic,12,2.701,,,,,,
308_win,0.308,brenneke,tug,181,vihtavuori_n550,129,46.3,2582,24,vihtavuori,large_rifle_generic,12,2.701,,,,,,
308_win,0.308,berger,hybrid_target,185,vihtavuori_n540,117,40.4,2484,24,vihtavuori,large_rifle_generic,12,2.795,,,,,,
308_win,0.308,berger,hybrid_target,185,vihtavuori_n150,124,40.6,2421,24,vihtavuori,large_rifle_generic,12,2.795,,,,,,
308_win,0.308,berger,juggernaut_target,185,vihtavuori_n140,112,40.3,2395,24,vihtavuori,large_rifle_generic,12,2.795,,,,,,
308_win,0.308,berger,juggernaut_target,185,vihtavuori_n540,117,41.1,2487,24,vihtavuori,large_rifle_generic,12,2.795,,,,,,
308_win,0.308,berger,juggernaut_target,185,vihtavuori_n150,124,40.6,2408,24,vihtavuori,large_rifle_generic,12,2.795,,,,,,
308_win,0.308,berger,juggernaut_target,185,vihtavuori_n550,129,43.4,2507,24,vihtavuori,large_rifle_generic,12,2.795,,,,,,
308_win,0.308,lapua,d46,185,vihtavuori_n135,102,41,2495,24,vihtavuori,large_rifle_generic,12,2.795,,,,,,
308_win,0.308,lapua,d46,185,vihtavuori_n140,112,43.7,2551,24,vihtavuori,large_rifle_generic,12,2.795,,,,,,
308_win,0.308,lapua,d46,185,vihtavuori_n540,117,43.8,2595,24,vihtavuori,large_rifle_generic,12,2.795,,,,,,
308_win,0.308,lapua,d46,185,vihtavuori_n150,124,43.8,2641,24,vihtavuori,large_rifle_generic,12,2.795,,,,,,
308_win,0.308,lapua,d46,185,vihtavuori_n550,129,46.8,2697,24,vihtavuori,large_rifle_generic,12,2.795,yes,,,,,
308_win,0.308,lapua,mega_e415,185,vihtavuori_n135,102,39.7,2398,24,vihtavuori,large_rifle_generic,12,2.657,,,,,,
308_win,0.308,lapua,mega_e415,185,vihtavuori_n140,112,43.5,2480,24,vihtavuori,large_rifle_generic,12,2.657,,,,,,
308_win,0.308,lapua,mega_e415,185,vihtavuori_n540,117,45.1,2628,24,vihtavuori,large_rifle_generic,12,2.657,,,,,,
308_win,0.308,lapua,mega_e415,185,vihtavuori_n150,124,45.2,2480,24,vihtavuori,large_rifle_generic,12,2.657,,,,,,
308_win,0.308,lapua,mega_e415,185,vihtavuori_n550,129,47.4,2520,24,vihtavuori,large_rifle_generic,12,2.657,,,,,,
308_win,0.308,lapua,scenar,185,vihtavuori_n140,112,41.5,2552,24,vihtavuori,large_rifle_generic,12,2.795,,,,,,
308_win,0.308,lapua,scenar,185,vihtavuori_n540,117,42.6,2628,24,vihtavuori,large_rifle_generic,12,2.795,,,,,,
308_win,0.308,lapua,scenar,185,vihtavuori_n150,124,42,2575,24,vihtavuori,large_rifle_generic,12,2.795,,,,,,
308_win,0.308,lapua,scenar,185,vihtavuori_n550,129,46.9,2608,24,vihtavuori,large_rifle_generic,12,2.795,,,,,,
308_win,0.308,sierra,hpbt,190,vihtavuori_n135,102,37.7,2382,24,vihtavuori,large_rifle_generic,12,2.795,,,,,,
308_win,0.308,sierra,hpbt,190,vihtavuori_n140,112,40,2448,24,vihtavuori,large_rifle_generic,12,2.795,,,,,,
308_win,0.308,sierra,hpbt,190,vihtavuori_n540,117,41.4,2507,24,vihtavuori,large_rifle_generic,12,2.795,,,,,,
308_win,0.308,sierra,hpbt,190,vihtavuori_n150,124,41.1,2467,24,vihtavuori,large_rifle_generic,12,2.795,,,,,,
308_win,0.308,sierra,hpbt,190,vihtavuori_n550,129,44.3,2546,24,vihtavuori,large_rifle_generic,12,2.795,,,,,,
308_win,0.308,hornady,eld_match,195,vihtavuori_n140,112,41.5,2431,24,vihtavuori,large_rifle_generic,12,2.800,,,,,,
308_win,0.308,hornady,eld_match,195,vihtavuori_n540,117,42.4,2493,24,vihtavuori,large_rifle_generic,12,2.800,,,,,,
308_win,0.308,hornady,eld_match,195,vihtavuori_n150,124,42,2431,24,vihtavuori,large_rifle_generic,12,2.800,yes,,,,,
308_win,0.308,hornady,eld_match,195,vihtavuori_n550,129,46.8,2552,24,vihtavuori,large_rifle_generic,12,2.800,yes,,,,,
308_win,0.308,speer,sp,200,vihtavuori_n140,112,41.2,2335,24,vihtavuori,large_rifle_generic,12,2.795,,,,,,
308_win,0.308,speer,sp,200,vihtavuori_n150,124,42.2,2344,24,vihtavuori,large_rifle_generic,12,2.795,,,,,,
308_win,0.308,berger,200_20x_hybrid_target,200.2,vihtavuori_n140,112,40.4,2372,24,vihtavuori,large_rifle_generic,12,2.795,,,,,,
308_win,0.308,berger,200_20x_hybrid_target,200.2,vihtavuori_n540,117,41.5,2454,24,vihtavuori,large_rifle_generic,12,2.795,,,,,,
308_win,0.308,berger,200_20x_hybrid_target,200.2,vihtavuori_n150,124,40.3,2388,24,vihtavuori,large_rifle_generic,12,2.795,,,,,,
308_win,0.308,berger,200_20x_hybrid_target,200.2,vihtavuori_n550,129,44.8,2497,24,vihtavuori,large_rifle_generic,12,2.795,,,,,,
308_win,0.308,berger,elite_hunter,205,vihtavuori_n140,112,39.4,2316,24,vihtavuori,large_rifle_generic,12,2.795,yes,,,,,
308_win,0.308,berger,elite_hunter,205,vihtavuori_n540,117,41.5,2415,24,vihtavuori,large_rifle_generic,12,2.795,,,,,,
308_win,0.308,berger,elite_hunter,205,vihtavuori_n150,124,40.4,2323,24,vihtavuori,large_rifle_generic,12,2.795,yes,,,,,
308_win,0.308,berger,elite_hunter,205,vihtavuori_n550,129,44.4,2457,24,vihtavuori,large_rifle_generic,12,2.795,yes,,,,,
308_win,0.308,hornady,a_max,208,vihtavuori_n140,112,38.4,2267,24,vihtavuori,large_rifle_generic,12,2.795,yes,,,,,
308_win,0.308,hornady,a_max,208,vihtavuori_n540,117,41.2,2395,24,vihtavuori,large_rifle_generic,12,2.795,yes,,,,,
308_win,0.308,hornady,a_max,208,vihtavuori_n150,124,40.1,2293,24,vihtavuori,large_rifle_generic,12,2.795,yes,,,,,
308_win,0.308,hornady,a_max,208,vihtavuori_n550,129,43.8,2418,24,vihtavuori,large_rifle_generic,12,2.795,yes,,,,,
308_win,0.308,sako,hammerhead,220,vihtavuori_n140,112,39.2,2192,24,vihtavuori,large_rifle_generic,12,2.776,,,,,,
308_win,0.308,sako,hammerhead,220,vihtavuori_n540,117,38.4,2182,24,vihtavuori,large_rifle_generic,12,2.776,,,,,,
308_win,0.308,sako,hammerhead,220,vihtavuori_n150,124,38.9,2152,24,vihtavuori,large_rifle_generic,12,2.776,,,,,,
308_win,0.308,sako,hammerhead,220,vihtavuori_n550,129,43.1,2270,24,vihtavuori,large_rifle_generic,12,2.776,,,,,,
6_5_creedmoor,0.264,federal,terminal_ascent,130,accurate_4350,135,39.5,2614,,reddit,,,,,,73,,,
6_5_creedmoor,0.264,federal,terminal_ascent,130,accurate_4350,135,39.5,2628,,reddit,,,,,,73,,,
6_5_creedmoor,0.264,federal,terminal_ascent,130,accurate_4350,135,39.5,2662,,reddit,,,,,,73,,,
6_5_creedmoor,0.264,federal,terminal_ascent,130,accurate_4350,135,40,2691,,reddit,,,,,,73,,,
6_5_creedmoor,0.264,federal,terminal_ascent,130,accurate_4350,135,40,2690,,reddit,,,,,,73,,,
6_5_creedmoor,0.264,federal,terminal_ascent,130,accurate_4350,135,40,2684,,reddit,,,,,,73,,,
6_5_creedmoor,0.264,federal,terminal_ascent,130,accurate_4350,135,40.5,2737,,reddit,,,,,,73,,,
6_5_creedmoor,0.264,federal,terminal_ascent,130,accurate_4350,135,40.5,2732,,reddit,,,,,,73,,,
6_5_creedmoor,0.264,federal,terminal_ascent,130,accurate_4350,135,40.5,2718,,reddit,,,,,,73,,,
6_5_creedmoor,0.264,federal,terminal_ascent,130,accurate_4350,135,41,2786,,reddit,,,,,,73,,,
6_5_creedmoor,0.264,federal,terminal_ascent,130,accurate_4350,135,41,2770,,reddit,,,,,,73,,,
6_5_creedmoor,0.264,federal,terminal_ascent,130,accurate_4350,135,41,2768,,reddit,,,,,,73,,,
6_5_creedmoor,0.264,hornady,v_max,95,vihtavuori_n140,112,38.6,2972,25.5,vihtavuori,cci_450,8,2.677,,,,,,
6_5_creedmoor,0.264,hornady,v_max,95,vihtavuori_n540,117,39.4,3041,25.5,vihtavuori,cci_450,8,2.677,,,,,,
6_5_creedmoor,0.264,hornady,v_max,95,vihtavuori_n150,124,38.6,3005,25.5,vihtavuori,cci_450,8,2.677,,,,,,
6_5_creedmoor,0.264,hornady,v_max,95,vihtavuori_n550,129,42.6,3061,25.5,vihtavuori,cci_450,8,2.677,,,,,,
6_5_creedmoor,0.264,barnes,ttsx_bt,100,vihtavuori_n140,112,34,2631,25.5,vihtavuori,cci_450,8,2.795,,,,,,
6_5_creedmoor,0.264,barnes,ttsx_bt,100,vihtavuori_n540,117,37,2789,25.5,vihtavuori,cci_450,8,2.795,,,,,,
6_5_creedmoor,0.264,barnes,ttsx_bt,100,vihtavuori_n150,124,33.2,2661,25.5,vihtavuori,cci_450,8,2.795,,,,,,
6_5_creedmoor,0.264,barnes,ttsx_bt,100,vihtavuori_n550,129,40.4,2844,25.5,vihtavuori,cci_450,8,2.795,,,,,,
6_5_creedmoor,0.264,barnes,ttsx_bt,100,vihtavuori_n160,143,41.7,2854,25.5,vihtavuori,cci_450,8,2.795,,,,,,
6_5_creedmoor,0.264,fox,classic_hunter,100,vihtavuori_n140,112,34,2680,25.5,vihtavuori,cci_450,8,2.717,,,,,,
6_5_creedmoor,0.264,fox,classic_hunter,100,vihtavuori_n540,117,37.8,2900,25.5,vihtavuori,cci_450,8,2.717,,,,,,
6_5_creedmoor,0.264,fox,classic_hunter,100,vihtavuori_n150,124,34.9,2746,25.5,vihtavuori,cci_450,8,2.717,,,,,,
6_5_creedmoor,0.264,fox,classic_hunter,100,vihtavuori_n550,129,39.8,2907,25.5,vihtavuori,cci_450,8,2.717,,,,,,
6_5_creedmoor,0.264,fox,classic_hunter,100,vihtavuori_n160,143,44.4,2900,25.5,vihtavuori,cci_450,8,2.717,,,,,,
6_5_creedmoor,0.264,hornady,eld_match,100,vihtavuori_n135,102,34.3,2805,25.5,vihtavuori,cci_450,8,2.598,,,,,,
6_5_creedmoor,0.264,hornady,eld_match,100,vihtavuori_n140,112,36.7,2854,25.5,vihtavuori,cci_450,8,2.598,,,,,,
6_5_creedmoor,0.264,hornady,eld_match,100,vihtavuori_n540,117,37.8,2923,25.5,vihtavuori,cci_450,8,2.598,,,,,,
6_5_creedmoor,0.264,hornady,eld_match,100,vihtavuori_n150,124,37.3,2881,25.5,vihtavuori,cci_450,8,2.598,,,,,,
6_5_creedmoor,0.264,hornady,eld_match,100,vihtavuori_n550,129,40.3,2943,25.5,vihtavuori,cci_450,8,2.598,,,,,,
6_5_creedmoor,0.264,hornady,eld_match,100,vihtavuori_n160,143,46,2989,25.5,vihtavuori,cci_450,8,2.598,,,,,,
6_5_creedmoor,0.264,hornady,eld_vt,100,vihtavuori_n140,112,35.5,2802,25.5,vihtavuori,cci_450,8,2.752,,,,,,
6_5_creedmoor,0.264,hornady,eld_vt,100,vihtavuori_n540,117,37,2904,25.5,vihtavuori,cci_450,8,2.752,,,,,,
6_5_creedmoor,0.264,hornady,eld_vt,100,vihtavuori_n150,124,36.3,2818,25.5,vihtavuori,cci_450,8,2.752,,,,,,
6_5_creedmoor,0.264,hornady,eld_vt,100,vihtavuori_n550,129,39.7,2927,25.5,vihtavuori,cci_450,8,2.752,,,,,,
6_5_creedmoor,0.264,hornady,eld_vt,100,vihtavuori_n555,144,43.7,2963,25.5,vihtavuori,cci_450,8,2.752,,,,,,
6_5_creedmoor,0.264,hornady,eld_vt,100,vihtavuori_n160,143,44.8,2946,25.5,vihtavuori,cci_450,8,2.752,,,,,,
6_5_creedmoor,0.264,lapua,fmj,100,vihtavuori_n140,112,36.1,2756,25.5,vihtavuori,cci_450,8,2.535,,,,,,
6_5_creedmoor,0.264,lapua,fmj,100,vihtavuori_n540,117,37.7,2831,25.5,vihtavuori,cci_450,8,2.535,,,,,,
6_5_creedmoor,0.264,lapua,fmj,100,vihtavuori_n150,124,35.3,2671,25.5,vihtavuori,cci_450,8,2.535,,,,,,
6_5_creedmoor,0.264,lapua,fmj,100,vihtavuori_n550,129,41.4,2900,25.5,vihtavuori,cci_450,8,2.535,,,,,,
6_5_creedmoor,0.264,lapua,fmj,100,vihtavuori_n555,144,44.8,2972,25.5,vihtavuori,cci_450,8,2.535,,,,,,
6_5_creedmoor,0.264,lapua,scenar,100,vihtavuori_n140,112,37.2,2851,25.5,vihtavuori,cci_450,8,2.677,,,,,,
6_5_creedmoor,0.264,lapua,scenar,100,vihtavuori_n540,117,37.3,2890,25.5,vihtavuori,cci_450,8,2.677,,,,,,
6_5_creedmoor,0.264,lapua,scenar,100,vihtavuori_n150,124,36.9,2828,25.5,vihtavuori,cci_450,8,2.677,,,,,,
6_5_creedmoor,0.264,lapua,scenar,108,vihtavuori_n540,117,35.6,2766,25.5,vihtavuori,cci_450,8,2.677,,,,,,
6_5_creedmoor,0.264,lapua,scenar,108,vihtavuori_n150,124,33.6,2677,25.5,vihtavuori,cci_450,8,2.677,,,,,,
6_5_creedmoor,0.264,lapua,scenar,108,vihtavuori_n550,129,38.3,2772,25.5,vihtavuori,cci_450,8,2.677,,,,,,
6_5_creedmoor,0.264,barnes,ttsx_bt,120,vihtavuori_n140,112,30.9,2415,25.5,vihtavuori,cci_450,8,2.787,,,,,,
6_5_creedmoor,0.264,barnes,ttsx_bt,120,vihtavuori_n150,124,27.8,2224,25.5,vihtavuori,cci_450,8,2.787,,,,,,
6_5_creedmoor,0.264,barnes,ttsx_bt,120,vihtavuori_n550,129,34.6,2464,25.5,vihtavuori,cci_450,8,2.787,,,,,,
6_5_creedmoor,0.264,barnes,ttsx_bt,120,vihtavuori_n555,144,40.3,2635,25.5,vihtavuori,cci_450,8,2.787,,,,,,
6_5_creedmoor,0.264,barnes,ttsx_bt,120,vihtavuori_n160,143,36.3,2500,25.5,vihtavuori,cci_450,8,2.787,,,,,,
6_5_creedmoor,0.264,berger,BT Target,120,vihtavuori_n140,112,33.5,2487,25.5,vihtavuori,cci_450,8,2.795,,,,,,
6_5_creedmoor,0.264,berger,BT Target,120,vihtavuori_n540,117,35.5,2635,25.5,vihtavuori,cci_450,8,2.795,,,,,,
6_5_creedmoor,0.264,berger,BT Target,120,vihtavuori_n150,124,33.6,2516,25.5,vihtavuori,cci_450,8,2.795,,,,,,
6_5_creedmoor,0.264,berger,BT Target,120,vihtavuori_n550,129,37.7,2657,25.5,vihtavuori,cci_450,8,2.795,,,,,,
6_5_creedmoor,0.264,berger,BT Target,120,vihtavuori_n555,144,42.7,2766,25.5,vihtavuori,cci_450,8,2.795,,,,,,
6_5_creedmoor,0.264,berger,BT Target,120,vihtavuori_n160,143,42,2654,25.5,vihtavuori,cci_450,8,2.795,,,,,,
6_5_creedmoor,0.264,hornady,cx,120,vihtavuori_n540,117,35.5,2552,25.5,vihtavuori,cci_450,8,2.657,,,,,,
6_5_creedmoor,0.264,hornady,cx,120,vihtavuori_n150,124,31.6,2306,25.5,vihtavuori,cci_450,8,2.657,,,,,,
6_5_creedmoor,0.264,hornady,cx,120,vihtavuori_n550,129,37.3,2559,25.5,vihtavuori,cci_450,8,2.657,,,,,,
6_5_creedmoor,0.264,hornady,cx,120,vihtavuori_n555,144,41.7,2648,25.5,vihtavuori,cci_450,8,2.657,,,,,,
6_5_creedmoor,0.264,hornady,cx,120,vihtavuori_n160,143,38.6,2503,25.5,vihtavuori,cci_450,8,2.657,,,,,,
6_5_creedmoor,0.264,hornady,cx,120,vihtavuori_n560,147,44.8,2631,25.5,vihtavuori,cci_450,8,2.657,,,,,,
6_5_creedmoor,0.264,hornady,eld_match,120,vihtavuori_n140,112,31.6,2457,25.5,vihtavuori,cci_450,8,2.736,,,,,,
6_5_creedmoor,0.264,hornady,eld_match,120,vihtavuori_n540,117,33.2,2552,25.5,vihtavuori,cci_450,8,2.736,,,,,,
6_5_creedmoor,0.264,hornady,eld_match,120,vihtavuori_n150,124,30.9,2434,25.5,vihtavuori,cci_450,8,2.736,,,,,,
6_5_creedmoor,0.264,hornady,eld_match,120,vihtavuori_n550,129,36.3,2605,25.5,vihtavuori,cci_450,8,2.736,,,,,,
6_5_creedmoor,0.264,hornady,eld_match,120,vihtavuori_n555,144,40.1,2677,25.5,vihtavuori,cci_450,8,2.736,,,,,,
6_5_creedmoor,0.264,hornady,eld_match,120,vihtavuori_n160,143,34.9,2474,25.5,vihtavuori,cci_450,8,2.736,,,,,,
6_5_creedmoor,0.264,hornady,eld_match,120,vihtavuori_n560,147,42.4,2661,25.5,vihtavuori,cci_450,8,2.736,,,,,,
6_5_creedmoor,0.264,hornady,gmx,120,vihtavuori_n140,112,30.9,2343,25.5,vihtavuori,cci_450,8,2.776,,,,,,
6_5_creedmoor,0.264,hornady,gmx,120,vihtavuori_n540,117,33.6,2477,25.5,vihtavuori,cci_450,8,2.776,,,,,,
6_5_creedmoor,0.264,hornady,gmx,120,vihtavuori_n150,124,29.3,2320,25.5,vihtavuori,cci_450,8,2.776,,,,,,
6_5_creedmoor,0.264,hornady,gmx,120,vihtavuori_n550,129,36.3,2546,25.5,vihtavuori,cci_450,8,2.776,,,,,,
6_5_creedmoor,0.264,lapua,Scenar-L,120,vihtavuori_n540,117,33.6,2592,25.5,vihtavuori,cci_450,8,2.677,,,,,,
6_5_creedmoor,0.264,lapua,Scenar-L,120,vihtavuori_n150,124,31.3,2480,25.5,vihtavuori,cci_450,8,2.677,,,,,,
6_5_creedmoor,0.264,lapua,Scenar-L,120,vihtavuori_n550,129,36.7,2638,25.5,vihtavuori,cci_450,8,2.677,,,,,,
6_5_creedmoor,0.264,lapua,Scenar-L,120,vihtavuori_n555,144,41.2,2749,25.5,vihtavuori,cci_450,8,2.677,,,,,,
6_5_creedmoor,0.264,lapua,trx,120,vihtavuori_n540,117,34,2589,25.5,vihtavuori,cci_450,8,2.795,,,,,,
6_5_creedmoor,0.264,lapua,trx,120,vihtavuori_n550,129,37,2618,25.5,vihtavuori,cci_450,8,2.795,,,,,,
6_5_creedmoor,0.264,lapua,trx,120,vihtavuori_n555,144,40.4,2694,25.5,vihtavuori,cci_450,8,2.795,,,,,,
6_5_creedmoor,0.264,lapua,trx,120,vihtavuori_n160,143,37.8,2520,25.5,vihtavuori,cci_450,8,2.795,,,,,,
6_5_creedmoor,0.264,lapua,trx,120,vihtavuori_n165,153,44.4,2720,25.5,vihtavuori,cci_450,8,2.795,,,,,,
6_5_creedmoor,0.264,lapua,trx,120,vihtavuori_n560,147,42,2628,25.5,vihtavuori,cci_450,8,2.795,,,,,,
6_5_creedmoor,0.264,lapua,trx,120,vihtavuori_n565,156,44,2621,25.5,vihtavuori,cci_450,8,2.795,,,,,,
6_5_creedmoor,0.264,nosler,ballistic_tip,120,vihtavuori_n540,117,34.6,2579,25.5,vihtavuori,cci_450,8,2.736,,,,,,
6_5_creedmoor,0.264,nosler,ballistic_tip,120,vihtavuori_n150,124,31.6,2421,25.5,vihtavuori,cci_450,8,2.736,,,,,,
6_5_creedmoor,0.264,nosler,ballistic_tip,120,vihtavuori_n550,129,36.4,2595,25.5,vihtavuori,cci_450,8,2.736,,,,,,
6_5_creedmoor,0.264,nosler,ballistic_tip,120,vihtavuori_n555,144,41.4,2710,25.5,vihtavuori,cci_450,8,2.736,,,,,,
6_5_creedmoor,0.264,nosler,ballistic_tip,120,vihtavuori_n160,143,39.4,2552,25.5,vihtavuori,cci_450,8,2.736,,,,,,
6_5_creedmoor,0.264,sako,Blade 657H,120,vihtavuori_n140,112,33.2,2343,25.5,vihtavuori,cci_450,8,2.795,,,,,,
6_5_creedmoor,0.264,sako,Blade 657H,120,vihtavuori_n540,117,36.1,2526,25.5,vihtavuori,cci_450,8,2.795,,,,,,
6_5_creedmoor,0.264,sako,Blade 657H,120,vihtavuori_n150,124,31.2,2251,25.5,vihtavuori,cci_450,8,2.795,,,,,,
6_5_creedmoor,0.264,sako,Blade 657H,120,vihtavuori_n550,129,38.6,2566,25.5,vihtavuori,cci_450,8,2.795,,,,,,
6_5_creedmoor,0.264,sako,Blade 657H,120,vihtavuori_n555,144,42.4,2638,25.5,vihtavuori,cci_450,8,2.795,,,,,,
6_5_creedmoor,0.264,sierra,hpbt,120,vihtavuori_n140,112,33.2,2543,25.5,vihtavuori,cci_450,8,2.677,,,,,,
6_5_creedmoor,0.264,sierra,hpbt,120,vihtavuori_n540,117,34.7,2621,25.5,vihtavuori,cci_450,8,2.677,,,,,,
6_5_creedmoor,0.264,sierra,hpbt,120,vihtavuori_n150,124,32.4,2510,25.5,vihtavuori,cci_450,8,2.677,,,,,,
6_5_creedmoor,0.264,sierra,hpbt,120,vihtavuori_n550,129,37.8,2671,25.5,vihtavuori,cci_450,8,2.677,,,,,,
6_5_creedmoor,0.264,sierra,hpbt,120,vihtavuori_n555,144,41.7,2756,25.5,vihtavuori,cci_450,8,2.677,,,,,,
6_5_creedmoor,0.264,sierra,hpbt,120,vihtavuori_n160,143,40.1,2641,25.5,vihtavuori,cci_450,8,2.677,,,,,,
6_5_creedmoor,0.264,sierra,hpbt,120,vihtavuori_n560,147,43.2,2684,25.5,vihtavuori,cci_450,8,2.677,,,,,,
6_5_creedmoor,0.264,sierra,hpbt,120,vihtavuori_n565,156,45.1,2644,25.5,vihtavuori,cci_450,8,2.677,,,,,,
6_5_creedmoor,0.264,fox,classic_hunter,123,vihtavuori_n140,112,31,2283,25.5,vihtavuori,cci_450,8,2.736,,,,,,
6_5_creedmoor,0.264,fox,classic_hunter,123,vihtavuori_n540,117,33.2,2467,25.5,vihtavuori,cci_450,8,2.736,,,,,,
6_5_creedmoor,0.264,fox,classic_hunter,123,vihtavuori_n150,124,30.4,2297,25.5,vihtavuori,cci_450,8,2.736,,,,,,
6_5_creedmoor,0.264,fox,classic_hunter,123,vihtavuori_n550,129,34.7,2484,25.5,vihtavuori,cci_450,8,2.736,,,,,,
6_5_creedmoor,0.264,fox,classic_hunter,123,vihtavuori_n555,144,39,2585,25.5,vihtavuori,cci_450,8,2.736,,,,,,
6_5_creedmoor,0.264,fox,classic_hunter,123,vihtavuori_n160,143,37.8,2457,25.5,vihtavuori,cci_450,8,2.736,,,,,,
6_5_creedmoor,0.264,fox,classic_hunter,123,vihtavuori_n560,147,40.1,2513,25.5,vihtavuori,cci_450,8,2.736,,,,,,
6_5_creedmoor,0.264,fox,target,123,vihtavuori_n140,112,30.9,2372,25.5,vihtavuori,cci_450,8,2.618,,,,,,
6_5_creedmoor,0.264,fox,target,123,vihtavuori_n540,117,33.2,2526,25.5,vihtavuori,cci_450,8,2.618,,,,,,
6_5_creedmoor,0.264,fox,target,123,vihtavuori_n150,124,30.9,2369,25.5,vihtavuori,cci_450,8,2.618,,,,,,
6_5_creedmoor,0.264,fox,target,123,vihtavuori_n550,129,34.7,2526,25.5,vihtavuori,cci_450,8,2.618,,,,,,
6_5_creedmoor,0.264,fox,target,123,vihtavuori_n555,144,39.4,2638,25.5,vihtavuori,cci_450,8,2.618,,,,,,
6_5_creedmoor,0.264,fox,target,123,vihtavuori_n160,143,37,2474,25.5,vihtavuori,cci_450,8,2.618,,,,,,
6_5_creedmoor,0.264,hornady,eld_match,123,vihtavuori_n140,112,31.6,2461,25.5,vihtavuori,cci_450,8,2.764,,,,,,
6_5_creedmoor,0.264,hornady,eld_match,123,vihtavuori_n540,117,34,2579,25.5,vihtavuori,cci_450,8,2.764,,,,,,
6_5_creedmoor,0.264,hornady,eld_match,123,vihtavuori_n150,124,31.6,2457,25.5,vihtavuori,cci_450,8,2.764,,,,,,
6_5_creedmoor,0.264,hornady,eld_match,123,vihtavuori_n550,129,36.3,2582,25.5,vihtavuori,cci_450,8,2.764,,,,,,
6_5_creedmoor,0.264,hornady,eld_match,123,vihtavuori_n555,144,40.9,2694,25.5,vihtavuori,cci_450,8,2.764,,,,,,
6_5_creedmoor,0.264,hornady,eld_match,123,vihtavuori_n160,143,39.4,2608,25.5,vihtavuori,cci_450,8,2.764,,,,,,
6_5_creedmoor,0.264,hornady,eld_match,123,vihtavuori_n560,147,42.4,2644,25.5,vihtavuori,cci_450,8,2.764,,,,,,
6_5_creedmoor,0.264,hornady,eld_match,123,vihtavuori_n565,156,44.4,2631,25.5,vihtavuori,cci_450,8,2.764,,,,,,
6_5_creedmoor,0.264,lapua,scenar,123,vihtavuori_n540,117,35.6,2621,25.5,vihtavuori,cci_450,8,2.677,,,,,,
6_5_creedmoor,0.264,lapua,scenar,123,vihtavuori_n150,124,34.3,2523,25.5,vihtavuori,cci_450,8,2.677,,,,,,
6_5_creedmoor,0.264,lapua,scenar,123,vihtavuori_n550,129,38,2631,25.5,vihtavuori,cci_450,8,2.677,,,,,,
6_5_creedmoor,0.264,lapua,scenar,123,vihtavuori_n555,144,41.2,2736,25.5,vihtavuori,cci_450,8,2.677,,,,,,
6_5_creedmoor,0.264,sierra,HPBT MatchKing,123,vihtavuori_n140,112,32.4,2503,25.5,vihtavuori,cci_450,8,2.736,,,,,,
6_5_creedmoor,0.264,sierra,HPBT MatchKing,123,vihtavuori_n540,117,35.5,2641,25.5,vihtavuori,cci_450,8,2.736,,,,,,
6_5_creedmoor,0.264,sierra,HPBT MatchKing,123,vihtavuori_n150,124,33.2,2533,25.5,vihtavuori,cci_450,8,2.736,,,,,,
6_5_creedmoor,0.264,sierra,HPBT MatchKing,123,vihtavuori_n550,129,38,2671,25.5,vihtavuori,cci_450,8,2.736,,,,,,
6_5_creedmoor,0.264,sierra,HPBT MatchKing,123,vihtavuori_n555,144,41.7,2720,25.5,vihtavuori,cci_450,8,2.736,,,,,,
6_5_creedmoor,0.264,sierra,HPBT MatchKing,123,vihtavuori_n160,143,41.7,2661,25.5,vihtavuori,cci_450,8,2.736,,,,,,
6_5_creedmoor,0.264,sierra,HPBT MatchKing,123,vihtavuori_n560,147,43.5,2687,25.5,vihtavuori,cci_450,8,2.736,,,,,,
6_5_creedmoor,0.264,barnes,lrx_bt,127,vihtavuori_n140,112,31.6,2306,25.5,vihtavuori,cci_450,8,2.748,,,,,,
6_5_creedmoor,0.264,barnes,lrx_bt,127,vihtavuori_n540,117,34,2428,25.5,vihtavuori,cci_450,8,2.748,,,,,,
6_5_creedmoor,0.264,barnes,lrx_bt,127,vihtavuori_n150,124,31.6,2260,25.5,vihtavuori,cci_450,8,2.748,,,,,,
6_5_creedmoor,0.264,barnes,lrx_bt,127,vihtavuori_n550,129,36.3,2484,25.5,vihtavuori,cci_450,8,2.748,,,,,,
6_5_creedmoor,0.264,barnes,lrx_bt,127,vihtavuori_n555,144,40.1,2543,25.5,vihtavuori,cci_450,8,2.748,,,,,,
6_5_creedmoor,0.264,barnes,lrx_bt,127,vihtavuori_n160,143,38.6,2421,25.5,vihtavuori,cci_450,8,2.748,,,,,,
6_5_creedmoor,0.264,barnes,lrx_bt,127,vihtavuori_n560,147,41.7,2510,25.5,vihtavuori,cci_450,8,2.748,,,,,,
6_5_creedmoor,0.264,hornady,Interlock SP,129,vihtavuori_n140,112,31.9,2329,25.5,vihtavuori,cci_450,8,2.697,,,,,,
6_5_creedmoor,0.264,hornady,Interlock SP,129,vihtavuori_n540,117,34,2480,25.5,vihtavuori,cci_450,8,2.697,,,,,,
6_5_creedmoor,0.264,hornady,Interlock SP,129,vihtavuori_n150,124,32.4,2333,25.5,vihtavuori,cci_450,8,2.697,,,,,,
6_5_creedmoor,0.264,hornady,Interlock SP,129,vihtavuori_n550,129,37,2546,25.5,vihtavuori,cci_450,8,2.697,,,,,,
6_5_creedmoor,0.264,hornady,Interlock SP,129,vihtavuori_n555,144,40.9,2608,25.5,vihtavuori,cci_450,8,2.697,,,,,,
6_5_creedmoor,0.264,hornady,Interlock SP,129,vihtavuori_n160,143,39.7,2480,25.5,vihtavuori,cci_450,8,2.697,,,,,,
6_5_creedmoor,0.264,hornady,Interlock SP,129,vihtavuori_n560,147,42,2566,25.5,vihtavuori,cci_450,8,2.697,,,,,,
6_5_creedmoor,0.264,hornady,v_max,95,vihtavuori_n140,112,42.1,3219,25.5,vihtavuori,cci_450,8,2.677,,,,,,
6_5_creedmoor,0.264,hornady,v_max,95,vihtavuori_n540,117,43.1,3323,25.5,vihtavuori,cci_450,8,2.677,,,,,,
6_5_creedmoor,0.264,hornady,v_max,95,vihtavuori_n150,124,42.1,3219,25.5,vihtavuori,cci_450,8,2.677,,,,,,
6_5_creedmoor,0.264,hornady,v_max,95,vihtavuori_n550,129,45.5,3340,25.5,vihtavuori,cci_450,8,2.677,,,,,,
6_5_creedmoor,0.264,barnes,ttsx_bt,100,vihtavuori_n140,112,39.7,2956,25.5,vihtavuori,cci_450,8,2.795,,,,,,
6_5_creedmoor,0.264,barnes,ttsx_bt,100,vihtavuori_n540,117,41.7,3097,25.5,vihtavuori,cci_450,8,2.795,,,,,,
6_5_creedmoor,0.264,barnes,ttsx_bt,100,vihtavuori_n150,124,35.5,2799,25.5,vihtavuori,cci_450,8,2.795,,,,,,
6_5_creedmoor,0.264,barnes,ttsx_bt,100,vihtavuori_n550,129,44.8,3153,25.5,vihtavuori,cci_450,8,2.795,yes,,,,,
6_5_creedmoor,0.264,barnes,ttsx_bt,100,vihtavuori_n160,143,47.8,3022,25.5,vihtavuori,cci_450,8,2.795,yes,,,,,
6_5_creedmoor,0.264,fox,classic_hunter,100,vihtavuori_n140,112,39.2,3018,25.5,vihtavuori,cci_450,8,2.717,,,,,,
6_5_creedmoor,0.264,fox,classic_hunter,100,vihtavuori_n540,117,41.5,3179,25.5,vihtavuori,cci_450,8,2.717,,,,,,
6_5_creedmoor,0.264,fox,classic_hunter,100,vihtavuori_n150,124,39.2,3031,25.5,vihtavuori,cci_450,8,2.717,,,,,,
6_5_creedmoor,0.264,fox,classic_hunter,100,vihtavuori_n550,129,44.1,3219,25.5,vihtavuori,cci_450,8,2.717,,,,,,
6_5_creedmoor,0.264,fox,classic_hunter,100,vihtavuori_n160,143,48.1,3153,25.5,vihtavuori,cci_450,8,2.717,yes,,,,,
6_5_creedmoor,0.264,hornady,eld_match,100,vihtavuori_n135,102,37.3,3041,25.5,vihtavuori,cci_450,8,2.598,,,,,,
6_5_creedmoor,0.264,hornady,eld_match,100,vihtavuori_n140,112,40.1,3130,25.5,vihtavuori,cci_450,8,2.598,,,,,,
6_5_creedmoor,0.264,hornady,eld_match,100,vihtavuori_n540,117,41.1,3199,25.5,vihtavuori,cci_450,8,2.598,,,,,,
6_5_creedmoor,0.264,hornady,eld_match,100,vihtavuori_n150,124,40.9,3130,25.5,vihtavuori,cci_450,8,2.598,,,,,,
6_5_creedmoor,0.264,hornady,eld_match,100,vihtavuori_n550,129,43.7,3219,25.5,vihtavuori,cci_450,8,2.598,,,,,,
6_5_creedmoor,0.264,hornady,eld_match,100,vihtavuori_n160,143,47.8,3136,25.5,vihtavuori,cci_450,8,2.598,yes,,,,,
6_5_creedmoor,0.264,hornady,eld_vt,100,vihtavuori_n140,112,39.2,3051,25.5,vihtavuori,cci_450,8,2.752,,,,,,
6_5_creedmoor,0.264,hornady,eld_vt,100,vihtavuori_n540,117,39.7,3143,25.5,vihtavuori,cci_450,8,2.752,,,,,,
6_5_creedmoor,0.264,hornady,eld_vt,100,vihtavuori_n150,124,39.5,3035,25.5,vihtavuori,cci_450,8,2.752,,,,,,
6_5_creedmoor,0.264,hornady,eld_vt,100,vihtavuori_n550,129,42.9,3186,25.5,vihtavuori,cci_450,8,2.752,yes,,,,,
6_5_creedmoor,0.264,hornady,eld_vt,100,vihtavuori_n555,144,44.8,3041,25.5,vihtavuori,cci_450,8,2.752,yes,,,,,
6_5_creedmoor,0.264,hornady,eld_vt,100,vihtavuori_n160,143,47.8,3159,25.5,vihtavuori,cci_450,8,2.752,yes,,,,,
6_5_creedmoor,0.264,lapua,fmj,100,vihtavuori_n140,112,40.3,3015,25.5,vihtavuori,cci_450,8,2.535,,,,,,
6_5_creedmoor,0.264,lapua,fmj,100,vihtavuori_n540,117,41.5,3123,25.5,vihtavuori,cci_450,8,2.535,,,,,,
6_5_creedmoor,0.264,lapua,fmj,100,vihtavuori_n150,124,39.5,2995,25.5,vihtavuori,cci_450,8,2.535,,,,,,
6_5_creedmoor,0.264,lapua,fmj,100,vihtavuori_n550,129,44.6,3169,25.5,vihtavuori,cci_450,8,2.535,,,,,,
6_5_creedmoor,0.264,lapua,fmj,100,vihtavuori_n555,144,46.3,3087,25.5,vihtavuori,cci_450,8,2.535,yes,,,,,
6_5_creedmoor,0.264,lapua,scenar,100,vihtavuori_n140,112,42.3,3212,25.5,vihtavuori,cci_450,8,2.677,,,,,,
6_5_creedmoor,0.264,lapua,scenar,100,vihtavuori_n540,117,42.3,3284,25.5,vihtavuori,cci_450,8,2.677,,,,,,
6_5_creedmoor,0.264,lapua,scenar,100,vihtavuori_n150,124,42.1,3205,25.5,vihtavuori,cci_450,8,2.677,,,,,,
6_5_creedmoor,0.264,lapua,scenar,108,vihtavuori_n540,117,40.7,3182,25.5,vihtavuori,cci_450,8,2.677,,,,,,
6_5_creedmoor,0.264,lapua,scenar,108,vihtavuori_n150,124,40.6,3071,25.5,vihtavuori,cci_450,8,2.677,,,,,,
6_5_creedmoor,0.264,lapua,scenar,108,vihtavuori_n550,129,43.7,3189,25.5,vihtavuori,cci_450,8,2.677,,,,,,
6_5_creedmoor,0.264,barnes,ttsx_bt,120,vihtavuori_n140,112,34.1,2526,25.5,vihtavuori,cci_450,8,2.787,,,,,,
6_5_creedmoor,0.264,barnes,ttsx_bt,120,vihtavuori_n150,124,32.1,2454,25.5,vihtavuori,cci_450,8,2.787,,,,,,
6_5_creedmoor,0.264,barnes,ttsx_bt,120,vihtavuori_n550,129,40.9,2822,25.5,vihtavuori,cci_450,8,2.787,,,,,,
6_5_creedmoor,0.264,barnes,ttsx_bt,120,vihtavuori_n555,144,44.6,2877,25.5,vihtavuori,cci_450,8,2.787,,,,,,
6_5_creedmoor,0.264,barnes,ttsx_bt,120,vihtavuori_n160,143,37,2546,25.5,vihtavuori,cci_450,8,2.787,,,,,,
6_5_creedmoor,0.264,berger,BT Target,120,vihtavuori_n140,112,37.3,2723,25.5,vihtavuori,cci_450,8,2.795,,,,,,
6_5_creedmoor,0.264,berger,BT Target,120,vihtavuori_n540,117,39.4,2890,25.5,vihtavuori,cci_450,8,2.795,,,,,,
6_5_creedmoor,0.264,berger,BT Target,120,vihtavuori_n150,124,37.8,2759,25.5,vihtavuori,cci_450,8,2.795,,,,,,
6_5_creedmoor,0.264,berger,BT Target,120,vihtavuori_n550,129,42,2933,25.5,vihtavuori,cci_450,8,2.795,,,,,,
6_5_creedmoor,0.264,berger,BT Target,120,vihtavuori_n555,144,45.2,2897,25.5,vihtavuori,cci_450,8,2.795,yes,,,,,
6_5_creedmoor,0.264,berger,BT Target,120,vihtavuori_n160,143,46.5,2910,25.5,vihtavuori,cci_450,8,2.795,yes,,,,,
6_5_creedmoor,0.264,hornady,cx,120,vihtavuori_n540,117,38.6,2782,25.5,vihtavuori,cci_450,8,2.657,,,,,,
6_5_creedmoor,0.264,hornady,cx,120,vihtavuori_n150,124,36,2589,25.5,vihtavuori,cci_450,8,2.657,,,,,,
6_5_creedmoor,0.264,hornady,cx,120,vihtavuori_n550,129,40.9,2818,25.5,vihtavuori,cci_450,8,2.657,,,,,,
6_5_creedmoor,0.264,hornady,cx,120,vihtavuori_n555,144,46.3,2877,25.5,vihtavuori,cci_450,8,2.657,yes,,,,,
6_5_creedmoor,0.264,hornady,cx,120,vihtavuori_n160,143,45.8,2818,25.5,vihtavuori,cci_450,8,2.657,yes,,,,,
6_5_creedmoor,0.264,hornady,cx,120,vihtavuori_n560,147,48.9,2907,25.5,vihtavuori,cci_450,8,2.657,yes,,,,,
6_5_creedmoor,0.264,hornady,eld_match,120,vihtavuori_n140,112,35.6,2707,25.5,vihtavuori,cci_450,8,2.736,,,,,,
6_5_creedmoor,0.264,hornady,eld_match,120,vihtavuori_n540,117,37.8,2828,25.5,vihtavuori,cci_450,8,2.736,,,,,,
6_5_creedmoor,0.264,hornady,eld_match,120,vihtavuori_n150,124,35.5,2707,25.5,vihtavuori,cci_450,8,2.736,,,,,,
6_5_creedmoor,0.264,hornady,eld_match,120,vihtavuori_n550,129,40,2867,25.5,vihtavuori,cci_450,8,2.736,,,,,,
6_5_creedmoor,0.264,hornady,eld_match,120,vihtavuori_n555,144,44.8,2936,25.5,vihtavuori,cci_450,8,2.736,yes,,,,,
6_5_creedmoor,0.264,hornady,eld_match,120,vihtavuori_n160,143,44,2851,25.5,vihtavuori,cci_450,8,2.736,yes,,,,,
6_5_creedmoor,0.264,hornady,eld_match,120,vihtavuori_n560,147,46.6,2923,25.5,vihtavuori,cci_450,8,2.736,yes,,,,,
6_5_creedmoor,0.264,hornady,gmx,120,vihtavuori_n140,112,35.2,2625,25.5,vihtavuori,cci_450,8,2.776,,,,,,
6_5_creedmoor,0.264,hornady,gmx,120,vihtavuori_n540,117,37.7,2802,25.5,vihtavuori,cci_450,8,2.776,,,,,,
6_5_creedmoor,0.264,hornady,gmx,120,vihtavuori_n150,124,35,2625,25.5,vihtavuori,cci_450,8,2.776,,,,,,
6_5_creedmoor,0.264,hornady,gmx,120,vihtavuori_n550,129,40.6,2851,25.5,vihtavuori,cci_450,8,2.776,,,,,,
6_5_creedmoor,0.264,lapua,Scenar-L,120,vihtavuori_n540,117,38.9,2936,25.5,vihtavuori,cci_450,8,2.677,,,,,,
6_5_creedmoor,0.264,lapua,Scenar-L,120,vihtavuori_n150,124,38.1,2854,25.5,vihtavuori,cci_450,8,2.677,,,,,,
6_5_creedmoor,0.264,lapua,Scenar-L,120,vihtavuori_n550,129,42.1,2995,25.5,vihtavuori,cci_450,8,2.677,,,,,,
6_5_creedmoor,0.264,lapua,Scenar-L,120,vihtavuori_n555,144,45.4,2992,25.5,vihtavuori,cci_450,8,2.677,yes,,,,,
6_5_creedmoor,0.264,lapua,trx,120,vihtavuori_n540,117,37.3,2815,25.5,vihtavuori,cci_450,8,2.795,,,,,,
6_5_creedmoor,0.264,lapua,trx,120,vihtavuori_n550,129,40.1,2858,25.5,vihtavuori,cci_450,8,2.795,,,,,,
6_5_creedmoor,0.264,lapua,trx,120,vihtavuori_n555,144,44,2897,25.5,vihtavuori,cci_450,8,2.795,yes,,,,,
6_5_creedmoor,0.264,lapua,trx,120,vihtavuori_n160,143,43.8,2835,25.5,vihtavuori,cci_450,8,2.795,yes,,,,,
6_5_creedmoor,0.264,lapua,trx,120,vihtavuori_n165,153,47.1,2874,25.5,vihtavuori,cci_450,8,2.795,yes,,,,,
6_5_creedmoor,0.264,lapua,trx,120,vihtavuori_n560,147,46,2894,25.5,vihtavuori,cci_450,8,2.795,yes,,,,,
6_5_creedmoor,0.264,lapua,trx,120,vihtavuori_n565,156,46.3,2756,25.5,vihtavuori,cci_450,8,2.795,yes,,,,,
6_5_creedmoor,0.264,nosler,ballistic_tip,120,vihtavuori_n540,117,38.7,2844,25.5,vihtavuori,cci_450,8,2.736,,,,,,
6_5_creedmoor,0.264,nosler,ballistic_tip,120,vihtavuori_n150,124,36.4,2694,25.5,vihtavuori,cci_450,8,2.736,,,,,,
6_5_creedmoor,0.264,nosler,ballistic_tip,120,vihtavuori_n550,129,40.7,2867,25.5,vihtavuori,cci_450,8,2.736,,,,,,
6_5_creedmoor,0.264,nosler,ballistic_tip,120,vihtavuori_n555,144,45.7,2953,25.5,vihtavuori,cci_450,8,2.736,,,,,,
6_5_creedmoor,0.264,nosler,ballistic_tip,120,vihtavuori_n160,143,44.6,2858,25.5,vihtavuori,cci_450,8,2.736,,,,,,
6_5_creedmoor,0.264,sako,Blade 657H,120,vihtavuori_n140,112,37.5,2615,25.5,vihtavuori,cci_450,8,2.795,,,,,,
6_5_creedmoor,0.264,sako,Blade 657H,120,vihtavuori_n540,117,39.8,2812,25.5,vihtavuori,cci_450,8,2.795,,,,,,
6_5_creedmoor,0.264,sako,Blade 657H,120,vihtavuori_n150,124,35.8,2562,25.5,vihtavuori,cci_450,8,2.795,,,,,,
6_5_creedmoor,0.264,sako,Blade 657H,120,vihtavuori_n550,129,42,2848,25.5,vihtavuori,cci_450,8,2.795,,,,,,
6_5_creedmoor,0.264,sako,Blade 657H,120,vihtavuori_n555,144,45.5,2828,25.5,vihtavuori,cci_450,8,2.795,yes,,,,,
6_5_creedmoor,0.264,sierra,hpbt,120,vihtavuori_n140,112,36.7,2759,25.5,vihtavuori,cci_450,8,2.677,,,,,,
6_5_creedmoor,0.264,sierra,hpbt,120,vihtavuori_n540,117,38.4,2871,25.5,vihtavuori,cci_450,8,2.677,,,,,,
6_5_creedmoor,0.264,sierra,hpbt,120,vihtavuori_n150,124,36.7,2756,25.5,vihtavuori,cci_450,8,2.677,,,,,,
6_5_creedmoor,0.264,sierra,hpbt,120,vihtavuori_n550,129,40.7,2904,25.5,vihtavuori,cci_450,8,2.677,,,,,,
6_5_creedmoor,0.264,sierra,hpbt,120,vihtavuori_n555,144,45.4,2976,25.5,vihtavuori,cci_450,8,2.677,yes,,,,,
6_5_creedmoor,0.264,sierra,hpbt,120,vihtavuori_n160,143,44.9,2900,25.5,vihtavuori,cci_450,8,2.677,yes,,,,,
6_5_creedmoor,0.264,sierra,hpbt,120,vihtavuori_n560,147,46.8,2949,25.5,vihtavuori,cci_450,8,2.677,yes,,,,,
6_5_creedmoor,0.264,sierra,hpbt,120,vihtavuori_n565,156,46.3,2726,25.5,vihtavuori,cci_450,8,2.677,yes,,,,,
6_5_creedmoor,0.264,fox,classic_hunter,123,vihtavuori_n140,112,35.3,2592,25.5,vihtavuori,cci_450,8,2.736,,,,,,
6_5_creedmoor,0.264,fox,classic_hunter,123,vihtavuori_n540,117,36.7,2746,25.5,vihtavuori,cci_450,8,2.736,,,,,,
6_5_creedmoor,0.264,fox,classic_hunter,123,vihtavuori_n150,124,34.7,2595,25.5,vihtavuori,cci_450,8,2.736,,,,,,
6_5_creedmoor,0.264,fox,classic_hunter,123,vihtavuori_n550,129,39,2779,25.5,vihtavuori,cci_450,8,2.736,,,,,,
6_5_creedmoor,0.264,fox,classic_hunter,123,vihtavuori_n555,144,43.7,2851,25.5,vihtavuori,cci_450,8,2.736,,,,,,
6_5_creedmoor,0.264,fox,classic_hunter,123,vihtavuori_n160,143,43.1,2772,25.5,vihtavuori,cci_450,8,2.736,,,,,,
6_5_creedmoor,0.264,fox,classic_hunter,123,vihtavuori_n560,147,44.3,2799,25.5,vihtavuori,cci_450,8,2.736,,,,,,
6_5_creedmoor,0.264,fox,target,123,vihtavuori_n140,112,34.9,2641,25.5,vihtavuori,cci_450,8,2.618,,,,,,
6_5_creedmoor,0.264,fox,target,123,vihtavuori_n540,117,36.9,2772,25.5,vihtavuori,cci_450,8,2.618,,,,,,
6_5_creedmoor,0.264,fox,target,123,vihtavuori_n150,124,34.4,2618,25.5,vihtavuori,cci_450,8,2.618,,,,,,
6_5_creedmoor,0.264,fox,target,123,vihtavuori_n550,129,38.9,2799,25.5,vihtavuori,cci_450,8,2.618,,,,,,
6_5_creedmoor,0.264,fox,target,123,vihtavuori_n555,144,44.3,2881,25.5,vihtavuori,cci_450,8,2.618,yes,,,,,
6_5_creedmoor,0.264,fox,target,123,vihtavuori_n160,143,41.8,2776,25.5,vihtavuori,cci_450,8,2.618,,,,,,
6_5_creedmoor,0.264,hornady,eld_match,123,vihtavuori_n140,112,35.8,2710,25.5,vihtavuori,cci_450,8,2.764,,,,,,
6_5_creedmoor,0.264,hornady,eld_match,123,vihtavuori_n540,117,37.8,2825,25.5,vihtavuori,cci_450,8,2.764,,,,,,
6_5_creedmoor,0.264,hornady,eld_match,123,vihtavuori_n150,124,36,2710,25.5,vihtavuori,cci_450,8,2.764,,,,,,
6_5_creedmoor,0.264,hornady,eld_match,123,vihtavuori_n550,129,40.1,2861,25.5,vihtavuori,cci_450,8,2.764,,,,,,
6_5_creedmoor,0.264,hornady,eld_match,123,vihtavuori_n555,144,44.4,2930,25.5,vihtavuori,cci_450,8,2.764,yes,,,,,
6_5_creedmoor,0.264,hornady,eld_match,123,vihtavuori_n160,143,44,2854,25.5,vihtavuori,cci_450,8,2.764,,,,,,
6_5_creedmoor,0.264,hornady,eld_match,123,vihtavuori_n560,147,46,2907,25.5,vihtavuori,cci_450,8,2.764,yes,,,,,
6_5_creedmoor,0.264,hornady,eld_match,123,vihtavuori_n565,156,46.3,2759,25.5,vihtavuori,cci_450,8,2.764,yes,,,,,
6_5_creedmoor,0.264,lapua,scenar,123,vihtavuori_n540,117,40.4,2963,25.5,vihtavuori,cci_450,8,2.677,,,,,,
6_5_creedmoor,0.264,lapua,scenar,123,vihtavuori_n150,124,39.8,2874,25.5,vihtavuori,cci_450,8,2.677,,,,,,
6_5_creedmoor,0.264,lapua,scenar,123,vihtavuori_n550,129,42.9,2989,25.5,vihtavuori,cci_450,8,2.677,,,,,,
6_5_creedmoor,0.264,lapua,scenar,123,vihtavuori_n555,144,45.2,2963,25.5,vihtavuori,cci_450,8,2.677,yes,,,,,
6_5_creedmoor,0.264,sierra,HPBT MatchKing,123,vihtavuori_n140,112,36.9,2769,25.5,vihtavuori,cci_450,8,2.736,,,,,,
6_5_creedmoor,0.264,sierra,HPBT MatchKing,123,vihtavuori_n540,117,38.4,2867,25.5,vihtavuori,cci_450,8,2.736,,,,,,
6_5_creedmoor,0.264,sierra,HPBT MatchKing,123,vihtavuori_n150,124,37.7,2782,25.5,vihtavuori,cci_450,8,2.736,,,,,,
6_5_creedmoor,0.264,sierra,HPBT MatchKing,123,vihtavuori_n550,129,40.9,2907,25.5,vihtavuori,cci_450,8,2.736,,,,,,
6_5_creedmoor,0.264,sierra,HPBT MatchKing,123,vihtavuori_n555,144,45.7,2976,25.5,vihtavuori,cci_450,8,2.736,yes,,,,,
6_5_creedmoor,0.264,sierra,HPBT MatchKing,123,vihtavuori_n160,143,45.7,2920,25.5,vihtavuori,cci_450,8,2.736,yes,,,,,
6_5_creedmoor,0.264,sierra,HPBT MatchKing,123,vihtavuori_n560,147,47.2,2949,25.5,vihtavuori,cci_450,8,2.736,yes,,,,,
6_5_creedmoor,0.264,barnes,lrx_bt,127,vihtavuori_n140,112,35.6,2530,25.5,vihtavuori,cci_450,8,2.748,,,,,,
6_5_creedmoor,0.264,barnes,lrx_bt,127,vihtavuori_n540,117,37.7,2697,25.5,vihtavuori,cci_450,8,2.748,,,,,,
6_5_creedmoor,0.264,barnes,lrx_bt,127,vihtavuori_n150,124,36,2533,25.5,vihtavuori,cci_450,8,2.748,,,,,,
6_5_creedmoor,0.264,barnes,lrx_bt,127,vihtavuori_n550,129,39.8,2743,25.5,vihtavuori,cci_450,8,2.748,,,,,,
6_5_creedmoor,0.264,barnes,lrx_bt,127,vihtavuori_n555,144,45.8,2831,25.5,vihtavuori,cci_450,8,2.748,yes,,,,,
6_5_creedmoor,0.264,barnes,lrx_bt,127,vihtavuori_n160,143,43.8,2723,25.5,vihtavuori,cci_450,8,2.748,,,,,,
6_5_creedmoor,0.264,barnes,lrx_bt,127,vihtavuori_n560,147,46.5,2805,25.5,vihtavuori,cci_450,8,2.748,,,,,,
6_5_creedmoor,0.264,hornady,Interlock SP,129,vihtavuori_n140,112,36,2575,25.5,vihtavuori,cci_450,8,2.697,,,,,,
6_5_creedmoor,0.264,hornady,Interlock SP,129,vihtavuori_n540,117,38.3,2740,25.5,vihtavuori,cci_450,8,2.697,,,,,,
6_5_creedmoor,0.264,hornady,Interlock SP,129,vihtavuori_n150,124,36.3,2569,25.5,vihtavuori,cci_450,8,2.697,,,,,,
6_5_creedmoor,0.264,hornady,Interlock SP,129,vihtavuori_n550,129,40.6,2782,25.5,vihtavuori,cci_450,8,2.697,,,,,,
6_5_creedmoor,0.264,hornady,Interlock SP,129,vihtavuori_n555,144,44.9,2854,25.5,vihtavuori,cci_450,8,2.697,yes,,,,,
6_5_creedmoor,0.264,hornady,Interlock SP,129,vihtavuori_n160,143,44.1,2726,25.5,vihtavuori,cci_450,8,2.697,,,,,,
6_5_creedmoor,0.264,hornady,Interlock SP,129,vihtavuori_n560,147,46.6,2825,25.5,vihtavuori,cci_450,8,2.697,,,,,,
6_5_creedmoor,0.264,hornady,sst,129,vihtavuori_n140,112,32.4,2375,25.5,vihtavuori,cci_450,8,2.670,,,,,,
6_5_creedmoor,0.264,hornady,sst,129,vihtavuori_n540,117,34,2500,25.5,vihtavuori,cci_450,8,2.670,,,,,,
6_5_creedmoor,0.264,hornady,sst,129,vihtavuori_n150,124,31.6,2375,25.5,vihtavuori,cci_450,8,2.670,,,,,,
6_5_creedmoor,0.264,hornady,sst,129,vihtavuori_n550,129,36.3,2520,25.5,vihtavuori,cci_450,8,2.670,,,,,,
6_5_creedmoor,0.264,hornady,sst,129,vihtavuori_n555,144,40.1,2569,25.5,vihtavuori,cci_450,8,2.670,,,,,,
6_5_creedmoor,0.264,hornady,sst,129,vihtavuori_n160,143,39.4,2500,25.5,vihtavuori,cci_450,8,2.670,,,,,,
6_5_creedmoor,0.264,hornady,sst,129,vihtavuori_n560,147,42.4,2572,25.5,vihtavuori,cci_450,8,2.670,,,,,,
6_5_creedmoor,0.264,barnes,tsx,130,vihtavuori_n540,117,29.9,2228,25.5,vihtavuori,cci_450,8,2.717,,,,,,
6_5_creedmoor,0.264,barnes,tsx,130,vihtavuori_n150,124,26.2,2021,25.5,vihtavuori,cci_450,8,2.717,,,,,,
6_5_creedmoor,0.264,barnes,tsx,130,vihtavuori_n550,129,31.3,2280,25.5,vihtavuori,cci_450,8,2.717,,,,,,
6_5_creedmoor,0.264,berger,AR Hybrid OTM Tactical,130,vihtavuori_n150,124,32.4,2441,25.5,vihtavuori,cci_450,8,2.677,,,,,,
6_5_creedmoor,0.264,berger,AR Hybrid OTM Tactical,130,vihtavuori_n550,129,37.5,2556,25.5,vihtavuori,cci_450,8,2.677,,,,,,
6_5_creedmoor,0.264,berger,AR Hybrid OTM Tactical,130,vihtavuori_n555,144,40.1,2605,25.5,vihtavuori,cci_450,8,2.677,,,,,,
6_5_creedmoor,0.264,berger,AR Hybrid OTM Tactical,130,vihtavuori_n160,143,40.3,2572,25.5,vihtavuori,cci_450,8,2.677,,,,,,
6_5_creedmoor,0.264,berger,AR Hybrid OTM Tactical,130,vihtavuori_n560,147,43.1,2585,25.5,vihtavuori,cci_450,8,2.677,,,,,,
6_5_creedmoor,0.264,berger,VLD Target,130,vihtavuori_n540,117,34.1,2510,25.5,vihtavuori,cci_450,8,2.795,,,,,,
6_5_creedmoor,0.264,berger,VLD Target,130,vihtavuori_n150,124,32.4,2421,25.5,vihtavuori,cci_450,8,2.795,,,,,,
6_5_creedmoor,0.264,berger,VLD Target,130,vihtavuori_n550,129,36.6,2556,25.5,vihtavuori,cci_450,8,2.795,,,,,,
6_5_creedmoor,0.264,berger,VLD Target,130,vihtavuori_n555,144,40.9,2644,25.5,vihtavuori,cci_450,8,2.795,,,,,,
6_5_creedmoor,0.264,berger,VLD Target,130,vihtavuori_n160,143,40.3,2572,25.5,vihtavuori,cci_450,8,2.795,,,,,,
6_5_creedmoor,0.264,berger,VLD Target,130,vihtavuori_n560,147,42.9,2592,25.5,vihtavuori,cci_450,8,2.795,,,,,,
6_5_creedmoor,0.264,berger,VLD Target,130,vihtavuori_n565,156,44.4,2608,25.5,vihtavuori,cci_450,8,2.795,,,,,,
6_5_creedmoor,0.264,hornady,cx,130,vihtavuori_n140,112,28.5,2169,25.5,vihtavuori,cci_450,8,2.799,,,,,,
6_5_creedmoor,0.264,hornady,cx,130,vihtavuori_n540,117,31.6,2392,25.5,vihtavuori,cci_450,8,2.799,,,,,,
6_5_creedmoor,0.264,hornady,cx,130,vihtavuori_n150,124,30.1,2264,25.5,vihtavuori,cci_450,8,2.799,,,,,,
6_5_creedmoor,0.264,hornady,cx,130,vihtavuori_n550,129,34.7,2428,25.5,vihtavuori,cci_450,8,2.799,,,,,,
6_5_creedmoor,0.264,hornady,cx,130,vihtavuori_n555,144,37.8,2500,25.5,vihtavuori,cci_450,8,2.799,,,,,,
6_5_creedmoor,0.264,hornady,cx,130,vihtavuori_n160,143,37,2405,25.5,vihtavuori,cci_450,8,2.799,,,,,,
6_5_creedmoor,0.264,hornady,cx,130,vihtavuori_n560,147,40.6,2487,25.5,vihtavuori,cci_450,8,2.799,,,,,,
6_5_creedmoor,0.264,hornady,eld_match,130,vihtavuori_n140,112,31.6,2431,25.5,vihtavuori,cci_450,8,2.799,,,,,,
6_5_creedmoor,0.264,hornady,eld_match,130,vihtavuori_n540,117,33.2,2484,25.5,vihtavuori,cci_450,8,2.799,,,,,,
6_5_creedmoor,0.264,hornady,eld_match,130,vihtavuori_n150,124,31.6,2421,25.5,vihtavuori,cci_450,8,2.799,,,,,,
6_5_creedmoor,0.264,hornady,eld_match,130,vihtavuori_n550,129,36.3,2552,25.5,vihtavuori,cci_450,8,2.799,,,,,,
6_5_creedmoor,0.264,hornady,eld_match,130,vihtavuori_n555,144,39.4,2572,25.5,vihtavuori,cci_450,8,2.799,,,,,,
6_5_creedmoor,0.264,hornady,eld_match,130,vihtavuori_n160,143,38.6,2513,25.5,vihtavuori,cci_450,8,2.799,,,,,,
6_5_creedmoor,0.264,hornady,eld_match,130,vihtavuori_n560,147,41.7,2572,25.5,vihtavuori,cci_450,8,2.799,,,,,,
6_5_creedmoor,0.264,hornady,eld_match,130,vihtavuori_n565,156,43.5,2562,25.5,vihtavuori,cci_450,8,2.799,,,,,,
6_5_creedmoor,0.264,sierra,hpbt,130,vihtavuori_n140,112,30.9,2415,25.5,vihtavuori,cci_450,8,2.669,,,,,,
6_5_creedmoor,0.264,sierra,hpbt,130,vihtavuori_n540,117,31.6,2474,25.5,vihtavuori,cci_450,8,2.669,,,,,,
6_5_creedmoor,0.264,sierra,hpbt,130,vihtavuori_n150,124,30.1,2379,25.5,vihtavuori,cci_450,8,2.669,,,,,,
6_5_creedmoor,0.264,sierra,hpbt,130,vihtavuori_n550,129,34.7,2536,25.5,vihtavuori,cci_450,8,2.669,,,,,,
6_5_creedmoor,0.264,sierra,hpbt,130,vihtavuori_n555,144,37.8,2582,25.5,vihtavuori,cci_450,8,2.669,,,,,,
6_5_creedmoor,0.264,sierra,hpbt,130,vihtavuori_n160,143,37,2516,25.5,vihtavuori,cci_450,8,2.669,,,,,,
6_5_creedmoor,0.264,sierra,hpbt,130,vihtavuori_n560,147,40.1,2552,25.5,vihtavuori,cci_450,8,2.669,,,,,,
6_5_creedmoor,0.264,sierra,TGK,130,vihtavuori_n140,112,29.6,2310,25.5,vihtavuori,cci_450,8,2.807,,,,,,
6_5_creedmoor,0.264,sierra,TGK,130,vihtavuori_n540,117,31.6,2418,25.5,vihtavuori,cci_450,8,2.807,,,,,,
6_5_creedmoor,0.264,sierra,TGK,130,vihtavuori_n150,124,30.1,2362,25.5,vihtavuori,cci_450,8,2.807,,,,,,
6_5_creedmoor,0.264,sierra,TGK,130,vihtavuori_n550,129,34.4,2470,25.5,vihtavuori,cci_450,8,2.807,,,,,,
6_5_creedmoor,0.264,sierra,TGK,130,vihtavuori_n555,144,37.8,2556,25.5,vihtavuori,cci_450,8,2.807,,,,,,
6_5_creedmoor,0.264,sierra,TGK,130,vihtavuori_n160,143,31.6,2398,25.5,vihtavuori,cci_450,8,2.807,,,,,,
6_5_creedmoor,0.264,sierra,TGK,130,vihtavuori_n560,147,40.1,2533,25.5,vihtavuori,cci_450,8,2.807,,,,,,
6_5_creedmoor,0.264,sierra,tmk,130,vihtavuori_n140,112,31.6,2411,25.5,vihtavuori,cci_450,8,2.807,,,,,,
6_5_creedmoor,0.264,sierra,tmk,130,vihtavuori_n540,117,33.2,2480,25.5,vihtavuori,cci_450,8,2.807,,,,,,
6_5_creedmoor,0.264,sierra,tmk,130,vihtavuori_n150,124,31.6,2402,25.5,vihtavuori,cci_450,8,2.807,,,,,,
6_5_creedmoor,0.264,sierra,tmk,130,vihtavuori_n550,129,36.3,2546,25.5,vihtavuori,cci_450,8,2.807,,,,,,
6_5_creedmoor,0.264,sierra,tmk,130,vihtavuori_n555,144,40.1,2618,25.5,vihtavuori,cci_450,8,2.807,,,,,,
6_5_creedmoor,0.264,sierra,tmk,130,vihtavuori_n160,143,38.6,2507,25.5,vihtavuori,cci_450,8,2.807,,,,,,
6_5_creedmoor,0.264,sierra,tmk,130,vihtavuori_n560,147,41.7,2575,25.5,vihtavuori,cci_450,8,2.807,,,,,,
6_5_creedmoor,0.264,swift,scirocco_ii,130,vihtavuori_n150,124,31.3,2388,25.5,vihtavuori,cci_450,8,2.650,,,,,,
6_5_creedmoor,0.264,swift,scirocco_ii,130,vihtavuori_n550,129,35.8,2470,25.5,vihtavuori,cci_450,8,2.650,,,,,,
6_5_creedmoor,0.264,swift,scirocco_ii,130,vihtavuori_n555,144,39.4,2566,25.5,vihtavuori,cci_450,8,2.650,,,,,,
6_5_creedmoor,0.264,swift,scirocco_ii,130,vihtavuori_n160,143,38.6,2592,25.5,vihtavuori,cci_450,8,2.650,,,,,,
6_5_creedmoor,0.264,swift,scirocco_ii,130,vihtavuori_n165,153,44,2608,25.5,vihtavuori,cci_450,8,2.650,,,,,,
6_5_creedmoor,0.264,swift,scirocco_ii,130,vihtavuori_n560,147,41.2,2510,25.5,vihtavuori,cci_450,8,2.650,,,,,,
6_5_creedmoor,0.264,hornady,A-TIP,135,vihtavuori_n150,124,31.6,2356,25.5,vihtavuori,cci_450,8,2.795,,,,,,
6_5_creedmoor,0.264,hornady,A-TIP,135,vihtavuori_n555,144,39.5,2579,25.5,vihtavuori,cci_450,8,2.795,,,,,,
6_5_creedmoor,0.264,hornady,A-TIP,135,vihtavuori_n160,143,38.6,2493,25.5,vihtavuori,cci_450,8,2.795,,,,,,
6_5_creedmoor,0.264,hornady,A-TIP,135,vihtavuori_n165,153,43.2,2592,25.5,vihtavuori,cci_450,8,2.795,,,,,,
6_5_creedmoor,0.264,hornady,A-TIP,135,vihtavuori_n560,147,41.7,2549,25.5,vihtavuori,cci_450,8,2.795,,,,,,
6_5_creedmoor,0.264,hornady,A-TIP,135,vihtavuori_n565,156,43.2,2536,25.5,vihtavuori,cci_450,8,2.795,,,,,,
6_5_creedmoor,0.264,lapua,Scenar-L,136,vihtavuori_n540,117,32.4,2425,25.5,vihtavuori,cci_450,8,2.677,,,,,,
6_5_creedmoor,0.264,lapua,Scenar-L,136,vihtavuori_n150,124,32.1,2375,25.5,vihtavuori,cci_450,8,2.677,,,,,,
6_5_creedmoor,0.264,lapua,Scenar-L,136,vihtavuori_n550,129,35.8,2480,25.5,vihtavuori,cci_450,8,2.677,,,,,,
6_5_creedmoor,0.264,lapua,Scenar-L,136,vihtavuori_n555,144,40.1,2595,25.5,vihtavuori,cci_450,8,2.677,,,,,,
6_5_creedmoor,0.264,lapua,Scenar-L,136,vihtavuori_n160,143,40,2526,25.5,vihtavuori,cci_450,8,2.677,,,,,,
6_5_creedmoor,0.264,brenneke,tog,139,vihtavuori_n140,112,29.8,2198,25.5,vihtavuori,cci_450,8,2.622,,,,,,
6_5_creedmoor,0.264,brenneke,tog,139,vihtavuori_n540,117,31.9,2310,25.5,vihtavuori,cci_450,8,2.622,,,,,,
6_5_creedmoor,0.264,brenneke,tog,139,vihtavuori_n150,124,28.5,2175,25.5,vihtavuori,cci_450,8,2.622,,,,,,
6_5_creedmoor,0.264,brenneke,tog,139,vihtavuori_n550,129,33.2,2333,25.5,vihtavuori,cci_450,8,2.622,,,,,,
6_5_creedmoor,0.264,brenneke,tog,139,vihtavuori_n555,144,36.3,2411,25.5,vihtavuori,cci_450,8,2.622,,,,,,
6_5_creedmoor,0.264,brenneke,tog,139,vihtavuori_n160,143,35.5,2316,25.5,vihtavuori,cci_450,8,2.622,,,,,,
6_5_creedmoor,0.264,brenneke,tog,139,vihtavuori_n560,147,38.6,2369,25.5,vihtavuori,cci_450,8,2.622,,,,,,
6_5_creedmoor,0.264,brenneke,tog,139,vihtavuori_n565,156,41.2,2402,25.5,vihtavuori,cci_450,8,2.622,,,,,,
6_5_creedmoor,0.264,fox,classic_hunter,139,vihtavuori_n140,112,27.8,2011,25.5,vihtavuori,cci_450,8,2.736,,,,,,
6_5_creedmoor,0.264,fox,classic_hunter,139,vihtavuori_n540,117,30.9,2221,25.5,vihtavuori,cci_450,8,2.736,,,,,,
6_5_creedmoor,0.264,fox,classic_hunter,139,vihtavuori_n150,124,28.1,2051,25.5,vihtavuori,cci_450,8,2.736,,,,,,
6_5_creedmoor,0.264,fox,classic_hunter,139,vihtavuori_n550,129,32.1,2254,25.5,vihtavuori,cci_450,8,2.736,,,,,,
6_5_creedmoor,0.264,fox,classic_hunter,139,vihtavuori_n555,144,36,2365,25.5,vihtavuori,cci_450,8,2.736,,,,,,
6_5_creedmoor,0.264,fox,classic_hunter,139,vihtavuori_n160,143,35.3,2241,25.5,vihtavuori,cci_450,8,2.736,,,,,,
6_5_creedmoor,0.264,fox,classic_hunter,139,vihtavuori_n560,147,36.7,2290,25.5,vihtavuori,cci_450,8,2.736,,,,,,
6_5_creedmoor,0.264,lapua,scenar,139,vihtavuori_n540,117,30.9,2339,25.5,vihtavuori,cci_450,8,2.717,,,,,,
6_5_creedmoor,0.264,lapua,scenar,139,vihtavuori_n150,124,29.3,2264,25.5,vihtavuori,cci_450,8,2.717,,,,,,
6_5_creedmoor,0.264,lapua,scenar,139,vihtavuori_n550,129,34,2411,25.5,vihtavuori,cci_450,8,2.717,,,,,,
6_5_creedmoor,0.264,lapua,scenar,139,vihtavuori_n555,144,37.8,2500,25.5,vihtavuori,cci_450,8,2.717,,,,,,
6_5_creedmoor,0.264,lapua,scenar,139,vihtavuori_n160,143,33,2297,25.5,vihtavuori,cci_450,8,2.717,,,,,,
6_5_creedmoor,0.264,lapua,scenar,139,vihtavuori_n560,147,40.4,2474,25.5,vihtavuori,cci_450,8,2.717,,,,,,
6_5_creedmoor,0.264,berger,hybrid_target,140,vihtavuori_n150,124,31.3,2329,25.5,vihtavuori,cci_450,8,2.717,,,,,,
6_5_creedmoor,0.264,berger,hybrid_target,140,vihtavuori_n550,129,35.3,2444,25.5,vihtavuori,cci_450,8,2.717,,,,,,
6_5_creedmoor,0.264,berger,hybrid_target,140,vihtavuori_n555,144,40.1,2556,25.5,vihtavuori,cci_450,8,2.717,,,,,,
6_5_creedmoor,0.264,berger,hybrid_target,140,vihtavuori_n160,143,37.2,2441,25.5,vihtavuori,cci_450,8,2.717,,,,,,
6_5_creedmoor,0.264,berger,hybrid_target,140,vihtavuori_n560,147,41.1,2487,25.5,vihtavuori,cci_450,8,2.717,,,,,,
6_5_creedmoor,0.264,berger,hybrid_target,140,vihtavuori_n565,156,42.7,2516,25.5,vihtavuori,cci_450,8,2.717,,,,,,
6_5_creedmoor,0.264,hornady,eld_match,140,vihtavuori_n140,112,31.3,2274,25.5,vihtavuori,cci_450,8,2.799,,,,,,
6_5_creedmoor,0.264,hornady,eld_match,140,vihtavuori_n540,117,31.8,2359,25.5,vihtavuori,cci_450,8,2.799,,,,,,
6_5_creedmoor,0.264,hornady,eld_match,140,vihtavuori_n150,124,29.9,2238,25.5,vihtavuori,cci_450,8,2.799,,,,,,
6_5_creedmoor,0.264,hornady,eld_match,140,vihtavuori_n550,129,34.7,2421,25.5,vihtavuori,cci_450,8,2.799,,,,,,
6_5_creedmoor,0.264,hornady,eld_match,140,vihtavuori_n555,144,37.8,2461,25.5,vihtavuori,cci_450,8,2.799,,,,,,
6_5_creedmoor,0.264,hornady,eld_match,140,vihtavuori_n160,143,35,2336,25.5,vihtavuori,cci_450,8,2.799,,,,,,
6_5_creedmoor,0.264,hornady,eld_match,140,vihtavuori_n560,147,40.1,2467,25.5,vihtavuori,cci_450,8,2.799,,,,,,
6_5_creedmoor,0.264,hornady,eld_match,140,vihtavuori_n565,156,41.7,2434,25.5,vihtavuori,cci_450,8,2.799,,,,,,
6_5_creedmoor,0.264,hornady,InterLock SP,140,vihtavuori_n140,112,30.9,2287,25.5,vihtavuori,cci_450,8,2.677,,,,,,
6_5_creedmoor,0.264,hornady,InterLock SP,140,vihtavuori_n540,117,30.9,2323,25.5,vihtavuori,cci_450,8,2.677,,,,,,
6_5_creedmoor,0.264,hornady,InterLock SP,140,vihtavuori_n150,124,29.3,2234,25.5,vihtavuori,cci_450,8,2.677,,,,,,
6_5_creedmoor,0.264,hornady,InterLock SP,140,vihtavuori_n550,129,34,2375,25.5,vihtavuori,cci_450,8,2.677,,,,,,
6_5_creedmoor,0.264,hornady,InterLock SP,140,vihtavuori_n555,144,37,2438,25.5,vihtavuori,cci_450,8,2.677,,,,,,
6_5_creedmoor,0.264,hornady,InterLock SP,140,vihtavuori_n160,143,35.5,2333,25.5,vihtavuori,cci_450,8,2.677,,,,,,
6_5_creedmoor,0.264,hornady,InterLock SP,140,vihtavuori_n560,147,39.4,2438,25.5,vihtavuori,cci_450,8,2.677,,,,,,
6_5_creedmoor,0.264,lapua,Naturalis N563,140,vihtavuori_n540,117,29,2201,25.5,vihtavuori,cci_450,8,2.724,,,,,,
6_5_creedmoor,0.264,lapua,Naturalis N563,140,vihtavuori_n150,124,25.8,1985,25.5,vihtavuori,cci_450,8,2.724,,,,,,
6_5_creedmoor,0.264,lapua,Naturalis N563,140,vihtavuori_n550,129,30.6,2224,25.5,vihtavuori,cci_450,8,2.724,,,,,,
6_5_creedmoor,0.264,nosler,accubond,140,vihtavuori_n540,117,30.2,2247,25.5,vihtavuori,cci_450,8,2.795,,,,,,
6_5_creedmoor,0.264,nosler,accubond,140,vihtavuori_n150,124,28.9,2178,25.5,vihtavuori,cci_450,8,2.795,,,,,,
6_5_creedmoor,0.264,nosler,accubond,140,vihtavuori_n550,129,32.1,2287,25.5,vihtavuori,cci_450,8,2.795,,,,,,
6_5_creedmoor,0.264,nosler,ballistic_tip,140,vihtavuori_n540,117,32.3,2316,25.5,vihtavuori,cci_450,8,2.709,,,,,,
6_5_creedmoor,0.264,nosler,ballistic_tip,140,vihtavuori_n150,124,29.9,2165,25.5,vihtavuori,cci_450,8,2.709,,,,,,
6_5_creedmoor,0.264,nosler,ballistic_tip,140,vihtavuori_n550,129,34.4,2352,25.5,vihtavuori,cci_450,8,2.709,,,,,,
6_5_creedmoor,0.264,nosler,ballistic_tip,140,vihtavuori_n555,144,37.3,2415,25.5,vihtavuori,cci_450,8,2.709,,,,,,
6_5_creedmoor,0.264,nosler,ballistic_tip,140,vihtavuori_n160,143,36.6,2300,25.5,vihtavuori,cci_450,8,2.709,,,,,,
6_5_creedmoor,0.264,nosler,ballistic_tip,140,vihtavuori_n560,147,39.7,2431,25.5,vihtavuori,cci_450,8,2.709,,,,,,
6_5_creedmoor,0.264,sierra,hpbt,140,vihtavuori_n140,112,29.8,2277,25.5,vihtavuori,cci_450,8,2.776,,,,,,
6_5_creedmoor,0.264,sierra,hpbt,140,vihtavuori_n540,117,30.1,2326,25.5,vihtavuori,cci_450,8,2.776,,,,,,
6_5_creedmoor,0.264,sierra,hpbt,140,vihtavuori_n150,124,28.9,2244,25.5,vihtavuori,cci_450,8,2.776,,,,,,
6_5_creedmoor,0.264,sierra,hpbt,140,vihtavuori_n550,129,33.2,2398,25.5,vihtavuori,cci_450,8,2.776,,,,,,
6_5_creedmoor,0.264,sierra,hpbt,140,vihtavuori_n555,144,35.5,2434,25.5,vihtavuori,cci_450,8,2.776,,,,,,
6_5_creedmoor,0.264,sierra,hpbt,140,vihtavuori_n160,143,34,2333,25.5,vihtavuori,cci_450,8,2.776,,,,,,
6_5_creedmoor,0.264,sierra,hpbt,140,vihtavuori_n560,147,38.6,2454,25.5,vihtavuori,cci_450,8,2.776,,,,,,
6_5_creedmoor,0.264,sierra,hpbt,142,vihtavuori_n150,124,30.4,2244,25.5,vihtavuori,cci_450,8,2.697,,,,,,
6_5_creedmoor,0.264,sierra,hpbt,142,vihtavuori_n550,129,35.5,2418,25.5,vihtavuori,cci_450,8,2.697,,,,,,
6_5_creedmoor,0.264,sierra,hpbt,142,vihtavuori_n555,144,38.6,2454,25.5,vihtavuori,cci_450,8,2.697,,,,,,
6_5_creedmoor,0.264,sierra,hpbt,142,vihtavuori_n160,143,36.7,2356,25.5,vihtavuori,cci_450,8,2.697,,,,,,
6_5_creedmoor,0.264,sierra,hpbt,142,vihtavuori_n560,147,40.6,2467,25.5,vihtavuori,cci_450,8,2.697,,,,,,
6_5_creedmoor,0.264,sierra,hpbt,142,vihtavuori_n565,156,42.4,2464,25.5,vihtavuori,cci_450,8,2.697,,,,,,
6_5_creedmoor,0.264,hornady,ELD-X,143,vihtavuori_n150,124,30.6,2280,25.5,vihtavuori,cci_450,8,2.709,,,,,,
6_5_creedmoor,0.264,hornady,ELD-X,143,vihtavuori_n550,129,34.6,2431,25.5,vihtavuori,cci_450,8,2.709,,,,,,
6_5_creedmoor,0.264,hornady,ELD-X,143,vihtavuori_n555,144,37.8,2434,25.5,vihtavuori,cci_450,8,2.709,,,,,,
6_5_creedmoor,0.264,hornady,ELD-X,143,vihtavuori_n160,143,36.4,2392,25.5,vihtavuori,cci_450,8,2.709,,,,,,
6_5_creedmoor,0.264,hornady,ELD-X,143,vihtavuori_n560,147,40.6,2457,25.5,vihtavuori,cci_450,8,2.709,,,,,,
6_5_creedmoor,0.264,hornady,ELD-X,143,vihtavuori_n565,156,42.3,2493,25.5,vihtavuori,cci_450,8,2.709,,,,,,
6_5_creedmoor,0.264,berger,Long Range Hybrid Target,144,vihtavuori_n150,124,30.9,2234,25.5,vihtavuori,cci_450,8,2.795,,,,,,
6_5_creedmoor,0.264,berger,Long Range Hybrid Target,144,vihtavuori_n550,129,35.5,2425,25.5,vihtavuori,cci_450,8,2.795,,,,,,
6_5_creedmoor,0.264,berger,Long Range Hybrid Target,144,vihtavuori_n555,144,39.7,2552,25.5,vihtavuori,cci_450,8,2.795,,,,,,
6_5_creedmoor,0.264,berger,Long Range Hybrid Target,144,vihtavuori_n160,143,38.6,2369,25.5,vihtavuori,cci_450,8,2.795,,,,,,
6_5_creedmoor,0.264,berger,Long Range Hybrid Target,144,vihtavuori_n560,147,41.7,2516,25.5,vihtavuori,cci_450,8,2.795,,,,,,
6_5_creedmoor,0.264,berger,Long Range Hybrid Target,144,vihtavuori_n565,156,43.2,2543,25.5,vihtavuori,cci_450,8,2.795,,,,,,
6_5_creedmoor,0.264,lapua,FMJBT,144,vihtavuori_n540,117,28.5,2211,25.5,vihtavuori,cci_450,8,2.717,,,,,,
6_5_creedmoor,0.264,lapua,FMJBT,144,vihtavuori_n150,124,27.6,2172,25.5,vihtavuori,cci_450,8,2.717,,,,,,
6_5_creedmoor,0.264,lapua,FMJBT,144,vihtavuori_n550,129,31.3,2280,25.5,vihtavuori,cci_450,8,2.717,,,,,,
6_5_creedmoor,0.264,lapua,FMJBT,144,vihtavuori_n555,144,37,2402,25.5,vihtavuori,cci_450,8,2.717,,,,,,
6_5_creedmoor,0.264,lapua,FMJBT,144,vihtavuori_n160,143,33.5,2241,25.5,vihtavuori,cci_450,8,2.717,,,,,,
6_5_creedmoor,0.264,lapua,FMJBT,144,vihtavuori_n560,147,39.7,2418,25.5,vihtavuori,cci_450,8,2.717,,,,,,
6_5_creedmoor,0.264,lapua,FMJBT,144,vihtavuori_n565,156,41.5,2457,25.5,vihtavuori,cci_450,8,2.717,,,,,,
6_5_creedmoor,0.264,lapua,MaxRange Target GB582,144,vihtavuori_n540,117,29.3,2238,25.5,vihtavuori,cci_450,8,2.815,,,,,,
6_5_creedmoor,0.264,lapua,MaxRange Target GB582,144,vihtavuori_n150,124,27.8,2126,25.5,vihtavuori,cci_450,8,2.815,,,,,,
6_5_creedmoor,0.264,lapua,MaxRange Target GB582,144,vihtavuori_n550,129,32.7,2313,25.5,vihtavuori,cci_450,8,2.815,,,,,,
6_5_creedmoor,0.264,lapua,MaxRange Target GB582,144,vihtavuori_n555,144,34.7,2346,25.5,vihtavuori,cci_450,8,2.815,,,,,,
6_5_creedmoor,0.264,lapua,MaxRange Target GB582,144,vihtavuori_n160,143,31.6,2218,25.5,vihtavuori,cci_450,8,2.815,,,,,,
6_5_creedmoor,0.264,lapua,MaxRange Target GB582,144,vihtavuori_n165,153,35.5,2310,25.5,vihtavuori,cci_450,8,2.815,,,,,,
6_5_creedmoor,0.264,lapua,MaxRange Target GB582,144,vihtavuori_n560,147,37,2339,25.5,vihtavuori,cci_450,8,2.815,,,,,,
6_5_creedmoor,0.264,lapua,MaxRange Target GB582,144,vihtavuori_n565,156,39.4,2365,25.5,vihtavuori,cci_450,8,2.815,,,,,,
6_5_creedmoor,0.264,hornady,eld_match,147,vihtavuori_n550,129,33.2,2300,25.5,vihtavuori,cci_450,8,2.787,,,,,,
6_5_creedmoor,0.264,hornady,eld_match,147,vihtavuori_n555,144,38.6,2434,25.5,vihtavuori,cci_450,8,2.787,,,,,,
6_5_creedmoor,0.264,hornady,eld_match,147,vihtavuori_n160,143,37.2,2346,25.5,vihtavuori,cci_450,8,2.787,,,,,,
6_5_creedmoor,0.264,hornady,eld_match,147,vihtavuori_n165,153,42.3,2467,25.5,vihtavuori,cci_450,8,2.787,,,,,,
6_5_creedmoor,0.264,hornady,eld_match,147,vihtavuori_n560,147,39.4,2388,25.5,vihtavuori,cci_450,8,2.787,,,,,,
6_5_creedmoor,0.264,hornady,eld_match,147,vihtavuori_n565,156,41.7,2405,25.5,vihtavuori,cci_450,8,2.787,,,,,,
6_5_creedmoor,0.264,hornady,A-TIP,153,vihtavuori_n160,143,34.7,2247,25.5,vihtavuori,cci_450,8,2.783,,,,,,
6_5_creedmoor,0.264,hornady,A-TIP,153,vihtavuori_n165,153,37,2244,25.5,vihtavuori,cci_450,8,2.783,,,,,,
6_5_creedmoor,0.264,hornady,A-TIP,153,vihtavuori_n560,147,37.8,2310,25.5,vihtavuori,cci_450,8,2.783,,,,,,
6_5_creedmoor,0.264,hornady,A-TIP,153,vihtavuori_n565,156,40.9,2382,25.5,vihtavuori,cci_450,8,2.783,,,,,,
6_5_creedmoor,0.264,berger,Long Range Hybrid Target,153.5,vihtavuori_n540,117,32.1,2300,25.5,vihtavuori,cci_450,8,2.795,,,,,,
6_5_creedmoor,0.264,berger,Long Range Hybrid Target,153.5,vihtavuori_n150,124,30.4,2201,25.5,vihtavuori,cci_450,8,2.795,,,,,,
6_5_creedmoor,0.264,berger,Long Range Hybrid Target,153.5,vihtavuori_n550,129,34.9,2326,25.5,vihtavuori,cci_450,8,2.795,,,,,,
6_5_creedmoor,0.264,berger,Long Range Hybrid Target,153.5,vihtavuori_n555,144,37.8,2392,25.5,vihtavuori,cci_450,8,2.795,,,,,,
6_5_creedmoor,0.264,berger,Long Range Hybrid Target,153.5,vihtavuori_n160,143,37.3,2343,25.5,vihtavuori,cci_450,8,2.795,,,,,,
6_5_creedmoor,0.264,berger,Long Range Hybrid Target,153.5,vihtavuori_n165,153,42,2448,25.5,vihtavuori,cci_450,8,2.795,,,,,,
6_5_creedmoor,0.264,berger,Long Range Hybrid Target,153.5,vihtavuori_n560,147,40.1,2372,25.5,vihtavuori,cci_450,8,2.795,,,,,,
6_5_creedmoor,0.264,berger,Long Range Hybrid Target,153.5,vihtavuori_n565,156,41.7,2418,25.5,vihtavuori,cci_450,8,2.795,,,,,,
6_5_creedmoor,0.264,berger,elite_hunter,156,vihtavuori_n550,129,34.7,2270,25.5,vihtavuori,cci_450,8,2.795,,,,,,
6_5_creedmoor,0.264,berger,elite_hunter,156,vihtavuori_n555,144,40.1,2425,25.5,vihtavuori,cci_450,8,2.795,,,,,,
6_5_creedmoor,0.264,berger,elite_hunter,156,vihtavuori_n160,143,38.6,2316,25.5,vihtavuori,cci_450,8,2.795,,,,,,
6_5_creedmoor,0.264,berger,elite_hunter,156,vihtavuori_n165,153,42.4,2336,25.5,vihtavuori,cci_450,8,2.795,,,,,,
6_5_creedmoor,0.264,berger,elite_hunter,156,vihtavuori_n560,147,41.2,2365,25.5,vihtavuori,cci_450,8,2.795,,,,,,
6_5_creedmoor,0.264,berger,elite_hunter,156,vihtavuori_n565,156,43.2,2395,25.5,vihtavuori,cci_450,8,2.795,,,,,,
6_5_creedmoor,0.264,lapua,mega,156,vihtavuori_n540,117,28.2,2083,25.5,vihtavuori,cci_450,8,2.697,,,,,,
6_5_creedmoor,0.264,lapua,mega,156,vihtavuori_n150,124,26.4,1978,25.5,vihtavuori,cci_450,8,2.697,,,,,,
6_5_creedmoor,0.264,lapua,mega,156,vihtavuori_n550,129,30.7,2152,25.5,vihtavuori,cci_450,8,2.697,,,,,,
6_5_creedmoor,0.264,lapua,mega,156,vihtavuori_n160,143,29.8,2051,25.5,vihtavuori,cci_450,8,2.697,,,,,,
6_5_creedmoor,0.264,norma,oryx,156,vihtavuori_n550,129,30.1,2136,25.5,vihtavuori,cci_450,8,2.736,,,,,,
6_5_creedmoor,0.264,norma,oryx,156,vihtavuori_n555,144,33.2,2201,25.5,vihtavuori,cci_450,8,2.736,,,,,,
6_5_creedmoor,0.264,norma,oryx,156,vihtavuori_n160,143,31.6,2119,25.5,vihtavuori,cci_450,8,2.736,,,,,,
6_5_creedmoor,0.264,norma,oryx,156,vihtavuori_n560,147,35.5,2238,25.5,vihtavuori,cci_450,8,2.736,,,,,,
6_5_creedmoor,0.264,norma,oryx,156,vihtavuori_n565,156,37.8,2247,25.5,vihtavuori,cci_450,8,2.736,,,,,,
6_5_creedmoor,0.264,norma,Vulkan,156,vihtavuori_n140,112,28.1,2064,25.5,vihtavuori,cci_450,8,2.717,,,,,,
6_5_creedmoor,0.264,norma,Vulkan,156,vihtavuori_n540,117,28.1,2073,25.5,vihtavuori,cci_450,8,2.717,,,,,,
6_5_creedmoor,0.264,norma,Vulkan,156,vihtavuori_n150,124,27.2,2028,25.5,vihtavuori,cci_450,8,2.717,,,,,,
6_5_creedmoor,0.264,norma,Vulkan,156,vihtavuori_n550,129,30.6,2152,25.5,vihtavuori,cci_450,8,2.717,,,,,,
6_5_creedmoor,0.264,norma,Vulkan,156,vihtavuori_n160,143,34.4,2218,25.5,vihtavuori,cci_450,8,2.717,,,,,,
6_5_creedmoor,0.264,norma,Vulkan,156,vihtavuori_n560,147,37,2260,25.5,vihtavuori,cci_450,8,2.717,,,,,,
6_5_creedmoor,0.264,norma,Vulkan,156,vihtavuori_n565,156,38.9,2306,25.5,vihtavuori,cci_450,8,2.717,,,,,,
6_5_creedmoor,0.264,hornady,Interlock,160,vihtavuori_n140,112,30.1,2051,25.5,vihtavuori,cci_450,8,2.740,,,,,,
6_5_creedmoor,0.264,hornady,Interlock,160,vihtavuori_n540,117,31.2,2185,25.5,vihtavuori,cci_450,8,2.740,,,,,,
6_5_creedmoor,0.264,hornady,Interlock,160,vihtavuori_n150,124,30.1,2077,25.5,vihtavuori,cci_450,8,2.740,,,,,,
6_5_creedmoor,0.264,hornady,Interlock,160,vihtavuori_n550,129,34.7,2247,25.5,vihtavuori,cci_450,8,2.740,,,,,,
6_5_creedmoor,0.264,hornady,Interlock,160,vihtavuori_n555,144,37.8,2290,25.5,vihtavuori,cci_450,8,2.740,,,,,,
6_5_creedmoor,0.264,hornady,Interlock,160,vihtavuori_n160,143,34,2119,25.5,vihtavuori,cci_450,8,2.740,,,,,,
6_5_creedmoor,0.264,hornady,Interlock,160,vihtavuori_n560,147,39.4,2270,25.5,vihtavuori,cci_450,8,2.740,,,,,,
6_5_creedmoor,0.264,hornady,Interlock,160,vihtavuori_n565,156,41.7,2303,25.5,vihtavuori,cci_450,8,2.740,,,,,,
6_5_creedmoor,0.264,hornady,sst,129,vihtavuori_n140,112,36.4,2608,25.5,vihtavuori,cci_450,8,2.670,,,,,,
6_5_creedmoor,0.264,hornady,sst,129,vihtavuori_n540,117,37,2717,25.5,vihtavuori,cci_450,8,2.670,,,,,,
6_5_creedmoor,0.264,hornady,sst,129,vihtavuori_n150,124,35.8,2598,25.5,vihtavuori,cci_450,8,2.670,,,,,,
6_5_creedmoor,0.264,hornady,sst,129,vihtavuori_n550,129,40.3,2782,25.5,vihtavuori,cci_450,8,2.670,,,,,,
6_5_creedmoor,0.264,hornady,sst,129,vihtavuori_n555,144,44.4,2825,25.5,vihtavuori,cci_450,8,2.670,yes,,,,,
6_5_creedmoor,0.264,hornady,sst,129,vihtavuori_n160,143,44.3,2759,25.5,vihtavuori,cci_450,8,2.670,yes,,,,,
6_5_creedmoor,0.264,hornady,sst,129,vihtavuori_n560,147,46.6,2831,25.5,vihtavuori,cci_450,8,2.670,yes,,,,,
6_5_creedmoor,0.264,barnes,tsx,130,vihtavuori_n540,117,36,2638,25.5,vihtavuori,cci_450,8,2.717,,,,,,
6_5_creedmoor,0.264,barnes,tsx,130,vihtavuori_n150,124,34.3,2523,25.5,vihtavuori,cci_450,8,2.717,,,,,,
6_5_creedmoor,0.264,barnes,tsx,130,vihtavuori_n550,129,38.6,2687,25.5,vihtavuori,cci_450,8,2.717,,,,,,
6_5_creedmoor,0.264,berger,AR Hybrid OTM Tactical,130,vihtavuori_n150,124,36.6,2677,25.5,vihtavuori,cci_450,8,2.677,,,,,,
6_5_creedmoor,0.264,berger,AR Hybrid OTM Tactical,130,vihtavuori_n550,129,40.6,2808,25.5,vihtavuori,cci_450,8,2.677,,,,,,
6_5_creedmoor,0.264,berger,AR Hybrid OTM Tactical,130,vihtavuori_n555,144,44.1,2851,25.5,vihtavuori,cci_450,8,2.677,,,,,,
6_5_creedmoor,0.264,berger,AR Hybrid OTM Tactical,130,vihtavuori_n160,143,44.1,2815,25.5,vihtavuori,cci_450,8,2.677,,,,,,
6_5_creedmoor,0.264,berger,AR Hybrid OTM Tactical,130,vihtavuori_n560,147,47.2,2874,25.5,vihtavuori,cci_450,8,2.677,,,,,,
6_5_creedmoor,0.264,berger,VLD Target,130,vihtavuori_n540,117,37.8,2779,25.5,vihtavuori,cci_450,8,2.795,,,,,,
6_5_creedmoor,0.264,berger,VLD Target,130,vihtavuori_n150,124,36.1,2654,25.5,vihtavuori,cci_450,8,2.795,,,,,,
6_5_creedmoor,0.264,berger,VLD Target,130,vihtavuori_n550,129,40.4,2812,25.5,vihtavuori,cci_450,8,2.795,,,,,,
6_5_creedmoor,0.264,berger,VLD Target,130,vihtavuori_n555,144,44.1,2851,25.5,vihtavuori,cci_450,8,2.795,,,,,,
6_5_creedmoor,0.264,berger,VLD Target,130,vihtavuori_n160,143,44,2812,25.5,vihtavuori,cci_450,8,2.795,,,,,,
6_5_creedmoor,0.264,berger,VLD Target,130,vihtavuori_n560,147,46.8,2871,25.5,vihtavuori,cci_450,8,2.795,,,,,,
6_5_creedmoor,0.264,berger,VLD Target,130,vihtavuori_n565,156,48.8,2867,25.5,vihtavuori,cci_450,8,2.795,,,,,,
6_5_creedmoor,0.264,hornady,cx,130,vihtavuori_n140,112,33.2,2454,25.5,vihtavuori,cci_450,8,2.799,,,,,,
6_5_creedmoor,0.264,hornady,cx,130,vihtavuori_n540,117,36.1,2690,25.5,vihtavuori,cci_450,8,2.799,,,,,,
6_5_creedmoor,0.264,hornady,cx,130,vihtavuori_n150,124,34.4,2543,25.5,vihtavuori,cci_450,8,2.799,,,,,,
6_5_creedmoor,0.264,hornady,cx,130,vihtavuori_n550,129,38.7,2720,25.5,vihtavuori,cci_450,8,2.799,,,,,,
6_5_creedmoor,0.264,hornady,cx,130,vihtavuori_n555,144,42.3,2769,25.5,vihtavuori,cci_450,8,2.799,yes,,,,,
6_5_creedmoor,0.264,hornady,cx,130,vihtavuori_n160,143,42.3,2710,25.5,vihtavuori,cci_450,8,2.799,yes,,,,,
6_5_creedmoor,0.264,hornady,cx,130,vihtavuori_n560,147,45.1,2782,25.5,vihtavuori,cci_450,8,2.799,yes,,,,,
6_5_creedmoor,0.264,hornady,eld_match,130,vihtavuori_n140,112,35.3,2638,25.5,vihtavuori,cci_450,8,2.799,,,,,,
6_5_creedmoor,0.264,hornady,eld_match,130,vihtavuori_n540,117,37.2,2746,25.5,vihtavuori,cci_450,8,2.799,,,,,,
6_5_creedmoor,0.264,hornady,eld_match,130,vihtavuori_n150,124,35.6,2638,25.5,vihtavuori,cci_450,8,2.799,,,,,,
6_5_creedmoor,0.264,hornady,eld_match,130,vihtavuori_n550,129,39.5,2782,25.5,vihtavuori,cci_450,8,2.799,,,,,,
6_5_creedmoor,0.264,hornady,eld_match,130,vihtavuori_n555,144,43.7,2841,25.5,vihtavuori,cci_450,8,2.799,yes,,,,,
6_5_creedmoor,0.264,hornady,eld_match,130,vihtavuori_n160,143,43.4,2782,25.5,vihtavuori,cci_450,8,2.799,yes,,,,,
6_5_creedmoor,0.264,hornady,eld_match,130,vihtavuori_n560,147,45.4,2835,25.5,vihtavuori,cci_450,8,2.799,yes,,,,,
6_5_creedmoor,0.264,hornady,eld_match,130,vihtavuori_n565,156,46.3,2713,25.5,vihtavuori,cci_450,8,2.799,yes,,,,,
6_5_creedmoor,0.264,sierra,hpbt,130,vihtavuori_n140,112,34.1,2612,25.5,vihtavuori,cci_450,8,2.669,,,,,,
6_5_creedmoor,0.264,sierra,hpbt,130,vihtavuori_n540,117,35.3,2697,25.5,vihtavuori,cci_450,8,2.669,,,,,,
6_5_creedmoor,0.264,sierra,hpbt,130,vihtavuori_n150,124,34.1,2602,25.5,vihtavuori,cci_450,8,2.669,,,,,,
6_5_creedmoor,0.264,sierra,hpbt,130,vihtavuori_n550,129,38.1,2749,25.5,vihtavuori,cci_450,8,2.669,,,,,,
6_5_creedmoor,0.264,sierra,hpbt,130,vihtavuori_n555,144,42,2805,25.5,vihtavuori,cci_450,8,2.669,,,,,,
6_5_creedmoor,0.264,sierra,hpbt,130,vihtavuori_n160,143,40.9,2730,25.5,vihtavuori,cci_450,8,2.669,,,,,,
6_5_creedmoor,0.264,sierra,hpbt,130,vihtavuori_n560,147,44.1,2802,25.5,vihtavuori,cci_450,8,2.669,,,,,,
6_5_creedmoor,0.264,sierra,TGK,130,vihtavuori_n140,112,34,2562,25.5,vihtavuori,cci_450,8,2.807,,,,,,
6_5_creedmoor,0.264,sierra,TGK,130,vihtavuori_n540,117,36.1,2687,25.5,vihtavuori,cci_450,8,2.807,,,,,,
6_5_creedmoor,0.264,sierra,TGK,130,vihtavuori_n150,124,33.8,2556,25.5,vihtavuori,cci_450,8,2.807,,,,,,
6_5_creedmoor,0.264,sierra,TGK,130,vihtavuori_n550,129,38.7,2740,25.5,vihtavuori,cci_450,8,2.807,,,,,,
6_5_creedmoor,0.264,sierra,TGK,130,vihtavuori_n555,144,43.1,2818,25.5,vihtavuori,cci_450,8,2.807,yes,,,,,
6_5_creedmoor,0.264,sierra,TGK,130,vihtavuori_n160,143,36.7,2598,25.5,vihtavuori,cci_450,8,2.807,,,,,,
6_5_creedmoor,0.264,sierra,TGK,130,vihtavuori_n560,147,44.8,2808,25.5,vihtavuori,cci_450,8,2.807,yes,,,,,
6_5_creedmoor,0.264,sierra,tmk,130,vihtavuori_n140,112,35.3,2628,25.5,vihtavuori,cci_450,8,2.807,,,,,,
6_5_creedmoor,0.264,sierra,tmk,130,vihtavuori_n540,117,37.5,2756,25.5,vihtavuori,cci_450,8,2.807,,,,,,
6_5_creedmoor,0.264,sierra,tmk,130,vihtavuori_n150,124,35.5,2635,25.5,vihtavuori,cci_450,8,2.807,,,,,,
6_5_creedmoor,0.264,sierra,tmk,130,vihtavuori_n550,129,39.7,2789,25.5,vihtavuori,cci_450,8,2.807,,,,,,
6_5_creedmoor,0.264,sierra,tmk,130,vihtavuori_n555,144,44.1,2854,25.5,vihtavuori,cci_450,8,2.807,yes,,,,,
6_5_creedmoor,0.264,sierra,tmk,130,vihtavuori_n160,143,43.8,2785,25.5,vihtavuori,cci_450,8,2.807,yes,,,,,
6_5_creedmoor,0.264,sierra,tmk,130,vihtavuori_n560,147,45.7,2831,25.5,vihtavuori,cci_450,8,2.807,yes,,,,,
6_5_creedmoor,0.264,swift,scirocco_ii,130,vihtavuori_n150,124,35.3,2631,25.5,vihtavuori,cci_450,8,2.650,,,,,,
6_5_creedmoor,0.264,swift,scirocco_ii,130,vihtavuori_n550,129,39.4,2723,25.5,vihtavuori,cci_450,8,2.650,,,,,,
6_5_creedmoor,0.264,swift,scirocco_ii,130,vihtavuori_n555,144,43.8,2792,25.5,vihtavuori,cci_450,8,2.650,,,,,,
6_5_creedmoor,0.264,swift,scirocco_ii,130,vihtavuori_n160,143,41.8,2697,25.5,vihtavuori,cci_450,8,2.650,,,,,,
6_5_creedmoor,0.264,swift,scirocco_ii,130,vihtavuori_n165,153,44.8,2651,25.5,vihtavuori,cci_450,8,2.650,yes,,,,,
6_5_creedmoor,0.264,swift,scirocco_ii,130,vihtavuori_n560,147,46.9,2812,25.5,vihtavuori,cci_450,8,2.650,,,,,,
6_5_creedmoor,0.264,hornady,A-TIP,135,vihtavuori_n150,124,35.8,2572,25.5,vihtavuori,cci_450,8,2.795,,,,,,
6_5_creedmoor,0.264,hornady,A-TIP,135,vihtavuori_n555,144,43.2,2795,25.5,vihtavuori,cci_450,8,2.795,,,,,,
6_5_creedmoor,0.264,hornady,A-TIP,135,vihtavuori_n160,143,42.3,2694,25.5,vihtavuori,cci_450,8,2.795,,,,,,
6_5_creedmoor,0.264,hornady,A-TIP,135,vihtavuori_n165,153,47.8,2828,25.5,vihtavuori,cci_450,8,2.795,yes,,,,,
6_5_creedmoor,0.264,hornady,A-TIP,135,vihtavuori_n560,147,45.8,2822,25.5,vihtavuori,cci_450,8,2.795,,,,,,
6_5_creedmoor,0.264,hornady,A-TIP,135,vihtavuori_n565,156,47.8,2762,25.5,vihtavuori,cci_450,8,2.795,yes,,,,,
6_5_creedmoor,0.264,lapua,Scenar-L,136,vihtavuori_n540,117,37.7,2756,25.5,vihtavuori,cci_450,8,2.677,,,,,,
6_5_creedmoor,0.264,lapua,Scenar-L,136,vihtavuori_n150,124,38.3,2733,25.5,vihtavuori,cci_450,8,2.677,,,,,,
6_5_creedmoor,0.264,lapua,Scenar-L,136,vihtavuori_n550,129,41.1,2838,25.5,vihtavuori,cci_450,8,2.677,,,,,,
6_5_creedmoor,0.264,lapua,Scenar-L,136,vihtavuori_n555,144,44.1,2822,25.5,vihtavuori,cci_450,8,2.677,yes,,,,,
6_5_creedmoor,0.264,lapua,Scenar-L,136,vihtavuori_n160,143,46,2854,25.5,vihtavuori,cci_450,8,2.677,yes,,,,,
6_5_creedmoor,0.264,brenneke,tog,139,vihtavuori_n140,112,33.8,2434,25.5,vihtavuori,cci_450,8,2.622,,,,,,
6_5_creedmoor,0.264,brenneke,tog,139,vihtavuori_n540,117,35.8,2559,25.5,vihtavuori,cci_450,8,2.622,,,,,,
6_5_creedmoor,0.264,brenneke,tog,139,vihtavuori_n150,124,32.7,2405,25.5,vihtavuori,cci_450,8,2.622,,,,,,
6_5_creedmoor,0.264,brenneke,tog,139,vihtavuori_n550,129,38.1,2615,25.5,vihtavuori,cci_450,8,2.622,,,,,,
6_5_creedmoor,0.264,brenneke,tog,139,vihtavuori_n555,144,42.4,2687,25.5,vihtavuori,cci_450,8,2.622,yes,,,,,
6_5_creedmoor,0.264,brenneke,tog,139,vihtavuori_n160,143,39.5,2562,25.5,vihtavuori,cci_450,8,2.622,,,,,,
6_5_creedmoor,0.264,brenneke,tog,139,vihtavuori_n560,147,44.6,2707,25.5,vihtavuori,cci_450,8,2.622,yes,,,,,
6_5_creedmoor,0.264,brenneke,tog,139,vihtavuori_n565,156,46.3,2625,25.5,vihtavuori,cci_450,8,2.622,yes,,,,,
6_5_creedmoor,0.264,fox,classic_hunter,139,vihtavuori_n140,112,32.1,2303,25.5,vihtavuori,cci_450,8,2.736,,,,,,
6_5_creedmoor,0.264,fox,classic_hunter,139,vihtavuori_n540,117,34,2484,25.5,vihtavuori,cci_450,8,2.736,,,,,,
6_5_creedmoor,0.264,fox,classic_hunter,139,vihtavuori_n150,124,31.9,2326,25.5,vihtavuori,cci_450,8,2.736,,,,,,
6_5_creedmoor,0.264,fox,classic_hunter,139,vihtavuori_n550,129,36.1,2546,25.5,vihtavuori,cci_450,8,2.736,,,,,,
6_5_creedmoor,0.264,fox,classic_hunter,139,vihtavuori_n555,144,40.4,2621,25.5,vihtavuori,cci_450,8,2.736,,,,,,
6_5_creedmoor,0.264,fox,classic_hunter,139,vihtavuori_n160,143,39.8,2533,25.5,vihtavuori,cci_450,8,2.736,,,,,,
6_5_creedmoor,0.264,fox,classic_hunter,139,vihtavuori_n560,147,41.1,2585,25.5,vihtavuori,cci_450,8,2.736,,,,,,
6_5_creedmoor,0.264,lapua,scenar,139,vihtavuori_n540,117,36.7,2680,25.5,vihtavuori,cci_450,8,2.717,,,,,,
6_5_creedmoor,0.264,lapua,scenar,139,vihtavuori_n150,124,35.5,2602,25.5,vihtavuori,cci_450,8,2.717,,,,,,
6_5_creedmoor,0.264,lapua,scenar,139,vihtavuori_n550,129,39.7,2759,25.5,vihtavuori,cci_450,8,2.717,,,,,,
6_5_creedmoor,0.264,lapua,scenar,139,vihtavuori_n555,144,42.6,2749,25.5,vihtavuori,cci_450,8,2.717,,,,,,
6_5_creedmoor,0.264,lapua,scenar,139,vihtavuori_n160,143,42.1,2733,25.5,vihtavuori,cci_450,8,2.717,,,,,,
6_5_creedmoor,0.264,lapua,scenar,139,vihtavuori_n560,147,44.4,2730,25.5,vihtavuori,cci_450,8,2.717,,,,,,
6_5_creedmoor,0.264,berger,hybrid_target,140,vihtavuori_n150,124,35.3,2552,25.5,vihtavuori,cci_450,8,2.717,,,,,,
6_5_creedmoor,0.264,berger,hybrid_target,140,vihtavuori_n550,129,39,2677,25.5,vihtavuori,cci_450,8,2.717,,,,,,
6_5_creedmoor,0.264,berger,hybrid_target,140,vihtavuori_n555,144,43.4,2740,25.5,vihtavuori,cci_450,8,2.717,,,,,,
6_5_creedmoor,0.264,berger,hybrid_target,140,vihtavuori_n160,143,41.8,2667,25.5,vihtavuori,cci_450,8,2.717,,,,,,
6_5_creedmoor,0.264,berger,hybrid_target,140,vihtavuori_n560,147,45.4,2746,25.5,vihtavuori,cci_450,8,2.717,,,,,,
6_5_creedmoor,0.264,berger,hybrid_target,140,vihtavuori_n565,156,47.1,2733,25.5,vihtavuori,cci_450,8,2.717,yes,,,,,
6_5_creedmoor,0.264,hornady,eld_match,140,vihtavuori_n140,112,35,2500,25.5,vihtavuori,cci_450,8,2.799,,,,,,
6_5_creedmoor,0.264,hornady,eld_match,140,vihtavuori_n540,117,35.8,2595,25.5,vihtavuori,cci_450,8,2.799,,,,,,
6_5_creedmoor,0.264,hornady,eld_match,140,vihtavuori_n150,124,34.1,2467,25.5,vihtavuori,cci_450,8,2.799,,,,,,
6_5_creedmoor,0.264,hornady,eld_match,140,vihtavuori_n550,129,38.1,2641,25.5,vihtavuori,cci_450,8,2.799,,,,,,
6_5_creedmoor,0.264,hornady,eld_match,140,vihtavuori_n555,144,42,2700,25.5,vihtavuori,cci_450,8,2.799,yes,,,,,
6_5_creedmoor,0.264,hornady,eld_match,140,vihtavuori_n160,143,40.9,2618,25.5,vihtavuori,cci_450,8,2.799,yes,,,,,
6_5_creedmoor,0.264,hornady,eld_match,140,vihtavuori_n560,147,44,2713,25.5,vihtavuori,cci_450,8,2.799,yes,,,,,
6_5_creedmoor,0.264,hornady,eld_match,140,vihtavuori_n565,156,45.8,2671,25.5,vihtavuori,cci_450,8,2.799,yes,,,,,
6_5_creedmoor,0.264,hornady,InterLock SP,140,vihtavuori_n140,112,34.6,2497,25.5,vihtavuori,cci_450,8,2.677,,,,,,
6_5_creedmoor,0.264,hornady,InterLock SP,140,vihtavuori_n540,117,34.9,2569,25.5,vihtavuori,cci_450,8,2.677,,,,,,
6_5_creedmoor,0.264,hornady,InterLock SP,140,vihtavuori_n150,124,33,2438,25.5,vihtavuori,cci_450,8,2.677,,,,,,
6_5_creedmoor,0.264,hornady,InterLock SP,140,vihtavuori_n550,129,37.8,2618,25.5,vihtavuori,cci_450,8,2.677,,,,,,
6_5_creedmoor,0.264,hornady,InterLock SP,140,vihtavuori_n555,144,40.9,2654,25.5,vihtavuori,cci_450,8,2.677,,,,,,
6_5_creedmoor,0.264,hornady,InterLock SP,140,vihtavuori_n160,143,39.8,2566,25.5,vihtavuori,cci_450,8,2.677,,,,,,
6_5_creedmoor,0.264,hornady,InterLock SP,140,vihtavuori_n560,147,43.5,2687,25.5,vihtavuori,cci_450,8,2.677,,,,,,
6_5_creedmoor,0.264,lapua,Naturalis N563,140,vihtavuori_n540,117,34,2523,25.5,vihtavuori,cci_450,8,2.724,,,,,,
6_5_creedmoor,0.264,lapua,Naturalis N563,140,vihtavuori_n150,124,31.6,2339,25.5,vihtavuori,cci_450,8,2.724,,,,,,
6_5_creedmoor,0.264,lapua,Naturalis N563,140,vihtavuori_n550,129,36,2546,25.5,vihtavuori,cci_450,8,2.724,,,,,,
6_5_creedmoor,0.264,nosler,accubond,140,vihtavuori_n540,117,35.5,2592,25.5,vihtavuori,cci_450,8,2.795,,,,,,
6_5_creedmoor,0.264,nosler,accubond,140,vihtavuori_n150,124,35,2526,25.5,vihtavuori,cci_450,8,2.795,,,,,,
6_5_creedmoor,0.264,nosler,accubond,140,vihtavuori_n550,129,38.3,2651,25.5,vihtavuori,cci_450,8,2.795,,,,,,
6_5_creedmoor,0.264,nosler,ballistic_tip,140,vihtavuori_n540,117,36,2549,25.5,vihtavuori,cci_450,8,2.709,,,,,,
6_5_creedmoor,0.264,nosler,ballistic_tip,140,vihtavuori_n150,124,33.8,2402,25.5,vihtavuori,cci_450,8,2.709,,,,,,
6_5_creedmoor,0.264,nosler,ballistic_tip,140,vihtavuori_n550,129,37.8,2582,25.5,vihtavuori,cci_450,8,2.709,,,,,,
6_5_creedmoor,0.264,nosler,ballistic_tip,140,vihtavuori_n555,144,42,2651,25.5,vihtavuori,cci_450,8,2.709,,,,,,
6_5_creedmoor,0.264,nosler,ballistic_tip,140,vihtavuori_n160,143,41.2,2559,25.5,vihtavuori,cci_450,8,2.709,,,,,,
6_5_creedmoor,0.264,nosler,ballistic_tip,140,vihtavuori_n560,147,44.3,2684,25.5,vihtavuori,cci_450,8,2.709,,,,,,
6_5_creedmoor,0.264,sierra,hpbt,140,vihtavuori_n140,112,33.8,2507,25.5,vihtavuori,cci_450,8,2.776,,,,,,
6_5_creedmoor,0.264,sierra,hpbt,140,vihtavuori_n540,117,34.3,2582,25.5,vihtavuori,cci_450,8,2.776,,,,,,
6_5_creedmoor,0.264,sierra,hpbt,140,vihtavuori_n150,124,32.7,2464,25.5,vihtavuori,cci_450,8,2.776,,,,,,
6_5_creedmoor,0.264,sierra,hpbt,140,vihtavuori_n550,129,37.3,2641,25.5,vihtavuori,cci_450,8,2.776,,,,,,
6_5_creedmoor,0.264,sierra,hpbt,140,vihtavuori_n555,144,40.6,2677,25.5,vihtavuori,cci_450,8,2.776,,,,,,
6_5_creedmoor,0.264,sierra,hpbt,140,vihtavuori_n160,143,38.6,2575,25.5,vihtavuori,cci_450,8,2.776,,,,,,
6_5_creedmoor,0.264,sierra,hpbt,140,vihtavuori_n560,147,42.9,2703,25.5,vihtavuori,cci_450,8,2.776,,,,,,
6_5_creedmoor,0.264,sierra,hpbt,142,vihtavuori_n150,124,34.3,2467,25.5,vihtavuori,cci_450,8,2.697,,,,,,
6_5_creedmoor,0.264,sierra,hpbt,142,vihtavuori_n550,129,39,2664,25.5,vihtavuori,cci_450,8,2.697,,,,,,
6_5_creedmoor,0.264,sierra,hpbt,142,vihtavuori_n555,144,42,2684,25.5,vihtavuori,cci_450,8,2.697,,,,,,
6_5_creedmoor,0.264,sierra,hpbt,142,vihtavuori_n160,143,41.4,2628,25.5,vihtavuori,cci_450,8,2.697,,,,,,
6_5_creedmoor,0.264,sierra,hpbt,142,vihtavuori_n560,147,44.1,2717,25.5,vihtavuori,cci_450,8,2.697,,,,,,
6_5_creedmoor,0.264,sierra,hpbt,142,vihtavuori_n565,156,46.9,2720,25.5,vihtavuori,cci_450,8,2.697,,,,,,
6_5_creedmoor,0.264,hornady,ELD-X,143,vihtavuori_n150,124,34.4,2503,25.5,vihtavuori,cci_450,8,2.709,,,,,,
6_5_creedmoor,0.264,hornady,ELD-X,143,vihtavuori_n550,129,37.7,2628,25.5,vihtavuori,cci_450,8,2.709,,,,,,
6_5_creedmoor,0.264,hornady,ELD-X,143,vihtavuori_n555,144,41.7,2664,25.5,vihtavuori,cci_450,8,2.709,,,,,,
6_5_creedmoor,0.264,hornady,ELD-X,143,vihtavuori_n160,143,41.4,2628,25.5,vihtavuori,cci_450,8,2.709,,,,,,
6_5_creedmoor,0.264,hornady,ELD-X,143,vihtavuori_n560,147,44.9,2733,25.5,vihtavuori,cci_450,8,2.709,,,,,,
6_5_creedmoor,0.264,hornady,ELD-X,143,vihtavuori_n565,156,47.1,2703,25.5,vihtavuori,cci_450,8,2.709,,,,,,
6_5_creedmoor,0.264,berger,Long Range Hybrid Target,144,vihtavuori_n150,124,35.3,2461,25.5,vihtavuori,cci_450,8,2.795,,,,,,
6_5_creedmoor,0.264,berger,Long Range Hybrid Target,144,vihtavuori_n550,129,39,2651,25.5,vihtavuori,cci_450,8,2.795,,,,,,
6_5_creedmoor,0.264,berger,Long Range Hybrid Target,144,vihtavuori_n555,144,43.2,2746,25.5,vihtavuori,cci_450,8,2.795,,,,,,
6_5_creedmoor,0.264,berger,Long Range Hybrid Target,144,vihtavuori_n160,143,43.1,2638,25.5,vihtavuori,cci_450,8,2.795,,,,,,
6_5_creedmoor,0.264,berger,Long Range Hybrid Target,144,vihtavuori_n560,147,44.6,2740,25.5,vihtavuori,cci_450,8,2.795,,,,,,
6_5_creedmoor,0.264,berger,Long Range Hybrid Target,144,vihtavuori_n565,156,47.1,2746,25.5,vihtavuori,cci_450,8,2.795,yes,,,,,
6_5_creedmoor,0.264,lapua,FMJBT,144,vihtavuori_n540,117,34.9,2585,25.5,vihtavuori,cci_450,8,2.717,,,,,,
6_5_creedmoor,0.264,lapua,FMJBT,144,vihtavuori_n150,124,35.3,2562,25.5,vihtavuori,cci_450,8,2.717,,,,,,
6_5_creedmoor,0.264,lapua,FMJBT,144,vihtavuori_n550,129,37.7,2664,25.5,vihtavuori,cci_450,8,2.717,,,,,,
6_5_creedmoor,0.264,lapua,FMJBT,144,vihtavuori_n555,144,41.2,2631,25.5,vihtavuori,cci_450,8,2.717,,,,,,
6_5_creedmoor,0.264,lapua,FMJBT,144,vihtavuori_n160,143,40.3,2566,25.5,vihtavuori,cci_450,8,2.717,,,,,,
6_5_creedmoor,0.264,lapua,FMJBT,144,vihtavuori_n560,147,44.1,2700,25.5,vihtavuori,cci_450,8,2.717,,,,,,
6_5_creedmoor,0.264,lapua,FMJBT,144,vihtavuori_n565,156,45.7,2694,25.5,vihtavuori,cci_450,8,2.717,,,,,,
6_5_creedmoor,0.264,lapua,MaxRange Target GB582,144,vihtavuori_n540,117,33.5,2493,25.5,vihtavuori,cci_450,8,2.815,,,,,,
6_5_creedmoor,0.264,lapua,MaxRange Target GB582,144,vihtavuori_n150,124,32.3,2388,25.5,vihtavuori,cci_450,8,2.815,,,,,,
6_5_creedmoor,0.264,lapua,MaxRange Target GB582,144,vihtavuori_n550,129,36.9,2569,25.5,vihtavuori,cci_450,8,2.815,,,,,,
6_5_creedmoor,0.264,lapua,MaxRange Target GB582,144,vihtavuori_n555,144,40.1,2608,25.5,vihtavuori,cci_450,8,2.815,yes,,,,,
6_5_creedmoor,0.264,lapua,MaxRange Target GB582,144,vihtavuori_n160,143,37.2,2480,25.5,vihtavuori,cci_450,8,2.815,,,,,,
6_5_creedmoor,0.264,lapua,MaxRange Target GB582,144,vihtavuori_n165,153,42.7,2608,25.5,vihtavuori,cci_450,8,2.815,yes,,,,,
6_5_creedmoor,0.264,lapua,MaxRange Target GB582,144,vihtavuori_n560,147,42.4,2641,25.5,vihtavuori,cci_450,8,2.815,yes,,,,,
6_5_creedmoor,0.264,lapua,MaxRange Target GB582,144,vihtavuori_n565,156,44.4,2638,25.5,vihtavuori,cci_450,8,2.815,yes,,,,,
6_5_creedmoor,0.264,hornady,eld_match,147,vihtavuori_n550,129,37.2,2549,25.5,vihtavuori,cci_450,8,2.787,,,,,,
6_5_creedmoor,0.264,hornady,eld_match,147,vihtavuori_n555,144,42.6,2667,25.5,vihtavuori,cci_450,8,2.787,yes,,,,,
6_5_creedmoor,0.264,hornady,eld_match,147,vihtavuori_n160,143,41.8,2598,25.5,vihtavuori,cci_450,8,2.787,,,,,,
6_5_creedmoor,0.264,hornady,eld_match,147,vihtavuori_n165,153,46.6,2700,25.5,vihtavuori,cci_450,8,2.787,yes,,,,,
6_5_creedmoor,0.264,hornady,eld_match,147,vihtavuori_n560,147,43.7,2657,25.5,vihtavuori,cci_450,8,2.787,,,,,,
6_5_creedmoor,0.264,hornady,eld_match,147,vihtavuori_n565,156,46,2654,25.5,vihtavuori,cci_450,8,2.787,yes,,,,,
6_5_creedmoor,0.264,hornady,A-TIP,153,vihtavuori_n160,143,38.7,2434,25.5,vihtavuori,cci_450,8,2.783,,,,,,
6_5_creedmoor,0.264,hornady,A-TIP,153,vihtavuori_n165,153,44.1,2575,25.5,vihtavuori,cci_450,8,2.783,,,,,,
6_5_creedmoor,0.264,hornady,A-TIP,153,vihtavuori_n560,147,42.4,2582,25.5,vihtavuori,cci_450,8,2.783,,,,,,
6_5_creedmoor,0.264,hornady,A-TIP,153,vihtavuori_n565,156,45.7,2615,25.5,vihtavuori,cci_450,8,2.783,yes,,,,,
6_5_creedmoor,0.264,berger,Long Range Hybrid Target,153.5,vihtavuori_n540,117,36,2526,25.5,vihtavuori,cci_450,8,2.795,,,,,,
6_5_creedmoor,0.264,berger,Long Range Hybrid Target,153.5,vihtavuori_n150,124,34.3,2425,25.5,vihtavuori,cci_450,8,2.795,,,,,,
6_5_creedmoor,0.264,berger,Long Range Hybrid Target,153.5,vihtavuori_n550,129,38.1,2546,25.5,vihtavuori,cci_450,8,2.795,,,,,,
6_5_creedmoor,0.264,berger,Long Range Hybrid Target,153.5,vihtavuori_n555,144,41.7,2618,25.5,vihtavuori,cci_450,8,2.795,,,,,,
6_5_creedmoor,0.264,berger,Long Range Hybrid Target,153.5,vihtavuori_n160,143,41.4,2569,25.5,vihtavuori,cci_450,8,2.795,,,,,,
6_5_creedmoor,0.264,berger,Long Range Hybrid Target,153.5,vihtavuori_n165,153,46.9,2680,25.5,vihtavuori,cci_450,8,2.795,yes,,,,,
6_5_creedmoor,0.264,berger,Long Range Hybrid Target,153.5,vihtavuori_n560,147,43.8,2625,25.5,vihtavuori,cci_450,8,2.795,,,,,,
6_5_creedmoor,0.264,berger,Long Range Hybrid Target,153.5,vihtavuori_n565,156,46.8,2648,25.5,vihtavuori,cci_450,8,2.795,yes,,,,,
6_5_creedmoor,0.264,berger,elite_hunter,156,vihtavuori_n550,129,38.7,2526,25.5,vihtavuori,cci_450,8,2.795,yes,,,,,
6_5_creedmoor,0.264,berger,elite_hunter,156,vihtavuori_n555,144,43.5,2592,25.5,vihtavuori,cci_450,8,2.795,yes,,,,,
6_5_creedmoor,0.264,berger,elite_hunter,156,vihtavuori_n160,143,42.3,2493,25.5,vihtavuori,cci_450,8,2.795,yes,,,,,
6_5_creedmoor,0.264,berger,elite_hunter,156,vihtavuori_n165,153,47.1,2595,25.5,vihtavuori,cci_450,8,2.795,yes,,,,,
6_5_creedmoor,0.264,berger,elite_hunter,156,vihtavuori_n560,147,45.1,2625,25.5,vihtavuori,cci_450,8,2.795,yes,,,,,
6_5_creedmoor,0.264,berger,elite_hunter,156,vihtavuori_n565,156,46.3,2572,25.5,vihtavuori,cci_450,8,2.795,yes,,,,,
6_5_creedmoor,0.264,lapua,mega,156,vihtavuori_n540,117,34,2425,25.5,vihtavuori,cci_450,8,2.697,,,,,,
6_5_creedmoor,0.264,lapua,mega,156,vihtavuori_n150,124,33.5,2385,25.5,vihtavuori,cci_450,8,2.697,,,,,,
6_5_creedmoor,0.264,lapua,mega,156,vihtavuori_n550,129,36.6,2503,25.5,vihtavuori,cci_450,8,2.697,,,,,,
6_5_creedmoor,0.264,lapua,mega,156,vihtavuori_n160,143,38.3,2474,25.5,vihtavuori,cci_450,8,2.697,,,,,,
6_5_creedmoor,0.264,norma,oryx,156,vihtavuori_n550,129,34.4,2379,25.5,vihtavuori,cci_450,8,2.736,,,,,,
6_5_creedmoor,0.264,norma,oryx,156,vihtavuori_n555,144,37.3,2428,25.5,vihtavuori,cci_450,8,2.736,,,,,,
6_5_creedmoor,0.264,norma,oryx,156,vihtavuori_n160,143,36.4,2352,25.5,vihtavuori,cci_450,8,2.736,,,,,,
6_5_creedmoor,0.264,norma,oryx,156,vihtavuori_n560,147,39.5,2464,25.5,vihtavuori,cci_450,8,2.736,,,,,,
6_5_creedmoor,0.264,norma,oryx,156,vihtavuori_n565,156,41.8,2470,25.5,vihtavuori,cci_450,8,2.736,yes,,,,,
6_5_creedmoor,0.264,norma,Vulkan,156,vihtavuori_n140,112,31.6,2264,25.5,vihtavuori,cci_450,8,2.717,,,,,,
6_5_creedmoor,0.264,norma,Vulkan,156,vihtavuori_n540,117,32.9,2343,25.5,vihtavuori,cci_450,8,2.717,,,,,,
6_5_creedmoor,0.264,norma,Vulkan,156,vihtavuori_n150,124,30.7,2231,25.5,vihtavuori,cci_450,8,2.717,,,,,,
6_5_creedmoor,0.264,norma,Vulkan,156,vihtavuori_n550,129,35.5,2425,25.5,vihtavuori,cci_450,8,2.717,,,,,,
6_5_creedmoor,0.264,norma,Vulkan,156,vihtavuori_n160,143,38.9,2457,25.5,vihtavuori,cci_450,8,2.717,,,,,,
6_5_creedmoor,0.264,norma,Vulkan,156,vihtavuori_n560,147,41.1,2507,25.5,vihtavuori,cci_450,8,2.717,,,,,,
6_5_creedmoor,0.264,norma,Vulkan,156,vihtavuori_n565,156,43.2,2526,25.5,vihtavuori,cci_450,8,2.717,,,,,,
6_5_creedmoor,0.264,hornady,Interlock,160,vihtavuori_n140,112,34.3,2277,25.5,vihtavuori,cci_450,8,2.740,,,,,,
6_5_creedmoor,0.264,hornady,Interlock,160,vihtavuori_n540,117,35.2,2402,25.5,vihtavuori,cci_450,8,2.740,,,,,,
6_5_creedmoor,0.264,hornady,Interlock,160,vihtavuori_n150,124,33.8,2270,25.5,vihtavuori,cci_450,8,2.740,,,,,,
6_5_creedmoor,0.264,hornady,Interlock,160,vihtavuori_n550,129,38.3,2467,25.5,vihtavuori,cci_450,8,2.740,,,,,,
6_5_creedmoor,0.264,hornady,Interlock,160,vihtavuori_n555,144,41.5,2503,25.5,vihtavuori,cci_450,8,2.740,,,,,,
6_5_creedmoor,0.264,hornady,Interlock,160,vihtavuori_n160,143,41.2,2428,25.5,vihtavuori,cci_450,8,2.740,,,,,,
6_5_creedmoor,0.264,hornady,Interlock,160,vihtavuori_n560,147,43.5,2543,25.5,vihtavuori,cci_450,8,2.740,yes,,,,,
6_5_creedmoor,0.264,hornady,Interlock,160,vihtavuori_n565,156,45.8,2546,25.5,vihtavuori,cci_450,8,2.740,yes,,,,,
7mm_rem_mag,0.284,berger,hybrid_target,180,vihtavuori_n160,143,48.1,2398,24,vihtavuori,large_rifle_mag_generic,9,3.287,,,,,,
7mm_rem_mag,0.284,berger,hybrid_target,180,vihtavuori_n560,147,52.9,2507,24,vihtavuori,large_rifle_mag_generic,9,3.287,,,,,,
7mm_rem_mag,0.284,berger,hybrid_target,180,vihtavuori_n565,156,55.6,2582,24,vihtavuori,large_rifle_mag_generic,9,3.287,,,,,,
7mm_rem_mag,0.284,berger,elite_hunter,195,vihtavuori_n165,153,54.9,2415,24,vihtavuori,large_rifle_mag_generic,9,3.287,,,,,,
7mm_rem_mag,0.284,berger,elite_hunter,195,vihtavuori_n560,147,56.5,2477,24,vihtavuori,large_rifle_mag_generic,9,3.287,,,,,,
7mm_rem_mag,0.284,berger,elite_hunter,195,vihtavuori_n565,156,57.4,2487,24,vihtavuori,large_rifle_mag_generic,9,3.287,,,,,,
7mm_rem_mag,0.284,berger,elite_hunter,195,vihtavuori_n170,157,56.9,2415,24,vihtavuori,large_rifle_mag_generic,9,3.287,,,,,,
7mm_rem_mag,0.284,berger,hybrid_target,180,vihtavuori_n160,143,54.2,2615,24,vihtavuori,large_rifle_mag_generic,9,3.287,,,,,,
7mm_rem_mag,0.284,berger,hybrid_target,180,vihtavuori_n560,147,59.7,2766,24,vihtavuori,large_rifle_mag_generic,9,3.287,,,,,,
7mm_rem_mag,0.284,berger,hybrid_target,180,vihtavuori_n565,156,62.7,2799,24,vihtavuori,large_rifle_mag_generic,9,3.287,,,,,,
7mm_rem_mag,0.284,berger,elite_hunter,195,vihtavuori_n165,153,60.8,2625,24,vihtavuori,large_rifle_mag_generic,9,3.287,,,,,,
7mm_rem_mag,0.284,berger,elite_hunter,195,vihtavuori_n560,147,62.3,2713,24,vihtavuori,large_rifle_mag_generic,9,3.287,,,,,,
7mm_rem_mag,0.284,berger,elite_hunter,195,vihtavuori_n565,156,63.7,2720,24,vihtavuori,large_rifle_mag_generic,9,3.287,,,,,,
7mm_rem_mag,0.284,berger,elite_hunter,195,vihtavuori_n170,157,62.8,2638,24,vihtavuori,large_rifle_mag_generic,9,3.287,,,,,,
7mm_rem_mag,0.284,lapua,scenar_l,150,vihtavuori_n160,143,50.5,2605,24,vihtavuori,large_rifle_mag_generic,9,3.287,,,,,,
7mm_rem_mag,0.284,lapua,scenar_l,150,vihtavuori_n165,153,57.4,2690,24,vihtavuori,large_rifle_mag_generic,9,3.287,,,,,,
7mm_rem_mag,0.284,lapua,scenar_l,150,vihtavuori_n560,147,59.6,2779,24,vihtavuori,large_rifle_mag_generic,9,3.287,,,,,,
7mm_rem_mag,0.284,lapua,naturalis_n564,155,vihtavuori_n160,143,46.1,2349,24,vihtavuori,large_rifle_mag_generic,9,3.268,,,,,,
7mm_rem_mag,0.284,lapua,naturalis_n564,155,vihtavuori_n165,153,50.9,2438,24,vihtavuori,large_rifle_mag_generic,9,3.268,,,,,,
7mm_rem_mag,0.284,lapua,naturalis_n564,155,vihtavuori_n560,147,54,2536,24,vihtavuori,large_rifle_mag_generic,9,3.268,,,,,,
7mm_rem_mag,0.284,lapua,naturalis,160,vihtavuori_n160,143,48.6,2470,24,vihtavuori,large_rifle_mag_generic,9,3.220,,,,,,
7mm_rem_mag,0.284,lapua,naturalis,160,vihtavuori_n165,153,56.3,2579,24,vihtavuori,large_rifle_mag_generic,9,3.220,,,,,,
7mm_rem_mag,0.284,lapua,naturalis,160,vihtavuori_n560,147,56.6,2766,24,vihtavuori,large_rifle_mag_generic,9,3.220,,,,,,
7mm_rem_mag,0.284,lapua,scenar_l,180,vihtavuori_n160,143,42.9,2224,24,vihtavuori,large_rifle_mag_generic,9,3.287,,,,,,
7mm_rem_mag,0.284,lapua,scenar_l,180,vihtavuori_n165,153,44.3,2228,24,vihtavuori,large_rifle_mag_generic,9,3.287,,,,,,
7mm_rem_mag,0.284,lapua,scenar_l,180,vihtavuori_n560,147,47.8,2388,24,vihtavuori,large_rifle_mag_generic,9,3.287,,,,,,
7mm_rem_mag,0.284,lapua,scenar_l,180,vihtavuori_n170,157,48.1,2224,24,vihtavuori,large_rifle_mag_generic,9,3.287,,,,,,
7mm_rem_mag,0.284,lapua,scenar_l,150,vihtavuori_n160,143,59.7,2930,24,vihtavuori,large_rifle_mag_generic,9,3.287,,,,,,
7mm_rem_mag,0.284,lapua,scenar_l,150,vihtavuori_n165,153,66.1,3035,24,vihtavuori,large_rifle_mag_generic,9,3.287,,,,,,
7mm_rem_mag,0.284,lapua,scenar_l,150,vihtavuori_n560,147,66.7,3120,24,vihtavuori,large_rifle_mag_generic,9,3.287,,,,,,
7mm_rem_mag,0.284,lapua,naturalis_n564,155,vihtavuori_n160,143,52.8,2644,24,vihtavuori,large_rifle_mag_generic,9,3.268,,,,,,
7mm_rem_mag,0.284,lapua,naturalis_n564,155,vihtavuori_n165,153,60.6,2795,24,vihtavuori,large_rifle_mag_generic,9,3.268,,,,,,
7mm_rem_mag,0.284,lapua,naturalis_n564,155,vihtavuori_n560,147,60.2,2884,24,vihtavuori,large_rifle_mag_generic,9,3.268,,,,,,
7mm_rem_mag,0.284,lapua,naturalis,160,vihtavuori_n160,143,58,2818,24,vihtavuori,large_rifle_mag_generic,9,3.220,,,,,,
7mm_rem_mag,0.284,lapua,naturalis,160,vihtavuori_n165,153,63,2848,24,vihtavuori,large_rifle_mag_generic,9,3.220,,,,,,
7mm_rem_mag,0.284,lapua,naturalis,160,vihtavuori_n560,147,62.2,3094,24,vihtavuori,large_rifle_mag_generic,9,3.220,,,,,,
7mm_rem_mag,0.284,lapua,scenar_l,180,vihtavuori_n160,143,50,2510,24,vihtavuori,large_rifle_mag_generic,9,3.287,,,,,,
7mm_rem_mag,0.284,lapua,scenar_l,180,vihtavuori_n165,153,53.7,2569,24,vihtavuori,large_rifle_mag_generic,9,3.287,,,,,,
7mm_rem_mag,0.284,lapua,scenar_l,180,vihtavuori_n560,147,53.2,2651,24,vihtavuori,large_rifle_mag_generic,9,3.287,,,,,,
7mm_rem_mag,0.284,lapua,scenar_l,180,vihtavuori_n170,157,58.5,2644,24,vihtavuori,large_rifle_mag_generic,9,3.287,,,,,,
7mm_rem_mag,0.284,nosler,partition,150,vihtavuori_n160,143,54.5,2703,24,vihtavuori,large_rifle_mag_generic,9,3.287,,,,,,
7mm_rem_mag,0.284,nosler,partition,150,vihtavuori_n165,153,59,2779,24,vihtavuori,large_rifle_mag_generic,9,3.287,,,,,,
7mm_rem_mag,0.284,nosler,partition,150,vihtavuori_n560,147,60,2792,24,vihtavuori,large_rifle_mag_generic,9,3.287,,,,,,
7mm_rem_mag,0.284,nosler,partition,150,vihtavuori_n160,143,60.8,2992,24,vihtavuori,large_rifle_mag_generic,9,3.287,,,,,,
7mm_rem_mag,0.284,nosler,partition,150,vihtavuori_n165,153,66.7,3054,24,vihtavuori,large_rifle_mag_generic,9,3.287,,,,,,
7mm_rem_mag,0.284,nosler,partition,150,vihtavuori_n560,147,67.1,3110,24,vihtavuori,large_rifle_mag_generic,9,3.287,,,,,,
7mm_rem_mag,0.284,sierra,hpbt,168,vihtavuori_n160,143,50.3,2516,24,vihtavuori,large_rifle_mag_generic,9,3.287,,,,,,
7mm_rem_mag,0.284,sierra,hpbt,168,vihtavuori_n165,153,55.7,2585,24,vihtavuori,large_rifle_mag_generic,9,3.287,,,,,,
7mm_rem_mag,0.284,sierra,hpbt,168,vihtavuori_n560,147,57.9,2661,24,vihtavuori,large_rifle_mag_generic,9,3.287,,,,,,
7mm_rem_mag,0.284,sierra,hpbt,168,vihtavuori_n170,157,58.3,2552,24,vihtavuori,large_rifle_mag_generic,9,3.287,,,,,,
7mm_rem_mag,0.284,sierra,sbt,175,vihtavuori_n160,143,47.7,2418,24,vihtavuori,large_rifle_mag_generic,9,3.287,,,,,,
7mm_rem_mag,0.284,sierra,sbt,175,vihtavuori_n165,153,52.6,2448,24,vihtavuori,large_rifle_mag_generic,9,3.287,,,,,,
7mm_rem_mag,0.284,sierra,sbt,175,vihtavuori_n560,147,56.5,2595,24,vihtavuori,large_rifle_mag_generic,9,3.287,,,,,,
7mm_rem_mag,0.284,sierra,sbt,175,vihtavuori_n170,157,57.6,2497,24,vihtavuori,large_rifle_mag_generic,9,3.287,,,,,,
7mm_rem_mag,0.284,sierra,hpbt,168,vihtavuori_n160,143,59.6,2828,24,vihtavuori,large_rifle_mag_generic,9,3.287,,,,,,
7mm_rem_mag,0.284,sierra,hpbt,168,vihtavuori_n165,153,63.9,2799,24,vihtavuori,large_rifle_mag_generic,9,3.287,,,,,,
7mm_rem_mag,0.284,sierra,hpbt,168,vihtavuori_n560,147,65.7,2963,24,vihtavuori,large_rifle_mag_generic,9,3.287,,,,,,
7mm_rem_mag,0.284,sierra,hpbt,168,vihtavuori_n170,157,69.8,2910,24,vihtavuori,large_rifle_mag_generic,9,3.287,,,,,,
7mm_rem_mag,0.284,sierra,sbt,175,vihtavuori_n160,143,56.2,2710,24,vihtavuori,large_rifle_mag_generic,9,3.287,,,,,,
7mm_rem_mag,0.284,sierra,sbt,175,vihtavuori_n165,153,62.7,2802,24,vihtavuori,large_rifle_mag_generic,9,3.287,,,,,,
7mm_rem_mag,0.284,sierra,sbt,175,vihtavuori_n560,147,64.5,2904,24,vihtavuori,large_rifle_mag_generic,9,3.287,,,,,,
7mm_rem_mag,0.284,sierra,sbt,175,vihtavuori_n170,157,67.1,2828,24,vihtavuori,large_rifle_mag_generic,9,3.287,,,,,,
7mm_rem_mag,0.284,speer,grand_slam,160,vihtavuori_n160,143,51.1,2572,24,vihtavuori,large_rifle_mag_generic,9,3.228,,,,,,
7mm_rem_mag,0.284,speer,grand_slam,160,vihtavuori_n165,153,59.1,2664,24,vihtavuori,large_rifle_mag_generic,9,3.228,,,,,,
7mm_rem_mag,0.284,speer,grand_slam,160,vihtavuori_n560,147,60.3,2700,24,vihtavuori,large_rifle_mag_generic,9,3.228,,,,,,
7mm_rem_mag,0.284,speer,grand_slam,160,vihtavuori_n160,143,61.6,2887,24,vihtavuori,large_rifle_mag_generic,9,3.228,,,,,,
7mm_rem_mag,0.284,speer,grand_slam,160,vihtavuori_n165,153,68.1,2982,24,vihtavuori,large_rifle_mag_generic,9,3.228,,,,,,
7mm_rem_mag,0.284,speer,grand_slam,160,vihtavuori_n560,147,68.7,3035,24,vihtavuori,large_rifle_mag_generic,9,3.228,,,,,,
7mm_rem_mag,0.284,swift,a_frame,140,vihtavuori_n160,143,53.2,2717,24,vihtavuori,large_rifle_mag_generic,9,3.268,,,,,,
7mm_rem_mag,0.284,swift,a_frame,140,vihtavuori_n165,153,59.9,2831,24,vihtavuori,large_rifle_mag_generic,9,3.268,,,,,,
7mm_rem_mag,0.284,swift,a_frame,140,vihtavuori_n560,147,59.3,2795,24,vihtavuori,large_rifle_mag_generic,9,3.268,,,,,,
7mm_rem_mag,0.284,swift,a_frame,140,vihtavuori_n160,143,62.2,3068,24,vihtavuori,large_rifle_mag_generic,9,3.268,,,,,,
7mm_rem_mag,0.284,swift,a_frame,140,vihtavuori_n165,153,67.4,3133,24,vihtavuori,large_rifle_mag_generic,9,3.268,,,,,,
7mm_rem_mag,0.284,swift,a_frame,140,vihtavuori_n560,147,67.3,3169,24,vihtavuori,large_rifle_mag_generic,9,3.268,,,,,,
270_win,0.277,speer,Spitzer,100,vihtavuori_n150,124,44.5,2945,24.375,vihtavuori,large_rifle_generic,10,3.150,,,,,,
270_win,0.277,speer,Spitzer,100,vihtavuori_n160,143,58.6,3127,24.375,vihtavuori,large_rifle_generic,10,3.150,,,,,,
270_win,0.277,speer,Spitzer,100,vihtavuori_n165,153,61.7,3170,24.375,vihtavuori,large_rifle_generic,10,3.150,,,,,,
270_win,0.277,sierra,MatchKing,115,vihtavuori_n150,124,39.5,2733,24.375,vihtavuori,large_rifle_generic,10,3.287,,,,,,
270_win,0.277,sierra,MatchKing,115,vihtavuori_n550,129,44.3,2858,24.375,vihtavuori,large_rifle_generic,10,3.287,,,,,,
270_win,0.277,sierra,MatchKing,115,vihtavuori_n160,143,46,2769,24.375,vihtavuori,large_rifle_generic,10,3.287,,,,,,
270_win,0.277,remington,sp,130,vihtavuori_n160,143,51.5,2779,24.375,vihtavuori,large_rifle_generic,10,3.228,,,,,,
270_win,0.277,remington,sp,130,vihtavuori_n560,147,56.2,2873,24.375,vihtavuori,large_rifle_generic,10,3.228,,,,,,
270_win,0.277,rhino,solid_shank,130,vihtavuori_n555,144,50.9,2864,24.375,vihtavuori,large_rifle_generic,10,3.268,,,,,,
270_win,0.277,rhino,solid_shank,130,vihtavuori_n160,143,49.4,2733,24.375,vihtavuori,large_rifle_generic,10,3.268,,,,,,
270_win,0.277,rhino,solid_shank,130,vihtavuori_n165,153,55.6,2864,24.375,vihtavuori,large_rifle_generic,10,3.268,,,,,,
270_win,0.277,rhino,solid_shank,130,vihtavuori_n560,147,52.5,2795,24.375,vihtavuori,large_rifle_generic,10,3.268,,,,,,
270_win,0.277,speer,spbt,130,vihtavuori_n165,153,54.6,2787,24.375,vihtavuori,large_rifle_generic,10,3.268,,,,,,
270_win,0.277,swift,scirocco_ii,130,vihtavuori_n555,144,50.3,2867,24.375,vihtavuori,large_rifle_generic,10,3.331,,,,,,
270_win,0.277,swift,scirocco_ii,130,vihtavuori_n160,143,45.5,2684,24.375,vihtavuori,large_rifle_generic,10,3.331,,,,,,
270_win,0.277,swift,scirocco_ii,130,vihtavuori_n165,153,54,2874,24.375,vihtavuori,large_rifle_generic,10,3.331,,,,,,
270_win,0.277,swift,scirocco_ii,130,vihtavuori_n560,147,54,2831,24.375,vihtavuori,large_rifle_generic,10,3.331,,,,,,
270_win,0.277,swift,scirocco_ii,130,vihtavuori_n565,156,55.6,2831,24.375,vihtavuori,large_rifle_generic,10,3.331,,,,,,
270_win,0.277,sierra,hpbt,135,vihtavuori_n160,143,44.8,2697,24.375,vihtavuori,large_rifle_generic,10,3.268,,,,,,
270_win,0.277,sierra,hpbt,135,vihtavuori_n165,153,56.3,2769,24.375,vihtavuori,large_rifle_generic,10,3.268,,,,,,
270_win,0.277,sierra,hpbt,135,vihtavuori_n560,147,55.9,2874,24.375,vihtavuori,large_rifle_generic,10,3.268,,,,,,
270_win,0.277,barnes,tsx,140,vihtavuori_n550,129,37.7,2418,24.375,vihtavuori,large_rifle_generic,10,3.209,,,,,,
270_win,0.277,barnes,tsx,140,vihtavuori_n165,153,44.8,2533,24.375,vihtavuori,large_rifle_generic,10,3.209,,,,,,
270_win,0.277,barnes,tsx,140,vihtavuori_n560,147,48.1,2618,24.375,vihtavuori,large_rifle_generic,10,3.209,,,,,,
270_win,0.277,rhino,solid_shank,140,vihtavuori_n160,143,47.1,2598,24.375,vihtavuori,large_rifle_generic,10,3.268,,,,,,
270_win,0.277,rhino,solid_shank,140,vihtavuori_n165,153,52.5,2700,24.375,vihtavuori,large_rifle_generic,10,3.268,,,,,,
270_win,0.277,rhino,solid_shank,140,vihtavuori_n560,147,50.2,2667,24.375,vihtavuori,large_rifle_generic,10,3.268,,,,,,
270_win,0.277,swift,A-Frame,140,vihtavuori_n550,129,40.6,2487,24.375,vihtavuori,large_rifle_generic,10,3.228,,,,,,
270_win,0.277,swift,A-Frame,140,vihtavuori_n165,153,47.1,2592,24.375,vihtavuori,large_rifle_generic,10,3.228,,,,,,
270_win,0.277,swift,A-Frame,140,vihtavuori_n560,147,48.1,2589,24.375,vihtavuori,large_rifle_generic,10,3.228,,,,,,
270_win,0.277,barnes,tsx,150,vihtavuori_n550,129,37.7,2336,24.375,vihtavuori,large_rifle_generic,10,3.228,,,,,,
270_win,0.277,barnes,tsx,150,vihtavuori_n165,153,41.8,2339,24.375,vihtavuori,large_rifle_generic,10,3.228,,,,,,
270_win,0.277,barnes,tsx,150,vihtavuori_n560,147,44.8,2448,24.375,vihtavuori,large_rifle_generic,10,3.228,,,,,,
270_win,0.277,nosler,ballistic_tip,150,vihtavuori_n160,143,45.1,2395,24.375,vihtavuori,large_rifle_generic,10,3.287,,,,,,
270_win,0.277,nosler,ballistic_tip,150,vihtavuori_n165,153,47.8,2408,24.375,vihtavuori,large_rifle_generic,10,3.287,,,,,,
270_win,0.277,nosler,ballistic_tip,150,vihtavuori_n560,147,48.3,2434,24.375,vihtavuori,large_rifle_generic,10,3.287,,,,,,
270_win,0.277,swift,A-Frame,150,vihtavuori_n555,144,44.8,2579,24.375,vihtavuori,large_rifle_generic,10,3.331,,,,,,
270_win,0.277,swift,A-Frame,150,vihtavuori_n160,143,42.4,2444,24.375,vihtavuori,large_rifle_generic,10,3.331,,,,,,
270_win,0.277,swift,A-Frame,150,vihtavuori_n165,153,47.8,2579,24.375,vihtavuori,large_rifle_generic,10,3.331,,,,,,
270_win,0.277,swift,A-Frame,150,vihtavuori_n560,147,49.4,2608,24.375,vihtavuori,large_rifle_generic,10,3.331,,,,,,
270_win,0.277,swift,A-Frame,150,vihtavuori_n565,156,50.9,2628,24.375,vihtavuori,large_rifle_generic,10,3.331,,,,,,
270_win,0.277,nosler,Partition,160,vihtavuori_n160,143,38.6,2293,24.375,vihtavuori,large_rifle_generic,10,3.331,,,,,,
270_win,0.277,nosler,Partition,160,vihtavuori_n165,153,44.4,2411,24.375,vihtavuori,large_rifle_generic,10,3.331,,,,,,
270_win,0.277,nosler,Partition,160,vihtavuori_n560,147,46.5,2444,24.375,vihtavuori,large_rifle_generic,10,3.331,,,,,,
270_win,0.277,speer,Spitzer,100,vihtavuori_n150,124,52.8,3273,24.375,vihtavuori,large_rifle_generic,10,3.150,,,,,,
270_win,0.277,speer,Spitzer,100,vihtavuori_n160,143,65.8,3468,24.375,vihtavuori,large_rifle_generic,10,3.150,yes,,,,,
270_win,0.277,speer,Spitzer,100,vihtavuori_n165,153,69.9,3509,24.375,vihtavuori,large_rifle_generic,10,3.150,yes,,,,,
270_win,0.277,sierra,MatchKing,115,vihtavuori_n150,124,45.4,3031,24.375,vihtavuori,large_rifle_generic,10,3.287,,,,,,
270_win,0.277,sierra,MatchKing,115,vihtavuori_n550,129,49.1,3130,24.375,vihtavuori,large_rifle_generic,10,3.287,,,,,,
270_win,0.277,sierra,MatchKing,115,vihtavuori_n160,143,54.6,3143,24.375,vihtavuori,large_rifle_generic,10,3.287,,,,,,
270_win,0.277,remington,sp,130,vihtavuori_n160,143,58,3083,24.375,vihtavuori,large_rifle_generic,10,3.228,,,,,,
270_win,0.277,remington,sp,130,vihtavuori_n560,147,61.3,3132,24.375,vihtavuori,large_rifle_generic,10,3.228,,,,,,
270_win,0.277,rhino,solid_shank,130,vihtavuori_n555,144,54.5,3051,24.375,vihtavuori,large_rifle_generic,10,3.268,,,,,,
270_win,0.277,rhino,solid_shank,130,vihtavuori_n160,143,54.3,2969,24.375,vihtavuori,large_rifle_generic,10,3.268,,,,,,
270_win,0.277,rhino,solid_shank,130,vihtavuori_n165,153,59.1,3058,24.375,vihtavuori,large_rifle_generic,10,3.268,,,,,,
270_win,0.277,rhino,solid_shank,130,vihtavuori_n560,147,56.6,3031,24.375,vihtavuori,large_rifle_generic,10,3.268,,,,,,
270_win,0.277,speer,spbt,130,vihtavuori_n165,153,62,3089,24.375,vihtavuori,large_rifle_generic,10,3.268,,,,,,
270_win,0.277,swift,scirocco_ii,130,vihtavuori_n555,144,54.5,3084,24.375,vihtavuori,large_rifle_generic,10,3.331,,,,,,
270_win,0.277,swift,scirocco_ii,130,vihtavuori_n160,143,54.2,2992,24.375,vihtavuori,large_rifle_generic,10,3.331,,,,,,
270_win,0.277,swift,scirocco_ii,130,vihtavuori_n165,153,60.2,3120,24.375,vihtavuori,large_rifle_generic,10,3.331,yes,,,,,
270_win,0.277,swift,scirocco_ii,130,vihtavuori_n560,147,59,3104,24.375,vihtavuori,large_rifle_generic,10,3.331,yes,,,,,
270_win,0.277,swift,scirocco_ii,130,vihtavuori_n565,156,60.5,3068,24.375,vihtavuori,large_rifle_generic,10,3.331,yes,,,,,
270_win,0.277,sierra,hpbt,135,vihtavuori_n160,143,56.5,3048,24.375,vihtavuori,large_rifle_generic,10,3.268,,,,,,
270_win,0.277,sierra,hpbt,135,vihtavuori_n165,153,60.2,3041,24.375,vihtavuori,large_rifle_generic,10,3.268,,,,,,
270_win,0.277,sierra,hpbt,135,vihtavuori_n560,147,60.3,3140,24.375,vihtavuori,large_rifle_generic,10,3.268,,,,,,
270_win,0.277,barnes,tsx,140,vihtavuori_n550,129,46.5,2822,24.375,vihtavuori,large_rifle_generic,10,3.209,,,,,,
270_win,0.277,barnes,tsx,140,vihtavuori_n165,153,52.8,2828,24.375,vihtavuori,large_rifle_generic,10,3.209,,,,,,
270_win,0.277,barnes,tsx,140,vihtavuori_n560,147,53.7,2894,24.375,vihtavuori,large_rifle_generic,10,3.209,,,,,,
270_win,0.277,rhino,solid_shank,140,vihtavuori_n160,143,52.8,2864,24.375,vihtavuori,large_rifle_generic,10,3.268,,,,,,
270_win,0.277,rhino,solid_shank,140,vihtavuori_n165,153,56.8,2930,24.375,vihtavuori,large_rifle_generic,10,3.268,,,,,,
270_win,0.277,rhino,solid_shank,140,vihtavuori_n560,147,54.9,2930,24.375,vihtavuori,large_rifle_generic,10,3.268,,,,,,
270_win,0.277,swift,A-Frame,140,vihtavuori_n550,129,47.5,2818,24.375,vihtavuori,large_rifle_generic,10,3.228,,,,,,
270_win,0.277,swift,A-Frame,140,vihtavuori_n165,153,55.4,2844,24.375,vihtavuori,large_rifle_generic,10,3.228,,,,,,
270_win,0.277,swift,A-Frame,140,vihtavuori_n560,147,55.6,2913,24.375,vihtavuori,large_rifle_generic,10,3.228,,,,,,
270_win,0.277,barnes,tsx,150,vihtavuori_n550,129,45.2,2694,24.375,vihtavuori,large_rifle_generic,10,3.228,,,,,,
270_win,0.277,barnes,tsx,150,vihtavuori_n165,153,50.5,2687,24.375,vihtavuori,large_rifle_generic,10,3.228,,,,,,
270_win,0.277,barnes,tsx,150,vihtavuori_n560,147,51.9,2779,24.375,vihtavuori,large_rifle_generic,10,3.228,,,,,,
270_win,0.277,nosler,ballistic_tip,150,vihtavuori_n160,143,52.3,2762,24.375,vihtavuori,large_rifle_generic,10,3.287,,,,,,
270_win,0.277,nosler,ballistic_tip,150,vihtavuori_n165,153,57.7,2854,24.375,vihtavuori,large_rifle_generic,10,3.287,,,,,,
270_win,0.277,nosler,ballistic_tip,150,vihtavuori_n560,147,56.5,2854,24.375,vihtavuori,large_rifle_generic,10,3.287,,,,,,
270_win,0.277,swift,A-Frame,150,vihtavuori_n555,144,50.3,2812,24.375,vihtavuori,large_rifle_generic,10,3.331,,,,,,
270_win,0.277,swift,A-Frame,150,vihtavuori_n160,143,47.8,2680,24.375,vihtavuori,large_rifle_generic,10,3.331,,,,,,
270_win,0.277,swift,A-Frame,150,vihtavuori_n165,153,55.4,2835,24.375,vihtavuori,large_rifle_generic,10,3.331,,,,,,
270_win,0.277,swift,A-Frame,150,vihtavuori_n560,147,55.4,2887,24.375,vihtavuori,large_rifle_generic,10,3.331,,,,,,
270_win,0.277,swift,A-Frame,150,vihtavuori_n565,156,56.3,2858,24.375,vihtavuori,large_rifle_generic,10,3.331,,,,,,
270_win,0.277,nosler,Partition,160,vihtavuori_n160,143,44.6,2562,24.375,vihtavuori,large_rifle_generic,10,3.331,,,,,,
270_win,0.277,nosler,Partition,160,vihtavuori_n165,153,51.1,2661,24.375,vihtavuori,large_rifle_generic,10,3.331,,,,,,
270_win,0.277,nosler,Partition,160,vihtavuori_n560,147,52.8,2779,24.375,vihtavuori,large_rifle_generic,10,3.331,,,,,,
270_weatherby_mag,0.277,remington,PSP,100,vihtavuori_n550,129,66.8,3401,25.5,vihtavuori,large_rifle_mag_generic,12,3.110,,,,,,
270_weatherby_mag,0.277,remington,PSP,100,vihtavuori_n160,143,71,3421,25.5,vihtavuori,large_rifle_mag_generic,12,3.110,,,,,,
270_weatherby_mag,0.277,remington,PSP,100,vihtavuori_n165,153,78.4,3428,25.5,vihtavuori,large_rifle_mag_generic,12,3.110,,,,,,
270_weatherby_mag,0.277,remington,PSPCL,130,vihtavuori_n160,143,66.5,3080,25.5,vihtavuori,large_rifle_mag_generic,12,3.236,,,,,,
270_weatherby_mag,0.277,remington,PSPCL,130,vihtavuori_n165,153,71.3,3055,25.5,vihtavuori,large_rifle_mag_generic,12,3.236,,,,,,
270_weatherby_mag,0.277,remington,PSPCL,130,vihtavuori_n560,147,72.7,3108,25.5,vihtavuori,large_rifle_mag_generic,12,3.236,,,,,,
270_weatherby_mag,0.277,sierra,hpbt,135,vihtavuori_n160,143,65,2964,25.5,vihtavuori,large_rifle_mag_generic,12,3.268,,,,,,
270_weatherby_mag,0.277,sierra,hpbt,135,vihtavuori_n165,153,70.2,3029,25.5,vihtavuori,large_rifle_mag_generic,12,3.268,,,,,,
270_weatherby_mag,0.277,sierra,hpbt,135,vihtavuori_n560,147,71.2,3137,25.5,vihtavuori,large_rifle_mag_generic,12,3.268,,,,,,
270_weatherby_mag,0.277,nosler,Partition,150,vihtavuori_n165,153,67,2876,25.5,vihtavuori,large_rifle_mag_generic,12,3.248,,,,,,
270_weatherby_mag,0.277,nosler,Partition,150,vihtavuori_n560,147,67.6,2954,25.5,vihtavuori,large_rifle_mag_generic,12,3.248,,,,,,
270_weatherby_mag,0.277,nosler,Partition,150,vihtavuori_n170,157,73.4,2906,25.5,vihtavuori,large_rifle_mag_generic,12,3.248,,,,,,
270_weatherby_mag,0.277,remington,PSP,100,vihtavuori_n550,129,71.7,3666,25.5,vihtavuori,large_rifle_mag_generic,12,3.110,,,,,,
270_weatherby_mag,0.277,remington,PSP,100,vihtavuori_n160,143,74.9,3634,25.5,vihtavuori,large_rifle_mag_generic,12,3.110,,,,,,
270_weatherby_mag,0.277,remington,PSP,100,vihtavuori_n165,153,83,3658,25.5,vihtavuori,large_rifle_mag_generic,12,3.110,,,,,,
270_weatherby_mag,0.277,remington,PSPCL,130,vihtavuori_n160,143,71.1,3284,25.5,vihtavuori,large_rifle_mag_generic,12,3.236,,,,,,
270_weatherby_mag,0.277,remington,PSPCL,130,vihtavuori_n165,153,76,3270,25.5,vihtavuori,large_rifle_mag_generic,12,3.236,,,,,,
270_weatherby_mag,0.277,remington,PSPCL,130,vihtavuori_n560,147,76.9,3294,25.5,vihtavuori,large_rifle_mag_generic,12,3.236,,,,,,
270_weatherby_mag,0.277,sierra,hpbt,135,vihtavuori_n160,143,68.3,3167,25.5,vihtavuori,large_rifle_mag_generic,12,3.268,,,,,,
270_weatherby_mag,0.277,sierra,hpbt,135,vihtavuori_n165,153,72.5,3244,25.5,vihtavuori,large_rifle_mag_generic,12,3.268,,,,,,
270_weatherby_mag,0.277,sierra,hpbt,135,vihtavuori_n560,147,74.2,3323,25.5,vihtavuori,large_rifle_mag_generic,12,3.268,,,,,,
270_weatherby_mag,0.277,nosler,Partition,150,vihtavuori_n165,153,72.2,3072,25.5,vihtavuori,large_rifle_mag_generic,12,3.248,,,,,,
270_weatherby_mag,0.277,nosler,Partition,150,vihtavuori_n560,147,71,3134,25.5,vihtavuori,large_rifle_mag_generic,12,3.248,,,,,,
270_weatherby_mag,0.277,nosler,Partition,150,vihtavuori_n170,157,78.8,3134,25.5,vihtavuori,large_rifle_mag_generic,12,3.248,,,,,,
260_rem,0.264,speer,TNT,90,vihtavuori_n140,112,39.8,2995,24.75,vihtavuori,large_rifle_generic,9,2.598,,,,,,
260_rem,0.264,speer,TNT,90,vihtavuori_n540,117,42.4,3150,24.75,vihtavuori,large_rifle_generic,9,2.598,,,,,,
260_rem,0.264,speer,TNT,90,vihtavuori_n150,124,40.3,3051,24.75,vihtavuori,large_rifle_generic,9,2.598,,,,,,
260_rem,0.264,speer,TNT,90,vihtavuori_n550,129,43.7,3110,24.75,vihtavuori,large_rifle_generic,9,2.598,,,,,,
260_rem,0.264,fox,classic_hunter,100,vihtavuori_n140,112,36.3,2703,24.75,vihtavuori,large_rifle_generic,9,2.795,,,,,,
260_rem,0.264,fox,classic_hunter,100,vihtavuori_n540,117,39,2864,24.75,vihtavuori,large_rifle_generic,9,2.795,,,,,,
260_rem,0.264,fox,classic_hunter,100,vihtavuori_n150,124,36.4,2730,24.75,vihtavuori,large_rifle_generic,9,2.795,,,,,,
260_rem,0.264,fox,classic_hunter,100,vihtavuori_n160,143,45.5,2867,24.75,vihtavuori,large_rifle_generic,9,2.795,,,,,,
260_rem,0.264,hornady,eld_vt,100,vihtavuori_n140,112,37,2828,24.75,vihtavuori,large_rifle_generic,9,2.795,,,,,,
260_rem,0.264,hornady,eld_vt,100,vihtavuori_n540,117,38.1,2881,24.75,vihtavuori,large_rifle_generic,9,2.795,,,,,,
260_rem,0.264,hornady,eld_vt,100,vihtavuori_n150,124,36.6,2812,24.75,vihtavuori,large_rifle_generic,9,2.795,,,,,,
260_rem,0.264,hornady,eld_vt,100,vihtavuori_n550,129,41.2,2894,24.75,vihtavuori,large_rifle_generic,9,2.795,,,,,,
260_rem,0.264,hornady,eld_vt,100,vihtavuori_n555,144,44.8,2933,24.75,vihtavuori,large_rifle_generic,9,2.795,,,,,,
260_rem,0.264,hornady,eld_vt,100,vihtavuori_n160,143,45.5,2881,24.75,vihtavuori,large_rifle_generic,9,2.795,,,,,,
260_rem,0.264,lapua,fmj,100,vihtavuori_n140,112,32.1,2510,24.75,vihtavuori,large_rifle_generic,9,2.598,,,,,,
260_rem,0.264,lapua,fmj,100,vihtavuori_n540,117,35.8,2615,24.75,vihtavuori,large_rifle_generic,9,2.598,,,,,,
260_rem,0.264,lapua,fmj,100,vihtavuori_n150,124,32.7,2523,24.75,vihtavuori,large_rifle_generic,9,2.598,,,,,,
260_rem,0.264,lapua,scenar,100,vihtavuori_n140,112,36,2677,24.75,vihtavuori,large_rifle_generic,9,2.717,,,,,,
260_rem,0.264,lapua,scenar,100,vihtavuori_n540,117,38.4,2700,24.75,vihtavuori,large_rifle_generic,9,2.717,,,,,,
260_rem,0.264,lapua,scenar,100,vihtavuori_n150,124,37.5,2687,24.75,vihtavuori,large_rifle_generic,9,2.717,,,,,,
260_rem,0.264,sierra,HPFB,100,vihtavuori_n140,112,35.5,2708,24.75,vihtavuori,large_rifle_generic,9,2.657,,,,,,
260_rem,0.264,sierra,HPFB,100,vihtavuori_n540,117,36.9,2725,24.75,vihtavuori,large_rifle_generic,9,2.657,,,,,,
260_rem,0.264,sierra,HPFB,100,vihtavuori_n150,124,35.7,2669,24.75,vihtavuori,large_rifle_generic,9,2.657,,,,,,
260_rem,0.264,lapua,scenar,108,vihtavuori_n540,117,36.2,2631,24.75,vihtavuori,large_rifle_generic,9,2.795,,,,,,
260_rem,0.264,lapua,scenar,108,vihtavuori_n150,124,35.1,2594,24.75,vihtavuori,large_rifle_generic,9,2.795,,,,,,
260_rem,0.264,lapua,scenar,108,vihtavuori_n160,143,41,2670,24.75,vihtavuori,large_rifle_generic,9,2.795,,,,,,
260_rem,0.264,barnes,ttsx_bt,120,vihtavuori_n140,112,32.9,2329,24.75,vihtavuori,large_rifle_generic,9,2.772,,,,,,
260_rem,0.264,barnes,ttsx_bt,120,vihtavuori_n540,117,34.1,2457,24.75,vihtavuori,large_rifle_generic,9,2.772,,,,,,
260_rem,0.264,barnes,ttsx_bt,120,vihtavuori_n150,124,29.5,2205,24.75,vihtavuori,large_rifle_generic,9,2.772,,,,,,
260_rem,0.264,berger,BT Target,120,vihtavuori_n540,117,35.3,2598,24.75,vihtavuori,large_rifle_generic,9,2.795,,,,,,
260_rem,0.264,berger,BT Target,120,vihtavuori_n150,124,33.8,2510,24.75,vihtavuori,large_rifle_generic,9,2.795,,,,,,
260_rem,0.264,berger,BT Target,120,vihtavuori_n550,129,38.9,2628,24.75,vihtavuori,large_rifle_generic,9,2.795,,,,,,
260_rem,0.264,berger,BT Target,120,vihtavuori_n160,143,42.1,2657,24.75,vihtavuori,large_rifle_generic,9,2.795,,,,,,
260_rem,0.264,hornady,cx,120,vihtavuori_n140,112,31.6,2280,24.75,vihtavuori,large_rifle_generic,9,2.795,,,,,,
260_rem,0.264,hornady,cx,120,vihtavuori_n540,117,33.3,2438,24.75,vihtavuori,large_rifle_generic,9,2.795,,,,,,
260_rem,0.264,hornady,cx,120,vihtavuori_n150,124,30.9,2274,24.75,vihtavuori,large_rifle_generic,9,2.795,,,,,,
260_rem,0.264,hornady,cx,120,vihtavuori_n550,129,35.5,2434,24.75,vihtavuori,large_rifle_generic,9,2.795,,,,,,
260_rem,0.264,hornady,cx,120,vihtavuori_n555,144,37,2470,24.75,vihtavuori,large_rifle_generic,9,2.795,,,,,,
260_rem,0.264,hornady,cx,120,vihtavuori_n160,143,35.5,2333,24.75,vihtavuori,large_rifle_generic,9,2.795,,,,,,
260_rem,0.264,hornady,cx,120,vihtavuori_n560,147,41.7,2516,24.75,vihtavuori,large_rifle_generic,9,2.795,,,,,,
260_rem,0.264,lapua,Scenar-L,120,vihtavuori_n540,117,35.3,2425,24.75,vihtavuori,large_rifle_generic,9,2.795,,,,,,
260_rem,0.264,lapua,Scenar-L,120,vihtavuori_n150,124,35.8,2497,24.75,vihtavuori,large_rifle_generic,9,2.795,,,,,,
260_rem,0.264,lapua,Scenar-L,120,vihtavuori_n550,129,39.2,2585,24.75,vihtavuori,large_rifle_generic,9,2.795,,,,,,
260_rem,0.264,lapua,Scenar-L,120,vihtavuori_n160,143,41.8,2530,24.75,vihtavuori,large_rifle_generic,9,2.795,,,,,,
260_rem,0.264,lapua,trx,120,vihtavuori_n140,112,34.7,2503,24.75,vihtavuori,large_rifle_generic,9,2.795,,,,,,
260_rem,0.264,lapua,trx,120,vihtavuori_n540,117,35.5,2595,24.75,vihtavuori,large_rifle_generic,9,2.795,,,,,,
260_rem,0.264,lapua,trx,120,vihtavuori_n150,124,34.3,2493,24.75,vihtavuori,large_rifle_generic,9,2.795,,,,,,
260_rem,0.264,lapua,trx,120,vihtavuori_n550,129,38.3,2605,24.75,vihtavuori,large_rifle_generic,9,2.795,,,,,,
260_rem,0.264,lapua,trx,120,vihtavuori_n555,144,42.3,2667,24.75,vihtavuori,large_rifle_generic,9,2.795,,,,,,
260_rem,0.264,lapua,trx,120,vihtavuori_n160,143,42.4,2598,24.75,vihtavuori,large_rifle_generic,9,2.795,,,,,,
260_rem,0.264,lapua,trx,120,vihtavuori_n560,147,45.2,2651,24.75,vihtavuori,large_rifle_generic,9,2.795,,,,,,
260_rem,0.264,nosler,ballistic_tip,120,vihtavuori_n140,112,33.6,2461,24.75,vihtavuori,large_rifle_generic,9,2.799,,,,,,
260_rem,0.264,nosler,ballistic_tip,120,vihtavuori_n150,124,34,2477,24.75,vihtavuori,large_rifle_generic,9,2.799,,,,,,
260_rem,0.264,nosler,ballistic_tip,120,vihtavuori_n160,143,42.9,2644,24.75,vihtavuori,large_rifle_generic,9,2.799,,,,,,
260_rem,0.264,speer,sp,120,vihtavuori_n540,117,34.2,2456,24.75,vihtavuori,large_rifle_generic,9,2.795,,,,,,
260_rem,0.264,speer,sp,120,vihtavuori_n550,129,36.5,2511,24.75,vihtavuori,large_rifle_generic,9,2.795,,,,,,
260_rem,0.264,speer,sp,120,vihtavuori_n160,143,38.2,2478,24.75,vihtavuori,large_rifle_generic,9,2.795,,,,,,
260_rem,0.264,lapua,scenar,123,vihtavuori_n150,124,33.2,2405,24.75,vihtavuori,large_rifle_generic,9,2.795,,,,,,
260_rem,0.264,lapua,scenar,123,vihtavuori_n550,129,37.5,2287,24.75,vihtavuori,large_rifle_generic,9,2.795,,,,,,
260_rem,0.264,lapua,scenar,123,vihtavuori_n160,143,41.2,2516,24.75,vihtavuori,large_rifle_generic,9,2.795,,,,,,
260_rem,0.264,sierra,HPBT MatchKing,123,vihtavuori_n140,112,34,2520,24.75,vihtavuori,large_rifle_generic,9,2.795,,,,,,
260_rem,0.264,sierra,HPBT MatchKing,123,vihtavuori_n540,117,35.8,2605,24.75,vihtavuori,large_rifle_generic,9,2.795,,,,,,
260_rem,0.264,sierra,HPBT MatchKing,123,vihtavuori_n150,124,33.8,2520,24.75,vihtavuori,large_rifle_generic,9,2.795,,,,,,
260_rem,0.264,sierra,HPBT MatchKing,123,vihtavuori_n550,129,38.9,2651,24.75,vihtavuori,large_rifle_generic,9,2.795,,,,,,
260_rem,0.264,sierra,HPBT MatchKing,123,vihtavuori_n555,144,42.4,2690,24.75,vihtavuori,large_rifle_generic,9,2.795,,,,,,
260_rem,0.264,sierra,HPBT MatchKing,123,vihtavuori_n160,143,41.7,2628,24.75,vihtavuori,large_rifle_generic,9,2.795,,,,,,
260_rem,0.264,sierra,HPBT MatchKing,123,vihtavuori_n560,147,44.8,2671,24.75,vihtavuori,large_rifle_generic,9,2.795,,,,,,
260_rem,0.264,barnes,lrx_bt,127,vihtavuori_n140,112,31.5,2211,24.75,vihtavuori,large_rifle_generic,9,2.795,,,,,,
260_rem,0.264,barnes,lrx_bt,127,vihtavuori_n540,117,34.7,2372,24.75,vihtavuori,large_rifle_generic,9,2.795,,,,,,
260_rem,0.264,barnes,lrx_bt,127,vihtavuori_n150,124,31.3,2231,24.75,vihtavuori,large_rifle_generic,9,2.795,,,,,,
260_rem,0.264,barnes,lrx_bt,127,vihtavuori_n550,129,36.7,2451,24.75,vihtavuori,large_rifle_generic,9,2.795,,,,,,
260_rem,0.264,barnes,lrx_bt,127,vihtavuori_n160,143,38.6,2411,24.75,vihtavuori,large_rifle_generic,9,2.795,,,,,,
260_rem,0.264,barnes,lrx_bt,127,vihtavuori_n560,147,42.9,2503,24.75,vihtavuori,large_rifle_generic,9,2.795,,,,,,
260_rem,0.264,barnes,lrx_bt,127,vihtavuori_n565,156,45.1,2526,24.75,vihtavuori,large_rifle_generic,9,2.795,,,,,,
260_rem,0.264,hornady,Interlock SP,129,vihtavuori_n140,112,31.6,2323,24.75,vihtavuori,large_rifle_generic,9,2.795,,,,,,
260_rem,0.264,hornady,Interlock SP,129,vihtavuori_n540,117,32.4,2415,24.75,vihtavuori,large_rifle_generic,9,2.795,,,,,,
260_rem,0.264,hornady,Interlock SP,129,vihtavuori_n150,124,30.9,2290,24.75,vihtavuori,large_rifle_generic,9,2.795,,,,,,
260_rem,0.264,hornady,Interlock SP,129,vihtavuori_n550,129,35.5,2484,24.75,vihtavuori,large_rifle_generic,9,2.795,,,,,,
260_rem,0.264,hornady,Interlock SP,129,vihtavuori_n555,144,38.6,2503,24.75,vihtavuori,large_rifle_generic,9,2.795,,,,,,
260_rem,0.264,hornady,Interlock SP,129,vihtavuori_n160,143,37,2392,24.75,vihtavuori,large_rifle_generic,9,2.795,,,,,,
260_rem,0.264,hornady,Interlock SP,129,vihtavuori_n560,147,40.9,2510,24.75,vihtavuori,large_rifle_generic,9,2.795,,,,,,
260_rem,0.264,barnes,tsx,130,vihtavuori_n540,117,33.5,2362,24.75,vihtavuori,large_rifle_generic,9,2.787,,,,,,
260_rem,0.264,barnes,tsx,130,vihtavuori_n550,129,34.9,2352,24.75,vihtavuori,large_rifle_generic,9,2.787,,,,,,
260_rem,0.264,barnes,tsx,130,vihtavuori_n160,143,35.8,2303,24.75,vihtavuori,large_rifle_generic,9,2.787,,,,,,
260_rem,0.264,sierra,TGK,130,vihtavuori_n140,112,31.6,2362,24.75,vihtavuori,large_rifle_generic,9,2.795,,,,,,
260_rem,0.264,sierra,TGK,130,vihtavuori_n540,117,34,2484,24.75,vihtavuori,large_rifle_generic,9,2.795,,,,,,
260_rem,0.264,sierra,TGK,130,vihtavuori_n150,124,31.3,2339,24.75,vihtavuori,large_rifle_generic,9,2.795,,,,,,
260_rem,0.264,sierra,TGK,130,vihtavuori_n550,129,37,2533,24.75,vihtavuori,large_rifle_generic,9,2.795,,,,,,
260_rem,0.264,sierra,TGK,130,vihtavuori_n555,144,39.8,2559,24.75,vihtavuori,large_rifle_generic,9,2.795,,,,,,
260_rem,0.264,sierra,TGK,130,vihtavuori_n160,143,36.4,2408,24.75,vihtavuori,large_rifle_generic,9,2.795,,,,,,
260_rem,0.264,sierra,TGK,130,vihtavuori_n560,147,42.4,2549,24.75,vihtavuori,large_rifle_generic,9,2.795,,,,,,
260_rem,0.264,berger,Hybrid OTM Tactical,130,vihtavuori_n540,117,34.3,2500,24.75,vihtavuori,large_rifle_generic,9,2.795,,,,,,
260_rem,0.264,berger,Hybrid OTM Tactical,130,vihtavuori_n150,124,33.5,2448,24.75,vihtavuori,large_rifle_generic,9,2.795,,,,,,
260_rem,0.264,berger,Hybrid OTM Tactical,130,vihtavuori_n550,129,37.8,2549,24.75,vihtavuori,large_rifle_generic,9,2.795,,,,,,
260_rem,0.264,berger,Hybrid OTM Tactical,130,vihtavuori_n160,143,41.8,2579,24.75,vihtavuori,large_rifle_generic,9,2.795,,,,,,
260_rem,0.264,berger,VLD Target,130,vihtavuori_n140,112,32.6,2425,24.75,vihtavuori,large_rifle_generic,9,2.795,,,,,,
260_rem,0.264,berger,VLD Target,130,vihtavuori_n540,117,33.8,2497,24.75,vihtavuori,large_rifle_generic,9,2.795,,,,,,
260_rem,0.264,berger,VLD Target,130,vihtavuori_n150,124,32.3,2431,24.75,vihtavuori,large_rifle_generic,9,2.795,,,,,,
260_rem,0.264,berger,VLD Target,130,vihtavuori_n550,129,38,2552,24.75,vihtavuori,large_rifle_generic,9,2.795,,,,,,
260_rem,0.264,berger,VLD Target,130,vihtavuori_n555,144,40,2598,24.75,vihtavuori,large_rifle_generic,9,2.795,,,,,,
260_rem,0.264,swift,scirocco_ii,130,vihtavuori_n140,112,31.8,2359,24.75,vihtavuori,large_rifle_generic,9,2.795,,,,,,
260_rem,0.264,swift,scirocco_ii,130,vihtavuori_n540,117,32.7,2408,24.75,vihtavuori,large_rifle_generic,9,2.795,,,,,,
260_rem,0.264,swift,scirocco_ii,130,vihtavuori_n150,124,31.2,2369,24.75,vihtavuori,large_rifle_generic,9,2.795,,,,,,
260_rem,0.264,swift,scirocco_ii,130,vihtavuori_n550,129,35.5,2434,24.75,vihtavuori,large_rifle_generic,9,2.795,,,,,,
260_rem,0.264,swift,scirocco_ii,130,vihtavuori_n560,147,42.3,2500,24.75,vihtavuori,large_rifle_generic,9,2.795,,,,,,
260_rem,0.264,berger,classic_hunter,135,vihtavuori_n540,117,32.9,2415,24.75,vihtavuori,large_rifle_generic,9,2.795,,,,,,
260_rem,0.264,berger,classic_hunter,135,vihtavuori_n150,124,32.3,2365,24.75,vihtavuori,large_rifle_generic,9,2.795,,,,,,
260_rem,0.264,berger,classic_hunter,135,vihtavuori_n550,129,37.3,2487,24.75,vihtavuori,large_rifle_generic,9,2.795,,,,,,
260_rem,0.264,berger,classic_hunter,135,vihtavuori_n160,143,40,2484,24.75,vihtavuori,large_rifle_generic,9,2.795,,,,,,
260_rem,0.264,berger,classic_hunter,135,vihtavuori_n560,147,43.1,2520,24.75,vihtavuori,large_rifle_generic,9,2.795,,,,,,
260_rem,0.264,lapua,Scenar-L,136,vihtavuori_n550,129,38.1,2477,24.75,vihtavuori,large_rifle_generic,9,2.795,,,,,,
260_rem,0.264,lapua,Scenar-L,136,vihtavuori_n555,144,40.1,2523,24.75,vihtavuori,large_rifle_generic,9,2.795,,,,,,
260_rem,0.264,lapua,Scenar-L,136,vihtavuori_n160,143,41.8,2487,24.75,vihtavuori,large_rifle_generic,9,2.795,,,,,,
260_rem,0.264,lapua,Scenar-L,136,vihtavuori_n560,147,43.5,2500,24.75,vihtavuori,large_rifle_generic,9,2.795,,,,,,
260_rem,0.264,lapua,scenar,139,vihtavuori_n550,129,37,2480,24.75,vihtavuori,large_rifle_generic,9,2.795,,,,,,
260_rem,0.264,lapua,scenar,139,vihtavuori_n555,144,40,2490,24.75,vihtavuori,large_rifle_generic,9,2.795,,,,,,
260_rem,0.264,lapua,scenar,139,vihtavuori_n160,143,40.1,2480,24.75,vihtavuori,large_rifle_generic,9,2.795,,,,,,
260_rem,0.264,lapua,scenar,139,vihtavuori_n560,147,42,2461,24.75,vihtavuori,large_rifle_generic,9,2.795,,,,,,
260_rem,0.264,berger,elite_hunter,140,vihtavuori_n150,124,31.6,2303,24.75,vihtavuori,large_rifle_generic,9,2.795,,,,,,
260_rem,0.264,berger,elite_hunter,140,vihtavuori_n550,129,36.3,2421,24.75,vihtavuori,large_rifle_generic,9,2.795,,,,,,
260_rem,0.264,berger,elite_hunter,140,vihtavuori_n160,143,36.3,2415,24.75,vihtavuori,large_rifle_generic,9,2.795,,,,,,
260_rem,0.264,berger,elite_hunter,140,vihtavuori_n560,147,42.4,2470,24.75,vihtavuori,large_rifle_generic,9,2.795,,,,,,
260_rem,0.264,berger,elite_hunter,140,vihtavuori_n565,156,43.4,2484,24.75,vihtavuori,large_rifle_generic,9,2.795,,,,,,
260_rem,0.264,berger,VLD Target,140,vihtavuori_n540,117,32.7,2375,24.75,vihtavuori,large_rifle_generic,9,2.795,,,,,,
260_rem,0.264,berger,VLD Target,140,vihtavuori_n150,124,32.6,2336,24.75,vihtavuori,large_rifle_generic,9,2.795,,,,,,
260_rem,0.264,berger,VLD Target,140,vihtavuori_n550,129,36.9,2441,24.75,vihtavuori,large_rifle_generic,9,2.795,,,,,,
260_rem,0.264,berger,VLD Target,140,vihtavuori_n160,143,40.3,2464,24.75,vihtavuori,large_rifle_generic,9,2.795,,,,,,
260_rem,0.264,berger,VLD Target,140,vihtavuori_n560,147,42,2461,24.75,vihtavuori,large_rifle_generic,9,2.795,,,,,,
260_rem,0.264,berger,VLD Target,140,vihtavuori_n565,156,43.5,2480,24.75,vihtavuori,large_rifle_generic,9,2.795,,,,,,
260_rem,0.264,hornady,gmx,140,vihtavuori_n140,112,28.5,1906,24.75,vihtavuori,large_rifle_generic,9,2.795,,,,,,
260_rem,0.264,hornady,gmx,140,vihtavuori_n540,117,32.4,2201,24.75,vihtavuori,large_rifle_generic,9,2.795,,,,,,
260_rem,0.264,hornady,gmx,140,vihtavuori_n150,124,28.5,1913,24.75,vihtavuori,large_rifle_generic,9,2.795,,,,,,
260_rem,0.264,hornady,gmx,140,vihtavuori_n550,129,34.7,2221,24.75,vihtavuori,large_rifle_generic,9,2.795,,,,,,
260_rem,0.264,hornady,gmx,140,vihtavuori_n555,144,37.5,2283,24.75,vihtavuori,large_rifle_generic,9,2.795,,,,,,
260_rem,0.264,hornady,gmx,140,vihtavuori_n560,147,42.4,2372,24.75,vihtavuori,large_rifle_generic,9,2.795,,,,,,
260_rem,0.264,lapua,Naturalis N507,140,vihtavuori_n550,129,33.5,2257,24.75,vihtavuori,large_rifle_generic,9,2.886,,,,,,
260_rem,0.264,lapua,Naturalis N507,140,vihtavuori_n160,143,34.7,2208,24.75,vihtavuori,large_rifle_generic,9,2.886,,,,,,
260_rem,0.264,lapua,Naturalis N507,140,vihtavuori_n560,147,38.1,2234,24.75,vihtavuori,large_rifle_generic,9,2.886,,,,,,
260_rem,0.264,lapua,Naturalis N563,140,vihtavuori_n150,124,29.3,2188,24.75,vihtavuori,large_rifle_generic,9,2.756,,,,,,
260_rem,0.264,lapua,Naturalis N563,140,vihtavuori_n550,129,33.5,2310,24.75,vihtavuori,large_rifle_generic,9,2.756,,,,,,
260_rem,0.264,lapua,Naturalis N563,140,vihtavuori_n555,144,36.6,2365,24.75,vihtavuori,large_rifle_generic,9,2.756,,,,,,
260_rem,0.264,lapua,Naturalis N563,140,vihtavuori_n160,143,34,2260,24.75,vihtavuori,large_rifle_generic,9,2.756,,,,,,
260_rem,0.264,lapua,Naturalis N563,140,vihtavuori_n560,147,39.7,2362,24.75,vihtavuori,large_rifle_generic,9,2.756,,,,,,
260_rem,0.264,nosler,accubond,140,vihtavuori_n550,129,36.1,2362,24.75,vihtavuori,large_rifle_generic,9,2.756,,,,,,
260_rem,0.264,nosler,accubond,140,vihtavuori_n160,143,37.5,2343,24.75,vihtavuori,large_rifle_generic,9,2.756,,,,,,
260_rem,0.264,nosler,accubond,140,vihtavuori_n560,147,39.5,2415,24.75,vihtavuori,large_rifle_generic,9,2.756,,,,,,
260_rem,0.264,swift,A-Frame,140,vihtavuori_n550,129,31.5,2198,24.75,vihtavuori,large_rifle_generic,9,2.795,,,,,,
260_rem,0.264,swift,A-Frame,140,vihtavuori_n160,143,28.5,2057,24.75,vihtavuori,large_rifle_generic,9,2.795,,,,,,
260_rem,0.264,swift,A-Frame,140,vihtavuori_n560,147,37,2297,24.75,vihtavuori,large_rifle_generic,9,2.795,,,,,,
260_rem,0.264,swift,A-Frame,140,vihtavuori_n565,156,40,2375,24.75,vihtavuori,large_rifle_generic,9,2.795,,,,,,
260_rem,0.264,hornady,ELD-X,143,vihtavuori_n140,112,30.1,2185,24.75,vihtavuori,large_rifle_generic,9,2.795,,,,,,
260_rem,0.264,hornady,ELD-X,143,vihtavuori_n540,117,30.9,2251,24.75,vihtavuori,large_rifle_generic,9,2.795,,,,,,
260_rem,0.264,hornady,ELD-X,143,vihtavuori_n150,124,30.1,2182,24.75,vihtavuori,large_rifle_generic,9,2.795,,,,,,
260_rem,0.264,hornady,ELD-X,143,vihtavuori_n550,129,35.5,2359,24.75,vihtavuori,large_rifle_generic,9,2.795,,,,,,
260_rem,0.264,hornady,ELD-X,143,vihtavuori_n555,144,38.6,2411,24.75,vihtavuori,large_rifle_generic,9,2.795,,,,,,
260_rem,0.264,hornady,ELD-X,143,vihtavuori_n160,143,37,2320,24.75,vihtavuori,large_rifle_generic,9,2.795,,,,,,
260_rem,0.264,hornady,ELD-X,143,vihtavuori_n560,147,40.9,2392,24.75,vihtavuori,large_rifle_generic,9,2.795,,,,,,
260_rem,0.264,berger,Long Range Hybrid Target,144,vihtavuori_n540,117,33.6,2398,24.75,vihtavuori,large_rifle_generic,9,2.795,,,,,,
260_rem,0.264,berger,Long Range Hybrid Target,144,vihtavuori_n150,124,32.4,2287,24.75,vihtavuori,large_rifle_generic,9,2.795,,,,,,
260_rem,0.264,berger,Long Range Hybrid Target,144,vihtavuori_n550,129,36.6,2431,24.75,vihtavuori,large_rifle_generic,9,2.795,,,,,,
260_rem,0.264,berger,Long Range Hybrid Target,144,vihtavuori_n555,144,40.4,2490,24.75,vihtavuori,large_rifle_generic,9,2.795,,,,,,
260_rem,0.264,berger,Long Range Hybrid Target,144,vihtavuori_n160,143,40.6,2428,24.75,vihtavuori,large_rifle_generic,9,2.795,,,,,,
260_rem,0.264,berger,Long Range Hybrid Target,144,vihtavuori_n560,147,42.9,2461,24.75,vihtavuori,large_rifle_generic,9,2.795,,,,,,
260_rem,0.264,lapua,FMJBT,144,vihtavuori_n550,129,33.2,2221,24.75,vihtavuori,large_rifle_generic,9,2.795,,,,,,
260_rem,0.264,lapua,FMJBT,144,vihtavuori_n555,144,37.2,2385,24.75,vihtavuori,large_rifle_generic,9,2.795,,,,,,
260_rem,0.264,lapua,FMJBT,144,vihtavuori_n160,143,36,2231,24.75,vihtavuori,large_rifle_generic,9,2.795,,,,,,
260_rem,0.264,lapua,FMJBT,144,vihtavuori_n560,147,39.5,2579,24.75,vihtavuori,large_rifle_generic,9,2.795,,,,,,
260_rem,0.264,lapua,FMJBT,144,vihtavuori_n565,156,41.7,2415,24.75,vihtavuori,large_rifle_generic,9,2.795,,,,,,
260_rem,0.264,lapua,MaxRange Target GB582,144,vihtavuori_n140,112,31.6,2287,24.75,vihtavuori,large_rifle_generic,9,2.795,,,,,,
260_rem,0.264,lapua,MaxRange Target GB582,144,vihtavuori_n540,117,32.4,2320,24.75,vihtavuori,large_rifle_generic,9,2.795,,,,,,
260_rem,0.264,lapua,MaxRange Target GB582,144,vihtavuori_n150,124,31.6,2287,24.75,vihtavuori,large_rifle_generic,9,2.795,,,,,,
260_rem,0.264,lapua,MaxRange Target GB582,144,vihtavuori_n550,129,36.7,2405,24.75,vihtavuori,large_rifle_generic,9,2.795,,,,,,
260_rem,0.264,lapua,MaxRange Target GB582,144,vihtavuori_n555,144,40.1,2467,24.75,vihtavuori,large_rifle_generic,9,2.795,,,,,,
260_rem,0.264,lapua,MaxRange Target GB582,144,vihtavuori_n160,143,40.1,2421,24.75,vihtavuori,large_rifle_generic,9,2.795,,,,,,
260_rem,0.264,lapua,MaxRange Target GB582,144,vihtavuori_n560,147,42.4,2467,24.75,vihtavuori,large_rifle_generic,9,2.795,,,,,,
260_rem,0.264,berger,Long Range Hybrid Target,153.5,vihtavuori_n540,117,32.7,2267,24.75,vihtavuori,large_rifle_generic,9,2.795,,,,,,
260_rem,0.264,berger,Long Range Hybrid Target,153.5,vihtavuori_n150,124,30.9,2178,24.75,vihtavuori,large_rifle_generic,9,2.795,,,,,,
260_rem,0.264,berger,Long Range Hybrid Target,153.5,vihtavuori_n550,129,35.5,2320,24.75,vihtavuori,large_rifle_generic,9,2.795,,,,,,
260_rem,0.264,berger,Long Range Hybrid Target,153.5,vihtavuori_n555,144,40.1,2408,24.75,vihtavuori,large_rifle_generic,9,2.795,,,,,,
260_rem,0.264,berger,Long Range Hybrid Target,153.5,vihtavuori_n160,143,40.1,2329,24.75,vihtavuori,large_rifle_generic,9,2.795,,,,,,
260_rem,0.264,berger,Long Range Hybrid Target,153.5,vihtavuori_n560,147,42.4,2326,24.75,vihtavuori,large_rifle_generic,9,2.795,,,,,,
260_rem,0.264,lapua,mega,155,vihtavuori_n160,143,33,2134,24.75,vihtavuori,large_rifle_generic,9,2.736,,,,,,
260_rem,0.264,lapua,mega,155,vihtavuori_n165,153,38.8,2208,24.75,vihtavuori,large_rifle_generic,9,2.736,,,,,,
260_rem,0.264,lapua,mega,155,vihtavuori_n560,147,36.6,2137,24.75,vihtavuori,large_rifle_generic,9,2.736,,,,,,
260_rem,0.264,speer,TNT,90,vihtavuori_n140,112,43.4,3268,24.75,vihtavuori,large_rifle_generic,9,2.598,,,,,,
260_rem,0.264,speer,TNT,90,vihtavuori_n540,117,44.8,3337,24.75,vihtavuori,large_rifle_generic,9,2.598,,,,,,
260_rem,0.264,speer,TNT,90,vihtavuori_n150,124,43.8,3304,24.75,vihtavuori,large_rifle_generic,9,2.598,,,,,,
260_rem,0.264,speer,TNT,90,vihtavuori_n550,129,46.8,3383,24.75,vihtavuori,large_rifle_generic,9,2.598,,,,,,
260_rem,0.264,fox,classic_hunter,100,vihtavuori_n140,112,40.9,3012,24.75,vihtavuori,large_rifle_generic,9,2.795,,,,,,
260_rem,0.264,fox,classic_hunter,100,vihtavuori_n540,117,43.1,3156,24.75,vihtavuori,large_rifle_generic,9,2.795,,,,,,
260_rem,0.264,fox,classic_hunter,100,vihtavuori_n150,124,41.5,3035,24.75,vihtavuori,large_rifle_generic,9,2.795,,,,,,
260_rem,0.264,fox,classic_hunter,100,vihtavuori_n160,143,50.9,3196,24.75,vihtavuori,large_rifle_generic,9,2.795,yes,,,,,
260_rem,0.264,hornady,eld_vt,100,vihtavuori_n140,112,41.4,3084,24.75,vihtavuori,large_rifle_generic,9,2.795,,,,,,
260_rem,0.264,hornady,eld_vt,100,vihtavuori_n540,117,41.1,3120,24.75,vihtavuori,large_rifle_generic,9,2.795,,,,,,
260_rem,0.264,hornady,eld_vt,100,vihtavuori_n150,124,41.4,3071,24.75,vihtavuori,large_rifle_generic,9,2.795,,,,,,
260_rem,0.264,hornady,eld_vt,100,vihtavuori_n550,129,44.3,3156,24.75,vihtavuori,large_rifle_generic,9,2.795,,,,,,
260_rem,0.264,hornady,eld_vt,100,vihtavuori_n555,144,48.6,3150,24.75,vihtavuori,large_rifle_generic,9,2.795,yes,,,,,
260_rem,0.264,hornady,eld_vt,100,vihtavuori_n160,143,49.4,3110,24.75,vihtavuori,large_rifle_generic,9,2.795,yes,,,,,
260_rem,0.264,lapua,fmj,100,vihtavuori_n140,112,37.7,2828,24.75,vihtavuori,large_rifle_generic,9,2.598,,,,,,
260_rem,0.264,lapua,fmj,100,vihtavuori_n540,117,40.6,2923,24.75,vihtavuori,large_rifle_generic,9,2.598,,,,,,
260_rem,0.264,lapua,fmj,100,vihtavuori_n150,124,38.7,2825,24.75,vihtavuori,large_rifle_generic,9,2.598,,,,,,
260_rem,0.264,lapua,scenar,100,vihtavuori_n140,112,40.4,2966,24.75,vihtavuori,large_rifle_generic,9,2.717,,,,,,
260_rem,0.264,lapua,scenar,100,vihtavuori_n540,117,42.9,3054,24.75,vihtavuori,large_rifle_generic,9,2.717,,,,,,
260_rem,0.264,lapua,scenar,100,vihtavuori_n150,124,41.7,2966,24.75,vihtavuori,large_rifle_generic,9,2.717,,,,,,
260_rem,0.264,sierra,HPFB,100,vihtavuori_n140,112,39.9,2973,24.75,vihtavuori,large_rifle_generic,9,2.657,,,,,,
260_rem,0.264,sierra,HPFB,100,vihtavuori_n540,117,41.2,2992,24.75,vihtavuori,large_rifle_generic,9,2.657,,,,,,
260_rem,0.264,sierra,HPFB,100,vihtavuori_n150,124,40.3,2926,24.75,vihtavuori,large_rifle_generic,9,2.657,,,,,,
260_rem,0.264,lapua,scenar,108,vihtavuori_n540,117,39.9,2876,24.75,vihtavuori,large_rifle_generic,9,2.795,,,,,,
260_rem,0.264,lapua,scenar,108,vihtavuori_n150,124,39.1,2837,24.75,vihtavuori,large_rifle_generic,9,2.795,,,,,,
260_rem,0.264,lapua,scenar,108,vihtavuori_n160,143,45,2947,24.75,vihtavuori,large_rifle_generic,9,2.795,,,,,,
260_rem,0.264,barnes,ttsx_bt,120,vihtavuori_n140,112,37.8,2641,24.75,vihtavuori,large_rifle_generic,9,2.772,,,,,,
260_rem,0.264,barnes,ttsx_bt,120,vihtavuori_n540,117,38.7,2782,24.75,vihtavuori,large_rifle_generic,9,2.772,,,,,,
260_rem,0.264,barnes,ttsx_bt,120,vihtavuori_n150,124,37,2625,24.75,vihtavuori,large_rifle_generic,9,2.772,,,,,,
260_rem,0.264,berger,BT Target,120,vihtavuori_n540,117,39.7,2874,24.75,vihtavuori,large_rifle_generic,9,2.795,,,,,,
260_rem,0.264,berger,BT Target,120,vihtavuori_n150,124,38.4,2779,24.75,vihtavuori,large_rifle_generic,9,2.795,,,,,,
260_rem,0.264,berger,BT Target,120,vihtavuori_n550,129,42.6,2907,24.75,vihtavuori,large_rifle_generic,9,2.795,,,,,,
260_rem,0.264,berger,BT Target,120,vihtavuori_n160,143,45.8,2904,24.75,vihtavuori,large_rifle_generic,9,2.795,,,,,,
260_rem,0.264,hornady,cx,120,vihtavuori_n140,112,35.8,2539,24.75,vihtavuori,large_rifle_generic,9,2.795,,,,,,
260_rem,0.264,hornady,cx,120,vihtavuori_n540,117,37.3,2703,24.75,vihtavuori,large_rifle_generic,9,2.795,,,,,,
260_rem,0.264,hornady,cx,120,vihtavuori_n150,124,36,2546,24.75,vihtavuori,large_rifle_generic,9,2.795,,,,,,
260_rem,0.264,hornady,cx,120,vihtavuori_n550,129,40.4,2749,24.75,vihtavuori,large_rifle_generic,9,2.795,,,,,,
260_rem,0.264,hornady,cx,120,vihtavuori_n555,144,43.8,2776,24.75,vihtavuori,large_rifle_generic,9,2.795,yes,,,,,
260_rem,0.264,hornady,cx,120,vihtavuori_n160,143,41.1,2631,24.75,vihtavuori,large_rifle_generic,9,2.795,,,,,,
260_rem,0.264,hornady,cx,120,vihtavuori_n560,147,47.5,2812,24.75,vihtavuori,large_rifle_generic,9,2.795,yes,,,,,
260_rem,0.264,lapua,Scenar-L,120,vihtavuori_n540,117,39.8,2805,24.75,vihtavuori,large_rifle_generic,9,2.795,,,,,,
260_rem,0.264,lapua,Scenar-L,120,vihtavuori_n150,124,39.4,2736,24.75,vihtavuori,large_rifle_generic,9,2.795,,,,,,
260_rem,0.264,lapua,Scenar-L,120,vihtavuori_n550,129,42.1,2818,24.75,vihtavuori,large_rifle_generic,9,2.795,,,,,,
260_rem,0.264,lapua,Scenar-L,120,vihtavuori_n160,143,45.4,2792,24.75,vihtavuori,large_rifle_generic,9,2.795,,,,,,
260_rem,0.264,lapua,trx,120,vihtavuori_n140,112,38.9,2753,24.75,vihtavuori,large_rifle_generic,9,2.795,,,,,,
260_rem,0.264,lapua,trx,120,vihtavuori_n540,117,38.4,2808,24.75,vihtavuori,large_rifle_generic,9,2.795,,,,,,
260_rem,0.264,lapua,trx,120,vihtavuori_n150,124,39,2746,24.75,vihtavuori,large_rifle_generic,9,2.795,,,,,,
260_rem,0.264,lapua,trx,120,vihtavuori_n550,129,41.5,2861,24.75,vihtavuori,large_rifle_generic,9,2.795,,,,,,
260_rem,0.264,lapua,trx,120,vihtavuori_n555,144,45.8,2877,24.75,vihtavuori,large_rifle_generic,9,2.795,yes,,,,,
260_rem,0.264,lapua,trx,120,vihtavuori_n160,143,46.8,2867,24.75,vihtavuori,large_rifle_generic,9,2.795,yes,,,,,
260_rem,0.264,lapua,trx,120,vihtavuori_n560,147,48.9,2904,24.75,vihtavuori,large_rifle_generic,9,2.795,yes,,,,,
260_rem,0.264,nosler,ballistic_tip,120,vihtavuori_n140,112,38.7,2736,24.75,vihtavuori,large_rifle_generic,9,2.799,,,,,,
260_rem,0.264,nosler,ballistic_tip,120,vihtavuori_n150,124,38.9,2746,24.75,vihtavuori,large_rifle_generic,9,2.799,,,,,,
260_rem,0.264,nosler,ballistic_tip,120,vihtavuori_n160,143,47.2,2904,24.75,vihtavuori,large_rifle_generic,9,2.799,,,,,,
260_rem,0.264,speer,sp,120,vihtavuori_n540,117,38.2,2706,24.75,vihtavuori,large_rifle_generic,9,2.795,,,,,,
260_rem,0.264,speer,sp,120,vihtavuori_n550,129,40.7,2741,24.75,vihtavuori,large_rifle_generic,9,2.795,,,,,,
260_rem,0.264,speer,sp,120,vihtavuori_n160,143,43.2,2750,24.75,vihtavuori,large_rifle_generic,9,2.795,,,,,,
260_rem,0.264,lapua,scenar,123,vihtavuori_n150,124,38.6,2677,24.75,vihtavuori,large_rifle_generic,9,2.795,,,,,,
260_rem,0.264,lapua,scenar,123,vihtavuori_n550,129,41.5,2746,24.75,vihtavuori,large_rifle_generic,9,2.795,,,,,,
260_rem,0.264,lapua,scenar,123,vihtavuori_n160,143,44.6,2759,24.75,vihtavuori,large_rifle_generic,9,2.795,,,,,,
260_rem,0.264,sierra,HPBT MatchKing,123,vihtavuori_n140,112,38.6,2762,24.75,vihtavuori,large_rifle_generic,9,2.795,,,,,,
260_rem,0.264,sierra,HPBT MatchKing,123,vihtavuori_n540,117,38.9,2828,24.75,vihtavuori,large_rifle_generic,9,2.795,,,,,,
260_rem,0.264,sierra,HPBT MatchKing,123,vihtavuori_n150,124,38.6,2762,24.75,vihtavuori,large_rifle_generic,9,2.795,,,,,,
260_rem,0.264,sierra,HPBT MatchKing,123,vihtavuori_n550,129,42,2881,24.75,vihtavuori,large_rifle_generic,9,2.795,,,,,,
260_rem,0.264,sierra,HPBT MatchKing,123,vihtavuori_n555,144,46.1,2907,24.75,vihtavuori,large_rifle_generic,9,2.795,yes,,,,,
260_rem,0.264,sierra,HPBT MatchKing,123,vihtavuori_n160,143,46.5,2871,24.75,vihtavuori,large_rifle_generic,9,2.795,yes,,,,,
260_rem,0.264,sierra,HPBT MatchKing,123,vihtavuori_n560,147,48.6,2920,24.75,vihtavuori,large_rifle_generic,9,2.795,yes,,,,,
260_rem,0.264,barnes,lrx_bt,127,vihtavuori_n140,112,36.6,2520,24.75,vihtavuori,large_rifle_generic,9,2.795,,,,,,
260_rem,0.264,barnes,lrx_bt,127,vihtavuori_n540,117,38.3,2651,24.75,vihtavuori,large_rifle_generic,9,2.795,,,,,,
260_rem,0.264,barnes,lrx_bt,127,vihtavuori_n150,124,36,2510,24.75,vihtavuori,large_rifle_generic,9,2.795,,,,,,
260_rem,0.264,barnes,lrx_bt,127,vihtavuori_n550,129,40.9,2733,24.75,vihtavuori,large_rifle_generic,9,2.795,,,,,,
260_rem,0.264,barnes,lrx_bt,127,vihtavuori_n160,143,44.6,2697,24.75,vihtavuori,large_rifle_generic,9,2.795,,,,,,
260_rem,0.264,barnes,lrx_bt,127,vihtavuori_n560,147,47.7,2779,24.75,vihtavuori,large_rifle_generic,9,2.795,,,,,,
260_rem,0.264,barnes,lrx_bt,127,vihtavuori_n565,156,49.8,2756,24.75,vihtavuori,large_rifle_generic,9,2.795,yes,,,,,
260_rem,0.264,hornady,Interlock SP,129,vihtavuori_n140,112,36,2569,24.75,vihtavuori,large_rifle_generic,9,2.795,,,,,,
260_rem,0.264,hornady,Interlock SP,129,vihtavuori_n540,117,36.4,2651,24.75,vihtavuori,large_rifle_generic,9,2.795,,,,,,
260_rem,0.264,hornady,Interlock SP,129,vihtavuori_n150,124,35.3,2543,24.75,vihtavuori,large_rifle_generic,9,2.795,,,,,,
260_rem,0.264,hornady,Interlock SP,129,vihtavuori_n550,129,39.2,2703,24.75,vihtavuori,large_rifle_generic,9,2.795,,,,,,
260_rem,0.264,hornady,Interlock SP,129,vihtavuori_n555,144,43.5,2749,24.75,vihtavuori,large_rifle_generic,9,2.795,,,,,,
260_rem,0.264,hornady,Interlock SP,129,vihtavuori_n160,143,42.4,2674,24.75,vihtavuori,large_rifle_generic,9,2.795,,,,,,
260_rem,0.264,hornady,Interlock SP,129,vihtavuori_n560,147,44.9,2772,24.75,vihtavuori,large_rifle_generic,9,2.795,,,,,,
260_rem,0.264,barnes,tsx,130,vihtavuori_n540,117,37.7,2657,24.75,vihtavuori,large_rifle_generic,9,2.787,,,,,,
260_rem,0.264,barnes,tsx,130,vihtavuori_n550,129,40,2677,24.75,vihtavuori,large_rifle_generic,9,2.787,,,,,,
260_rem,0.264,barnes,tsx,130,vihtavuori_n160,143,42.4,2651,24.75,vihtavuori,large_rifle_generic,9,2.787,,,,,,
260_rem,0.264,sierra,TGK,130,vihtavuori_n140,112,37,2631,24.75,vihtavuori,large_rifle_generic,9,2.795,,,,,,
260_rem,0.264,sierra,TGK,130,vihtavuori_n540,117,37.3,2703,24.75,vihtavuori,large_rifle_generic,9,2.795,,,,,,
260_rem,0.264,sierra,TGK,130,vihtavuori_n150,124,36.3,2605,24.75,vihtavuori,large_rifle_generic,9,2.795,,,,,,
260_rem,0.264,sierra,TGK,130,vihtavuori_n550,129,40.3,2743,24.75,vihtavuori,large_rifle_generic,9,2.795,,,,,,
260_rem,0.264,sierra,TGK,130,vihtavuori_n555,144,43.8,2776,24.75,vihtavuori,large_rifle_generic,9,2.795,,,,,,
260_rem,0.264,sierra,TGK,130,vihtavuori_n160,143,43.2,2707,24.75,vihtavuori,large_rifle_generic,9,2.795,,,,,,
260_rem,0.264,sierra,TGK,130,vihtavuori_n560,147,46.9,2808,24.75,vihtavuori,large_rifle_generic,9,2.795,yes,,,,,
260_rem,0.264,berger,Hybrid OTM Tactical,130,vihtavuori_n540,117,38.7,2769,24.75,vihtavuori,large_rifle_generic,9,2.795,,,,,,
260_rem,0.264,berger,Hybrid OTM Tactical,130,vihtavuori_n150,124,38,2694,24.75,vihtavuori,large_rifle_generic,9,2.795,,,,,,
260_rem,0.264,berger,Hybrid OTM Tactical,130,vihtavuori_n550,129,41.7,2805,24.75,vihtavuori,large_rifle_generic,9,2.795,,,,,,
260_rem,0.264,berger,Hybrid OTM Tactical,130,vihtavuori_n160,143,45.8,2828,24.75,vihtavuori,large_rifle_generic,9,2.795,,,,,,
260_rem,0.264,berger,VLD Target,130,vihtavuori_n140,112,36.7,2671,24.75,vihtavuori,large_rifle_generic,9,2.795,,,,,,
260_rem,0.264,berger,VLD Target,130,vihtavuori_n540,117,38.3,2766,24.75,vihtavuori,large_rifle_generic,9,2.795,,,,,,
260_rem,0.264,berger,VLD Target,130,vihtavuori_n150,124,37.3,2674,24.75,vihtavuori,large_rifle_generic,9,2.795,,,,,,
260_rem,0.264,berger,VLD Target,130,vihtavuori_n550,129,41.5,2808,24.75,vihtavuori,large_rifle_generic,9,2.795,,,,,,
260_rem,0.264,berger,VLD Target,130,vihtavuori_n555,144,43.8,2835,24.75,vihtavuori,large_rifle_generic,9,2.795,,,,,,
260_rem,0.264,swift,scirocco_ii,130,vihtavuori_n140,112,35.8,2575,24.75,vihtavuori,large_rifle_generic,9,2.795,,,,,,
260_rem,0.264,swift,scirocco_ii,130,vihtavuori_n540,117,37.8,2687,24.75,vihtavuori,large_rifle_generic,9,2.795,,,,,,
260_rem,0.264,swift,scirocco_ii,130,vihtavuori_n150,124,36.1,2608,24.75,vihtavuori,large_rifle_generic,9,2.795,,,,,,
260_rem,0.264,swift,scirocco_ii,130,vihtavuori_n550,129,40.1,2717,24.75,vihtavuori,large_rifle_generic,9,2.795,,,,,,
260_rem,0.264,swift,scirocco_ii,130,vihtavuori_n560,147,46.3,2776,24.75,vihtavuori,large_rifle_generic,9,2.795,,,,,,
260_rem,0.264,berger,classic_hunter,135,vihtavuori_n540,117,37.3,2687,24.75,vihtavuori,large_rifle_generic,9,2.795,,,,,,
260_rem,0.264,berger,classic_hunter,135,vihtavuori_n150,124,36.6,2621,24.75,vihtavuori,large_rifle_generic,9,2.795,,,,,,
260_rem,0.264,berger,classic_hunter,135,vihtavuori_n550,129,40.9,2733,24.75,vihtavuori,large_rifle_generic,9,2.795,,,,,,
260_rem,0.264,berger,classic_hunter,135,vihtavuori_n160,143,44,2723,24.75,vihtavuori,large_rifle_generic,9,2.795,,,,,,
260_rem,0.264,berger,classic_hunter,135,vihtavuori_n560,147,46.6,2776,24.75,vihtavuori,large_rifle_generic,9,2.795,,,,,,
260_rem,0.264,lapua,Scenar-L,136,vihtavuori_n550,129,41.7,2740,24.75,vihtavuori,large_rifle_generic,9,2.795,,,,,,
260_rem,0.264,lapua,Scenar-L,136,vihtavuori_n555,144,44.3,2802,24.75,vihtavuori,large_rifle_generic,9,2.795,yes,,,,,
260_rem,0.264,lapua,Scenar-L,136,vihtavuori_n160,143,46.1,2759,24.75,vihtavuori,large_rifle_generic,9,2.795,yes,,,,,
260_rem,0.264,lapua,Scenar-L,136,vihtavuori_n560,147,47.8,2766,24.75,vihtavuori,large_rifle_generic,9,2.795,yes,,,,,
260_rem,0.264,lapua,scenar,139,vihtavuori_n550,129,39.5,2657,24.75,vihtavuori,large_rifle_generic,9,2.795,,,,,,
260_rem,0.264,lapua,scenar,139,vihtavuori_n555,144,44,2736,24.75,vihtavuori,large_rifle_generic,9,2.795,yes,,,,,
260_rem,0.264,lapua,scenar,139,vihtavuori_n160,143,43.4,2674,24.75,vihtavuori,large_rifle_generic,9,2.795,,,,,,
260_rem,0.264,lapua,scenar,139,vihtavuori_n560,147,46.1,2723,24.75,vihtavuori,large_rifle_generic,9,2.795,,,,,,
260_rem,0.264,berger,elite_hunter,140,vihtavuori_n150,124,36.1,2562,24.75,vihtavuori,large_rifle_generic,9,2.795,,,,,,
260_rem,0.264,berger,elite_hunter,140,vihtavuori_n550,129,39.7,2661,24.75,vihtavuori,large_rifle_generic,9,2.795,,,,,,
260_rem,0.264,berger,elite_hunter,140,vihtavuori_n160,143,43.1,2661,24.75,vihtavuori,large_rifle_generic,9,2.795,,,,,,
260_rem,0.264,berger,elite_hunter,140,vihtavuori_n560,147,46.1,2736,24.75,vihtavuori,large_rifle_generic,9,2.795,,,,,,
260_rem,0.264,berger,elite_hunter,140,vihtavuori_n565,156,48.9,2749,24.75,vihtavuori,large_rifle_generic,9,2.795,,,,,,
260_rem,0.264,berger,VLD Target,140,vihtavuori_n540,117,37.7,2644,24.75,vihtavuori,large_rifle_generic,9,2.795,,,,,,
260_rem,0.264,berger,VLD Target,140,vihtavuori_n150,124,36.6,2569,24.75,vihtavuori,large_rifle_generic,9,2.795,,,,,,
260_rem,0.264,berger,VLD Target,140,vihtavuori_n550,129,40.1,2671,24.75,vihtavuori,large_rifle_generic,9,2.795,,,,,,
260_rem,0.264,berger,VLD Target,140,vihtavuori_n160,143,44.3,2703,24.75,vihtavuori,large_rifle_generic,9,2.795,,,,,,
260_rem,0.264,berger,VLD Target,140,vihtavuori_n560,147,46.1,2733,24.75,vihtavuori,large_rifle_generic,9,2.795,,,,,,
260_rem,0.264,berger,VLD Target,140,vihtavuori_n565,156,48.3,2733,24.75,vihtavuori,large_rifle_generic,9,2.795,,,,,,
260_rem,0.264,hornady,gmx,140,vihtavuori_n140,112,34,2247,24.75,vihtavuori,large_rifle_generic,9,2.795,,,,,,
260_rem,0.264,hornady,gmx,140,vihtavuori_n540,117,37.3,2493,24.75,vihtavuori,large_rifle_generic,9,2.795,,,,,,
260_rem,0.264,hornady,gmx,140,vihtavuori_n150,124,33.6,2241,24.75,vihtavuori,large_rifle_generic,9,2.795,,,,,,
260_rem,0.264,hornady,gmx,140,vihtavuori_n550,129,39.7,2530,24.75,vihtavuori,large_rifle_generic,9,2.795,,,,,,
260_rem,0.264,hornady,gmx,140,vihtavuori_n555,144,44,2598,24.75,vihtavuori,large_rifle_generic,9,2.795,yes,,,,,
260_rem,0.264,hornady,gmx,140,vihtavuori_n560,147,47.7,2667,24.75,vihtavuori,large_rifle_generic,9,2.795,yes,,,,,
260_rem,0.264,lapua,Naturalis N507,140,vihtavuori_n550,129,39.2,2546,24.75,vihtavuori,large_rifle_generic,9,2.886,,,,,,
260_rem,0.264,lapua,Naturalis N507,140,vihtavuori_n160,143,40.3,2513,24.75,vihtavuori,large_rifle_generic,9,2.886,,,,,,
260_rem,0.264,lapua,Naturalis N507,140,vihtavuori_n560,147,43.8,2556,24.75,vihtavuori,large_rifle_generic,9,2.886,,,,,,
260_rem,0.264,lapua,Naturalis N563,140,vihtavuori_n150,124,34,2451,24.75,vihtavuori,large_rifle_generic,9,2.756,,,,,,
260_rem,0.264,lapua,Naturalis N563,140,vihtavuori_n550,129,38.4,2602,24.75,vihtavuori,large_rifle_generic,9,2.756,,,,,,
260_rem,0.264,lapua,Naturalis N563,140,vihtavuori_n555,144,41.5,2615,24.75,vihtavuori,large_rifle_generic,9,2.756,,,,,,
260_rem,0.264,lapua,Naturalis N563,140,vihtavuori_n160,143,40.4,2582,24.75,vihtavuori,large_rifle_generic,9,2.756,,,,,,
260_rem,0.264,lapua,Naturalis N563,140,vihtavuori_n560,147,45.1,2680,24.75,vihtavuori,large_rifle_generic,9,2.756,,,,,,
260_rem,0.264,nosler,accubond,140,vihtavuori_n550,129,40.9,2661,24.75,vihtavuori,large_rifle_generic,9,2.756,,,,,,
260_rem,0.264,nosler,accubond,140,vihtavuori_n160,143,44,2612,24.75,vihtavuori,large_rifle_generic,9,2.756,yes,,,,,
260_rem,0.264,nosler,accubond,140,vihtavuori_n560,147,44.8,2700,24.75,vihtavuori,large_rifle_generic,9,2.756,yes,,,,,
260_rem,0.264,swift,A-Frame,140,vihtavuori_n550,129,37.3,2507,24.75,vihtavuori,large_rifle_generic,9,2.795,,,,,,
260_rem,0.264,swift,A-Frame,140,vihtavuori_n160,143,38.3,2467,24.75,vihtavuori,large_rifle_generic,9,2.795,,,,,,
260_rem,0.264,swift,A-Frame,140,vihtavuori_n560,147,43.8,2621,24.75,vihtavuori,large_rifle_generic,9,2.795,,,,,,
260_rem,0.264,swift,A-Frame,140,vihtavuori_n565,156,45.1,2628,24.75,vihtavuori,large_rifle_generic,9,2.795,,,,,,
260_rem,0.264,hornady,ELD-X,143,vihtavuori_n140,112,33.8,2418,24.75,vihtavuori,large_rifle_generic,9,2.795,,,,,,
260_rem,0.264,hornady,ELD-X,143,vihtavuori_n540,117,36.3,2539,24.75,vihtavuori,large_rifle_generic,9,2.795,,,,,,
260_rem,0.264,hornady,ELD-X,143,vihtavuori_n150,124,34.7,2411,24.75,vihtavuori,large_rifle_generic,9,2.795,,,,,,
260_rem,0.264,hornady,ELD-X,143,vihtavuori_n550,129,39.5,2605,24.75,vihtavuori,large_rifle_generic,9,2.795,,,,,,
260_rem,0.264,hornady,ELD-X,143,vihtavuori_n555,144,42.7,2631,24.75,vihtavuori,large_rifle_generic,9,2.795,yes,,,,,
260_rem,0.264,hornady,ELD-X,143,vihtavuori_n160,143,42.4,2575,24.75,vihtavuori,large_rifle_generic,9,2.795,yes,,,,,
260_rem,0.264,hornady,ELD-X,143,vihtavuori_n560,147,46,2680,24.75,vihtavuori,large_rifle_generic,9,2.795,yes,,,,,
260_rem,0.264,berger,Long Range Hybrid Target,144,vihtavuori_n540,117,38.1,2635,24.75,vihtavuori,large_rifle_generic,9,2.795,,,,,,
260_rem,0.264,berger,Long Range Hybrid Target,144,vihtavuori_n150,124,36.3,2516,24.75,vihtavuori,large_rifle_generic,9,2.795,,,,,,
260_rem,0.264,berger,Long Range Hybrid Target,144,vihtavuori_n550,129,40.1,2667,24.75,vihtavuori,large_rifle_generic,9,2.795,,,,,,
260_rem,0.264,berger,Long Range Hybrid Target,144,vihtavuori_n555,144,45.2,2733,24.75,vihtavuori,large_rifle_generic,9,2.795,yes,,,,,
260_rem,0.264,berger,Long Range Hybrid Target,144,vihtavuori_n160,143,44.8,2667,24.75,vihtavuori,large_rifle_generic,9,2.795,yes,,,,,
260_rem,0.264,berger,Long Range Hybrid Target,144,vihtavuori_n560,147,47.4,2730,24.75,vihtavuori,large_rifle_generic,9,2.795,yes,,,,,
260_rem,0.264,lapua,FMJBT,144,vihtavuori_n550,129,38.4,2520,24.75,vihtavuori,large_rifle_generic,9,2.795,,,,,,
260_rem,0.264,lapua,FMJBT,144,vihtavuori_n555,144,41.1,2621,24.75,vihtavuori,large_rifle_generic,9,2.795,,,,,,
260_rem,0.264,lapua,FMJBT,144,vihtavuori_n160,143,41.1,2500,24.75,vihtavuori,large_rifle_generic,9,2.795,,,,,,
260_rem,0.264,lapua,FMJBT,144,vihtavuori_n560,147,44.8,2559,24.75,vihtavuori,large_rifle_generic,9,2.795,,,,,,
260_rem,0.264,lapua,FMJBT,144,vihtavuori_n565,156,46.1,2664,24.75,vihtavuori,large_rifle_generic,9,2.795,,,,,,
260_rem,0.264,lapua,MaxRange Target GB582,144,vihtavuori_n140,112,35.8,2513,24.75,vihtavuori,large_rifle_generic,9,2.795,,,,,,
260_rem,0.264,lapua,MaxRange Target GB582,144,vihtavuori_n540,117,36.7,2582,24.75,vihtavuori,large_rifle_generic,9,2.795,,,,,,
260_rem,0.264,lapua,MaxRange Target GB582,144,vihtavuori_n150,124,36.3,2516,24.75,vihtavuori,large_rifle_generic,9,2.795,,,,,,
260_rem,0.264,lapua,MaxRange Target GB582,144,vihtavuori_n550,129,39.7,2631,24.75,vihtavuori,large_rifle_generic,9,2.795,,,,,,
260_rem,0.264,lapua,MaxRange Target GB582,144,vihtavuori_n555,144,43.5,2671,24.75,vihtavuori,large_rifle_generic,9,2.795,yes,,,,,
260_rem,0.264,lapua,MaxRange Target GB582,144,vihtavuori_n160,143,44.4,2654,24.75,vihtavuori,large_rifle_generic,9,2.795,,,,,,
260_rem,0.264,lapua,MaxRange Target GB582,144,vihtavuori_n560,147,45.8,2697,24.75,vihtavuori,large_rifle_generic,9,2.795,yes,,,,,
260_rem,0.264,berger,Long Range Hybrid Target,153.5,vihtavuori_n540,117,37,2520,24.75,vihtavuori,large_rifle_generic,9,2.795,,,,,,
260_rem,0.264,berger,Long Range Hybrid Target,153.5,vihtavuori_n150,124,35,2392,24.75,vihtavuori,large_rifle_generic,9,2.795,,,,,,
260_rem,0.264,berger,Long Range Hybrid Target,153.5,vihtavuori_n550,129,39,2559,24.75,vihtavuori,large_rifle_generic,9,2.795,,,,,,
260_rem,0.264,berger,Long Range Hybrid Target,153.5,vihtavuori_n555,144,44.6,2638,24.75,vihtavuori,large_rifle_generic,9,2.795,yes,,,,,
260_rem,0.264,berger,Long Range Hybrid Target,153.5,vihtavuori_n160,143,43.7,2552,24.75,vihtavuori,large_rifle_generic,9,2.795,yes,,,,,
260_rem,0.264,berger,Long Range Hybrid Target,153.5,vihtavuori_n560,147,46.8,2641,24.75,vihtavuori,large_rifle_generic,9,2.795,yes,,,,,
260_rem,0.264,lapua,mega,155,vihtavuori_n160,143,37.1,2332,24.75,vihtavuori,large_rifle_generic,9,2.736,,,,,,
260_rem,0.264,lapua,mega,155,vihtavuori_n165,153,43.7,2478,24.75,vihtavuori,large_rifle_generic,9,2.736,,,,,,
260_rem,0.264,lapua,mega,155,vihtavuori_n560,147,42,2412,24.75,vihtavuori,large_rifle_generic,9,2.736,,,,,,
223_rem,0.224,barnes,varmint_grenade,30,ramshot_xterminator,92,26.1,3687,24,hodgdonreloading,win_small_rifle,12,2.100,,,,46400,,
223_rem,0.224,barnes,varmint_grenade,30,accurate_2230,93,26.1,3687,24,hodgdonreloading,win_small_rifle,12,2.100,,,,46400,,
223_rem,0.224,barnes,varmint_grenade,30,accurate_2200,76,24.9,3833,24,hodgdonreloading,win_small_rifle,12,2.100,,,,49300,,
223_rem,0.224,barnes,varmint_grenade,30,accurate_2015br,86,22.9,3450,24,hodgdonreloading,win_small_rifle,12,2.100,,,,44900,,
223_rem,0.224,barnes,varmint_grenade,30,ramshot_xterminator,92,29,4029,24,hodgdonreloading,win_small_rifle,12,2.100,,,,51600,,
223_rem,0.224,barnes,varmint_grenade,30,accurate_2230,93,29,4029,24,hodgdonreloading,win_small_rifle,12,2.100,,,,51600,,
223_rem,0.224,barnes,varmint_grenade,30,accurate_2200,76,27.7,4189,24,hodgdonreloading,win_small_rifle,12,2.100,,,,54800,,
223_rem,0.224,barnes,varmint_grenade,30,accurate_2015br,86,25.4,3771,24,hodgdonreloading,win_small_rifle,12,2.100,,,,49900,,
