cartridge,bullet_diameter,bullet_type,bullet_weight,powder_type,burn_rate_index,charge_weight,velocity_fps,barrel_length,twist_rate,coal,compressed_load
223_rem,0.2245,hpfb,36,vihtavuori_n130,84,24.1,3786,25,12,2.181,yes
223_rem,0.2245,hpfb,36,vihtavuori_n133,89,25.9,3842,25,12,2.181,yes
223_rem,0.2245,hpfb,36,vihtavuori_n135,102,26.2,3717,25,12,2.181,yes
223_rem,0.2245,hpfb,36,vihtavuori_n140,112,27,3514,25,12,2.181,yes
223_rem,0.2245,hpfb,36,vihtavuori_n540,117,27.8,3576,25,12,2.181,yes
223_rem,0.2245,varmint_grenade,50,vihtavuori_n135,102,24.5,3297,25,12,2.201,yes
223_rem,0.2245,varmint_grenade,50,vihtavuori_n140,112,26.9,3317,25,12,2.201,yes
223_rem,0.2245,varmint_grenade,50,vihtavuori_n540,117,26.2,3278,25,12,2.201,yes
223_rem,0.2245,mpg_fb,55,vihtavuori_n130,84,21.6,3068,25,12,2.165,yes
223_rem,0.2245,mpg_fb,55,vihtavuori_n135,102,21.9,3048,25,12,2.165,yes
223_rem,0.2245,mpg_fb,55,vihtavuori_n140,112,25.5,3035,25,12,2.165,yes
223_rem,0.2245,mpg_fb,55,vihtavuori_n540,117,27.8,3196,25,12,2.165,yes
223_rem,0.2245,ttsx_bt,55,vihtavuori_n135,102,25,3228,25,12,2.205,yes
223_rem,0.2245,ttsx_bt,55,vihtavuori_n140,112,27,3169,25,12,2.205,yes
223_rem,0.2245,ttsx_bt,55,vihtavuori_n540,117,27.8,3232,25,12,2.205,yes
223_rem,0.2245,ttsx_bt,62,vihtavuori_n530,100,23.3,3035,25,12,2.244,yes
223_rem,0.2245,ttsx_bt,62,vihtavuori_n135,102,23.3,3022,25,12,2.244,yes
223_rem,0.2245,ttsx_bt,62,vihtavuori_n140,112,26.2,2976,25,12,2.244,yes
223_rem,0.2245,ttsx_bt,62,vihtavuori_n540,117,26.9,3146,25,12,2.244,yes
223_rem,0.2245,lrx_bt,77,vihtavuori_n140,112,24.7,2674,25,12,2.26,yes
223_rem,0.2245,lrx_bt,77,vihtavuori_n540,117,24.8,2776,25,12,2.26,yes
223_rem,0.2245,bt_match,85,vihtavuori_n140,112,23.6,2641,25,12,2.228,yes
223_rem,0.2245,bt_match,85,vihtavuori_n150,124,23.8,2648,25,12,2.228,yes
223_rem,0.2245,otm_tactical,77,vihtavuori_n140,112,25,2815,25,12,2.26,yes
223_rem,0.2245,otm_tactical,77,vihtavuori_n540,117,24.8,2841,25,12,2.26,yes
223_rem,0.2245,otm_tactical,77,vihtavuori_n150,124,25.2,2812,25,12,2.26,yes
223_rem,0.2245,otm_tactical,77,vihtavuori_n550,129,27,2881,25,12,2.26,yes
223_rem,0.2245,fullbore_target,80.5,vihtavuori_n140,112,24.4,2753,25,12,2.244,yes
223_rem,0.2245,fullbore_target,80.5,vihtavuori_n550,129,26.9,2799,25,12,2.244,yes
223_rem,0.2245,long_range_hybrid_target,85.5,vihtavuori_n150,124,24.7,2700,25,12,2.323,yes
223_rem,0.2245,spitzer_bt_fmj,55,vihtavuori_n133,89,25.5,3314,25,12,2.244,yes
223_rem,0.2245,spitzer_bt_fmj,55,vihtavuori_n135,102,25.9,3271,25,12,2.244,yes
223_rem,0.2245,spitzer_bt_fmj,62,vihtavuori_n133,89,23.3,3058,25,12,2.244,yes
223_rem,0.2245,spitzer_bt_fmj,62,vihtavuori_n135,102,24.2,3091,25,12,2.244,yes
223_rem,0.2245,spitzer_bt_fmj,62,vihtavuori_n140,112,26.2,3031,25,12,2.244,yes
223_rem,0.2245,spitzer_bt_fmj,62,vihtavuori_n540,117,27.3,3173,25,12,2.244,yes
223_rem,0.2245,mth,65,vihtavuori_n135,102,21.3,2805,25,12,2.252,yes
223_rem,0.2245,mth,65,vihtavuori_n140,112,24.4,2897,25,12,2.252,yes
223_rem,0.2245,mth,65,vihtavuori_n540,117,24.7,2956,25,12,2.252,yes
223_rem,0.2245,ntx,35,vihtavuori_n130,84,25.9,3911,25,12,2.205,yes
223_rem,0.2245,ntx,35,vihtavuori_n133,89,25.9,3809,25,12,2.205,yes
223_rem,0.2245,ntx,35,vihtavuori_n135,102,26.2,3727,25,12,2.205,yes
223_rem,0.2245,ecx,50,vihtavuori_n135,102,24.2,3294,25,12,2.205,yes
223_rem,0.2245,ecx,50,vihtavuori_n140,112,26.9,3317,25,12,2.205,yes
223_rem,0.2245,ecx,50,vihtavuori_n540,117,26.7,3327,25,12,2.205,yes
223_rem,0.2245,hp,60,vihtavuori_n140,112,26.8,3166,25,12,2.244,yes
223_rem,0.2245,eld_vt,62,vihtavuori_n130,84,23,3061,25,12,2.26,yes
223_rem,0.2245,eld_vt,62,vihtavuori_n133,89,24.1,3094,25,12,2.26,yes
223_rem,0.2245,eld_vt,62,vihtavuori_n135,102,25.9,3169,25,12,2.26,yes
223_rem,0.2245,eld_vt,62,vihtavuori_n140,112,27,3110,25,12,2.26,yes
223_rem,0.2245,eld_vt,62,vihtavuori_n540,117,27.6,3199,25,12,2.26,yes
223_rem,0.2245,eld_match,75,vihtavuori_n140,112,26.2,2917,25,12,2.26,yes
223_rem,0.2245,eld_match,75,vihtavuori_n540,117,25.8,2956,25,12,2.26,yes
223_rem,0.2245,eld_match,88,vihtavuori_n140,112,23.5,2631,25,12,2.323,yes
223_rem,0.2245,eld_match,88,vihtavuori_n150,124,23.1,2539,25,12,2.323,yes
223_rem,0.2245,target_line,53,vihtavuori_n130,84,23.8,3323,25,12,2.22,yes
223_rem,0.2245,target_line,53,vihtavuori_n133,89,25.2,3386,25,12,2.22,yes
223_rem,0.2245,target_line,53,vihtavuori_n135,102,26.2,3327,25,12,2.22,yes
223_rem,0.2245,hpce,51,vihtavuori_n135,102,25.9,3392,25,12,2.244,yes
223_rem,0.2245,fmj,55,vihtavuori_n135,102,25.9,3278,25,12,2.244,yes
223_rem,0.2245,fmj,55,vihtavuori_n140,112,27.3,3294,25,12,2.244,yes
223_rem,0.2245,fmjbt_s569,55,vihtavuori_n135,102,25.5,3291,25,12,2.244,yes
223_rem,0.2245,fmjbt_s569,55,vihtavuori_n140,112,26.7,3241,25,12,2.244,yes
223_rem,0.2245,fmjbt_s569,55,vihtavuori_n540,117,27.3,3310,25,12,2.244,yes
223_rem,0.2245,soft_point,55,vihtavuori_n135,102,25.3,3294,25,12,2.224,yes
223_rem,0.2245,soft_point,55,vihtavuori_n140,112,26.9,3327,25,12,2.224,yes
223_rem,0.2245,controlled_chaos,55,vihtavuori_n135,102,23.8,3179,25,12,2.26,yes
223_rem,0.2245,controlled_chaos,55,vihtavuori_n140,112,26.5,3192,25,12,2.26,yes
223_rem,0.2245,controlled_chaos,55,vihtavuori_n540,117,26.4,3219,25,12,2.26,yes
223_rem,0.2245,tactic,52,vihtavuori_n133,89,24.4,3383,25,12,2.193,yes
223_rem,0.2245,tactic,52,vihtavuori_n135,102,25.5,3386,25,12,2.193,yes
223_rem,0.2245,btlf,40,vihtavuori_n130,84,25.2,3711,25,12,2.26,yes
223_rem,0.2245,btlf,40,vihtavuori_n133,89,25.9,3724,25,12,2.26,yes
223_rem,0.2245,btlf,40,vihtavuori_n135,102,25.9,3612,25,12,2.26,yes
223_rem,0.2245,btlf,40,vihtavuori_n140,112,26.9,3360,25,12,2.26,yes
223_rem,0.2245,hpbt_custom_comp,52,vihtavuori_n133,89,24.7,3323,25,12,2.26,yes
223_rem,0.2245,hpbt_custom_comp,52,vihtavuori_n135,102,26.1,3383,25,12,2.26,yes
223_rem,0.2245,hpbt_custom_comp,52,vihtavuori_n140,112,27,3205,25,12,2.26,yes
223_rem,0.2245,hpbt_custom_comp,52,vihtavuori_n540,117,28.2,3415,25,12,2.26,yes
223_rem,0.2245,fb_varmageddon,53,vihtavuori_n133,89,24.8,3320,25,12,2.26,yes
223_rem,0.2245,fb_varmageddon,53,vihtavuori_n135,102,25.9,3340,25,12,2.26,yes
223_rem,0.2245,fb_varmageddon,53,vihtavuori_n140,112,27,3166,25,12,2.26,yes
223_rem,0.2245,fb_varmageddon,53,vihtavuori_n540,117,27.9,3389,25,12,2.26,yes
223_rem,0.2245,ballistic_tip_varmint,55,vihtavuori_n135,102,25.9,3264,25,12,2.26,yes
223_rem,0.2245,ballistic_tip_varmint,55,vihtavuori_n140,112,27,3130,25,12,2.26,yes
223_rem,0.2245,ballistic_tip_varmint,55,vihtavuori_n540,117,27.9,3333,25,12,2.26,yes
223_rem,0.2245,fb_varmageddon,55,vihtavuori_n133,89,24.7,3255,25,12,2.26,yes
223_rem,0.2245,fb_varmageddon,55,vihtavuori_n135,102,25.9,3281,25,12,2.26,yes
223_rem,0.2245,fb_varmageddon,55,vihtavuori_n140,112,27,3159,25,12,2.26,yes
223_rem,0.2245,fb_varmageddon,55,vihtavuori_n540,117,27.8,3317,25,12,2.26,yes
223_rem,0.2245,ballistic_tip_varmint,60,vihtavuori_n133,89,23.5,3068,25,12,2.26,yes
223_rem,0.2245,ballistic_tip_varmint,60,vihtavuori_n135,102,24.5,3107,25,12,2.26,yes
223_rem,0.2245,ballistic_tip_varmint,60,vihtavuori_n140,112,27,3104,25,12,2.26,yes
223_rem,0.2245,ballistic_tip_varmint,60,vihtavuori_n540,117,26.9,3189,25,12,2.26,yes
223_rem,0.2245,fbhp_varmageddon,62,vihtavuori_n135,102,24.2,3028,25,12,2.197,yes
223_rem,0.2245,fbhp_varmageddon,62,vihtavuori_n140,112,26.4,3091,25,12,2.197,yes
223_rem,0.2245,fbhp_varmageddon,62,vihtavuori_n540,117,26.4,3120,25,12,2.197,yes
223_rem,0.2245,rdf,70,vihtavuori_n140,112,26.1,3005,25,12,2.26,yes
223_rem,0.2245,custom_competition,77,vihtavuori_n140,112,25,2828,25,12,2.26,yes
223_rem,0.2245,custom_competition,77,vihtavuori_n150,124,25.6,2838,25,12,2.26,yes
223_rem,0.2245,custom_competition,77,vihtavuori_n550,129,27,2884,25,12,2.26,yes
223_rem,0.2245,blade_648g,55,vihtavuori_n130,84,23.8,3176,25,12,2.248,yes
223_rem,0.2245,blade_648g,55,vihtavuori_n133,89,24.7,3209,25,12,2.248,yes
223_rem,0.2245,blade_648g,55,vihtavuori_n135,102,25.9,3241,25,12,2.248,yes
223_rem,0.2245,blade_648g,55,vihtavuori_n140,112,26.9,3077,25,12,2.248,yes
223_rem,0.2245,blitzking,50,vihtavuori_n140,112,27,3333,25,12,2.26,yes
223_rem,0.2245,spitzer,50,vihtavuori_n135,102,25.9,3379,25,12,2.248,yes
223_rem,0.2245,spitzer,50,vihtavuori_n140,112,27,3264,25,12,2.248,yes
223_rem,0.2245,spitzer,50,vihtavuori_n540,117,28.5,3442,25,12,2.248,yes
223_rem,0.2245,hpbt,52,vihtavuori_n135,102,25.6,3409,25,12,2.244,yes
223_rem,0.2245,varminter_hp,60,vihtavuori_n135,102,24.5,3133,25,12,2.236,yes
223_rem,0.2245,varminter_hp,60,vihtavuori_n140,112,26.9,3176,25,12,2.236,yes
223_rem,0.2245,varminter_hp,60,vihtavuori_n540,117,27.2,3196,25,12,2.236,yes
223_rem,0.2245,spire_point,40,vihtavuori_n133,89,25.9,3625,25,12,2.075,yes
223_rem,0.2245,spitzer,45,vihtavuori_n133,89,25.9,3579,25,12,2.126,yes
223_rem,0.2245,spitzer,45,vihtavuori_n135,102,25.9,3392,25,12,2.126,yes
223_rem,0.2245,tnt_hp,50,vihtavuori_n133,89,25.9,3533,25,12,2.244,yes
223_rem,0.2245,tnt_hp,50,vihtavuori_n135,102,25.9,3340,25,12,2.244,yes
223_rem,0.2245,fmjbt,62,vihtavuori_n140,112,26.2,3094,25,12,2.26,yes
223_rem,0.2245,hpfb,36,vihtavuori_n130,84,21.1,3402,25,12,2.181,no
223_rem,0.2245,hpfb,36,vihtavuori_n133,89,22.8,3481,25,12,2.181,no
223_rem,0.2245,hpfb,36,vihtavuori_n135,102,24.7,3514,25,12,2.181,no
223_rem,0.2245,hpfb,36,vihtavuori_n140,112,26.2,3425,25,12,2.181,no
223_rem,0.2245,hpfb,36,vihtavuori_n540,117,25.8,3301,25,12,2.181,no
223_rem,0.2245,varmint_grenade,50,vihtavuori_n130,84,19.1,2877,25,12,2.201,no
223_rem,0.2245,varmint_grenade,50,vihtavuori_n133,89,20.8,2959,25,12,2.201,no
223_rem,0.2245,varmint_grenade,50,vihtavuori_n135,102,21.9,2976,25,12,2.201,no
223_rem,0.2245,varmint_grenade,50,vihtavuori_n140,112,23.5,2963,25,12,2.201,no
223_rem,0.2245,varmint_grenade,50,vihtavuori_n540,117,23.6,2920,25,12,2.201,no
223_rem,0.2245,mpg_fb,55,vihtavuori_n130,84,19.3,2785,25,12,2.165,no
223_rem,0.2245,mpg_fb,55,vihtavuori_n133,89,18.5,2726,25,12,2.165,no
223_rem,0.2245,mpg_fb,55,vihtavuori_n135,102,19.3,2746,25,12,2.165,no
223_rem,0.2245,mpg_fb,55,vihtavuori_n140,112,24.2,2910,25,12,2.165,no
223_rem,0.2245,mpg_fb,55,vihtavuori_n540,117,25.2,2920,25,12,2.165,no
223_rem,0.2245,ttsx_bt,55,vihtavuori_n130,84,20.7,2881,25,12,2.205,no
223_rem,0.2245,ttsx_bt,55,vihtavuori_n133,89,19.3,2818,25,12,2.205,no
223_rem,0.2245,ttsx_bt,55,vihtavuori_n135,102,21.3,2877,25,12,2.205,no
223_rem,0.2245,ttsx_bt,55,vihtavuori_n140,112,25,2966,25,12,2.205,no
223_rem,0.2245,ttsx_bt,55,vihtavuori_n540,117,25.2,2963,25,12,2.205,no
223_rem,0.2245,tac_x_bt,62,vihtavuori_n133,89,20.7,2730,25,12,2.26,no
223_rem,0.2245,tac_x_bt,62,vihtavuori_n530,100,21.6,2694,25,12,2.26,no
223_rem,0.2245,tac_x_bt,62,vihtavuori_n135,102,21,2618,25,12,2.26,no
223_rem,0.2245,tac_x_bt,62,vihtavuori_n140,112,23.5,2694,25,12,2.26,no
223_rem,0.2245,tac_x_bt,62,vihtavuori_n540,117,23.9,2756,25,12,2.26,no
223_rem,0.2245,ttsx_bt,62,vihtavuori_n133,89,19.9,2694,25,12,2.244,no
223_rem,0.2245,ttsx_bt,62,vihtavuori_n530,100,21.5,2746,25,12,2.244,no
223_rem,0.2245,ttsx_bt,62,vihtavuori_n135,102,21.1,2736,25,12,2.244,no
223_rem,0.2245,ttsx_bt,62,vihtavuori_n140,112,24.2,2779,25,12,2.244,no
223_rem,0.2245,ttsx_bt,62,vihtavuori_n540,117,23.9,2805,25,12,2.244,no
223_rem,0.2245,lrx_bt,77,vihtavuori_n140,112,21.6,2339,25,12,2.26,no
223_rem,0.2245,lrx_bt,77,vihtavuori_n540,117,21.6,2425,25,12,2.26,no
223_rem,0.2245,bt_match,85,vihtavuori_n135,102,18.8,2310,25,12,2.228,no
223_rem,0.2245,bt_match,85,vihtavuori_n140,112,20.8,2375,25,12,2.228,no
223_rem,0.2245,bt_match,85,vihtavuori_n540,117,22.1,2470,25,12,2.228,no
223_rem,0.2245,bt_match,85,vihtavuori_n150,124,21.5,2418,25,12,2.228,no
223_rem,0.2245,varmint_grenade,50,vihtavuori_n130,84,21.5,3179,25,12,2.201,no
223_rem,0.2245,varmint_grenade,50,vihtavuori_n133,89,23.1,3255,25,12,2.201,no
223_rem,0.2245,mpg_fb,55,vihtavuori_n133,89,20.8,3028,25,12,2.165,no
223_rem,0.2245,ttsx_bt,55,vihtavuori_n130,84,23.1,3176,25,12,2.205,no
223_rem,0.2245,ttsx_bt,55,vihtavuori_n133,89,23.5,3196,25,12,2.205,no
223_rem,0.2245,tac_x_bt,62,vihtavuori_n133,89,23.1,2966,25,12,2.26,no
223_rem,0.2245,tac_x_bt,62,vihtavuori_n530,100,24.4,3100,25,12,2.26,no
223_rem,0.2245,tac_x_bt,62,vihtavuori_n135,102,25.2,3054,25,12,2.26,no
223_rem,0.2245,tac_x_bt,62,vihtavuori_n140,112,26.2,3031,25,12,2.26,no
223_rem,0.2245,tac_x_bt,62,vihtavuori_n540,117,27.2,3159,25,12,2.26,no
223_rem,0.2245,ttsx_bt,62,vihtavuori_n133,89,22.2,2966,25,12,2.244,no
223_rem,0.2245,bt_match,85,vihtavuori_n135,102,20.8,2493,25,12,2.228,no
223_rem,0.2245,bt_match,85,vihtavuori_n540,117,23.6,2687,25,12,2.228,no
223_rem,0.2245,fb_target,52,vihtavuori_n120,81,18.5,2940,25,12,2.26,no
223_rem,0.2245,fb_target,52,vihtavuori_n130,84,20.8,3022,25,12,2.26,no
223_rem,0.2245,fb_target,52,vihtavuori_n133,89,22.5,3077,25,12,2.26,no
223_rem,0.2245,fb_target,52,vihtavuori_n530,100,22.7,3041,25,12,2.26,no
223_rem,0.2245,fb_target,52,vihtavuori_n135,102,23.9,3136,25,12,2.26,no
223_rem,0.2245,fb_varmint,52,vihtavuori_n130,84,21.1,2972,25,12,2.26,no
223_rem,0.2245,fb_varmint,52,vihtavuori_n133,89,23,3048,25,12,2.26,no
223_rem,0.2245,fb_varmint,52,vihtavuori_n530,100,23.6,3068,25,12,2.26,no
223_rem,0.2245,fb_varmint,52,vihtavuori_n135,102,24.1,3054,25,12,2.26,no
223_rem,0.2245,fb_varmint,52,vihtavuori_n140,112,25,2982,25,12,2.26,no
223_rem,0.2245,fb_varmint,55,vihtavuori_n130,84,20.7,2877,25,12,2.26,no
223_rem,0.2245,fb_varmint,55,vihtavuori_n133,89,22.4,2933,25,12,2.26,no
223_rem,0.2245,fb_varmint,55,vihtavuori_n530,100,23.1,2969,25,12,2.26,no
223_rem,0.2245,fb_varmint,55,vihtavuori_n135,102,23.8,2956,25,12,2.26,no
223_rem,0.2245,fb_varmint,55,vihtavuori_n140,112,24.7,2917,25,12,2.26,no
223_rem,0.2245,fb_varmint,60,vihtavuori_n133,89,21.5,2782,25,12,2.26,no
223_rem,0.2245,fb_varmint,60,vihtavuori_n530,100,22.4,2822,25,12,2.26,no
223_rem,0.2245,fb_varmint,60,vihtavuori_n135,102,23,2822,25,12,2.26,no
223_rem,0.2245,fb_varmint,60,vihtavuori_n140,112,23.9,2818,25,12,2.26,no
223_rem,0.2245,fb_varmint,60,vihtavuori_n540,117,24.8,2897,25,12,2.26,no
223_rem,0.2245,bt_target,73,vihtavuori_n133,89,18.5,2451,25,12,2.26,no
223_rem,0.2245,bt_target,73,vihtavuori_n530,100,20.5,2533,25,12,2.26,no
223_rem,0.2245,bt_target,73,vihtavuori_n135,102,20.2,2438,25,12,2.26,no
223_rem,0.2245,bt_target,73,vihtavuori_n140,112,21.9,2503,25,12,2.26,no
223_rem,0.2245,bt_target,73,vihtavuori_n540,117,22.7,2582,25,12,2.26,no
223_rem,0.2245,vld_target,75,vihtavuori_n133,89,18.7,2402,25,12,2.26,no
223_rem,0.2245,vld_target,75,vihtavuori_n530,100,20.8,2546,25,12,2.26,no
223_rem,0.2245,vld_target,75,vihtavuori_n135,102,20.8,2503,25,12,2.26,no
223_rem,0.2245,vld_target,75,vihtavuori_n140,112,22.2,2530,25,12,2.26,no
223_rem,0.2245,vld_target,75,vihtavuori_n540,117,22.7,786,25,12,2.26,no
223_rem,0.2245,otm_tactical,77,vihtavuori_n133,89,17.7,2402,25,12,2.26,no
223_rem,0.2245,otm_tactical,77,vihtavuori_n135,102,17.7,2336,25,12,2.26,no
223_rem,0.2245,otm_tactical,77,vihtavuori_n140,112,22.1,2533,25,12,2.26,no
223_rem,0.2245,otm_tactical,77,vihtavuori_n540,117,22.4,2543,25,12,2.26,no
223_rem,0.2245,otm_tactical,77,vihtavuori_n150,124,21.6,2575,25,12,2.26,no
223_rem,0.2245,otm_tactical,77,vihtavuori_n550,129,23.9,2549,25,12,2.26,no
223_rem,0.2245,fullbore_target,80.5,vihtavuori_n133,89,19.3,2444,25,12,2.244,no
223_rem,0.2245,fullbore_target,80.5,vihtavuori_n530,100,20.5,2500,25,12,2.244,no
223_rem,0.2245,fullbore_target,80.5,vihtavuori_n135,102,19.6,2428,25,12,2.244,no
223_rem,0.2245,fullbore_target,80.5,vihtavuori_n140,112,21.9,2500,25,12,2.244,no
223_rem,0.2245,fullbore_target,80.5,vihtavuori_n540,117,22.5,2556,25,12,2.244,no
223_rem,0.2245,fullbore_target,80.5,vihtavuori_n150,124,22.2,2543,25,12,2.244,no
223_rem,0.2245,fullbore_target,80.5,vihtavuori_n550,129,24.1,2523,25,12,2.244,no
223_rem,0.2245,long_range_hybrid_target,85.5,vihtavuori_n133,89,19.3,2375,25,12,2.323,no
223_rem,0.2245,long_range_hybrid_target,85.5,vihtavuori_n135,102,20.1,2408,25,12,2.323,no
223_rem,0.2245,long_range_hybrid_target,85.5,vihtavuori_n140,112,21.9,2477,25,12,2.323,no
223_rem,0.2245,long_range_hybrid_target,85.5,vihtavuori_n540,117,22.8,2523,25,12,2.323,no
223_rem,0.2245,long_range_hybrid_target,85.5,vihtavuori_n150,124,22.4,2487,25,12,2.323,no
223_rem,0.2245,hpbt,90,vihtavuori_n140,112,19.3,2119,25,12,2.457,no
223_rem,0.2245,hpbt,90,vihtavuori_n540,117,20.7,2238,25,12,2.457,no
223_rem,0.2245,hpbt,90,vihtavuori_n150,124,19.4,2136,25,12,2.457,no
223_rem,0.2245,fb_target,52,vihtavuori_n120,81,20.4,3189,25,12,2.26,no
223_rem,0.2245,fb_target,52,vihtavuori_n130,84,22.5,3271,25,12,2.26,no
223_rem,0.2245,fb_target,52,vihtavuori_n133,89,24.8,3360,25,12,2.26,no
223_rem,0.2245,fb_target,52,vihtavuori_n530,100,25.3,3369,25,12,2.26,no
223_rem,0.2245,fb_target,52,vihtavuori_n135,102,26.1,3402,25,12,2.26,no
223_rem,0.2245,fb_varmint,52,vihtavuori_n130,84,23.5,3310,25,12,2.26,no
223_rem,0.2245,fb_varmint,52,vihtavuori_n133,89,25,3343,25,12,2.26,no
223_rem,0.2245,fb_varmint,52,vihtavuori_n530,100,25.8,3369,25,12,2.26,no
223_rem,0.2245,fb_varmint,52,vihtavuori_n135,102,26.7,3373,25,12,2.26,no
223_rem,0.2245,fb_varmint,52,vihtavuori_n140,112,26.2,3146,25,12,2.26,no
223_rem,0.2245,fb_varmint,55,vihtavuori_n130,84,23,3196,25,12,2.26,no
223_rem,0.2245,fb_varmint,55,vihtavuori_n133,89,24.7,3251,25,12,2.26,no
223_rem,0.2245,fb_varmint,55,vihtavuori_n530,100,25.2,3268,25,12,2.26,no
223_rem,0.2245,fb_varmint,55,vihtavuori_n135,102,26.2,3271,25,12,2.26,no
223_rem,0.2245,fb_varmint,55,vihtavuori_n140,112,26.5,3166,25,12,2.26,no
223_rem,0.2245,fb_varmint,60,vihtavuori_n133,89,24.2,3107,25,12,2.26,no
223_rem,0.2245,fb_varmint,60,vihtavuori_n530,100,24.4,3156,25,12,2.26,no
223_rem,0.2245,fb_varmint,60,vihtavuori_n135,102,25.8,3140,25,12,2.26,no
223_rem,0.2245,fb_varmint,60,vihtavuori_n140,112,26.2,3068,25,12,2.26,no
223_rem,0.2245,fb_varmint,60,vihtavuori_n540,117,27.2,3219,25,12,2.26,no
223_rem,0.2245,bt_target,73,vihtavuori_n133,89,21.8,2697,25,12,2.26,no
223_rem,0.2245,bt_target,73,vihtavuori_n530,100,23.1,2910,25,12,2.26,no
223_rem,0.2245,bt_target,73,vihtavuori_n135,102,23.3,2805,25,12,2.26,no
223_rem,0.2245,bt_target,73,vihtavuori_n140,112,25.3,2871,25,12,2.26,no
223_rem,0.2245,bt_target,73,vihtavuori_n540,117,25.5,2949,25,12,2.26,no
223_rem,0.2245,vld_target,75,vihtavuori_n133,89,21.9,2746,25,12,2.26,no
223_rem,0.2245,vld_target,75,vihtavuori_n530,100,23.1,2894,25,12,2.26,no
223_rem,0.2245,vld_target,75,vihtavuori_n135,102,23.8,2835,25,12,2.26,no
223_rem,0.2245,vld_target,75,vihtavuori_n140,112,25.5,2877,25,12,2.26,no
223_rem,0.2245,vld_target,75,vihtavuori_n540,117,25.9,2963,25,12,2.26,no
223_rem,0.2245,otm_tactical,77,vihtavuori_n133,89,20.1,2595,25,12,2.26,no
223_rem,0.2245,otm_tactical,77,vihtavuori_n135,102,21.3,2661,25,12,2.26,no
223_rem,0.2245,fullbore_target,80.5,vihtavuori_n133,89,21,2638,25,12,2.244,no
223_rem,0.2245,fullbore_target,80.5,vihtavuori_n530,100,22.5,2740,25,12,2.244,no
223_rem,0.2245,fullbore_target,80.5,vihtavuori_n135,102,22.1,2690,25,12,2.244,no
223_rem,0.2245,fullbore_target,80.5,vihtavuori_n540,117,24.8,2828,25,12,2.244,no
223_rem,0.2245,fullbore_target,80.5,vihtavuori_n150,124,24.7,2792,25,12,2.244,no
223_rem,0.2245,long_range_hybrid_target,85.5,vihtavuori_n133,89,21.3,2602,25,12,2.323,no
223_rem,0.2245,long_range_hybrid_target,85.5,vihtavuori_n135,102,22.1,2638,25,12,2.323,no
223_rem,0.2245,long_range_hybrid_target,85.5,vihtavuori_n140,112,23.9,2710,25,12,2.323,no
223_rem,0.2245,long_range_hybrid_target,85.5,vihtavuori_n540,117,24.7,2746,25,12,2.323,no
223_rem,0.2245,hpbt,90,vihtavuori_n140,112,21.8,2411,25,12,2.457,no
223_rem,0.2245,hpbt,90,vihtavuori_n540,117,23,2490,25,12,2.457,no
223_rem,0.2245,hpbt,90,vihtavuori_n150,124,22.5,2431,25,12,2.457,no
223_rem,0.2245,spitzer_bt_fmj,55,vihtavuori_n120,81,18.7,2881,25,12,2.244,no
223_rem,0.2245,spitzer_bt_fmj,55,vihtavuori_n130,84,21.1,2969,25,12,2.244,no
223_rem,0.2245,spitzer_bt_fmj,55,vihtavuori_n133,89,22.4,2982,25,12,2.244,no
223_rem,0.2245,spitzer_bt_fmj,55,vihtavuori_n135,102,23.9,3071,25,12,2.244,no
223_rem,0.2245,spitzer_bt_fmj,62,vihtavuori_n130,84,18.5,2703,25,12,2.244,no
223_rem,0.2245,spitzer_bt_fmj,62,vihtavuori_n133,89,18.5,2690,25,12,2.244,no
223_rem,0.2245,spitzer_bt_fmj,62,vihtavuori_n135,102,19.3,2700,25,12,2.244,no
223_rem,0.2245,spitzer_bt_fmj,62,vihtavuori_n140,112,23.9,2792,25,12,2.244,no
223_rem,0.2245,spitzer_bt_fmj,62,vihtavuori_n540,117,24.7,2861,25,12,2.244,no
223_rem,0.2245,spitzer_bt_fmj,55,vihtavuori_n120,81,20.7,3130,25,12,2.244,no
223_rem,0.2245,spitzer_bt_fmj,55,vihtavuori_n130,84,23.6,3245,25,12,2.244,no
223_rem,0.2245,spitzer_bt_fmj,62,vihtavuori_n130,84,21.6,2992,25,12,2.244,no
223_rem,0.2245,mth,65,vihtavuori_n135,102,18.5,2507,25,12,2.252,no
223_rem,0.2245,mth,65,vihtavuori_n140,112,20.5,2526,25,12,2.252,no
223_rem,0.2245,mth,65,vihtavuori_n540,117,21.6,2615,25,12,2.252,no
223_rem,0.2245,classic_hunter,50,vihtavuori_n130,84,19.9,2972,25,12,2.165,no
223_rem,0.2245,classic_hunter,50,vihtavuori_n133,89,20.8,3005,25,12,2.165,no
223_rem,0.2245,classic_hunter,50,vihtavuori_n530,100,22.2,3048,25,12,2.165,no
223_rem,0.2245,classic_hunter,50,vihtavuori_n135,102,23.1,3120,25,12,2.165,no
223_rem,0.2245,classic_hunter,55,vihtavuori_n130,84,18.2,2772,25,12,2.165,no
223_rem,0.2245,classic_hunter,55,vihtavuori_n133,89,20.1,2864,25,12,2.165,no
223_rem,0.2245,classic_hunter,55,vihtavuori_n530,100,20.8,2867,25,12,2.165,no
223_rem,0.2245,classic_hunter,55,vihtavuori_n135,102,20.8,2884,25,12,2.165,no
223_rem,0.2245,classic_hunter,50,vihtavuori_n130,84,21.8,3261,25,12,2.165,no
223_rem,0.2245,classic_hunter,50,vihtavuori_n133,89,23.8,3343,25,12,2.165,no
223_rem,0.2245,classic_hunter,50,vihtavuori_n530,100,24.8,3399,25,12,2.165,no
223_rem,0.2245,classic_hunter,50,vihtavuori_n135,102,25.6,3422,25,12,2.165,no
223_rem,0.2245,classic_hunter,55,vihtavuori_n130,84,20.5,3068,25,12,2.165,no
223_rem,0.2245,classic_hunter,55,vihtavuori_n133,89,22.5,3163,25,12,2.165,no
223_rem,0.2245,classic_hunter,55,vihtavuori_n530,100,23.3,3199,25,12,2.165,no
223_rem,0.2245,classic_hunter,55,vihtavuori_n135,102,23.9,3219,25,12,2.165,no
223_rem,0.2245,ntx,35,vihtavuori_n120,81,19.6,3458,25,12,2.205,no
223_rem,0.2245,ntx,35,vihtavuori_n130,84,23.1,3543,25,12,2.205,no
223_rem,0.2245,ntx,35,vihtavuori_n133,89,24.7,3632,25,12,2.205,no
223_rem,0.2245,ntx,35,vihtavuori_n135,102,25.8,3665,25,12,2.205,no
223_rem,0.2245,v_max,40,vihtavuori_n120,81,19.8,3346,25,12,2.224,no
223_rem,0.2245,v_max,40,vihtavuori_n130,84,21.8,3396,25,12,2.224,no
223_rem,0.2245,v_max,40,vihtavuori_n133,89,24.7,3517,25,12,2.224,no
223_rem,0.2245,v_max,40,vihtavuori_n530,100,24.2,3376,25,12,2.224,no
223_rem,0.2245,ecx,50,vihtavuori_n133,89,19.8,2861,25,12,2.205,no
223_rem,0.2245,ecx,50,vihtavuori_n135,102,20.8,2923,25,12,2.205,no
223_rem,0.2245,ecx,50,vihtavuori_n140,112,23.5,2946,25,12,2.205,no
223_rem,0.2245,ecx,50,vihtavuori_n540,117,23.9,2959,25,12,2.205,no
223_rem,0.2245,v_max,53,vihtavuori_n130,84,20.8,3025,25,12,2.256,no
223_rem,0.2245,v_max,53,vihtavuori_n133,89,22.8,3077,25,12,2.256,no
223_rem,0.2245,v_max,53,vihtavuori_n530,100,22.8,3084,25,12,2.256,no
223_rem,0.2245,v_max,53,vihtavuori_n135,102,23.9,3133,25,12,2.256,no
223_rem,0.2245,fmjbt,55,vihtavuori_n120,81,18.7,2917,25,12,2.244,no
223_rem,0.2245,fmjbt,55,vihtavuori_n130,84,21.8,3136,25,12,2.244,no
223_rem,0.2245,fmjbt,55,vihtavuori_n133,89,22.1,3045,25,12,2.244,no
223_rem,0.2245,fmjbt,55,vihtavuori_n530,100,23.1,3087,25,12,2.244,no
223_rem,0.2245,fmjbt,55,vihtavuori_n135,102,23.3,3077,25,12,2.244,no
223_rem,0.2245,fmjbt,55,vihtavuori_n140,112,24.7,3051,25,12,2.244,no
223_rem,0.2245,v_max,55,vihtavuori_n130,84,20.4,2812,25,12,2.26,no
223_rem,0.2245,v_max,55,vihtavuori_n133,89,21.5,2782,25,12,2.26,no
223_rem,0.2245,v_max,55,vihtavuori_n530,100,23,2927,25,12,2.26,no
223_rem,0.2245,v_max,55,vihtavuori_n135,102,23.5,2900,25,12,2.26,no
223_rem,0.2245,v_max,55,vihtavuori_n140,112,25.3,2900,25,12,2.26,no
223_rem,0.2245,hp,60,vihtavuori_n130,84,20.5,2867,25,12,2.244,no
223_rem,0.2245,hp,60,vihtavuori_n133,89,22.1,2913,25,12,2.244,no
223_rem,0.2245,hp,60,vihtavuori_n135,102,23.1,2930,25,12,2.244,no
223_rem,0.2245,hp,60,vihtavuori_n140,112,25,2936,25,12,2.244,no
223_rem,0.2245,eld_vt,62,vihtavuori_n130,84,21.1,2825,25,12,2.26,no
223_rem,0.2245,eld_vt,62,vihtavuori_n133,89,22.2,2864,25,12,2.26,no
223_rem,0.2245,eld_vt,62,vihtavuori_n135,102,23.3,2874,25,12,2.26,no
223_rem,0.2245,eld_vt,62,vihtavuori_n140,112,25.5,2904,25,12,2.26,no
223_rem,0.2245,eld_vt,62,vihtavuori_n540,117,25,2894,25,12,2.26,no
223_rem,0.2245,gmx,70,vihtavuori_n133,89,19.3,2552,25,12,2.24,no
223_rem,0.2245,gmx,70,vihtavuori_n530,100,19.3,2474,25,12,2.24,no
223_rem,0.2245,gmx,70,vihtavuori_n135,102,19.3,2467,25,12,2.24,no
223_rem,0.2245,gmx,70,vihtavuori_n140,112,21.6,2497,25,12,2.24,no
223_rem,0.2245,gmx,70,vihtavuori_n540,117,21.9,2523,25,12,2.24,no
223_rem,0.2245,bthp,75,vihtavuori_n135,102,20.7,2467,25,12,2.26,no
223_rem,0.2245,bthp,75,vihtavuori_n140,112,22.1,2474,25,12,2.26,no
223_rem,0.2245,bthp,75,vihtavuori_n540,117,23.1,2536,25,12,2.26,no
223_rem,0.2245,eld_match,75,vihtavuori_n530,100,20.5,2549,25,12,2.26,no
223_rem,0.2245,eld_match,75,vihtavuori_n135,102,21.3,2513,25,12,2.26,no
223_rem,0.2245,eld_match,75,vihtavuori_n140,112,22.8,2523,25,12,2.26,no
223_rem,0.2245,eld_match,75,vihtavuori_n540,117,22.7,2595,25,12,2.26,no
223_rem,0.2245,eld_match,88,vihtavuori_n133,89,19.3,2352,25,12,2.323,no
223_rem,0.2245,eld_match,88,vihtavuori_n530,100,19.3,2365,25,12,2.323,no
223_rem,0.2245,eld_match,88,vihtavuori_n135,102,20.1,2365,25,12,2.323,no
223_rem,0.2245,eld_match,88,vihtavuori_n140,112,21.6,2434,25,12,2.323,no
223_rem,0.2245,eld_match,88,vihtavuori_n540,117,21.9,2431,25,12,2.323,no
223_rem,0.2245,eld_match,88,vihtavuori_n150,124,21.9,2411,25,12,2.323,no
223_rem,0.2245,ntx,35,vihtavuori_n120,81,22.1,3783,25,12,2.205,no
223_rem,0.2245,v_max,40,vihtavuori_n120,81,22.4,3678,25,12,2.224,no
223_rem,0.2245,v_max,40,vihtavuori_n130,84,24.2,3711,25,12,2.224,no
223_rem,0.2245,v_max,40,vihtavuori_n133,89,25.9,3681,25,12,2.224,no
223_rem,0.2245,v_max,40,vihtavuori_n530,100,26.9,3747,25,12,2.224,no
223_rem,0.2245,ecx,50,vihtavuori_n133,89,23.1,3251,25,12,2.205,no
223_rem,0.2245,v_max,53,vihtavuori_n130,84,22.7,3274,25,12,2.256,no
223_rem,0.2245,v_max,53,vihtavuori_n133,89,24.7,3337,25,12,2.256,no
223_rem,0.2245,v_max,53,vihtavuori_n530,100,24.7,3314,25,12,2.256,no
223_rem,0.2245,v_max,53,vihtavuori_n135,102,25.8,3376,25,12,2.256,no
223_rem,0.2245,fmjbt,55,vihtavuori_n120,81,20.7,3150,25,12,2.244,no
223_rem,0.2245,fmjbt,55,vihtavuori_n130,84,23.5,3323,25,12,2.244,no
223_rem,0.2245,fmjbt,55,vihtavuori_n133,89,24.5,3301,25,12,2.244,no
223_rem,0.2245,fmjbt,55,vihtavuori_n530,100,25,3353,25,12,2.244,no
223_rem,0.2245,fmjbt,55,vihtavuori_n135,102,25.6,3337,25,12,2.244,no
223_rem,0.2245,fmjbt,55,vihtavuori_n140,112,26.8,3343,25,12,2.244,no
223_rem,0.2245,v_max,55,vihtavuori_n130,84,23,3166,25,12,2.26,no
223_rem,0.2245,v_max,55,vihtavuori_n133,89,25,3222,25,12,2.26,no
223_rem,0.2245,v_max,55,vihtavuori_n530,100,25.3,3261,25,12,2.26,no
223_rem,0.2245,v_max,55,vihtavuori_n135,102,26.2,3212,25,12,2.26,no
223_rem,0.2245,v_max,55,vihtavuori_n140,112,26.5,3045,25,12,2.26,no
223_rem,0.2245,hp,60,vihtavuori_n130,84,23.1,3173,25,12,2.244,no
223_rem,0.2245,hp,60,vihtavuori_n133,89,24.7,3209,25,12,2.244,no
223_rem,0.2245,hp,60,vihtavuori_n135,102,25.8,3202,25,12,2.244,no
223_rem,0.2245,gmx,70,vihtavuori_n133,89,20.2,2667,25,12,2.24,no
223_rem,0.2245,gmx,70,vihtavuori_n530,100,21.1,2736,25,12,2.24,no
223_rem,0.2245,gmx,70,vihtavuori_n135,102,21.8,2740,25,12,2.24,no
223_rem,0.2245,gmx,70,vihtavuori_n140,112,24.5,2828,25,12,2.24,no
223_rem,0.2245,gmx,70,vihtavuori_n540,117,24.4,2854,25,12,2.24,no
223_rem,0.2245,bthp,75,vihtavuori_n135,102,23.3,2723,25,12,2.26,no
223_rem,0.2245,bthp,75,vihtavuori_n140,112,25,2766,25,12,2.26,no
223_rem,0.2245,bthp,75,vihtavuori_n540,117,25.8,2831,25,12,2.26,no
223_rem,0.2245,eld_match,75,vihtavuori_n530,100,23.3,2910,25,12,2.26,no
223_rem,0.2245,eld_match,75,vihtavuori_n135,102,24.4,2874,25,12,2.26,no
223_rem,0.2245,eld_match,88,vihtavuori_n133,89,21.3,2559,25,12,2.323,no
223_rem,0.2245,eld_match,88,vihtavuori_n530,100,21.8,2605,25,12,2.323,no
223_rem,0.2245,eld_match,88,vihtavuori_n135,102,21.9,2575,25,12,2.323,no
223_rem,0.2245,eld_match,88,vihtavuori_n540,117,24.2,2687,25,12,2.323,no
223_rem,0.2245,target_line,53,vihtavuori_n130,84,21.5,3031,25,12,2.22,no
223_rem,0.2245,target_line,53,vihtavuori_n133,89,22.4,3087,25,12,2.22,no
223_rem,0.2245,target_line,53,vihtavuori_n135,102,24.5,3143,25,12,2.22,no
223_rem,0.2245,naturalis_n566,50,vihtavuori_n130,84,18.1,2825,25,12,2.205,no
223_rem,0.2245,naturalis_n566,50,vihtavuori_n133,89,20.7,2927,25,12,2.205,no
223_rem,0.2245,naturalis_n566,50,vihtavuori_n530,100,21,2913,25,12,2.205,no
223_rem,0.2245,naturalis_n566,50,vihtavuori_n135,102,21.9,2972,25,12,2.205,no
223_rem,0.2245,hpce,51,vihtavuori_n120,81,19,2982,25,12,2.244,no
223_rem,0.2245,hpce,51,vihtavuori_n130,84,20.8,3051,25,12,2.244,no
223_rem,0.2245,hpce,51,vihtavuori_n133,89,22.4,3094,25,12,2.244,no
223_rem,0.2245,hpce,51,vihtavuori_n530,100,23.6,3159,25,12,2.244,no
223_rem,0.2245,hpce,51,vihtavuori_n135,102,23.8,3140,25,12,2.244,no
223_rem,0.2245,fmj,55,vihtavuori_n120,81,18.7,2874,25,12,2.244,no
223_rem,0.2245,fmj,55,vihtavuori_n130,84,20.5,2936,25,12,2.244,no
223_rem,0.2245,fmj,55,vihtavuori_n133,89,22.1,2989,25,12,2.244,no
223_rem,0.2245,fmj,55,vihtavuori_n530,100,23.3,3054,25,12,2.244,no
223_rem,0.2245,fmj,55,vihtavuori_n135,102,23.3,3041,25,12,2.244,no
223_rem,0.2245,fmj,55,vihtavuori_n140,112,24.8,3009,25,12,2.244,no
223_rem,0.2245,fmjbt_s569,55,vihtavuori_n130,84,20.1,2930,25,12,2.244,no
223_rem,0.2245,fmjbt_s569,55,vihtavuori_n133,89,22.1,3002,25,12,2.244,no
223_rem,0.2245,fmjbt_s569,55,vihtavuori_n135,102,22.8,3035,25,12,2.244,no
223_rem,0.2245,fmjbt_s569,55,vihtavuori_n140,112,25.2,3058,25,12,2.244,no
223_rem,0.2245,fmjbt_s569,55,vihtavuori_n540,117,24.8,3022,25,12,2.244,no
223_rem,0.2245,soft_point,55,vihtavuori_n120,81,16.8,2690,25,12,2.224,no
223_rem,0.2245,soft_point,55,vihtavuori_n130,84,18.7,2812,25,12,2.224,no
223_rem,0.2245,soft_point,55,vihtavuori_n133,89,21,2874,25,12,2.224,no
223_rem,0.2245,soft_point,55,vihtavuori_n530,100,22.2,2923,25,12,2.224,no
223_rem,0.2245,soft_point,55,vihtavuori_n135,102,22.1,2949,25,12,2.224,no
223_rem,0.2245,soft_point,55,vihtavuori_n140,112,24.2,3002,25,12,2.224,no
223_rem,0.2245,scenar,69,vihtavuori_n133,89,20.2,2589,25,12,2.26,no
223_rem,0.2245,scenar,69,vihtavuori_n530,100,21.1,2654,25,12,2.26,no
223_rem,0.2245,scenar,69,vihtavuori_n135,102,21.1,2612,25,12,2.26,no
223_rem,0.2245,scenar,69,vihtavuori_n140,112,22.8,2700,25,12,2.26,no
223_rem,0.2245,scenar,69,vihtavuori_n540,117,23.1,2648,25,12,2.26,no
223_rem,0.2245,scenar,77,vihtavuori_n530,100,19.3,2336,25,12,2.26,no
223_rem,0.2245,scenar,77,vihtavuori_n135,102,18.8,2300,25,12,2.26,no
223_rem,0.2245,scenar,77,vihtavuori_n140,112,20.8,2310,25,12,2.26,no
223_rem,0.2245,scenar,77,vihtavuori_n540,117,21.8,2362,25,12,2.26,no
223_rem,0.2245,naturalis_n566,50,vihtavuori_n130,84,21.6,3238,25,12,2.205,no
223_rem,0.2245,naturalis_n566,50,vihtavuori_n133,89,24.1,3337,25,12,2.205,no
223_rem,0.2245,naturalis_n566,50,vihtavuori_n530,100,23.8,3301,25,12,2.205,no
223_rem,0.2245,naturalis_n566,50,vihtavuori_n135,102,25.6,3366,25,12,2.205,no
223_rem,0.2245,hpce,51,vihtavuori_n120,81,21.1,3251,25,12,2.244,no
223_rem,0.2245,hpce,51,vihtavuori_n130,84,23.3,3340,25,12,2.244,no
223_rem,0.2245,hpce,51,vihtavuori_n133,89,24.8,3389,25,12,2.244,no
223_rem,0.2245,hpce,51,vihtavuori_n530,100,25.6,3451,25,12,2.244,no
223_rem,0.2245,fmj,55,vihtavuori_n120,81,20.8,3127,25,12,2.244,no
223_rem,0.2245,fmj,55,vihtavuori_n130,84,23.1,3232,25,12,2.244,no
223_rem,0.2245,fmj,55,vihtavuori_n133,89,24.5,3278,25,12,2.244,no
223_rem,0.2245,fmj,55,vihtavuori_n530,100,25.3,3330,25,12,2.244,no
223_rem,0.2245,fmjbt_s569,55,vihtavuori_n130,84,22.1,3179,25,12,2.244,no
223_rem,0.2245,fmjbt_s569,55,vihtavuori_n133,89,24.4,3268,25,12,2.244,no
223_rem,0.2245,soft_point,55,vihtavuori_n120,81,20.2,3081,25,12,2.224,no
223_rem,0.2245,soft_point,55,vihtavuori_n130,84,21.9,3146,25,12,2.224,no
223_rem,0.2245,soft_point,55,vihtavuori_n133,89,24.1,3215,25,12,2.224,no
223_rem,0.2245,soft_point,55,vihtavuori_n530,100,24.8,3264,25,12,2.224,no
223_rem,0.2245,scenar,69,vihtavuori_n133,89,21.9,2785,25,12,2.26,no
223_rem,0.2245,scenar,69,vihtavuori_n530,100,22.7,2851,25,12,2.26,no
223_rem,0.2245,scenar,69,vihtavuori_n135,102,23,2828,25,12,2.26,no
223_rem,0.2245,scenar,69,vihtavuori_n140,112,24.7,2884,25,12,2.26,no
223_rem,0.2245,scenar,69,vihtavuori_n540,117,25.5,2936,25,12,2.26,no
223_rem,0.2245,scenar,77,vihtavuori_n530,100,22.2,2664,25,12,2.26,no
223_rem,0.2245,scenar,77,vihtavuori_n135,102,21.5,2635,25,12,2.26,no
223_rem,0.2245,scenar,77,vihtavuori_n140,112,24.2,2628,25,12,2.26,no
223_rem,0.2245,scenar,77,vihtavuori_n540,117,24.5,2671,25,12,2.26,no
223_rem,0.2245,controlled_chaos,55,vihtavuori_n130,84,19.3,2789,25,12,2.26,no
223_rem,0.2245,controlled_chaos,55,vihtavuori_n133,89,19.3,2776,25,12,2.26,no
223_rem,0.2245,controlled_chaos,55,vihtavuori_n135,102,20.8,2851,25,12,2.26,no
223_rem,0.2245,controlled_chaos,55,vihtavuori_n140,112,23.3,2858,25,12,2.26,no
223_rem,0.2245,controlled_chaos,55,vihtavuori_n540,117,23.9,2904,25,12,2.26,no
223_rem,0.2245,controlled_chaos,55,vihtavuori_n130,84,21.9,3094,25,12,2.26,no
223_rem,0.2245,controlled_chaos,55,vihtavuori_n133,89,22.7,3117,25,12,2.26,no
223_rem,0.2245,tactic,52,vihtavuori_n120,81,18.7,2963,25,12,2.193,no
223_rem,0.2245,tactic,52,vihtavuori_n130,84,20.1,3028,25,12,2.193,no
223_rem,0.2245,tactic,52,vihtavuori_n133,89,21.9,3094,25,12,2.193,no
223_rem,0.2245,tactic,52,vihtavuori_n135,102,23.5,3150,25,12,2.193,no
223_rem,0.2245,tactic,52,vihtavuori_n120,81,20.2,3212,25,12,2.193,no
223_rem,0.2245,tactic,52,vihtavuori_n130,84,22.4,3297,25,12,2.193,no
223_rem,0.2245,btlf,40,vihtavuori_n120,81,19,3238,25,12,2.26,no
223_rem,0.2245,btlf,40,vihtavuori_n130,84,22.4,3356,25,12,2.26,no
223_rem,0.2245,btlf,40,vihtavuori_n133,89,22.7,3363,25,12,2.26,no
223_rem,0.2245,btlf,40,vihtavuori_n135,102,24.5,3448,25,12,2.26,no
223_rem,0.2245,btlf,40,vihtavuori_n140,112,25.3,3186,25,12,2.26,no
223_rem,0.2245,hpbt_custom_comp,52,vihtavuori_n130,84,21,2989,25,12,2.26,no
223_rem,0.2245,hpbt_custom_comp,52,vihtavuori_n133,89,22.1,3045,25,12,2.26,no
223_rem,0.2245,hpbt_custom_comp,52,vihtavuori_n135,102,23.6,3107,25,12,2.26,no
223_rem,0.2245,hpbt_custom_comp,52,vihtavuori_n140,112,26.2,3107,25,12,2.26,no
223_rem,0.2245,hpbt_custom_comp,52,vihtavuori_n540,117,25.8,3110,25,12,2.26,no
223_rem,0.2245,fb_varmageddon,53,vihtavuori_n130,84,20.8,2972,25,12,2.26,no
223_rem,0.2245,fb_varmageddon,53,vihtavuori_n133,89,22.4,3038,25,12,2.26,no
223_rem,0.2245,fb_varmageddon,53,vihtavuori_n135,102,23.9,3100,25,12,2.26,no
223_rem,0.2245,fb_varmageddon,53,vihtavuori_n140,112,26.2,3077,25,12,2.26,no
223_rem,0.2245,fb_varmageddon,53,vihtavuori_n540,117,25.5,3028,25,12,2.26,no
223_rem,0.2245,ballistic_tip_varmint,55,vihtavuori_n130,84,20.8,2923,25,12,2.26,no
223_rem,0.2245,ballistic_tip_varmint,55,vihtavuori_n133,89,20.8,2890,25,12,2.26,no
223_rem,0.2245,ballistic_tip_varmint,55,vihtavuori_n135,102,22.4,2953,25,12,2.26,no
223_rem,0.2245,ballistic_tip_varmint,55,vihtavuori_n140,112,25.9,3015,25,12,2.26,no
223_rem,0.2245,ballistic_tip_varmint,55,vihtavuori_n540,117,25.5,3031,25,12,2.26,no
223_rem,0.2245,fb_varmageddon,55,vihtavuori_n130,84,21,2949,25,12,2.26,no
223_rem,0.2245,fb_varmageddon,55,vihtavuori_n133,89,22.4,2986,25,12,2.26,no
223_rem,0.2245,fb_varmageddon,55,vihtavuori_n135,102,23.5,3002,25,12,2.26,no
223_rem,0.2245,fb_varmageddon,55,vihtavuori_n140,112,25.6,3028,25,12,2.26,no
223_rem,0.2245,fb_varmageddon,55,vihtavuori_n540,117,25.5,3035,25,12,2.26,no
223_rem,0.2245,ballistic_tip_varmint,60,vihtavuori_n130,84,20.1,2782,25,12,2.26,no
223_rem,0.2245,ballistic_tip_varmint,60,vihtavuori_n133,89,20.2,2756,25,12,2.26,no
223_rem,0.2245,ballistic_tip_varmint,60,vihtavuori_n135,102,21.6,2799,25,12,2.26,no
223_rem,0.2245,ballistic_tip_varmint,60,vihtavuori_n140,112,24.5,2841,25,12,2.26,no
223_rem,0.2245,ballistic_tip_varmint,60,vihtavuori_n540,117,24.7,2887,25,12,2.26,no
223_rem,0.2245,fbhp_varmageddon,62,vihtavuori_n130,84,19.4,2684,25,12,2.197,no
223_rem,0.2245,fbhp_varmageddon,62,vihtavuori_n133,89,20.5,2736,25,12,2.197,no
223_rem,0.2245,fbhp_varmageddon,62,vihtavuori_n135,102,22.1,2795,25,12,2.197,no
223_rem,0.2245,fbhp_varmageddon,62,vihtavuori_n140,112,23.9,2818,25,12,2.197,no
223_rem,0.2245,fbhp_varmageddon,62,vihtavuori_n540,117,23.9,2808,25,12,2.197,no
223_rem,0.2245,rdf,70,vihtavuori_n133,89,20.5,2648,25,12,2.26,no
223_rem,0.2245,rdf,70,vihtavuori_n135,102,21.6,2694,25,12,2.26,no
223_rem,0.2245,rdf,70,vihtavuori_n140,112,23.6,2726,25,12,2.26,no
223_rem,0.2245,rdf,70,vihtavuori_n540,117,23.8,2746,25,12,2.26,no
223_rem,0.2245,custom_competition,77,vihtavuori_n135,102,20.5,2507,25,12,2.26,no
223_rem,0.2245,custom_competition,77,vihtavuori_n140,112,23.1,2605,25,12,2.26,no
223_rem,0.2245,custom_competition,77,vihtavuori_n540,117,23.3,2615,25,12,2.26,no
223_rem,0.2245,custom_competition,77,vihtavuori_n150,124,23.1,2608,25,12,2.26,no
223_rem,0.2245,custom_competition,77,vihtavuori_n550,129,24.4,2598,25,12,2.26,no
223_rem,0.2245,btlf,40,vihtavuori_n120,81,21.3,3560,25,12,2.26,no
223_rem,0.2245,hpbt_custom_comp,52,vihtavuori_n130,84,23.5,3310,25,12,2.26,no
223_rem,0.2245,fb_varmageddon,53,vihtavuori_n130,84,23.1,3258,25,12,2.26,no
223_rem,0.2245,ballistic_tip_varmint,55,vihtavuori_n130,84,23.5,3212,25,12,2.26,no
223_rem,0.2245,ballistic_tip_varmint,55,vihtavuori_n133,89,24.8,3261,25,12,2.26,no
223_rem,0.2245,fb_varmageddon,55,vihtavuori_n130,84,23.1,3212,25,12,2.26,no
223_rem,0.2245,ballistic_tip_varmint,60,vihtavuori_n130,84,22.4,3054,25,12,2.26,no
223_rem,0.2245,fbhp_varmageddon,62,vihtavuori_n130,84,21.8,2963,25,12,2.197,no
223_rem,0.2245,fbhp_varmageddon,62,vihtavuori_n133,89,23.1,3022,25,12,2.197,no
223_rem,0.2245,rdf,70,vihtavuori_n133,89,22.8,2917,25,12,2.26,no
223_rem,0.2245,rdf,70,vihtavuori_n135,102,23.8,2956,25,12,2.26,no
223_rem,0.2245,rdf,70,vihtavuori_n540,117,25.8,3022,25,12,2.26,no
223_rem,0.2245,custom_competition,77,vihtavuori_n135,102,22.8,2759,25,12,2.26,no
223_rem,0.2245,custom_competition,77,vihtavuori_n540,117,25.2,2864,25,12,2.26,no
223_rem,0.2245,blade_648g,55,vihtavuori_n130,84,21.1,2867,25,12,2.248,no
223_rem,0.2245,blade_648g,55,vihtavuori_n133,89,19.3,2789,25,12,2.248,no
223_rem,0.2245,blade_648g,55,vihtavuori_n135,102,22.4,2900,25,12,2.248,no
223_rem,0.2245,blade_648g,55,vihtavuori_n140,112,25.9,2995,25,12,2.248,no
223_rem,0.2245,blitzking,50,vihtavuori_n130,84,21.1,3091,25,12,2.26,no
223_rem,0.2245,blitzking,50,vihtavuori_n133,89,23.3,3176,25,12,2.26,no
223_rem,0.2245,blitzking,50,vihtavuori_n530,100,23.1,3114,25,12,2.26,no
223_rem,0.2245,blitzking,50,vihtavuori_n135,102,24.2,3199,25,12,2.26,no
223_rem,0.2245,blitzking,50,vihtavuori_n140,112,25.5,3120,25,12,2.26,no
223_rem,0.2245,spitzer,50,vihtavuori_n130,84,21.6,3087,25,12,2.248,no
223_rem,0.2245,spitzer,50,vihtavuori_n133,89,22.7,3133,25,12,2.248,no
223_rem,0.2245,spitzer,50,vihtavuori_n135,102,23.9,3156,25,12,2.248,no
223_rem,0.2245,spitzer,50,vihtavuori_n140,112,26.2,3179,25,12,2.248,no
223_rem,0.2245,spitzer,50,vihtavuori_n540,117,26.2,3153,25,12,2.248,no
223_rem,0.2245,hpbt,52,vihtavuori_n130,84,21.1,3071,25,12,2.244,no
223_rem,0.2245,hpbt,52,vihtavuori_n133,89,22.5,3110,25,12,2.244,no
223_rem,0.2245,hpbt,52,vihtavuori_n135,102,23.8,3140,25,12,2.244,no
223_rem,0.2245,varminter_hp,60,vihtavuori_n130,84,20.1,2782,25,12,2.236,no
223_rem,0.2245,varminter_hp,60,vihtavuori_n133,89,20.8,2808,25,12,2.236,no
223_rem,0.2245,varminter_hp,60,vihtavuori_n135,102,21.8,2841,25,12,2.236,no
223_rem,0.2245,varminter_hp,60,vihtavuori_n140,112,24.2,2890,25,12,2.236,no
223_rem,0.2245,varminter_hp,60,vihtavuori_n540,117,24.7,2877,25,12,2.236,no
223_rem,0.2245,sbt,65,vihtavuori_n130,84,19,2687,25,12,2.244,no
223_rem,0.2245,sbt,65,vihtavuori_n133,89,20.7,2733,25,12,2.244,no
223_rem,0.2245,sbt,65,vihtavuori_n135,102,21.6,2766,25,12,2.244,no
223_rem,0.2245,sbt,65,vihtavuori_n140,112,23.8,2808,25,12,2.244,no
223_rem,0.2245,sbt,65,vihtavuori_n540,117,23.5,2769,25,12,2.244,no
223_rem,0.2245,hpbt,69,vihtavuori_n133,89,20.7,2598,25,12,2.244,no
223_rem,0.2245,hpbt,69,vihtavuori_n135,102,21.6,2638,25,12,2.244,no
223_rem,0.2245,hpbt,69,vihtavuori_n140,112,23.6,2690,25,12,2.244,no
223_rem,0.2245,hpbt,69,vihtavuori_n540,117,24.1,2703,25,12,2.244,no
223_rem,0.2245,hpbt,77,vihtavuori_n530,100,19.8,2336,25,12,2.26,no
223_rem,0.2245,hpbt,77,vihtavuori_n135,102,19.6,2316,25,12,2.26,no
223_rem,0.2245,hpbt,77,vihtavuori_n140,112,21,2336,25,12,2.26,no
223_rem,0.2245,hpbt,77,vihtavuori_n540,117,22.7,2428,25,12,2.26,no
223_rem,0.2245,tmk,77,vihtavuori_n530,100,20.2,2441,25,12,2.26,no
223_rem,0.2245,tmk,77,vihtavuori_n135,102,19.9,2375,25,12,2.26,no
223_rem,0.2245,tmk,77,vihtavuori_n140,112,22.2,2441,25,12,2.26,no
223_rem,0.2245,tmk,77,vihtavuori_n540,117,22.5,2477,25,12,2.26,no
223_rem,0.2245,hpbt,80,vihtavuori_n530,100,20,2339,25,12,2.551,no
223_rem,0.2245,hpbt,80,vihtavuori_n135,102,18.8,2333,25,12,2.551,no
223_rem,0.2245,hpbt,80,vihtavuori_n140,112,20.7,2395,25,12,2.551,no
223_rem,0.2245,hpbt,80,vihtavuori_n540,117,21.4,2395,25,12,2.551,no
223_rem,0.2245,hpbt,90,vihtavuori_n140,112,19.3,2100,25,12,2.354,no
223_rem,0.2245,hpbt,90,vihtavuori_n540,117,20.7,2224,25,12,2.354,no
223_rem,0.2245,hpbt,90,vihtavuori_n150,124,19.1,2126,25,12,2.354,no
223_rem,0.2245,blitzking,50,vihtavuori_n130,84,23,3356,25,12,2.26,no
223_rem,0.2245,blitzking,50,vihtavuori_n133,89,25.3,3448,25,12,2.26,no
223_rem,0.2245,blitzking,50,vihtavuori_n530,100,25.3,3406,25,12,2.26,no
223_rem,0.2245,blitzking,50,vihtavuori_n135,102,26.2,3471,25,12,2.26,no
223_rem,0.2245,spitzer,50,vihtavuori_n130,84,23.8,3369,25,12,2.248,no
223_rem,0.2245,spitzer,50,vihtavuori_n133,89,25.5,3425,25,12,2.248,no
223_rem,0.2245,hpbt,52,vihtavuori_n130,84,23.8,3373,25,12,2.244,no
223_rem,0.2245,hpbt,52,vihtavuori_n133,89,25,3389,25,12,2.244,no
223_rem,0.2245,varminter_hp,60,vihtavuori_n130,84,22.2,3035,25,12,2.236,no
223_rem,0.2245,varminter_hp,60,vihtavuori_n133,89,23.5,3084,25,12,2.236,no
223_rem,0.2245,sbt,65,vihtavuori_n130,84,21,2927,25,12,2.244,no
223_rem,0.2245,sbt,65,vihtavuori_n133,89,22.7,2989,25,12,2.244,no
223_rem,0.2245,sbt,65,vihtavuori_n135,102,23.8,3025,25,12,2.244,no
223_rem,0.2245,sbt,65,vihtavuori_n140,112,25.6,3054,25,12,2.244,no
223_rem,0.2245,sbt,65,vihtavuori_n540,117,25.6,3058,25,12,2.244,no
223_rem,0.2245,hpbt,69,vihtavuori_n133,89,22.8,2844,25,12,2.244,no
223_rem,0.2245,hpbt,69,vihtavuori_n135,102,23.8,2871,25,12,2.244,no
223_rem,0.2245,hpbt,69,vihtavuori_n140,112,25.9,2943,25,12,2.244,no
223_rem,0.2245,hpbt,69,vihtavuori_n540,117,26.4,2986,25,12,2.244,no
223_rem,0.2245,hpbt,77,vihtavuori_n530,100,22.1,2608,25,12,2.26,no
223_rem,0.2245,hpbt,77,vihtavuori_n135,102,22.5,2595,25,12,2.26,no
223_rem,0.2245,hpbt,77,vihtavuori_n140,112,24.7,2657,25,12,2.26,no
223_rem,0.2245,hpbt,77,vihtavuori_n540,117,25.3,2717,25,12,2.26,no
223_rem,0.2245,tmk,77,vihtavuori_n530,100,22.7,2789,25,12,2.26,no
223_rem,0.2245,tmk,77,vihtavuori_n135,102,23,2707,25,12,2.26,no
223_rem,0.2245,tmk,77,vihtavuori_n140,112,25.5,2795,25,12,2.26,no
223_rem,0.2245,tmk,77,vihtavuori_n540,117,25.2,2854,25,12,2.26,no
223_rem,0.2245,hpbt,80,vihtavuori_n530,100,23.1,2630,25,12,2.551,no
223_rem,0.2245,hpbt,80,vihtavuori_n135,102,21.6,2587,25,12,2.551,no
223_rem,0.2245,hpbt,80,vihtavuori_n140,112,23,2646,25,12,2.551,no
223_rem,0.2245,hpbt,80,vihtavuori_n540,117,23.7,2652,25,12,2.551,no
223_rem,0.2245,hpbt,90,vihtavuori_n140,112,22.2,2434,25,12,2.354,no
223_rem,0.2245,hpbt,90,vihtavuori_n540,117,23.5,2500,25,12,2.354,no
223_rem,0.2245,hpbt,90,vihtavuori_n150,124,22.8,2454,25,12,2.354,no
223_rem,0.2245,spire_point,40,vihtavuori_n120,81,19,3159,25,12,2.075,no
223_rem,0.2245,spire_point,40,vihtavuori_n130,84,22.5,3386,25,12,2.075,no
223_rem,0.2245,spire_point,40,vihtavuori_n133,89,23.8,3402,25,12,2.075,no
223_rem,0.2245,spitzer,45,vihtavuori_n120,81,19.3,3061,25,12,2.126,no
223_rem,0.2245,spitzer,45,vihtavuori_n130,84,22.2,3251,25,12,2.126,no
223_rem,0.2245,spitzer,45,vihtavuori_n133,89,23.3,3238,25,12,2.126,no
223_rem,0.2245,spitzer,45,vihtavuori_n135,102,25.3,3314,25,12,2.126,no
223_rem,0.2245,tnt_hp,50,vihtavuori_n120,81,19.3,2989,25,12,2.244,no
223_rem,0.2245,tnt_hp,50,vihtavuori_n130,84,22.1,3107,25,12,2.244,no
223_rem,0.2245,tnt_hp,50,vihtavuori_n133,89,24.1,3248,25,12,2.244,no
223_rem,0.2245,tnt_hp,50,vihtavuori_n135,102,25.5,3278,25,12,2.244,no
223_rem,0.2245,fmjbt,62,vihtavuori_n530,100,22.1,2825,25,12,2.26,no
223_rem,0.2245,fmjbt,62,vihtavuori_n135,102,22.1,2795,25,12,2.26,no
223_rem,0.2245,fmjbt,62,vihtavuori_n140,112,25,2956,25,12,2.26,no
223_rem,0.2245,spire_point,40,vihtavuori_n120,81,23,3668,25,12,2.075,no
223_rem,0.2245,spire_point,40,vihtavuori_n130,84,25.5,3763,25,12,2.075,no
223_rem,0.2245,spitzer,45,vihtavuori_n120,81,22.8,3517,25,12,2.126,no
223_rem,0.2245,spitzer,45,vihtavuori_n130,84,25,3583,25,12,2.126,no
223_rem,0.2245,tnt_hp,50,vihtavuori_n120,81,22.7,3399,25,12,2.244,no
223_rem,0.2245,tnt_hp,50,vihtavuori_n130,84,24.5,3432,25,12,2.244,no
223_rem,0.2245,fmjbt,62,vihtavuori_n530,100,24.1,3127,25,12,2.26,no
223_rem,0.2245,fmjbt,62,vihtavuori_n135,102,24.7,3091,25,12,2.26,no
223_rem,0.2245,scirocco_ii,62,vihtavuori_n530,100,21.1,2661,25,12,2.26,no
223_rem,0.2245,scirocco_ii,62,vihtavuori_n135,102,21,2572,25,12,2.26,no
223_rem,0.2245,scirocco_ii,62,vihtavuori_n140,112,23.5,2638,25,12,2.26,no
223_rem,0.2245,scirocco_ii,62,vihtavuori_n540,117,23.8,2720,25,12,2.26,no
223_rem,0.2245,scirocco_ii,75,vihtavuori_n530,100,19.8,2323,25,12,2.26,no
223_rem,0.2245,scirocco_ii,75,vihtavuori_n135,102,19,2290,25,12,2.26,no
223_rem,0.2245,scirocco_ii,75,vihtavuori_n140,112,21.8,2356,25,12,2.26,no
223_rem,0.2245,scirocco_ii,75,vihtavuori_n540,117,22.1,2438,25,12,2.26,no
223_rem,0.2245,scirocco_ii,62,vihtavuori_n530,100,23.8,2982,25,12,2.26,no
223_rem,0.2245,scirocco_ii,62,vihtavuori_n135,102,24.4,2972,25,12,2.26,no
223_rem,0.2245,scirocco_ii,62,vihtavuori_n140,112,26.7,3015,25,12,2.26,no
223_rem,0.2245,scirocco_ii,62,vihtavuori_n540,117,26.5,3087,25,12,2.26,no
223_rem,0.2245,scirocco_ii,75,vihtavuori_n530,100,22.4,2671,25,12,2.26,no
223_rem,0.2245,scirocco_ii,75,vihtavuori_n135,102,22.4,2608,25,12,2.26,no
223_rem,0.2245,scirocco_ii,75,vihtavuori_n140,112,25,2674,25,12,2.26,no
223_rem,0.2245,scirocco_ii,75,vihtavuori_n540,117,25.3,2776,25,12,2.26,no
223_rem,0.224,varmint_grenade,30,ramshot_xterminator,92,26.1,3687,24,12,2.1,no
223_rem,0.224,varmint_grenade,30,accurate_2230,93,26.1,3687,24,12,2.1,no
223_rem,0.224,varmint_grenade,30,accurate_2200,76,24.9,3833,24,12,2.1,no
223_rem,0.224,varmint_grenade,30,accurate_2015br,86,22.9,3450,24,12,2.1,no
223_rem,0.224,varmint_grenade,30,ramshot_xterminator,92,29,4029,24,12,2.1,no
223_rem,0.224,varmint_grenade,30,accurate_2230,93,29,4029,24,12,2.1,no
223_rem,0.224,varmint_grenade,30,accurate_2200,76,27.7,4189,24,12,2.1,no
223_rem,0.224,varmint_grenade,30,accurate_2015br,86,25.4,3771,24,12,2.1,no
224_valkyrie,0.2245,custom_comp_hpbt,69,vihtavuori_n150,124,27,2969,24,7,2.189,yes
224_valkyrie,0.2245,matchking,69,vihtavuori_n550,129,28.1,2982,24,7,2.157,yes
224_valkyrie,0.2245,eld_match,88,vihtavuori_n555,144,26.2,2474,24,7,2.26,yes
224_valkyrie,0.2245,v_max,53,vihtavuori_n133,89,22.8,3022,24,7,2.205,no
224_valkyrie,0.2245,v_max,53,vihtavuori_n135,102,23.9,3061,24,7,2.205,no
224_valkyrie,0.2245,v_max,53,vihtavuori_n140,112,25.8,3100,24,7,2.205,no
224_valkyrie,0.2245,ttsx_bt,62,vihtavuori_n133,89,20.8,2677,24,7,2.165,no
224_valkyrie,0.2245,ttsx_bt,62,vihtavuori_n135,102,21.5,2710,24,7,2.165,no
224_valkyrie,0.2245,ttsx_bt,62,vihtavuori_n140,112,24.4,2805,24,7,2.165,no
224_valkyrie,0.2245,ttsx_bt,62,vihtavuori_n540,117,25.5,2874,24,7,2.165,no
224_valkyrie,0.2245,ttsx_bt,62,vihtavuori_n150,124,23.9,2785,24,7,2.165,no
224_valkyrie,0.2245,sbt,65,vihtavuori_n133,89,20.5,2677,24,7,2.146,no
224_valkyrie,0.2245,sbt,65,vihtavuori_n135,102,21.1,2677,24,7,2.146,no
224_valkyrie,0.2245,sbt,65,vihtavuori_n140,112,23.5,2779,24,7,2.146,no
224_valkyrie,0.2245,sbt,65,vihtavuori_n540,117,24.4,2844,24,7,2.146,no
224_valkyrie,0.2245,sbt,65,vihtavuori_n150,124,23.5,2779,24,7,2.146,no
224_valkyrie,0.2245,sbt,65,vihtavuori_n550,129,26.4,2884,24,7,2.146,no
224_valkyrie,0.2245,otm_scenar_l,69,vihtavuori_n133,89,20.4,2612,24,7,2.142,no
224_valkyrie,0.2245,otm_scenar_l,69,vihtavuori_n530,100,20.8,2608,24,7,2.142,no
224_valkyrie,0.2245,otm_scenar_l,69,vihtavuori_n135,102,22.2,2703,24,7,2.142,no
224_valkyrie,0.2245,otm_scenar_l,69,vihtavuori_n140,112,23.9,2740,24,7,2.142,no
224_valkyrie,0.2245,otm_scenar_l,69,vihtavuori_n540,117,24.1,2753,24,7,2.142,no
224_valkyrie,0.2245,otm_scenar_l,69,vihtavuori_n150,124,23.1,2657,24,7,2.142,no
224_valkyrie,0.2245,otm_scenar_l,69,vihtavuori_n550,129,25.9,2756,24,7,2.142,no
224_valkyrie,0.2245,custom_comp_hpbt,69,vihtavuori_n133,89,21.6,2684,24,7,2.189,no
224_valkyrie,0.2245,custom_comp_hpbt,69,vihtavuori_n135,102,22.7,2717,24,7,2.189,no
224_valkyrie,0.2245,custom_comp_hpbt,69,vihtavuori_n140,112,25.2,2799,24,7,2.189,no
224_valkyrie,0.2245,custom_comp_hpbt,69,vihtavuori_n540,117,25.9,2861,24,7,2.189,no
224_valkyrie,0.2245,custom_comp_hpbt,69,vihtavuori_n150,124,25.2,2795,24,7,2.189,no
224_valkyrie,0.2245,matchking,69,vihtavuori_n133,89,20.5,2680,24,7,2.157,no
224_valkyrie,0.2245,matchking,69,vihtavuori_n135,102,22.4,2733,24,7,2.157,no
224_valkyrie,0.2245,matchking,69,vihtavuori_n140,112,24.4,2772,24,7,2.157,no
224_valkyrie,0.2245,matchking,69,vihtavuori_n540,117,24.7,2802,24,7,2.157,no
224_valkyrie,0.2245,matchking,69,vihtavuori_n150,124,24.4,2782,24,7,2.157,no
224_valkyrie,0.2245,matchking,69,vihtavuori_n550,129,26.2,2776,24,7,2.157,no
224_valkyrie,0.2245,gmx,70,vihtavuori_n135,102,20.4,2493,24,7,2.197,no
224_valkyrie,0.2245,gmx,70,vihtavuori_n140,112,21.9,2562,24,7,2.197,no
224_valkyrie,0.2245,gmx,70,vihtavuori_n150,124,21.3,2470,24,7,2.197,no
224_valkyrie,0.2245,gmx,70,vihtavuori_n550,129,23.9,2618,24,7,2.197,no
224_valkyrie,0.2245,otm_scenar_l,77,vihtavuori_n135,102,20.1,2451,24,7,2.185,no
224_valkyrie,0.2245,otm_scenar_l,77,vihtavuori_n140,112,22.1,2516,24,7,2.185,no
224_valkyrie,0.2245,otm_scenar_l,77,vihtavuori_n540,117,23.1,2618,24,7,2.185,no
224_valkyrie,0.2245,otm_scenar_l,77,vihtavuori_n150,124,22.4,2543,24,7,2.185,no
224_valkyrie,0.2245,otm_scenar_l,77,vihtavuori_n550,129,24.2,2569,24,7,2.185,no
224_valkyrie,0.2245,vld_target,80,vihtavuori_n135,102,20.1,2421,24,7,2.26,no
224_valkyrie,0.2245,vld_target,80,vihtavuori_n140,112,21.6,2477,24,7,2.26,no
224_valkyrie,0.2245,vld_target,80,vihtavuori_n540,117,22.4,2533,24,7,2.26,no
224_valkyrie,0.2245,vld_target,80,vihtavuori_n150,124,20.8,2461,24,7,2.26,no
224_valkyrie,0.2245,vld_target,80,vihtavuori_n550,129,24.2,2595,24,7,2.26,no
224_valkyrie,0.2245,custom_comp_hpbt,80,vihtavuori_n135,102,20.8,2431,24,7,2.26,no
224_valkyrie,0.2245,custom_comp_hpbt,80,vihtavuori_n140,112,23,2530,24,7,2.26,no
224_valkyrie,0.2245,custom_comp_hpbt,80,vihtavuori_n540,117,24.4,2648,24,7,2.26,no
224_valkyrie,0.2245,custom_comp_hpbt,80,vihtavuori_n150,124,23.1,2559,24,7,2.26,no
224_valkyrie,0.2245,custom_comp_hpbt,80,vihtavuori_n550,129,25.5,2654,24,7,2.26,no
224_valkyrie,0.2245,long_range_hybrid_target,85.5,vihtavuori_n135,102,20.8,2418,24,7,2.26,no
224_valkyrie,0.2245,long_range_hybrid_target,85.5,vihtavuori_n140,112,22.2,2451,24,7,2.26,no
224_valkyrie,0.2245,long_range_hybrid_target,85.5,vihtavuori_n540,117,22.8,2480,24,7,2.26,no
224_valkyrie,0.2245,long_range_hybrid_target,85.5,vihtavuori_n150,124,22.4,2457,24,7,2.26,no
224_valkyrie,0.2245,long_range_hybrid_target,85.5,vihtavuori_n550,129,24.7,2556,24,7,2.26,no
224_valkyrie,0.2245,eld_match,88,vihtavuori_n530,100,20.1,2343,24,7,2.26,no
224_valkyrie,0.2245,eld_match,88,vihtavuori_n135,102,20.2,2329,24,7,2.26,no
224_valkyrie,0.2245,eld_match,88,vihtavuori_n140,112,21.3,2343,24,7,2.26,no
224_valkyrie,0.2245,eld_match,88,vihtavuori_n540,117,22.4,2425,24,7,2.26,no
224_valkyrie,0.2245,eld_match,88,vihtavuori_n150,124,21.9,2379,24,7,2.26,no
224_valkyrie,0.2245,eld_match,88,vihtavuori_n550,129,23.9,2467,24,7,2.26,no
224_valkyrie,0.2245,eld_match,88,vihtavuori_n555,144,25.5,2405,24,7,2.26,no
224_valkyrie,0.2245,vld_target,90,vihtavuori_n135,102,20.8,2339,24,7,2.26,no
224_valkyrie,0.2245,vld_target,90,vihtavuori_n140,112,21.6,2329,24,7,2.26,no
224_valkyrie,0.2245,vld_target,90,vihtavuori_n540,117,22.4,2434,24,7,2.26,no
224_valkyrie,0.2245,vld_target,90,vihtavuori_n150,124,21.6,2346,24,7,2.26,no
224_valkyrie,0.2245,vld_target,90,vihtavuori_n550,129,24.1,2451,24,7,2.26,no
224_valkyrie,0.2245,v_max,53,vihtavuori_n133,89,24.7,3228,24,7,2.205,no
224_valkyrie,0.2245,v_max,53,vihtavuori_n135,102,25.9,3281,24,7,2.205,no
224_valkyrie,0.2245,v_max,53,vihtavuori_n140,112,27.9,3317,24,7,2.205,no
224_valkyrie,0.2245,ttsx_bt,62,vihtavuori_n133,89,22.5,2877,24,7,2.165,no
224_valkyrie,0.2245,ttsx_bt,62,vihtavuori_n135,102,23.9,2943,24,7,2.165,no
224_valkyrie,0.2245,ttsx_bt,62,vihtavuori_n140,112,26.5,3035,24,7,2.165,no
224_valkyrie,0.2245,ttsx_bt,62,vihtavuori_n540,117,27.2,3091,24,7,2.165,no
224_valkyrie,0.2245,ttsx_bt,62,vihtavuori_n150,124,26.5,3012,24,7,2.165,no
224_valkyrie,0.2245,sbt,65,vihtavuori_n133,89,22.4,2861,24,7,2.146,no
224_valkyrie,0.2245,sbt,65,vihtavuori_n135,102,23.6,2897,24,7,2.146,no
224_valkyrie,0.2245,sbt,65,vihtavuori_n140,112,25.6,2979,24,7,2.146,no
224_valkyrie,0.2245,sbt,65,vihtavuori_n540,117,26.5,3051,24,7,2.146,no
224_valkyrie,0.2245,sbt,65,vihtavuori_n150,124,25.9,2989,24,7,2.146,no
224_valkyrie,0.2245,sbt,65,vihtavuori_n550,129,28.2,3091,24,7,2.146,no
224_valkyrie,0.2245,otm_scenar_l,69,vihtavuori_n133,89,22.1,2792,24,7,2.142,no
224_valkyrie,0.2245,otm_scenar_l,69,vihtavuori_n530,100,22.8,2858,24,7,2.142,no
224_valkyrie,0.2245,otm_scenar_l,69,vihtavuori_n135,102,23.6,2877,24,7,2.142,no
224_valkyrie,0.2245,otm_scenar_l,69,vihtavuori_n140,112,25.5,2917,24,7,2.142,no
224_valkyrie,0.2245,otm_scenar_l,69,vihtavuori_n540,117,25,2904,24,7,2.142,no
224_valkyrie,0.2245,otm_scenar_l,69,vihtavuori_n150,124,25.5,2894,24,7,2.142,no
224_valkyrie,0.2245,otm_scenar_l,69,vihtavuori_n550,129,27.2,2930,24,7,2.142,no
224_valkyrie,0.2245,custom_comp_hpbt,69,vihtavuori_n133,89,23.5,2864,24,7,2.189,no
224_valkyrie,0.2245,custom_comp_hpbt,69,vihtavuori_n135,102,24.8,2907,24,7,2.189,no
224_valkyrie,0.2245,custom_comp_hpbt,69,vihtavuori_n140,112,27,2999,24,7,2.189,no
224_valkyrie,0.2245,custom_comp_hpbt,69,vihtavuori_n540,117,27.5,3058,24,7,2.189,no
224_valkyrie,0.2245,matchking,69,vihtavuori_n133,89,22.4,2822,24,7,2.157,no
224_valkyrie,0.2245,matchking,69,vihtavuori_n135,102,23.5,2858,24,7,2.157,no
224_valkyrie,0.2245,matchking,69,vihtavuori_n140,112,26.2,2963,24,7,2.157,no
224_valkyrie,0.2245,matchking,69,vihtavuori_n540,117,26.2,2989,24,7,2.157,no
224_valkyrie,0.2245,matchking,69,vihtavuori_n150,124,26.2,2966,24,7,2.157,no
224_valkyrie,0.2245,gmx,70,vihtavuori_n135,102,22.2,2703,24,7,2.197,no
224_valkyrie,0.2245,gmx,70,vihtavuori_n140,112,24.1,2785,24,7,2.197,no
224_valkyrie,0.2245,gmx,70,vihtavuori_n150,124,23.5,2687,24,7,2.197,no
224_valkyrie,0.2245,gmx,70,vihtavuori_n550,129,25.6,2808,24,7,2.197,no
224_valkyrie,0.2245,otm_scenar_l,77,vihtavuori_n135,102,21.9,2625,24,7,2.185,no
224_valkyrie,0.2245,otm_scenar_l,77,vihtavuori_n140,112,23.8,2687,24,7,2.185,no
224_valkyrie,0.2245,otm_scenar_l,77,vihtavuori_n540,117,24.1,2746,24,7,2.185,no
224_valkyrie,0.2245,otm_scenar_l,77,vihtavuori_n150,124,23.6,2680,24,7,2.185,no
224_valkyrie,0.2245,otm_scenar_l,77,vihtavuori_n550,129,26.2,2776,24,7,2.185,no
224_valkyrie,0.2245,vld_target,80,vihtavuori_n135,102,21.8,2562,24,7,2.26,no
224_valkyrie,0.2245,vld_target,80,vihtavuori_n140,112,23.5,2644,24,7,2.26,no
224_valkyrie,0.2245,vld_target,80,vihtavuori_n540,117,24.1,2726,24,7,2.26,no
224_valkyrie,0.2245,vld_target,80,vihtavuori_n150,124,23.5,2631,24,7,2.26,no
224_valkyrie,0.2245,vld_target,80,vihtavuori_n550,129,26.1,2785,24,7,2.26,no
224_valkyrie,0.2245,custom_comp_hpbt,80,vihtavuori_n135,102,22.7,2625,24,7,2.26,no
224_valkyrie,0.2245,custom_comp_hpbt,80,vihtavuori_n140,112,24.5,2700,24,7,2.26,no
224_valkyrie,0.2245,custom_comp_hpbt,80,vihtavuori_n540,117,25.9,2828,24,7,2.26,no
224_valkyrie,0.2245,custom_comp_hpbt,80,vihtavuori_n150,124,25,2730,24,7,2.26,no
224_valkyrie,0.2245,custom_comp_hpbt,80,vihtavuori_n550,129,27.2,2831,24,7,2.26,no
224_valkyrie,0.2245,long_range_hybrid_target,85.5,vihtavuori_n135,102,21.6,2487,24,7,2.26,no
224_valkyrie,0.2245,long_range_hybrid_target,85.5,vihtavuori_n140,112,23.9,2605,24,7,2.26,no
224_valkyrie,0.2245,long_range_hybrid_target,85.5,vihtavuori_n540,117,24.1,2651,24,7,2.26,no
224_valkyrie,0.2245,long_range_hybrid_target,85.5,vihtavuori_n150,124,23.8,2592,24,7,2.26,no
224_valkyrie,0.2245,long_range_hybrid_target,85.5,vihtavuori_n550,129,25.9,2707,24,7,2.26,no
224_valkyrie,0.2245,eld_match,88,vihtavuori_n530,100,21.6,2523,24,7,2.26,no
224_valkyrie,0.2245,eld_match,88,vihtavuori_n135,102,21.6,2464,24,7,2.26,no
224_valkyrie,0.2245,eld_match,88,vihtavuori_n140,112,23.5,2556,24,7,2.26,no
224_valkyrie,0.2245,eld_match,88,vihtavuori_n540,117,24.4,2635,24,7,2.26,no
224_valkyrie,0.2245,eld_match,88,vihtavuori_n150,124,23.9,2559,24,7,2.26,no
224_valkyrie,0.2245,eld_match,88,vihtavuori_n550,129,25.6,2657,24,7,2.26,no
224_valkyrie,0.2245,vld_target,90,vihtavuori_n135,102,21.5,2408,24,7,2.26,no
224_valkyrie,0.2245,vld_target,90,vihtavuori_n140,112,23.3,2516,24,7,2.26,no
224_valkyrie,0.2245,vld_target,90,vihtavuori_n540,117,23.8,2579,24,7,2.26,no
224_valkyrie,0.2245,vld_target,90,vihtavuori_n150,124,23.5,2523,24,7,2.26,no
224_valkyrie,0.2245,vld_target,90,vihtavuori_n550,129,25.3,2618,24,7,2.26,no
243_win,0.243,elite_hunter,108,vihtavuori_n565,156,45.4,2766,23,10,2.709,yes
243_win,0.243,v_max,65,vihtavuori_n555,144,47.8,3373,23,10,2.701,yes
243_win,0.243,v_max,65,vihtavuori_n160,143,49.8,3435,23,10,2.701,yes
243_win,0.243,v_max,75,vihtavuori_n555,144,46.9,3340,23,10,2.63,yes
243_win,0.243,tsx,85,vihtavuori_n540,117,33.8,2812,23,10,2.638,no
243_win,0.243,tsx,85,vihtavuori_n150,124,33.2,2717,23,10,2.638,no
243_win,0.243,tsx,85,vihtavuori_n550,129,39.5,3064,23,10,2.638,no
243_win,0.243,tsx,85,vihtavuori_n160,143,40.9,2822,23,10,2.638,no
243_win,0.243,tsx,85,vihtavuori_n540,117,39.5,3219,23,10,2.638,no
243_win,0.243,tsx,85,vihtavuori_n150,124,39.4,3114,23,10,2.638,no
243_win,0.243,tsx,85,vihtavuori_n550,129,42,3255,23,10,2.638,no
243_win,0.243,tsx,85,vihtavuori_n160,143,46,3189,23,10,2.638,no
243_win,0.243,bt_target,90,vihtavuori_n140,112,32.9,2615,23,10,2.693,no
243_win,0.243,bt_target,90,vihtavuori_n540,117,34.7,2707,23,10,2.693,no
243_win,0.243,bt_target,90,vihtavuori_n150,124,32.1,2605,23,10,2.693,no
243_win,0.243,bt_target,90,vihtavuori_n550,129,37.8,2743,23,10,2.693,no
243_win,0.243,bt_target,90,vihtavuori_n555,144,40.9,2749,23,10,2.693,no
243_win,0.243,bt_target,90,vihtavuori_n160,143,38.1,2631,23,10,2.693,no
243_win,0.243,bt_target,90,vihtavuori_n560,147,43.1,2707,23,10,2.693,no
243_win,0.243,classic_hunter,95,vihtavuori_n555,144,37.8,2644,23,10,2.681,no
243_win,0.243,classic_hunter,95,vihtavuori_n160,143,35.8,2516,23,10,2.681,no
243_win,0.243,classic_hunter,95,vihtavuori_n165,153,41.8,2638,23,10,2.681,no
243_win,0.243,classic_hunter,95,vihtavuori_n560,147,40.6,2608,23,10,2.681,no
243_win,0.243,bt_target,108,vihtavuori_n550,129,33,2451,23,10,2.709,no
243_win,0.243,bt_target,108,vihtavuori_n555,144,35.5,2461,23,10,2.709,no
243_win,0.243,bt_target,108,vihtavuori_n160,143,34,2372,23,10,2.709,no
243_win,0.243,bt_target,108,vihtavuori_n165,153,38.7,2451,23,10,2.709,no
243_win,0.243,bt_target,108,vihtavuori_n560,147,38.9,2457,23,10,2.709,no
243_win,0.243,elite_hunter,108,vihtavuori_n550,129,34,2461,23,10,2.709,no
243_win,0.243,elite_hunter,108,vihtavuori_n555,144,38.1,2530,23,10,2.709,no
243_win,0.243,elite_hunter,108,vihtavuori_n160,143,36.4,2398,23,10,2.709,no
243_win,0.243,elite_hunter,108,vihtavuori_n165,153,41.8,2516,23,10,2.709,no
243_win,0.243,elite_hunter,108,vihtavuori_n560,147,39.4,2487,23,10,2.709,no
243_win,0.243,elite_hunter,108,vihtavuori_n565,156,41.4,2500,23,10,2.709,no
243_win,0.243,long_range_hybrid_target,109,vihtavuori_n550,129,33.8,2434,23,10,2.795,no
243_win,0.243,long_range_hybrid_target,109,vihtavuori_n555,144,35.8,2438,23,10,2.795,no
243_win,0.243,long_range_hybrid_target,109,vihtavuori_n160,143,31.8,2290,23,10,2.795,no
243_win,0.243,long_range_hybrid_target,109,vihtavuori_n165,153,38,2408,23,10,2.795,no
243_win,0.243,long_range_hybrid_target,109,vihtavuori_n560,147,38.1,2444,23,10,2.795,no
243_win,0.243,long_range_hybrid_target,109,vihtavuori_n565,156,40,2464,23,10,2.795,no
243_win,0.243,bt_target,90,vihtavuori_n140,112,37.3,2887,23,10,2.693,no
243_win,0.243,bt_target,90,vihtavuori_n540,117,39.5,2995,23,10,2.693,no
243_win,0.243,bt_target,90,vihtavuori_n150,124,36.7,2887,23,10,2.693,no
243_win,0.243,bt_target,90,vihtavuori_n550,129,41.7,3015,23,10,2.693,no
243_win,0.243,bt_target,90,vihtavuori_n555,144,44.9,3054,23,10,2.693,no
243_win,0.243,bt_target,90,vihtavuori_n160,143,45.1,2969,23,10,2.693,no
243_win,0.243,bt_target,90,vihtavuori_n560,147,46.6,2999,23,10,2.693,no
243_win,0.243,classic_hunter,95,vihtavuori_n555,144,42.4,2946,23,10,2.681,no
243_win,0.243,classic_hunter,95,vihtavuori_n160,143,41.2,2828,23,10,2.681,no
243_win,0.243,classic_hunter,95,vihtavuori_n165,153,46,2917,23,10,2.681,no
243_win,0.243,classic_hunter,95,vihtavuori_n560,147,44.6,2910,23,10,2.681,no
243_win,0.243,bt_target,108,vihtavuori_n550,129,37.3,2713,23,10,2.709,no
243_win,0.243,bt_target,108,vihtavuori_n555,144,40.4,2743,23,10,2.709,no
243_win,0.243,bt_target,108,vihtavuori_n160,143,40.1,2680,23,10,2.709,no
243_win,0.243,bt_target,108,vihtavuori_n165,153,43.8,2736,23,10,2.709,no
243_win,0.243,bt_target,108,vihtavuori_n560,147,43.2,2749,23,10,2.709,no
243_win,0.243,elite_hunter,108,vihtavuori_n550,129,38.4,2746,23,10,2.709,no
243_win,0.243,elite_hunter,108,vihtavuori_n555,144,41.8,2785,23,10,2.709,no
243_win,0.243,elite_hunter,108,vihtavuori_n160,143,41.8,2703,23,10,2.709,no
243_win,0.243,elite_hunter,108,vihtavuori_n165,153,45.7,2766,23,10,2.709,no
243_win,0.243,elite_hunter,108,vihtavuori_n560,147,43.4,2756,23,10,2.709,no
243_win,0.243,long_range_hybrid_target,109,vihtavuori_n550,129,38.3,2720,23,10,2.795,no
243_win,0.243,long_range_hybrid_target,109,vihtavuori_n555,144,41.8,2756,23,10,2.795,no
243_win,0.243,long_range_hybrid_target,109,vihtavuori_n160,143,38.4,2615,23,10,2.795,no
243_win,0.243,long_range_hybrid_target,109,vihtavuori_n165,153,45.1,2736,23,10,2.795,no
243_win,0.243,long_range_hybrid_target,109,vihtavuori_n560,147,43.2,2749,23,10,2.795,no
243_win,0.243,long_range_hybrid_target,109,vihtavuori_n565,156,45.1,2749,23,10,2.795,no
243_win,0.243,tog,96,vihtavuori_n540,117,33.2,2690,23,10,2.638,no
243_win,0.243,tog,96,vihtavuori_n550,129,38,2766,23,10,2.638,no
243_win,0.243,tog,96,vihtavuori_n160,143,40.1,2703,23,10,2.638,no
243_win,0.243,tog,96,vihtavuori_n540,117,38.6,3045,23,10,2.638,no
243_win,0.243,tog,96,vihtavuori_n550,129,41.4,3081,23,10,2.638,no
243_win,0.243,tog,96,vihtavuori_n160,143,45.2,3048,23,10,2.638,no
243_win,0.243,classic_hunter,80,vihtavuori_n540,117,34.7,2802,23,10,2.697,no
243_win,0.243,classic_hunter,80,vihtavuori_n150,124,30.1,2733,23,10,2.697,no
243_win,0.243,classic_hunter,80,vihtavuori_n550,129,36.9,2799,23,10,2.697,no
243_win,0.243,classic_hunter,80,vihtavuori_n555,144,41.7,2887,23,10,2.697,no
243_win,0.243,classic_hunter,80,vihtavuori_n540,117,40.3,3143,23,10,2.697,no
243_win,0.243,classic_hunter,80,vihtavuori_n150,124,34.7,2930,23,10,2.697,no
243_win,0.243,classic_hunter,80,vihtavuori_n550,129,41.2,3133,23,10,2.697,no
243_win,0.243,classic_hunter,80,vihtavuori_n555,144,46.1,3209,23,10,2.697,no
243_win,0.243,v_max,58,vihtavuori_n135,102,35.6,3402,23,10,2.579,no
243_win,0.243,v_max,58,vihtavuori_n140,112,39,3422,23,10,2.579,no
243_win,0.243,v_max,58,vihtavuori_n540,117,37.8,3448,23,10,2.579,no
243_win,0.243,v_max,58,vihtavuori_n550,129,40.9,3501,23,10,2.579,no
243_win,0.243,v_max,65,vihtavuori_n135,102,34,3022,23,10,2.701,no
243_win,0.243,v_max,65,vihtavuori_n140,112,38,3051,23,10,2.701,no
243_win,0.243,v_max,65,vihtavuori_n540,117,39.4,3153,23,10,2.701,no
243_win,0.243,v_max,65,vihtavuori_n150,124,36.6,3064,23,10,2.701,no
243_win,0.243,v_max,65,vihtavuori_n550,129,42,3143,23,10,2.701,no
243_win,0.243,v_max,65,vihtavuori_n555,144,45.4,3192,23,10,2.701,no
243_win,0.243,v_max,65,vihtavuori_n160,143,45.7,3117,23,10,2.701,no
243_win,0.243,v_max,75,vihtavuori_n135,102,31.9,2818,23,10,2.63,no
243_win,0.243,v_max,75,vihtavuori_n140,112,34,2848,23,10,2.63,no
243_win,0.243,v_max,75,vihtavuori_n150,124,34,2828,23,10,2.63,no
243_win,0.243,v_max,75,vihtavuori_n550,129,38.6,3058,23,10,2.63,no
243_win,0.243,v_max,75,vihtavuori_n555,144,43.2,3035,23,10,2.63,no
243_win,0.243,v_max,75,vihtavuori_n160,143,43.2,2946,23,10,2.63,no
243_win,0.243,fmj,80,vihtavuori_n140,112,31.5,2726,23,10,2.638,no
243_win,0.243,fmj,80,vihtavuori_n150,124,31.8,2756,23,10,2.638,no
243_win,0.243,fmj,80,vihtavuori_n550,129,37.3,2936,23,10,2.638,no
243_win,0.243,fmj,80,vihtavuori_n160,143,39.2,2920,23,10,2.638,no
243_win,0.243,v_max,87,vihtavuori_n140,112,31.6,2592,23,10,2.689,no
243_win,0.243,v_max,87,vihtavuori_n150,124,32.4,2621,23,10,2.689,no
243_win,0.243,v_max,87,vihtavuori_n550,129,35.5,2687,23,10,2.689,no
243_win,0.243,v_max,87,vihtavuori_n555,144,40.9,2818,23,10,2.689,no
243_win,0.243,v_max,87,vihtavuori_n160,143,39.4,2667,23,10,2.689,no
243_win,0.243,v_max,87,vihtavuori_n560,147,43.2,2749,23,10,2.689,no
243_win,0.243,v_max,58,vihtavuori_n135,102,39.3,3698,23,10,2.579,no
243_win,0.243,v_max,58,vihtavuori_n140,112,43.2,3730,23,10,2.579,no
243_win,0.243,v_max,58,vihtavuori_n540,117,44.3,3776,23,10,2.579,no
243_win,0.243,v_max,58,vihtavuori_n550,129,44.4,3822,23,10,2.579,no
243_win,0.243,v_max,65,vihtavuori_n135,102,38.4,3314,23,10,2.701,no
243_win,0.243,v_max,65,vihtavuori_n140,112,42.4,3379,23,10,2.701,no
243_win,0.243,v_max,65,vihtavuori_n540,117,43.4,3474,23,10,2.701,no
243_win,0.243,v_max,65,vihtavuori_n150,124,41.8,3386,23,10,2.701,no
243_win,0.243,v_max,65,vihtavuori_n550,129,45.4,3478,23,10,2.701,no
243_win,0.243,v_max,75,vihtavuori_n135,102,35.6,3100,23,10,2.63,no
243_win,0.243,v_max,75,vihtavuori_n140,112,39,3169,23,10,2.63,no
243_win,0.243,v_max,75,vihtavuori_n150,124,38.9,3140,23,10,2.63,no
243_win,0.243,v_max,75,vihtavuori_n550,129,43.4,3297,23,10,2.63,no
243_win,0.243,v_max,75,vihtavuori_n160,143,46.9,3238,23,10,2.63,no
243_win,0.243,fmj,80,vihtavuori_n140,112,37.2,3114,23,10,2.638,no
243_win,0.243,fmj,80,vihtavuori_n150,124,37.5,3107,23,10,2.638,no
243_win,0.243,fmj,80,vihtavuori_n550,129,43.1,3287,23,10,2.638,no
243_win,0.243,fmj,80,vihtavuori_n160,143,45.4,3258,23,10,2.638,no
243_win,0.243,v_max,87,vihtavuori_n140,112,36.3,2897,23,10,2.689,no
243_win,0.243,v_max,87,vihtavuori_n150,124,36.6,2884,23,10,2.689,no
243_win,0.243,v_max,87,vihtavuori_n550,129,40.7,3048,23,10,2.689,no
243_win,0.243,v_max,87,vihtavuori_n555,144,44.4,3087,23,10,2.689,no
243_win,0.243,v_max,87,vihtavuori_n160,143,44.4,2979,23,10,2.689,no
243_win,0.243,v_max,87,vihtavuori_n560,147,47.1,3048,23,10,2.689,no
243_win,0.243,hp,77,vihtavuori_n135,102,30.7,2805,23,10,2.638,no
243_win,0.243,hp,77,vihtavuori_n140,112,34.4,2897,23,10,2.638,no
243_win,0.243,hp,77,vihtavuori_n150,124,34.6,2890,23,10,2.638,no
243_win,0.243,hp,77,vihtavuori_n550,129,39.7,3012,23,10,2.638,no
243_win,0.243,naturalis,90,vihtavuori_n540,117,34.9,2756,23,10,2.638,no
243_win,0.243,naturalis,90,vihtavuori_n150,124,31.2,2621,23,10,2.638,no
243_win,0.243,naturalis,90,vihtavuori_n550,129,37.7,2776,23,10,2.638,no
243_win,0.243,naturalis,90,vihtavuori_n160,143,37.5,2700,23,10,2.638,no
243_win,0.243,scenar,90,vihtavuori_n540,117,35,2822,23,10,2.689,no
243_win,0.243,scenar,90,vihtavuori_n150,124,32.1,2680,23,10,2.689,no
243_win,0.243,scenar,90,vihtavuori_n550,129,38,2838,23,10,2.689,no
243_win,0.243,scenar,90,vihtavuori_n160,143,38.9,2779,23,10,2.689,no
243_win,0.243,scenar,105,vihtavuori_n150,124,30.1,2392,23,10,2.689,no
243_win,0.243,scenar,105,vihtavuori_n550,129,36.1,2566,23,10,2.689,no
243_win,0.243,scenar,105,vihtavuori_n160,143,37.5,2513,23,10,2.689,no
243_win,0.243,scenar,105,vihtavuori_n165,153,40.4,2569,23,10,2.689,no
243_win,0.243,hp,77,vihtavuori_n135,102,35.8,3176,23,10,2.638,no
243_win,0.243,hp,77,vihtavuori_n140,112,39.2,3255,23,10,2.638,no
243_win,0.243,hp,77,vihtavuori_n150,124,39.8,3264,23,10,2.638,no
243_win,0.243,hp,77,vihtavuori_n550,129,43.2,3386,23,10,2.638,no
243_win,0.243,naturalis,90,vihtavuori_n540,117,39,3100,23,10,2.638,no
243_win,0.243,naturalis,90,vihtavuori_n150,124,36.9,2963,23,10,2.638,no
243_win,0.243,naturalis,90,vihtavuori_n550,129,42,3123,23,10,2.638,no
243_win,0.243,naturalis,90,vihtavuori_n160,143,44,3091,23,10,2.638,no
243_win,0.243,scenar,90,vihtavuori_n540,117,39.2,3156,23,10,2.689,no
243_win,0.243,scenar,90,vihtavuori_n150,124,37.7,2999,23,10,2.689,no
243_win,0.243,scenar,90,vihtavuori_n550,129,41.4,3173,23,10,2.689,no
243_win,0.243,scenar,90,vihtavuori_n160,143,43.7,3123,23,10,2.689,no
243_win,0.243,scenar,105,vihtavuori_n150,124,35,2694,23,10,2.689,no
243_win,0.243,scenar,105,vihtavuori_n550,129,40,2920,23,10,2.689,no
243_win,0.243,scenar,105,vihtavuori_n160,143,41.7,2851,23,10,2.689,no
243_win,0.243,scenar,105,vihtavuori_n165,153,46.3,2933,23,10,2.689,no
243_win,0.243,fmj,95,vihtavuori_n550,129,34.7,2549,23,10,2.508,no
243_win,0.243,fmj,95,vihtavuori_n555,144,36.4,2582,23,10,2.508,no
243_win,0.243,fmj,95,vihtavuori_n160,143,34.7,2461,23,10,2.508,no
243_win,0.243,fmj,95,vihtavuori_n165,153,41.4,2582,23,10,2.508,no
243_win,0.243,fmj,95,vihtavuori_n560,147,40,2549,23,10,2.508,no
243_win,0.243,fmj,95,vihtavuori_n550,129,39.5,2848,23,10,2.508,no
243_win,0.243,fmj,95,vihtavuori_n555,144,42.4,2900,23,10,2.508,no
243_win,0.243,fmj,95,vihtavuori_n160,143,40.9,2769,23,10,2.508,no
243_win,0.243,fmj,95,vihtavuori_n165,153,45.2,2844,23,10,2.508,no
243_win,0.243,fmj,95,vihtavuori_n560,147,44,2841,23,10,2.508,no
243_win,0.243,partition,85,vihtavuori_n540,117,33.5,2822,23,10,2.677,no
243_win,0.243,partition,85,vihtavuori_n150,124,29.3,2628,23,10,2.677,no
243_win,0.243,partition,85,vihtavuori_n550,129,36.4,2841,23,10,2.677,no
243_win,0.243,partition,85,vihtavuori_n160,143,37.3,2776,23,10,2.677,no
243_win,0.243,partition,85,vihtavuori_n540,117,38.6,3186,23,10,2.677,no
243_win,0.243,partition,85,vihtavuori_n150,124,35.2,3025,23,10,2.677,no
243_win,0.243,partition,85,vihtavuori_n550,129,41.8,3205,23,10,2.677,no
243_win,0.243,partition,85,vihtavuori_n160,143,43.8,3179,23,10,2.677,no
243_win,0.243,blitz_king,70,vihtavuori_n135,102,33.5,2940,23,10,2.681,no
243_win,0.243,blitz_king,70,vihtavuori_n140,112,36.6,2995,23,10,2.681,no
243_win,0.243,blitz_king,70,vihtavuori_n550,129,42.6,3071,23,10,2.681,no
243_win,0.243,fmj,90,vihtavuori_n540,117,33.5,2762,23,10,2.689,no
243_win,0.243,fmj,90,vihtavuori_n150,124,30.6,2641,23,10,2.689,no
243_win,0.243,fmj,90,vihtavuori_n550,129,35.6,2782,23,10,2.689,no
243_win,0.243,fmj,90,vihtavuori_n160,143,37.2,2743,23,10,2.689,no
243_win,0.243,blitz_king,70,vihtavuori_n135,102,38.4,3241,23,10,2.681,no
243_win,0.243,blitz_king,70,vihtavuori_n140,112,41.7,3310,23,10,2.681,no
243_win,0.243,blitz_king,70,vihtavuori_n550,129,45.7,3402,23,10,2.681,no
243_win,0.243,fmj,90,vihtavuori_n540,117,38.4,3104,23,10,2.689,no
243_win,0.243,fmj,90,vihtavuori_n150,124,35.5,2959,23,10,2.689,no
243_win,0.243,fmj,90,vihtavuori_n550,129,40.6,3123,23,10,2.689,no
243_win,0.243,fmj,90,vihtavuori_n160,143,42.6,3087,23,10,2.689,no
243_win,0.243,grand_slam,100,vihtavuori_n540,117,30.4,2526,23,10,2.689,no
243_win,0.243,grand_slam,100,vihtavuori_n150,124,28.7,2369,23,10,2.689,no
243_win,0.243,grand_slam,100,vihtavuori_n550,129,34.1,2582,23,10,2.689,no
243_win,0.243,grand_slam,100,vihtavuori_n160,143,34.4,2523,23,10,2.689,no
243_win,0.243,grand_slam,100,vihtavuori_n540,117,36,2881,23,10,2.689,no
243_win,0.243,grand_slam,100,vihtavuori_n150,124,34.4,2753,23,10,2.689,no
243_win,0.243,grand_slam,100,vihtavuori_n550,129,38.3,2904,23,10,2.689,no
243_win,0.243,grand_slam,100,vihtavuori_n160,143,39.8,2864,23,10,2.689,no
243_win,0.243,scirocco_ii,90,vihtavuori_n550,129,33.5,2585,23,10,2.689,no
243_win,0.243,scirocco_ii,90,vihtavuori_n555,144,34,2579,23,10,2.689,no
243_win,0.243,scirocco_ii,90,vihtavuori_n160,143,27.9,2343,23,10,2.689,no
243_win,0.243,scirocco_ii,90,vihtavuori_n165,153,34,2520,23,10,2.689,no
243_win,0.243,scirocco_ii,90,vihtavuori_n560,147,38,2546,23,10,2.689,no
243_win,0.243,scirocco_ii,90,vihtavuori_n550,129,38.3,2884,23,10,2.689,no
243_win,0.243,scirocco_ii,90,vihtavuori_n555,144,42,2936,23,10,2.689,no
243_win,0.243,scirocco_ii,90,vihtavuori_n160,143,35,2687,23,10,2.689,no
243_win,0.243,scirocco_ii,90,vihtavuori_n165,153,43.2,2854,23,10,2.689,no
243_win,0.243,scirocco_ii,90,vihtavuori_n560,147,43.4,2884,23,10,2.689,no
260_rem,0.264,classic_hunter,100,vihtavuori_n160,143,50.9,3196,24.75,9,2.795,yes
260_rem,0.264,eld_vt,100,vihtavuori_n555,144,48.6,3150,24.75,9,2.795,yes
260_rem,0.264,eld_vt,100,vihtavuori_n160,143,49.4,3110,24.75,9,2.795,yes
260_rem,0.264,cx,120,vihtavuori_n555,144,43.8,2776,24.75,9,2.795,yes
260_rem,0.264,cx,120,vihtavuori_n560,147,47.5,2812,24.75,9,2.795,yes
260_rem,0.264,trx,120,vihtavuori_n555,144,45.8,2877,24.75,9,2.795,yes
260_rem,0.264,trx,120,vihtavuori_n160,143,46.8,2867,24.75,9,2.795,yes
260_rem,0.264,trx,120,vihtavuori_n560,147,48.9,2904,24.75,9,2.795,yes
260_rem,0.264,hpbt_matchking,123,vihtavuori_n555,144,46.1,2907,24.75,9,2.795,yes
260_rem,0.264,hpbt_matchking,123,vihtavuori_n160,143,46.5,2871,24.75,9,2.795,yes
260_rem,0.264,hpbt_matchking,123,vihtavuori_n560,147,48.6,2920,24.75,9,2.795,yes
260_rem,0.264,lrx_bt,127,vihtavuori_n565,156,49.8,2756,24.75,9,2.795,yes
260_rem,0.264,tgk,130,vihtavuori_n560,147,46.9,2808,24.75,9,2.795,yes
260_rem,0.264,scenar_l,136,vihtavuori_n555,144,44.3,2802,24.75,9,2.795,yes
260_rem,0.264,scenar_l,136,vihtavuori_n160,143,46.1,2759,24.75,9,2.795,yes
260_rem,0.264,scenar_l,136,vihtavuori_n560,147,47.8,2766,24.75,9,2.795,yes
260_rem,0.264,scenar,139,vihtavuori_n555,144,44,2736,24.75,9,2.795,yes
260_rem,0.264,gmx,140,vihtavuori_n555,144,44,2598,24.75,9,2.795,yes
260_rem,0.264,gmx,140,vihtavuori_n560,147,47.7,2667,24.75,9,2.795,yes
260_rem,0.264,accubond,140,vihtavuori_n160,143,44,2612,24.75,9,2.756,yes
260_rem,0.264,accubond,140,vihtavuori_n560,147,44.8,2700,24.75,9,2.756,yes
260_rem,0.264,eld_x,143,vihtavuori_n555,144,42.7,2631,24.75,9,2.795,yes
260_rem,0.264,eld_x,143,vihtavuori_n160,143,42.4,2575,24.75,9,2.795,yes
260_rem,0.264,eld_x,143,vihtavuori_n560,147,46,2680,24.75,9,2.795,yes
260_rem,0.264,long_range_hybrid_target,144,vihtavuori_n555,144,45.2,2733,24.75,9,2.795,yes
260_rem,0.264,long_range_hybrid_target,144,vihtavuori_n160,143,44.8,2667,24.75,9,2.795,yes
260_rem,0.264,long_range_hybrid_target,144,vihtavuori_n560,147,47.4,2730,24.75,9,2.795,yes
260_rem,0.264,maxrange_target_gb582,144,vihtavuori_n555,144,43.5,2671,24.75,9,2.795,yes
260_rem,0.264,maxrange_target_gb582,144,vihtavuori_n560,147,45.8,2697,24.75,9,2.795,yes
260_rem,0.264,long_range_hybrid_target,153.5,vihtavuori_n555,144,44.6,2638,24.75,9,2.795,yes
260_rem,0.264,long_range_hybrid_target,153.5,vihtavuori_n160,143,43.7,2552,24.75,9,2.795,yes
260_rem,0.264,long_range_hybrid_target,153.5,vihtavuori_n560,147,46.8,2641,24.75,9,2.795,yes
260_rem,0.264,hpbt,130,alliant_reloder_17,134,42.5,2950,28,,,no
260_rem,0.264,vld,140,hodgdon_h4350,133,42,2700,,,2.85,no
260_rem,0.264,,130,alliant_reloder_17,134,44.5,3050,28,,2.39,no
260_rem,0.264,vld,130,alliant_reloder_17,134,43.5,3072,,,2.94,no
260_rem,0.264,vld,130,hodgdon_h4350,133,44.5,2890,,,,no
260_rem,0.264,vld,140,hodgdon_h4350,133,41.7,2835,30,,,no
260_rem,0.264,vld,130,alliant_reloder_17,134,45,3120,30,,2.99,no
260_rem,0.264,vld,140,hodgdon_h4350,133,43,2865,28,8.5,,no
260_rem,0.264,vld,130,hodgdon_h4350,133,43.5,2950,26,8,,no
260_rem,0.264,vld,140,hodgdon_h4350,133,41.5,2690,24,8.5,,no
260_rem,0.264,a_max,140,hodgdon_h4350,133,43.5,2810,,,,no
260_rem,0.264,sp,129,vihtavuori_n165,153,46.6,2750,,,,no
260_rem,0.264,sst,129,alliant_reloder_19,140,45.2,2703,,,,no
260_rem,0.264,a_max,140,vihtavuori_n165,153,43.5,2582,,,,no
260_rem,0.264,a_max,123,hodgdon_h4831,146,48,3000,26,8,2.85,no
260_rem,0.264,a_max,123,hodgdon_varget,113,39.3,2930,26,8,2.85,no
260_rem,0.264,a_max,123,alliant_reloder_17,134,44,3030,26,8,2.85,no
260_rem,0.264,a_max,140,imr_7828sc,154,47,2780,26,,,no
260_rem,0.264,hpbt,123,hodgdon_h4350,133,43.5,2975,,,,no
260_rem,0.264,scenar,139,hodgdon_h4350,133,42,2820,26,8,2.845,no
260_rem,0.264,diamond,130,hodgdon_hybrid_100v,137,44,2900,24,,,no
260_rem,0.264,golden,130,alliant_reloder_17,134,43.5,2969,,,2.865,no
260_rem,0.264,bt,120,hodgdon_h380,122,41.5,2675,22,9,2.79,no
260_rem,0.264,ballistic_tip,120,alliant_reloder_19,140,46.3,3040,28,,2.875,no
260_rem,0.264,match_king,142,vihtavuori_n165,153,44.5,2620,,,,no
260_rem,0.264,tnt,90,vihtavuori_n140,112,39.8,2995,24.75,9,2.598,no
260_rem,0.264,tnt,90,vihtavuori_n540,117,42.4,3150,24.75,9,2.598,no
260_rem,0.264,tnt,90,vihtavuori_n150,124,40.3,3051,24.75,9,2.598,no
260_rem,0.264,tnt,90,vihtavuori_n550,129,43.7,3110,24.75,9,2.598,no
260_rem,0.264,classic_hunter,100,vihtavuori_n140,112,36.3,2703,24.75,9,2.795,no
260_rem,0.264,classic_hunter,100,vihtavuori_n540,117,39,2864,24.75,9,2.795,no
260_rem,0.264,classic_hunter,100,vihtavuori_n150,124,36.4,2730,24.75,9,2.795,no
260_rem,0.264,classic_hunter,100,vihtavuori_n160,143,45.5,2867,24.75,9,2.795,no
260_rem,0.264,eld_vt,100,vihtavuori_n140,112,37,2828,24.75,9,2.795,no
260_rem,0.264,eld_vt,100,vihtavuori_n540,117,38.1,2881,24.75,9,2.795,no
260_rem,0.264,eld_vt,100,vihtavuori_n150,124,36.6,2812,24.75,9,2.795,no
260_rem,0.264,eld_vt,100,vihtavuori_n550,129,41.2,2894,24.75,9,2.795,no
260_rem,0.264,eld_vt,100,vihtavuori_n555,144,44.8,2933,24.75,9,2.795,no
260_rem,0.264,eld_vt,100,vihtavuori_n160,143,45.5,2881,24.75,9,2.795,no
260_rem,0.264,fmj,100,vihtavuori_n140,112,32.1,2510,24.75,9,2.598,no
260_rem,0.264,fmj,100,vihtavuori_n540,117,35.8,2615,24.75,9,2.598,no
260_rem,0.264,fmj,100,vihtavuori_n150,124,32.7,2523,24.75,9,2.598,no
260_rem,0.264,scenar,100,vihtavuori_n140,112,36,2677,24.75,9,2.717,no
260_rem,0.264,scenar,100,vihtavuori_n540,117,38.4,2700,24.75,9,2.717,no
260_rem,0.264,scenar,100,vihtavuori_n150,124,37.5,2687,24.75,9,2.717,no
260_rem,0.264,HPFB,100,vihtavuori_n140,112,35.5,2708,24.75,9,2.657,no
260_rem,0.264,HPFB,100,vihtavuori_n540,117,36.9,2725,24.75,9,2.657,no
260_rem,0.264,HPFB,100,vihtavuori_n150,124,35.7,2669,24.75,9,2.657,no
260_rem,0.264,scenar,108,vihtavuori_n540,117,36.2,2631,24.75,9,2.795,no
260_rem,0.264,scenar,108,vihtavuori_n150,124,35.1,2594,24.75,9,2.795,no
260_rem,0.264,scenar,108,vihtavuori_n160,143,41,2670,24.75,9,2.795,no
260_rem,0.264,ttsx_bt,120,vihtavuori_n140,112,32.9,2329,24.75,9,2.772,no
260_rem,0.264,ttsx_bt,120,vihtavuori_n540,117,34.1,2457,24.75,9,2.772,no
260_rem,0.264,ttsx_bt,120,vihtavuori_n150,124,29.5,2205,24.75,9,2.772,no
260_rem,0.264,bt_target,120,vihtavuori_n540,117,35.3,2598,24.75,9,2.795,no
260_rem,0.264,bt_target,120,vihtavuori_n150,124,33.8,2510,24.75,9,2.795,no
260_rem,0.264,bt_target,120,vihtavuori_n550,129,38.9,2628,24.75,9,2.795,no
260_rem,0.264,bt_target,120,vihtavuori_n160,143,42.1,2657,24.75,9,2.795,no
260_rem,0.264,cx,120,vihtavuori_n140,112,31.6,2280,24.75,9,2.795,no
260_rem,0.264,cx,120,vihtavuori_n540,117,33.3,2438,24.75,9,2.795,no
260_rem,0.264,cx,120,vihtavuori_n150,124,30.9,2274,24.75,9,2.795,no
260_rem,0.264,cx,120,vihtavuori_n550,129,35.5,2434,24.75,9,2.795,no
260_rem,0.264,cx,120,vihtavuori_n555,144,37,2470,24.75,9,2.795,no
260_rem,0.264,cx,120,vihtavuori_n160,143,35.5,2333,24.75,9,2.795,no
260_rem,0.264,cx,120,vihtavuori_n560,147,41.7,2516,24.75,9,2.795,no
260_rem,0.264,scenar_l,120,vihtavuori_n540,117,35.3,2425,24.75,9,2.795,no
260_rem,0.264,scenar_l,120,vihtavuori_n150,124,35.8,2497,24.75,9,2.795,no
260_rem,0.264,scenar_l,120,vihtavuori_n550,129,39.2,2585,24.75,9,2.795,no
260_rem,0.264,scenar_l,120,vihtavuori_n160,143,41.8,2530,24.75,9,2.795,no
260_rem,0.264,trx,120,vihtavuori_n140,112,34.7,2503,24.75,9,2.795,no
260_rem,0.264,trx,120,vihtavuori_n540,117,35.5,2595,24.75,9,2.795,no
260_rem,0.264,trx,120,vihtavuori_n150,124,34.3,2493,24.75,9,2.795,no
260_rem,0.264,trx,120,vihtavuori_n550,129,38.3,2605,24.75,9,2.795,no
260_rem,0.264,trx,120,vihtavuori_n555,144,42.3,2667,24.75,9,2.795,no
260_rem,0.264,trx,120,vihtavuori_n160,143,42.4,2598,24.75,9,2.795,no
260_rem,0.264,trx,120,vihtavuori_n560,147,45.2,2651,24.75,9,2.795,no
260_rem,0.264,ballistic_tip,120,vihtavuori_n140,112,33.6,2461,24.75,9,2.799,no
260_rem,0.264,ballistic_tip,120,vihtavuori_n150,124,34,2477,24.75,9,2.799,no
260_rem,0.264,ballistic_tip,120,vihtavuori_n160,143,42.9,2644,24.75,9,2.799,no
260_rem,0.264,sp,120,vihtavuori_n540,117,34.2,2456,24.75,9,2.795,no
260_rem,0.264,sp,120,vihtavuori_n550,129,36.5,2511,24.75,9,2.795,no
260_rem,0.264,sp,120,vihtavuori_n160,143,38.2,2478,24.75,9,2.795,no
260_rem,0.264,scenar,123,vihtavuori_n150,124,33.2,2405,24.75,9,2.795,no
260_rem,0.264,scenar,123,vihtavuori_n550,129,37.5,2287,24.75,9,2.795,no
260_rem,0.264,scenar,123,vihtavuori_n160,143,41.2,2516,24.75,9,2.795,no
260_rem,0.264,hpbt_matchking,123,vihtavuori_n140,112,34,2520,24.75,9,2.795,no
260_rem,0.264,hpbt_matchking,123,vihtavuori_n540,117,35.8,2605,24.75,9,2.795,no
260_rem,0.264,hpbt_matchking,123,vihtavuori_n150,124,33.8,2520,24.75,9,2.795,no
260_rem,0.264,hpbt_matchking,123,vihtavuori_n550,129,38.9,2651,24.75,9,2.795,no
260_rem,0.264,hpbt_matchking,123,vihtavuori_n555,144,42.4,2690,24.75,9,2.795,no
260_rem,0.264,hpbt_matchking,123,vihtavuori_n160,143,41.7,2628,24.75,9,2.795,no
260_rem,0.264,hpbt_matchking,123,vihtavuori_n560,147,44.8,2671,24.75,9,2.795,no
260_rem,0.264,lrx_bt,127,vihtavuori_n140,112,31.5,2211,24.75,9,2.795,no
260_rem,0.264,lrx_bt,127,vihtavuori_n540,117,34.7,2372,24.75,9,2.795,no
260_rem,0.264,lrx_bt,127,vihtavuori_n150,124,31.3,2231,24.75,9,2.795,no
260_rem,0.264,lrx_bt,127,vihtavuori_n550,129,36.7,2451,24.75,9,2.795,no
260_rem,0.264,lrx_bt,127,vihtavuori_n160,143,38.6,2411,24.75,9,2.795,no
260_rem,0.264,lrx_bt,127,vihtavuori_n560,147,42.9,2503,24.75,9,2.795,no
260_rem,0.264,lrx_bt,127,vihtavuori_n565,156,45.1,2526,24.75,9,2.795,no
260_rem,0.264,interlock_sp,129,vihtavuori_n140,112,31.6,2323,24.75,9,2.795,no
260_rem,0.264,interlock_sp,129,vihtavuori_n540,117,32.4,2415,24.75,9,2.795,no
260_rem,0.264,interlock_sp,129,vihtavuori_n150,124,30.9,2290,24.75,9,2.795,no
260_rem,0.264,interlock_sp,129,vihtavuori_n550,129,35.5,2484,24.75,9,2.795,no
260_rem,0.264,interlock_sp,129,vihtavuori_n555,144,38.6,2503,24.75,9,2.795,no
260_rem,0.264,interlock_sp,129,vihtavuori_n160,143,37,2392,24.75,9,2.795,no
260_rem,0.264,interlock_sp,129,vihtavuori_n560,147,40.9,2510,24.75,9,2.795,no
260_rem,0.264,tsx,130,vihtavuori_n540,117,33.5,2362,24.75,9,2.787,no
260_rem,0.264,tsx,130,vihtavuori_n550,129,34.9,2352,24.75,9,2.787,no
260_rem,0.264,tsx,130,vihtavuori_n160,143,35.8,2303,24.75,9,2.787,no
260_rem,0.264,tgk,130,vihtavuori_n140,112,31.6,2362,24.75,9,2.795,no
260_rem,0.264,tgk,130,vihtavuori_n540,117,34,2484,24.75,9,2.795,no
260_rem,0.264,tgk,130,vihtavuori_n150,124,31.3,2339,24.75,9,2.795,no
260_rem,0.264,tgk,130,vihtavuori_n550,129,37,2533,24.75,9,2.795,no
260_rem,0.264,tgk,130,vihtavuori_n555,144,39.8,2559,24.75,9,2.795,no
260_rem,0.264,tgk,130,vihtavuori_n160,143,36.4,2408,24.75,9,2.795,no
260_rem,0.264,tgk,130,vihtavuori_n560,147,42.4,2549,24.75,9,2.795,no
260_rem,0.264,hybrid_otm_tactical,130,vihtavuori_n540,117,34.3,2500,24.75,9,2.795,no
260_rem,0.264,hybrid_otm_tactical,130,vihtavuori_n150,124,33.5,2448,24.75,9,2.795,no
260_rem,0.264,hybrid_otm_tactical,130,vihtavuori_n550,129,37.8,2549,24.75,9,2.795,no
260_rem,0.264,hybrid_otm_tactical,130,vihtavuori_n160,143,41.8,2579,24.75,9,2.795,no
260_rem,0.264,vld_target,130,vihtavuori_n140,112,32.6,2425,24.75,9,2.795,no
260_rem,0.264,vld_target,130,vihtavuori_n540,117,33.8,2497,24.75,9,2.795,no
260_rem,0.264,vld_target,130,vihtavuori_n150,124,32.3,2431,24.75,9,2.795,no
260_rem,0.264,vld_target,130,vihtavuori_n550,129,38,2552,24.75,9,2.795,no
260_rem,0.264,vld_target,130,vihtavuori_n555,144,40,2598,24.75,9,2.795,no
260_rem,0.264,scirocco_ii,130,vihtavuori_n140,112,31.8,2359,24.75,9,2.795,no
260_rem,0.264,scirocco_ii,130,vihtavuori_n540,117,32.7,2408,24.75,9,2.795,no
260_rem,0.264,scirocco_ii,130,vihtavuori_n150,124,31.2,2369,24.75,9,2.795,no
260_rem,0.264,scirocco_ii,130,vihtavuori_n550,129,35.5,2434,24.75,9,2.795,no
260_rem,0.264,scirocco_ii,130,vihtavuori_n560,147,42.3,2500,24.75,9,2.795,no
260_rem,0.264,classic_hunter,135,vihtavuori_n540,117,32.9,2415,24.75,9,2.795,no
260_rem,0.264,classic_hunter,135,vihtavuori_n150,124,32.3,2365,24.75,9,2.795,no
260_rem,0.264,classic_hunter,135,vihtavuori_n550,129,37.3,2487,24.75,9,2.795,no
260_rem,0.264,classic_hunter,135,vihtavuori_n160,143,40,2484,24.75,9,2.795,no
260_rem,0.264,classic_hunter,135,vihtavuori_n560,147,43.1,2520,24.75,9,2.795,no
260_rem,0.264,scenar_l,136,vihtavuori_n550,129,38.1,2477,24.75,9,2.795,no
260_rem,0.264,scenar_l,136,vihtavuori_n555,144,40.1,2523,24.75,9,2.795,no
260_rem,0.264,scenar_l,136,vihtavuori_n160,143,41.8,2487,24.75,9,2.795,no
260_rem,0.264,scenar_l,136,vihtavuori_n560,147,43.5,2500,24.75,9,2.795,no
260_rem,0.264,scenar,139,vihtavuori_n550,129,37,2480,24.75,9,2.795,no
260_rem,0.264,scenar,139,vihtavuori_n555,144,40,2490,24.75,9,2.795,no
260_rem,0.264,scenar,139,vihtavuori_n160,143,40.1,2480,24.75,9,2.795,no
260_rem,0.264,scenar,139,vihtavuori_n560,147,42,2461,24.75,9,2.795,no
260_rem,0.264,elite_hunter,140,vihtavuori_n150,124,31.6,2303,24.75,9,2.795,no
260_rem,0.264,elite_hunter,140,vihtavuori_n550,129,36.3,2421,24.75,9,2.795,no
260_rem,0.264,elite_hunter,140,vihtavuori_n160,143,36.3,2415,24.75,9,2.795,no
260_rem,0.264,elite_hunter,140,vihtavuori_n560,147,42.4,2470,24.75,9,2.795,no
260_rem,0.264,elite_hunter,140,vihtavuori_n565,156,43.4,2484,24.75,9,2.795,no
260_rem,0.264,vld_target,140,vihtavuori_n540,117,32.7,2375,24.75,9,2.795,no
260_rem,0.264,vld_target,140,vihtavuori_n150,124,32.6,2336,24.75,9,2.795,no
260_rem,0.264,vld_target,140,vihtavuori_n550,129,36.9,2441,24.75,9,2.795,no
260_rem,0.264,vld_target,140,vihtavuori_n160,143,40.3,2464,24.75,9,2.795,no
260_rem,0.264,vld_target,140,vihtavuori_n560,147,42,2461,24.75,9,2.795,no
260_rem,0.264,vld_target,140,vihtavuori_n565,156,43.5,2480,24.75,9,2.795,no
260_rem,0.264,gmx,140,vihtavuori_n140,112,28.5,1906,24.75,9,2.795,no
260_rem,0.264,gmx,140,vihtavuori_n540,117,32.4,2201,24.75,9,2.795,no
260_rem,0.264,gmx,140,vihtavuori_n150,124,28.5,1913,24.75,9,2.795,no
260_rem,0.264,gmx,140,vihtavuori_n550,129,34.7,2221,24.75,9,2.795,no
260_rem,0.264,gmx,140,vihtavuori_n555,144,37.5,2283,24.75,9,2.795,no
260_rem,0.264,gmx,140,vihtavuori_n560,147,42.4,2372,24.75,9,2.795,no
260_rem,0.264,naturalis_n507,140,vihtavuori_n550,129,33.5,2257,24.75,9,2.886,no
260_rem,0.264,naturalis_n507,140,vihtavuori_n160,143,34.7,2208,24.75,9,2.886,no
260_rem,0.264,naturalis_n507,140,vihtavuori_n560,147,38.1,2234,24.75,9,2.886,no
260_rem,0.264,naturalis_n563,140,vihtavuori_n150,124,29.3,2188,24.75,9,2.756,no
260_rem,0.264,naturalis_n563,140,vihtavuori_n550,129,33.5,2310,24.75,9,2.756,no
260_rem,0.264,naturalis_n563,140,vihtavuori_n555,144,36.6,2365,24.75,9,2.756,no
260_rem,0.264,naturalis_n563,140,vihtavuori_n160,143,34,2260,24.75,9,2.756,no
260_rem,0.264,naturalis_n563,140,vihtavuori_n560,147,39.7,2362,24.75,9,2.756,no
260_rem,0.264,accubond,140,vihtavuori_n550,129,36.1,2362,24.75,9,2.756,no
260_rem,0.264,accubond,140,vihtavuori_n160,143,37.5,2343,24.75,9,2.756,no
260_rem,0.264,accubond,140,vihtavuori_n560,147,39.5,2415,24.75,9,2.756,no
260_rem,0.264,a_frame,140,vihtavuori_n550,129,31.5,2198,24.75,9,2.795,no
260_rem,0.264,a_frame,140,vihtavuori_n160,143,28.5,2057,24.75,9,2.795,no
260_rem,0.264,a_frame,140,vihtavuori_n560,147,37,2297,24.75,9,2.795,no
260_rem,0.264,a_frame,140,vihtavuori_n565,156,40,2375,24.75,9,2.795,no
260_rem,0.264,eld_x,143,vihtavuori_n140,112,30.1,2185,24.75,9,2.795,no
260_rem,0.264,eld_x,143,vihtavuori_n540,117,30.9,2251,24.75,9,2.795,no
260_rem,0.264,eld_x,143,vihtavuori_n150,124,30.1,2182,24.75,9,2.795,no
260_rem,0.264,eld_x,143,vihtavuori_n550,129,35.5,2359,24.75,9,2.795,no
260_rem,0.264,eld_x,143,vihtavuori_n555,144,38.6,2411,24.75,9,2.795,no
260_rem,0.264,eld_x,143,vihtavuori_n160,143,37,2320,24.75,9,2.795,no
260_rem,0.264,eld_x,143,vihtavuori_n560,147,40.9,2392,24.75,9,2.795,no
260_rem,0.264,long_range_hybrid_target,144,vihtavuori_n540,117,33.6,2398,24.75,9,2.795,no
260_rem,0.264,long_range_hybrid_target,144,vihtavuori_n150,124,32.4,2287,24.75,9,2.795,no
260_rem,0.264,long_range_hybrid_target,144,vihtavuori_n550,129,36.6,2431,24.75,9,2.795,no
260_rem,0.264,long_range_hybrid_target,144,vihtavuori_n555,144,40.4,2490,24.75,9,2.795,no
260_rem,0.264,long_range_hybrid_target,144,vihtavuori_n160,143,40.6,2428,24.75,9,2.795,no
260_rem,0.264,long_range_hybrid_target,144,vihtavuori_n560,147,42.9,2461,24.75,9,2.795,no
260_rem,0.264,fmjbt,144,vihtavuori_n550,129,33.2,2221,24.75,9,2.795,no
260_rem,0.264,fmjbt,144,vihtavuori_n555,144,37.2,2385,24.75,9,2.795,no
260_rem,0.264,fmjbt,144,vihtavuori_n160,143,36,2231,24.75,9,2.795,no
260_rem,0.264,fmjbt,144,vihtavuori_n560,147,39.5,2579,24.75,9,2.795,no
260_rem,0.264,fmjbt,144,vihtavuori_n565,156,41.7,2415,24.75,9,2.795,no
260_rem,0.264,maxrange_target_gb582,144,vihtavuori_n140,112,31.6,2287,24.75,9,2.795,no
260_rem,0.264,maxrange_target_gb582,144,vihtavuori_n540,117,32.4,2320,24.75,9,2.795,no
260_rem,0.264,maxrange_target_gb582,144,vihtavuori_n150,124,31.6,2287,24.75,9,2.795,no
260_rem,0.264,maxrange_target_gb582,144,vihtavuori_n550,129,36.7,2405,24.75,9,2.795,no
260_rem,0.264,maxrange_target_gb582,144,vihtavuori_n555,144,40.1,2467,24.75,9,2.795,no
260_rem,0.264,maxrange_target_gb582,144,vihtavuori_n160,143,40.1,2421,24.75,9,2.795,no
260_rem,0.264,maxrange_target_gb582,144,vihtavuori_n560,147,42.4,2467,24.75,9,2.795,no
260_rem,0.264,long_range_hybrid_target,153.5,vihtavuori_n540,117,32.7,2267,24.75,9,2.795,no
260_rem,0.264,long_range_hybrid_target,153.5,vihtavuori_n150,124,30.9,2178,24.75,9,2.795,no
260_rem,0.264,long_range_hybrid_target,153.5,vihtavuori_n550,129,35.5,2320,24.75,9,2.795,no
260_rem,0.264,long_range_hybrid_target,153.5,vihtavuori_n555,144,40.1,2408,24.75,9,2.795,no
260_rem,0.264,long_range_hybrid_target,153.5,vihtavuori_n160,143,40.1,2329,24.75,9,2.795,no
260_rem,0.264,long_range_hybrid_target,153.5,vihtavuori_n560,147,42.4,2326,24.75,9,2.795,no
260_rem,0.264,mega,155,vihtavuori_n160,143,33,2134,24.75,9,2.736,no
260_rem,0.264,mega,155,vihtavuori_n165,153,38.8,2208,24.75,9,2.736,no
260_rem,0.264,mega,155,vihtavuori_n560,147,36.6,2137,24.75,9,2.736,no
260_rem,0.264,tnt,90,vihtavuori_n140,112,43.4,3268,24.75,9,2.598,no
260_rem,0.264,tnt,90,vihtavuori_n540,117,44.8,3337,24.75,9,2.598,no
260_rem,0.264,tnt,90,vihtavuori_n150,124,43.8,3304,24.75,9,2.598,no
260_rem,0.264,tnt,90,vihtavuori_n550,129,46.8,3383,24.75,9,2.598,no
260_rem,0.264,classic_hunter,100,vihtavuori_n140,112,40.9,3012,24.75,9,2.795,no
260_rem,0.264,classic_hunter,100,vihtavuori_n540,117,43.1,3156,24.75,9,2.795,no
260_rem,0.264,classic_hunter,100,vihtavuori_n150,124,41.5,3035,24.75,9,2.795,no
260_rem,0.264,eld_vt,100,vihtavuori_n140,112,41.4,3084,24.75,9,2.795,no
260_rem,0.264,eld_vt,100,vihtavuori_n540,117,41.1,3120,24.75,9,2.795,no
260_rem,0.264,eld_vt,100,vihtavuori_n150,124,41.4,3071,24.75,9,2.795,no
260_rem,0.264,eld_vt,100,vihtavuori_n550,129,44.3,3156,24.75,9,2.795,no
260_rem,0.264,fmj,100,vihtavuori_n140,112,37.7,2828,24.75,9,2.598,no
260_rem,0.264,fmj,100,vihtavuori_n540,117,40.6,2923,24.75,9,2.598,no
260_rem,0.264,fmj,100,vihtavuori_n150,124,38.7,2825,24.75,9,2.598,no
260_rem,0.264,scenar,100,vihtavuori_n140,112,40.4,2966,24.75,9,2.717,no
260_rem,0.264,scenar,100,vihtavuori_n540,117,42.9,3054,24.75,9,2.717,no
260_rem,0.264,scenar,100,vihtavuori_n150,124,41.7,2966,24.75,9,2.717,no
260_rem,0.264,HPFB,100,vihtavuori_n140,112,39.9,2973,24.75,9,2.657,no
260_rem,0.264,HPFB,100,vihtavuori_n540,117,41.2,2992,24.75,9,2.657,no
260_rem,0.264,HPFB,100,vihtavuori_n150,124,40.3,2926,24.75,9,2.657,no
260_rem,0.264,scenar,108,vihtavuori_n540,117,39.9,2876,24.75,9,2.795,no
260_rem,0.264,scenar,108,vihtavuori_n150,124,39.1,2837,24.75,9,2.795,no
260_rem,0.264,scenar,108,vihtavuori_n160,143,45,2947,24.75,9,2.795,no
260_rem,0.264,ttsx_bt,120,vihtavuori_n140,112,37.8,2641,24.75,9,2.772,no
260_rem,0.264,ttsx_bt,120,vihtavuori_n540,117,38.7,2782,24.75,9,2.772,no
260_rem,0.264,ttsx_bt,120,vihtavuori_n150,124,37,2625,24.75,9,2.772,no
260_rem,0.264,bt_target,120,vihtavuori_n540,117,39.7,2874,24.75,9,2.795,no
260_rem,0.264,bt_target,120,vihtavuori_n150,124,38.4,2779,24.75,9,2.795,no
260_rem,0.264,bt_target,120,vihtavuori_n550,129,42.6,2907,24.75,9,2.795,no
260_rem,0.264,bt_target,120,vihtavuori_n160,143,45.8,2904,24.75,9,2.795,no
260_rem,0.264,cx,120,vihtavuori_n140,112,35.8,2539,24.75,9,2.795,no
260_rem,0.264,cx,120,vihtavuori_n540,117,37.3,2703,24.75,9,2.795,no
260_rem,0.264,cx,120,vihtavuori_n150,124,36,2546,24.75,9,2.795,no
260_rem,0.264,cx,120,vihtavuori_n550,129,40.4,2749,24.75,9,2.795,no
260_rem,0.264,cx,120,vihtavuori_n160,143,41.1,2631,24.75,9,2.795,no
260_rem,0.264,scenar_l,120,vihtavuori_n540,117,39.8,2805,24.75,9,2.795,no
260_rem,0.264,scenar_l,120,vihtavuori_n150,124,39.4,2736,24.75,9,2.795,no
260_rem,0.264,scenar_l,120,vihtavuori_n550,129,42.1,2818,24.75,9,2.795,no
260_rem,0.264,scenar_l,120,vihtavuori_n160,143,45.4,2792,24.75,9,2.795,no
260_rem,0.264,trx,120,vihtavuori_n140,112,38.9,2753,24.75,9,2.795,no
260_rem,0.264,trx,120,vihtavuori_n540,117,38.4,2808,24.75,9,2.795,no
260_rem,0.264,trx,120,vihtavuori_n150,124,39,2746,24.75,9,2.795,no
260_rem,0.264,trx,120,vihtavuori_n550,129,41.5,2861,24.75,9,2.795,no
260_rem,0.264,ballistic_tip,120,vihtavuori_n140,112,38.7,2736,24.75,9,2.799,no
260_rem,0.264,ballistic_tip,120,vihtavuori_n150,124,38.9,2746,24.75,9,2.799,no
260_rem,0.264,ballistic_tip,120,vihtavuori_n160,143,47.2,2904,24.75,9,2.799,no
260_rem,0.264,sp,120,vihtavuori_n540,117,38.2,2706,24.75,9,2.795,no
260_rem,0.264,sp,120,vihtavuori_n550,129,40.7,2741,24.75,9,2.795,no
260_rem,0.264,sp,120,vihtavuori_n160,143,43.2,2750,24.75,9,2.795,no
260_rem,0.264,scenar,123,vihtavuori_n150,124,38.6,2677,24.75,9,2.795,no
260_rem,0.264,scenar,123,vihtavuori_n550,129,41.5,2746,24.75,9,2.795,no
260_rem,0.264,scenar,123,vihtavuori_n160,143,44.6,2759,24.75,9,2.795,no
260_rem,0.264,hpbt_matchking,123,vihtavuori_n140,112,38.6,2762,24.75,9,2.795,no
260_rem,0.264,hpbt_matchking,123,vihtavuori_n540,117,38.9,2828,24.75,9,2.795,no
260_rem,0.264,hpbt_matchking,123,vihtavuori_n150,124,38.6,2762,24.75,9,2.795,no
260_rem,0.264,hpbt_matchking,123,vihtavuori_n550,129,42,2881,24.75,9,2.795,no
260_rem,0.264,lrx_bt,127,vihtavuori_n140,112,36.6,2520,24.75,9,2.795,no
260_rem,0.264,lrx_bt,127,vihtavuori_n540,117,38.3,2651,24.75,9,2.795,no
260_rem,0.264,lrx_bt,127,vihtavuori_n150,124,36,2510,24.75,9,2.795,no
260_rem,0.264,lrx_bt,127,vihtavuori_n550,129,40.9,2733,24.75,9,2.795,no
260_rem,0.264,lrx_bt,127,vihtavuori_n160,143,44.6,2697,24.75,9,2.795,no
260_rem,0.264,lrx_bt,127,vihtavuori_n560,147,47.7,2779,24.75,9,2.795,no
260_rem,0.264,interlock_sp,129,vihtavuori_n140,112,36,2569,24.75,9,2.795,no
260_rem,0.264,interlock_sp,129,vihtavuori_n540,117,36.4,2651,24.75,9,2.795,no
260_rem,0.264,interlock_sp,129,vihtavuori_n150,124,35.3,2543,24.75,9,2.795,no
260_rem,0.264,interlock_sp,129,vihtavuori_n550,129,39.2,2703,24.75,9,2.795,no
260_rem,0.264,interlock_sp,129,vihtavuori_n555,144,43.5,2749,24.75,9,2.795,no
260_rem,0.264,interlock_sp,129,vihtavuori_n160,143,42.4,2674,24.75,9,2.795,no
260_rem,0.264,interlock_sp,129,vihtavuori_n560,147,44.9,2772,24.75,9,2.795,no
260_rem,0.264,tsx,130,vihtavuori_n540,117,37.7,2657,24.75,9,2.787,no
260_rem,0.264,tsx,130,vihtavuori_n550,129,40,2677,24.75,9,2.787,no
260_rem,0.264,tsx,130,vihtavuori_n160,143,42.4,2651,24.75,9,2.787,no
260_rem,0.264,tgk,130,vihtavuori_n140,112,37,2631,24.75,9,2.795,no
260_rem,0.264,tgk,130,vihtavuori_n540,117,37.3,2703,24.75,9,2.795,no
260_rem,0.264,tgk,130,vihtavuori_n150,124,36.3,2605,24.75,9,2.795,no
260_rem,0.264,tgk,130,vihtavuori_n550,129,40.3,2743,24.75,9,2.795,no
260_rem,0.264,tgk,130,vihtavuori_n555,144,43.8,2776,24.75,9,2.795,no
260_rem,0.264,tgk,130,vihtavuori_n160,143,43.2,2707,24.75,9,2.795,no
260_rem,0.264,hybrid_otm_tactical,130,vihtavuori_n540,117,38.7,2769,24.75,9,2.795,no
260_rem,0.264,hybrid_otm_tactical,130,vihtavuori_n150,124,38,2694,24.75,9,2.795,no
260_rem,0.264,hybrid_otm_tactical,130,vihtavuori_n550,129,41.7,2805,24.75,9,2.795,no
260_rem,0.264,hybrid_otm_tactical,130,vihtavuori_n160,143,45.8,2828,24.75,9,2.795,no
260_rem,0.264,vld_target,130,vihtavuori_n140,112,36.7,2671,24.75,9,2.795,no
260_rem,0.264,vld_target,130,vihtavuori_n540,117,38.3,2766,24.75,9,2.795,no
260_rem,0.264,vld_target,130,vihtavuori_n150,124,37.3,2674,24.75,9,2.795,no
260_rem,0.264,vld_target,130,vihtavuori_n550,129,41.5,2808,24.75,9,2.795,no
260_rem,0.264,vld_target,130,vihtavuori_n555,144,43.8,2835,24.75,9,2.795,no
260_rem,0.264,scirocco_ii,130,vihtavuori_n140,112,35.8,2575,24.75,9,2.795,no
260_rem,0.264,scirocco_ii,130,vihtavuori_n540,117,37.8,2687,24.75,9,2.795,no
260_rem,0.264,scirocco_ii,130,vihtavuori_n150,124,36.1,2608,24.75,9,2.795,no
260_rem,0.264,scirocco_ii,130,vihtavuori_n550,129,40.1,2717,24.75,9,2.795,no
260_rem,0.264,scirocco_ii,130,vihtavuori_n560,147,46.3,2776,24.75,9,2.795,no
260_rem,0.264,classic_hunter,135,vihtavuori_n540,117,37.3,2687,24.75,9,2.795,no
260_rem,0.264,classic_hunter,135,vihtavuori_n150,124,36.6,2621,24.75,9,2.795,no
260_rem,0.264,classic_hunter,135,vihtavuori_n550,129,40.9,2733,24.75,9,2.795,no
260_rem,0.264,classic_hunter,135,vihtavuori_n160,143,44,2723,24.75,9,2.795,no
260_rem,0.264,classic_hunter,135,vihtavuori_n560,147,46.6,2776,24.75,9,2.795,no
260_rem,0.264,scenar_l,136,vihtavuori_n550,129,41.7,2740,24.75,9,2.795,no
260_rem,0.264,scenar,139,vihtavuori_n550,129,39.5,2657,24.75,9,2.795,no
260_rem,0.264,scenar,139,vihtavuori_n160,143,43.4,2674,24.75,9,2.795,no
260_rem,0.264,scenar,139,vihtavuori_n560,147,46.1,2723,24.75,9,2.795,no
260_rem,0.264,elite_hunter,140,vihtavuori_n150,124,36.1,2562,24.75,9,2.795,no
260_rem,0.264,elite_hunter,140,vihtavuori_n550,129,39.7,2661,24.75,9,2.795,no
260_rem,0.264,elite_hunter,140,vihtavuori_n160,143,43.1,2661,24.75,9,2.795,no
260_rem,0.264,elite_hunter,140,vihtavuori_n560,147,46.1,2736,24.75,9,2.795,no
260_rem,0.264,elite_hunter,140,vihtavuori_n565,156,48.9,2749,24.75,9,2.795,no
260_rem,0.264,vld_target,140,vihtavuori_n540,117,37.7,2644,24.75,9,2.795,no
260_rem,0.264,vld_target,140,vihtavuori_n150,124,36.6,2569,24.75,9,2.795,no
260_rem,0.264,vld_target,140,vihtavuori_n550,129,40.1,2671,24.75,9,2.795,no
260_rem,0.264,vld_target,140,vihtavuori_n160,143,44.3,2703,24.75,9,2.795,no
260_rem,0.264,vld_target,140,vihtavuori_n560,147,46.1,2733,24.75,9,2.795,no
260_rem,0.264,vld_target,140,vihtavuori_n565,156,48.3,2733,24.75,9,2.795,no
260_rem,0.264,gmx,140,vihtavuori_n140,112,34,2247,24.75,9,2.795,no
260_rem,0.264,gmx,140,vihtavuori_n540,117,37.3,2493,24.75,9,2.795,no
260_rem,0.264,gmx,140,vihtavuori_n150,124,33.6,2241,24.75,9,2.795,no
260_rem,0.264,gmx,140,vihtavuori_n550,129,39.7,2530,24.75,9,2.795,no
260_rem,0.264,naturalis_n507,140,vihtavuori_n550,129,39.2,2546,24.75,9,2.886,no
260_rem,0.264,naturalis_n507,140,vihtavuori_n160,143,40.3,2513,24.75,9,2.886,no
260_rem,0.264,naturalis_n507,140,vihtavuori_n560,147,43.8,2556,24.75,9,2.886,no
260_rem,0.264,naturalis_n563,140,vihtavuori_n150,124,34,2451,24.75,9,2.756,no
260_rem,0.264,naturalis_n563,140,vihtavuori_n550,129,38.4,2602,24.75,9,2.756,no
260_rem,0.264,naturalis_n563,140,vihtavuori_n555,144,41.5,2615,24.75,9,2.756,no
260_rem,0.264,naturalis_n563,140,vihtavuori_n160,143,40.4,2582,24.75,9,2.756,no
260_rem,0.264,naturalis_n563,140,vihtavuori_n560,147,45.1,2680,24.75,9,2.756,no
260_rem,0.264,accubond,140,vihtavuori_n550,129,40.9,2661,24.75,9,2.756,no
260_rem,0.264,a_frame,140,vihtavuori_n550,129,37.3,2507,24.75,9,2.795,no
260_rem,0.264,a_frame,140,vihtavuori_n160,143,38.3,2467,24.75,9,2.795,no
260_rem,0.264,a_frame,140,vihtavuori_n560,147,43.8,2621,24.75,9,2.795,no
260_rem,0.264,a_frame,140,vihtavuori_n565,156,45.1,2628,24.75,9,2.795,no
260_rem,0.264,eld_x,143,vihtavuori_n140,112,33.8,2418,24.75,9,2.795,no
260_rem,0.264,eld_x,143,vihtavuori_n540,117,36.3,2539,24.75,9,2.795,no
260_rem,0.264,eld_x,143,vihtavuori_n150,124,34.7,2411,24.75,9,2.795,no
260_rem,0.264,eld_x,143,vihtavuori_n550,129,39.5,2605,24.75,9,2.795,no
260_rem,0.264,long_range_hybrid_target,144,vihtavuori_n540,117,38.1,2635,24.75,9,2.795,no
260_rem,0.264,long_range_hybrid_target,144,vihtavuori_n150,124,36.3,2516,24.75,9,2.795,no
260_rem,0.264,long_range_hybrid_target,144,vihtavuori_n550,129,40.1,2667,24.75,9,2.795,no
260_rem,0.264,fmjbt,144,vihtavuori_n550,129,38.4,2520,24.75,9,2.795,no
260_rem,0.264,fmjbt,144,vihtavuori_n555,144,41.1,2621,24.75,9,2.795,no
260_rem,0.264,fmjbt,144,vihtavuori_n160,143,41.1,2500,24.75,9,2.795,no
260_rem,0.264,fmjbt,144,vihtavuori_n560,147,44.8,2559,24.75,9,2.795,no
260_rem,0.264,fmjbt,144,vihtavuori_n565,156,46.1,2664,24.75,9,2.795,no
260_rem,0.264,maxrange_target_gb582,144,vihtavuori_n140,112,35.8,2513,24.75,9,2.795,no
260_rem,0.264,maxrange_target_gb582,144,vihtavuori_n540,117,36.7,2582,24.75,9,2.795,no
260_rem,0.264,maxrange_target_gb582,144,vihtavuori_n150,124,36.3,2516,24.75,9,2.795,no
260_rem,0.264,maxrange_target_gb582,144,vihtavuori_n550,129,39.7,2631,24.75,9,2.795,no
260_rem,0.264,maxrange_target_gb582,144,vihtavuori_n160,143,44.4,2654,24.75,9,2.795,no
260_rem,0.264,long_range_hybrid_target,153.5,vihtavuori_n540,117,37,2520,24.75,9,2.795,no
260_rem,0.264,long_range_hybrid_target,153.5,vihtavuori_n150,124,35,2392,24.75,9,2.795,no
260_rem,0.264,long_range_hybrid_target,153.5,vihtavuori_n550,129,39,2559,24.75,9,2.795,no
260_rem,0.264,mega,155,vihtavuori_n160,143,37.1,2332,24.75,9,2.736,no
260_rem,0.264,mega,155,vihtavuori_n165,153,43.7,2478,24.75,9,2.736,no
260_rem,0.264,mega,155,vihtavuori_n560,147,42,2412,24.75,9,2.736,no
270_weatherby_mag,0.277,psp,100,vihtavuori_n550,129,66.8,3401,25.5,12,3.11,no
270_weatherby_mag,0.277,psp,100,vihtavuori_n160,143,71,3421,25.5,12,3.11,no
270_weatherby_mag,0.277,psp,100,vihtavuori_n165,153,78.4,3428,25.5,12,3.11,no
270_weatherby_mag,0.277,pspcl,130,vihtavuori_n160,143,66.5,3080,25.5,12,3.236,no
270_weatherby_mag,0.277,pspcl,130,vihtavuori_n165,153,71.3,3055,25.5,12,3.236,no
270_weatherby_mag,0.277,pspcl,130,vihtavuori_n560,147,72.7,3108,25.5,12,3.236,no
270_weatherby_mag,0.277,hpbt,135,vihtavuori_n160,143,65,2964,25.5,12,3.268,no
270_weatherby_mag,0.277,hpbt,135,vihtavuori_n165,153,70.2,3029,25.5,12,3.268,no
270_weatherby_mag,0.277,hpbt,135,vihtavuori_n560,147,71.2,3137,25.5,12,3.268,no
270_weatherby_mag,0.277,partition,150,vihtavuori_n165,153,67,2876,25.5,12,3.248,no
270_weatherby_mag,0.277,partition,150,vihtavuori_n560,147,67.6,2954,25.5,12,3.248,no
270_weatherby_mag,0.277,partition,150,vihtavuori_n170,157,73.4,2906,25.5,12,3.248,no
270_weatherby_mag,0.277,psp,100,vihtavuori_n550,129,71.7,3666,25.5,12,3.11,no
270_weatherby_mag,0.277,psp,100,vihtavuori_n160,143,74.9,3634,25.5,12,3.11,no
270_weatherby_mag,0.277,psp,100,vihtavuori_n165,153,83,3658,25.5,12,3.11,no
270_weatherby_mag,0.277,pspcl,130,vihtavuori_n160,143,71.1,3284,25.5,12,3.236,no
270_weatherby_mag,0.277,pspcl,130,vihtavuori_n165,153,76,3270,25.5,12,3.236,no
270_weatherby_mag,0.277,pspcl,130,vihtavuori_n560,147,76.9,3294,25.5,12,3.236,no
270_weatherby_mag,0.277,hpbt,135,vihtavuori_n160,143,68.3,3167,25.5,12,3.268,no
270_weatherby_mag,0.277,hpbt,135,vihtavuori_n165,153,72.5,3244,25.5,12,3.268,no
270_weatherby_mag,0.277,hpbt,135,vihtavuori_n560,147,74.2,3323,25.5,12,3.268,no
270_weatherby_mag,0.277,partition,150,vihtavuori_n165,153,72.2,3072,25.5,12,3.248,no
270_weatherby_mag,0.277,partition,150,vihtavuori_n560,147,71,3134,25.5,12,3.248,no
270_weatherby_mag,0.277,partition,150,vihtavuori_n170,157,78.8,3134,25.5,12,3.248,no
270_win,0.277,spitzer,100,vihtavuori_n160,143,65.8,3468,24.375,10,3.15,yes
270_win,0.277,spitzer,100,vihtavuori_n165,153,69.9,3509,24.375,10,3.15,yes
270_win,0.277,scirocco_ii,130,vihtavuori_n165,153,60.2,3120,24.375,10,3.331,yes
270_win,0.277,scirocco_ii,130,vihtavuori_n560,147,59,3104,24.375,10,3.331,yes
270_win,0.277,scirocco_ii,130,vihtavuori_n565,156,60.5,3068,24.375,10,3.331,yes
270_win,0.277,spitzer,100,vihtavuori_n150,124,44.5,2945,24.375,10,3.15,no
270_win,0.277,spitzer,100,vihtavuori_n160,143,58.6,3127,24.375,10,3.15,no
270_win,0.277,spitzer,100,vihtavuori_n165,153,61.7,3170,24.375,10,3.15,no
270_win,0.277,matchking,115,vihtavuori_n150,124,39.5,2733,24.375,10,3.287,no
270_win,0.277,matchking,115,vihtavuori_n550,129,44.3,2858,24.375,10,3.287,no
270_win,0.277,matchking,115,vihtavuori_n160,143,46,2769,24.375,10,3.287,no
270_win,0.277,sp,130,vihtavuori_n160,143,51.5,2779,24.375,10,3.228,no
270_win,0.277,sp,130,vihtavuori_n560,147,56.2,2873,24.375,10,3.228,no
270_win,0.277,solid_shank,130,vihtavuori_n555,144,50.9,2864,24.375,10,3.268,no
270_win,0.277,solid_shank,130,vihtavuori_n160,143,49.4,2733,24.375,10,3.268,no
270_win,0.277,solid_shank,130,vihtavuori_n165,153,55.6,2864,24.375,10,3.268,no
270_win,0.277,solid_shank,130,vihtavuori_n560,147,52.5,2795,24.375,10,3.268,no
270_win,0.277,spbt,130,vihtavuori_n165,153,54.6,2787,24.375,10,3.268,no
270_win,0.277,scirocco_ii,130,vihtavuori_n555,144,50.3,2867,24.375,10,3.331,no
270_win,0.277,scirocco_ii,130,vihtavuori_n160,143,45.5,2684,24.375,10,3.331,no
270_win,0.277,scirocco_ii,130,vihtavuori_n165,153,54,2874,24.375,10,3.331,no
270_win,0.277,scirocco_ii,130,vihtavuori_n560,147,54,2831,24.375,10,3.331,no
270_win,0.277,scirocco_ii,130,vihtavuori_n565,156,55.6,2831,24.375,10,3.331,no
270_win,0.277,hpbt,135,vihtavuori_n160,143,44.8,2697,24.375,10,3.268,no
270_win,0.277,hpbt,135,vihtavuori_n165,153,56.3,2769,24.375,10,3.268,no
270_win,0.277,hpbt,135,vihtavuori_n560,147,55.9,2874,24.375,10,3.268,no
270_win,0.277,tsx,140,vihtavuori_n550,129,37.7,2418,24.375,10,3.209,no
270_win,0.277,tsx,140,vihtavuori_n165,153,44.8,2533,24.375,10,3.209,no
270_win,0.277,tsx,140,vihtavuori_n560,147,48.1,2618,24.375,10,3.209,no
270_win,0.277,solid_shank,140,vihtavuori_n160,143,47.1,2598,24.375,10,3.268,no
270_win,0.277,solid_shank,140,vihtavuori_n165,153,52.5,2700,24.375,10,3.268,no
270_win,0.277,solid_shank,140,vihtavuori_n560,147,50.2,2667,24.375,10,3.268,no
270_win,0.277,a_frame,140,vihtavuori_n550,129,40.6,2487,24.375,10,3.228,no
270_win,0.277,a_frame,140,vihtavuori_n165,153,47.1,2592,24.375,10,3.228,no
270_win,0.277,a_frame,140,vihtavuori_n560,147,48.1,2589,24.375,10,3.228,no
270_win,0.277,tsx,150,vihtavuori_n550,129,37.7,2336,24.375,10,3.228,no
270_win,0.277,tsx,150,vihtavuori_n165,153,41.8,2339,24.375,10,3.228,no
270_win,0.277,tsx,150,vihtavuori_n560,147,44.8,2448,24.375,10,3.228,no
270_win,0.277,ballistic_tip,150,vihtavuori_n160,143,45.1,2395,24.375,10,3.287,no
270_win,0.277,ballistic_tip,150,vihtavuori_n165,153,47.8,2408,24.375,10,3.287,no
270_win,0.277,ballistic_tip,150,vihtavuori_n560,147,48.3,2434,24.375,10,3.287,no
270_win,0.277,a_frame,150,vihtavuori_n555,144,44.8,2579,24.375,10,3.331,no
270_win,0.277,a_frame,150,vihtavuori_n160,143,42.4,2444,24.375,10,3.331,no
270_win,0.277,a_frame,150,vihtavuori_n165,153,47.8,2579,24.375,10,3.331,no
270_win,0.277,a_frame,150,vihtavuori_n560,147,49.4,2608,24.375,10,3.331,no
270_win,0.277,a_frame,150,vihtavuori_n565,156,50.9,2628,24.375,10,3.331,no
270_win,0.277,partition,160,vihtavuori_n160,143,38.6,2293,24.375,10,3.331,no
270_win,0.277,partition,160,vihtavuori_n165,153,44.4,2411,24.375,10,3.331,no
270_win,0.277,partition,160,vihtavuori_n560,147,46.5,2444,24.375,10,3.331,no
270_win,0.277,spitzer,100,vihtavuori_n150,124,52.8,3273,24.375,10,3.15,no
270_win,0.277,matchking,115,vihtavuori_n150,124,45.4,3031,24.375,10,3.287,no
270_win,0.277,matchking,115,vihtavuori_n550,129,49.1,3130,24.375,10,3.287,no
270_win,0.277,matchking,115,vihtavuori_n160,143,54.6,3143,24.375,10,3.287,no
270_win,0.277,sp,130,vihtavuori_n160,143,58,3083,24.375,10,3.228,no
270_win,0.277,sp,130,vihtavuori_n560,147,61.3,3132,24.375,10,3.228,no
270_win,0.277,solid_shank,130,vihtavuori_n555,144,54.5,3051,24.375,10,3.268,no
270_win,0.277,solid_shank,130,vihtavuori_n160,143,54.3,2969,24.375,10,3.268,no
270_win,0.277,solid_shank,130,vihtavuori_n165,153,59.1,3058,24.375,10,3.268,no
270_win,0.277,solid_shank,130,vihtavuori_n560,147,56.6,3031,24.375,10,3.268,no
270_win,0.277,spbt,130,vihtavuori_n165,153,62,3089,24.375,10,3.268,no
270_win,0.277,scirocco_ii,130,vihtavuori_n555,144,54.5,3084,24.375,10,3.331,no
270_win,0.277,scirocco_ii,130,vihtavuori_n160,143,54.2,2992,24.375,10,3.331,no
270_win,0.277,hpbt,135,vihtavuori_n160,143,56.5,3048,24.375,10,3.268,no
270_win,0.277,hpbt,135,vihtavuori_n165,153,60.2,3041,24.375,10,3.268,no
270_win,0.277,hpbt,135,vihtavuori_n560,147,60.3,3140,24.375,10,3.268,no
270_win,0.277,tsx,140,vihtavuori_n550,129,46.5,2822,24.375,10,3.209,no
270_win,0.277,tsx,140,vihtavuori_n165,153,52.8,2828,24.375,10,3.209,no
270_win,0.277,tsx,140,vihtavuori_n560,147,53.7,2894,24.375,10,3.209,no
270_win,0.277,solid_shank,140,vihtavuori_n160,143,52.8,2864,24.375,10,3.268,no
270_win,0.277,solid_shank,140,vihtavuori_n165,153,56.8,2930,24.375,10,3.268,no
270_win,0.277,solid_shank,140,vihtavuori_n560,147,54.9,2930,24.375,10,3.268,no
270_win,0.277,a_frame,140,vihtavuori_n550,129,47.5,2818,24.375,10,3.228,no
270_win,0.277,a_frame,140,vihtavuori_n165,153,55.4,2844,24.375,10,3.228,no
270_win,0.277,a_frame,140,vihtavuori_n560,147,55.6,2913,24.375,10,3.228,no
270_win,0.277,tsx,150,vihtavuori_n550,129,45.2,2694,24.375,10,3.228,no
270_win,0.277,tsx,150,vihtavuori_n165,153,50.5,2687,24.375,10,3.228,no
270_win,0.277,tsx,150,vihtavuori_n560,147,51.9,2779,24.375,10,3.228,no
270_win,0.277,ballistic_tip,150,vihtavuori_n160,143,52.3,2762,24.375,10,3.287,no
270_win,0.277,ballistic_tip,150,vihtavuori_n165,153,57.7,2854,24.375,10,3.287,no
270_win,0.277,ballistic_tip,150,vihtavuori_n560,147,56.5,2854,24.375,10,3.287,no
270_win,0.277,a_frame,150,vihtavuori_n555,144,50.3,2812,24.375,10,3.331,no
270_win,0.277,a_frame,150,vihtavuori_n160,143,47.8,2680,24.375,10,3.331,no
270_win,0.277,a_frame,150,vihtavuori_n165,153,55.4,2835,24.375,10,3.331,no
270_win,0.277,a_frame,150,vihtavuori_n560,147,55.4,2887,24.375,10,3.331,no
270_win,0.277,a_frame,150,vihtavuori_n565,156,56.3,2858,24.375,10,3.331,no
270_win,0.277,partition,160,vihtavuori_n160,143,44.6,2562,24.375,10,3.331,no
270_win,0.277,partition,160,vihtavuori_n165,153,51.1,2661,24.375,10,3.331,no
270_win,0.277,partition,160,vihtavuori_n560,147,52.8,2779,24.375,10,3.331,no
300_win_mag,0.308,fmj,123,vihtavuori_n555,144,78.7,3514,24.5,10,3.224,yes
300_win_mag,0.308,ttsx_bt,130,vihtavuori_n555,144,80.2,3471,24.5,10,3.34,yes
300_win_mag,0.308,ttsx_bt,130,vihtavuori_n160,143,80.6,3432,24.5,10,3.34,yes
300_win_mag,0.308,ttsx_bt,130,vihtavuori_n165,153,86.4,3468,24.5,10,3.34,yes
300_win_mag,0.308,ttsx_bt,130,vihtavuori_n560,147,84.3,3461,24.5,10,3.34,yes
300_win_mag,0.308,ttsx_bt,130,vihtavuori_n565,156,84.9,3337,24.5,10,3.34,yes
300_win_mag,0.308,tug_nature,147,vihtavuori_n565,156,81,3205,24.5,10,3.34,yes
300_win_mag,0.308,tug_nature,147,vihtavuori_n170,157,83.3,3094,24.5,10,3.34,yes
300_win_mag,0.308,tug_nature,147,vihtavuori_n570,170,83.3,3054,24.5,10,3.34,yes
300_win_mag,0.308,trx,150,vihtavuori_n565,156,79.5,3179,24.5,10,3.34,yes
300_win_mag,0.308,trx,150,vihtavuori_n570,170,83.3,3114,24.5,10,3.34,yes
300_win_mag,0.308,sbt,150,vihtavuori_n165,153,81.8,3245,24.5,10,3.34,yes
300_win_mag,0.308,sbt,150,vihtavuori_n560,147,80.6,3281,24.5,10,3.34,yes
300_win_mag,0.308,tag,155,vihtavuori_n165,153,83.3,3281,24.5,10,3.287,yes
300_win_mag,0.308,otm_scenar_l,155,vihtavuori_n165,153,81.6,3222,24.5,10,3.307,yes
300_win_mag,0.308,hpbt,155,vihtavuori_n160,143,74.1,3156,24.5,10,3.339,yes
300_win_mag,0.308,hpbt,155,vihtavuori_n165,153,80.7,3228,24.5,10,3.339,yes
300_win_mag,0.308,hpbt,155,vihtavuori_n560,147,77.8,3225,24.5,10,3.339,yes
300_win_mag,0.308,hpbt,155,vihtavuori_n565,156,81,3219,24.5,10,3.339,yes
300_win_mag,0.308,ttsx_bt,165,vihtavuori_n560,147,73.6,3048,24.5,10,3.339,yes
300_win_mag,0.308,ttsx_bt,165,vihtavuori_n565,156,75.2,3028,24.5,10,3.339,yes
300_win_mag,0.308,ttsx_bt,165,vihtavuori_n570,170,80.2,3117,24.5,10,3.339,yes
300_win_mag,0.308,trx,165,vihtavuori_n170,157,82.6,3035,24.5,10,3.34,yes
300_win_mag,0.308,trx,165,vihtavuori_n570,170,80.2,3061,24.5,10,3.34,yes
300_win_mag,0.308,solid_brass_tactic,165,vihtavuori_n555,144,72.4,3123,24.5,10,3.339,yes
300_win_mag,0.308,solid_brass_tactic,165,vihtavuori_n165,153,81.3,3186,24.5,10,3.339,yes
300_win_mag,0.308,solid_brass_tactic,165,vihtavuori_n565,156,81.8,3140,24.5,10,3.339,yes
300_win_mag,0.308,scenar,167,vihtavuori_n170,157,81.6,3041,24.5,10,3.338,yes
300_win_mag,0.308,hpbt,168,vihtavuori_n165,153,78.1,3097,24.5,10,3.339,yes
300_win_mag,0.308,hpbt,168,vihtavuori_n565,156,78.7,3077,24.5,10,3.339,yes
300_win_mag,0.308,hpbt,168,vihtavuori_n570,170,80.2,2976,24.5,10,3.339,yes
300_win_mag,0.308,lockbase_b476,170,vihtavuori_n170,157,82.1,3022,24.5,10,3.338,yes
300_win_mag,0.308,lockbase_b476,170,vihtavuori_n568,168,79.5,2861,24.5,10,3.338,yes
300_win_mag,0.308,naturalis_n558,170,vihtavuori_n565,156,74.1,3002,24.5,10,3.307,yes
300_win_mag,0.308,hpbt,174,vihtavuori_n565,156,77.5,3012,24.5,10,3.339,yes
300_win_mag,0.308,hpbt,174,vihtavuori_n170,157,82.1,2999,24.5,10,3.339,yes
300_win_mag,0.308,hpbt,174,vihtavuori_n570,170,80.2,2989,24.5,10,3.339,yes
300_win_mag,0.308,maxrange_target_gb581,175,vihtavuori_n165,153,77.5,3038,24.5,10,3.34,yes
300_win_mag,0.308,maxrange_target_gb581,175,vihtavuori_n170,157,82.7,3015,24.5,10,3.34,yes
300_win_mag,0.308,maxrange_target_gb581,175,vihtavuori_n570,170,81.8,3022,24.5,10,3.34,yes
300_win_mag,0.308,otm_scenar-l,175,vihtavuori_n170,157,82.3,3009,24.5,10,3.338,yes
300_win_mag,0.308,rdf,175,vihtavuori_n555,144,71.8,3022,24.5,10,3.34,yes
300_win_mag,0.308,rdf,175,vihtavuori_n165,153,78.9,3058,24.5,10,3.34,yes
300_win_mag,0.308,rdf,175,vihtavuori_n560,147,76.7,3077,24.5,10,3.34,yes
300_win_mag,0.308,rdf,175,vihtavuori_n565,156,79.5,3058,24.5,10,3.34,yes
300_win_mag,0.308,blade_659a,175,vihtavuori_n560,147,73.6,2979,24.5,10,3.34,yes
300_win_mag,0.308,blade_659a,175,vihtavuori_n565,156,75.2,2940,24.5,10,3.34,yes
300_win_mag,0.308,eld_x,178,vihtavuori_n165,153,75.8,2956,24.5,10,3.338,yes
300_win_mag,0.308,classic_hunter,180,vihtavuori_n565,156,75.3,2936,24.5,10,3.338,yes
300_win_mag,0.308,bt_hunting,180,vihtavuori_n165,153,76.4,2940,24.5,10,3.338,yes
300_win_mag,0.308,bt_hunting,180,vihtavuori_n565,156,77.5,2969,24.5,10,3.338,yes
300_win_mag,0.308,bt_hunting,180,vihtavuori_n170,157,81.6,2936,24.5,10,3.338,yes
300_win_mag,0.308,d46,185,vihtavuori_n165,153,76.5,2966,24.5,10,3.34,yes
300_win_mag,0.308,d46,185,vihtavuori_n565,156,76.7,2976,24.5,10,3.34,yes
300_win_mag,0.308,mega_e415,185,vihtavuori_n170,157,80.7,2894,24.5,10,3.248,yes
300_win_mag,0.308,mega_e415,185,vihtavuori_n568,168,79.5,2799,24.5,10,3.248,yes
300_win_mag,0.308,cx,190,vihtavuori_n555,144,67.1,2792,24.5,10,3.34,yes
300_win_mag,0.308,cx,190,vihtavuori_n165,153,74.1,2858,24.5,10,3.34,yes
300_win_mag,0.308,cx,190,vihtavuori_n560,147,74.8,2930,24.5,10,3.34,yes
300_win_mag,0.308,cx,190,vihtavuori_n565,156,78.2,2904,24.5,10,3.34,yes
300_win_mag,0.308,hpbt,190,vihtavuori_n165,153,74.5,2894,24.5,10,3.339,yes
300_win_mag,0.308,hpbt,190,vihtavuori_n565,156,74.8,2907,24.5,10,3.339,yes
300_win_mag,0.308,hpbt,190,vihtavuori_n170,157,79.9,2887,24.5,10,3.339,yes
300_win_mag,0.308,hpbt,190,vihtavuori_n570,170,80.2,2953,24.5,10,3.339,yes
300_win_mag,0.308,partition,200,vihtavuori_n170,157,78.7,2795,24.5,10,3.338,yes
300_win_mag,0.308,elite_hunter,205,vihtavuori_n170,157,78.7,2799,24.5,10,3.338,yes
300_win_mag,0.308,elite_hunter,205,vihtavuori_n568,168,79.5,2726,24.5,10,3.338,yes
300_win_mag,0.308,long_range_hybrid_target,208,vihtavuori_n170,157,78.7,2795,24.5,10,3.338,yes
300_win_mag,0.308,long_range_hybrid_target,220,vihtavuori_n170,157,76.4,2710,24.5,10,3.465,yes
300_win_mag,0.308,long_range_hybrid_target,220,vihtavuori_n568,168,79.5,2723,24.5,10,3.465,yes
300_win_mag,0.308,otm_scenar_l,220,vihtavuori_n565,156,73,2733,24.5,10,3.338,yes
300_win_mag,0.308,otm_scenar_l,220,vihtavuori_n170,157,77.3,2723,24.5,10,3.338,yes
300_win_mag,0.308,otm_scenar_l,220,vihtavuori_n568,168,80.2,2726,24.5,10,3.338,yes
300_win_mag,0.308,otm_scenar_l,220,vihtavuori_n570,170,80.2,2808,24.5,10,3.338,yes
300_win_mag,0.308,eld_m,225,vihtavuori_n165,153,71.1,2612,24.5,10,3.386,yes
300_win_mag,0.308,eld_m,225,vihtavuori_n565,156,72.1,2684,24.5,10,3.386,yes
300_win_mag,0.308,eld_m,225,vihtavuori_n568,168,78.7,2694,24.5,10,3.386,yes
300_win_mag,0.308,hybrid_target,230,vihtavuori_n568,168,79.5,2713,24.5,10,3.406,yes
300_win_mag,0.308,fmj,123,vihtavuori_n540,117,63.3,3215,24.5,10,3.224,no
300_win_mag,0.308,fmj,123,vihtavuori_n150,124,59.3,3097,24.5,10,3.224,no
300_win_mag,0.308,fmj,123,vihtavuori_n550,129,66.4,3199,24.5,10,3.224,no
300_win_mag,0.308,fmj,123,vihtavuori_n555,144,71,3189,24.5,10,3.224,no
300_win_mag,0.308,fmj,123,vihtavuori_n160,143,69.4,3133,24.5,10,3.224,no
300_win_mag,0.308,ttsx_bt,130,vihtavuori_n150,124,57.9,3084,24.5,10,3.34,no
300_win_mag,0.308,ttsx_bt,130,vihtavuori_n555,144,74.1,3232,24.5,10,3.34,no
300_win_mag,0.308,ttsx_bt,130,vihtavuori_n160,143,73.6,3146,24.5,10,3.34,no
300_win_mag,0.308,ttsx_bt,130,vihtavuori_n165,153,80.2,3182,24.5,10,3.34,no
300_win_mag,0.308,ttsx_bt,130,vihtavuori_n560,147,78.7,3205,24.5,10,3.34,no
300_win_mag,0.308,ttsx_bt,130,vihtavuori_n565,156,79.5,3107,24.5,10,3.34,no
300_win_mag,0.308,tug_nature,147,vihtavuori_n550,129,61.9,2930,24.5,10,3.34,no
300_win_mag,0.308,tug_nature,147,vihtavuori_n555,144,64.7,2923,24.5,10,3.34,no
300_win_mag,0.308,tug_nature,147,vihtavuori_n160,143,65.6,2861,24.5,10,3.34,no
300_win_mag,0.308,tug_nature,147,vihtavuori_n165,153,73.3,2969,24.5,10,3.34,no
300_win_mag,0.308,tug_nature,147,vihtavuori_n560,147,71.8,2963,24.5,10,3.34,no
300_win_mag,0.308,tug_nature,147,vihtavuori_n565,156,73.3,2940,24.5,10,3.34,no
300_win_mag,0.308,tug_nature,147,vihtavuori_n170,157,79.5,2936,24.5,10,3.34,no
300_win_mag,0.308,tug_nature,147,vihtavuori_n570,170,80.9,2966,24.5,10,3.34,no
300_win_mag,0.308,mega_e469,150,vihtavuori_n550,129,60.2,2877,24.5,10,3.13,no
300_win_mag,0.308,mega_e469,150,vihtavuori_n555,144,60.3,2818,24.5,10,3.13,no
300_win_mag,0.308,mega_e469,150,vihtavuori_n160,143,54,2720,24.5,10,3.13,no
300_win_mag,0.308,mega_e469,150,vihtavuori_n165,153,66.4,2854,24.5,10,3.13,no
300_win_mag,0.308,mega_e469,150,vihtavuori_n560,147,67.1,2854,24.5,10,3.13,no
300_win_mag,0.308,mega_e469,150,vihtavuori_n565,156,70.2,2897,24.5,10,3.13,no
300_win_mag,0.308,mega_e469,150,vihtavuori_n170,157,75.6,2877,24.5,10,3.13,no
300_win_mag,0.308,trx,150,vihtavuori_n550,129,61.7,2923,24.5,10,3.34,no
300_win_mag,0.308,trx,150,vihtavuori_n555,144,66.4,2972,24.5,10,3.34,no
300_win_mag,0.308,trx,150,vihtavuori_n160,143,63.3,2844,24.5,10,3.34,no
300_win_mag,0.308,trx,150,vihtavuori_n165,153,73.6,2966,24.5,10,3.34,no
300_win_mag,0.308,trx,150,vihtavuori_n560,147,70.2,2927,24.5,10,3.34,no
300_win_mag,0.308,trx,150,vihtavuori_n565,156,74.1,2953,24.5,10,3.34,no
300_win_mag,0.308,trx,150,vihtavuori_n570,170,80.6,2989,24.5,10,3.34,no
300_win_mag,0.308,sbt,150,vihtavuori_n140,112,57.1,2907,24.5,10,3.34,no
300_win_mag,0.308,sbt,150,vihtavuori_n540,117,58.6,2946,24.5,10,3.34,no
300_win_mag,0.308,sbt,150,vihtavuori_n150,124,57.1,2848,24.5,10,3.34,no
300_win_mag,0.308,sbt,150,vihtavuori_n550,129,65,2989,24.5,10,3.34,no
300_win_mag,0.308,sbt,150,vihtavuori_n555,144,69.4,3018,24.5,10,3.34,no
300_win_mag,0.308,sbt,150,vihtavuori_n160,143,69.8,2933,24.5,10,3.34,no
300_win_mag,0.308,sbt,150,vihtavuori_n165,153,75.6,3015,24.5,10,3.34,no
300_win_mag,0.308,sbt,150,vihtavuori_n560,147,73.9,3012,24.5,10,3.34,no
300_win_mag,0.308,tag,155,vihtavuori_n550,129,62.8,2943,24.5,10,3.287,no
300_win_mag,0.308,tag,155,vihtavuori_n555,144,69.4,3002,24.5,10,3.287,no
300_win_mag,0.308,tag,155,vihtavuori_n160,143,69.4,2943,24.5,10,3.287,no
300_win_mag,0.308,tag,155,vihtavuori_n165,153,77,3022,24.5,10,3.287,no
300_win_mag,0.308,tag,155,vihtavuori_n560,147,73.5,2976,24.5,10,3.287,no
300_win_mag,0.308,otm_scenar_l,155,vihtavuori_n150,124,54,2812,24.5,10,3.307,no
300_win_mag,0.308,otm_scenar_l,155,vihtavuori_n550,129,60.2,2864,24.5,10,3.307,no
300_win_mag,0.308,otm_scenar_l,155,vihtavuori_n555,144,66.4,2946,24.5,10,3.307,no
300_win_mag,0.308,otm_scenar_l,155,vihtavuori_n160,143,65.6,2864,24.5,10,3.307,no
300_win_mag,0.308,otm_scenar_l,155,vihtavuori_n165,153,74.1,2933,24.5,10,3.307,no
300_win_mag,0.308,otm_scenar_l,155,vihtavuori_n560,147,71,2966,24.5,10,3.307,no
300_win_mag,0.308,otm_scenar_l,155,vihtavuori_n565,156,73.3,2930,24.5,10,3.307,no
300_win_mag,0.308,hpbt,155,vihtavuori_n150,124,54,2825,24.5,10,3.339,no
300_win_mag,0.308,hpbt,155,vihtavuori_n550,129,63.3,2959,24.5,10,3.339,no
300_win_mag,0.308,hpbt,155,vihtavuori_n555,144,67.1,2949,24.5,10,3.339,no
300_win_mag,0.308,hpbt,155,vihtavuori_n160,143,67.3,2900,24.5,10,3.339,no
300_win_mag,0.308,hpbt,155,vihtavuori_n165,153,75.6,2989,24.5,10,3.339,no
300_win_mag,0.308,hpbt,155,vihtavuori_n560,147,72.5,2979,24.5,10,3.339,no
300_win_mag,0.308,hpbt,155,vihtavuori_n565,156,74.8,2953,24.5,10,3.339,no
300_win_mag,0.308,ttsx_bt,165,vihtavuori_n165,153,54,2569,24.5,10,3.339,no
300_win_mag,0.308,ttsx_bt,165,vihtavuori_n560,147,65.6,2756,24.5,10,3.339,no
300_win_mag,0.308,ttsx_bt,165,vihtavuori_n565,156,66.4,2749,24.5,10,3.339,no
300_win_mag,0.308,ttsx_bt,165,vihtavuori_n570,170,67.9,2884,24.5,10,3.339,no
300_win_mag,0.308,sst,165,vihtavuori_n550,129,61,2861,24.5,10,3.338,no
300_win_mag,0.308,sst,165,vihtavuori_n555,144,65.4,2884,24.5,10,3.338,no
300_win_mag,0.308,sst,165,vihtavuori_n160,143,65.6,2825,24.5,10,3.338,no
300_win_mag,0.308,sst,165,vihtavuori_n165,153,72.2,2887,24.5,10,3.338,no
300_win_mag,0.308,sst,165,vihtavuori_n560,147,69.6,2871,24.5,10,3.338,no
300_win_mag,0.308,sst,165,vihtavuori_n565,156,73.1,2871,24.5,10,3.338,no
300_win_mag,0.308,trx,165,vihtavuori_n550,129,58.6,2756,24.5,10,3.34,no
300_win_mag,0.308,trx,165,vihtavuori_n555,144,59.9,2723,24.5,10,3.34,no
300_win_mag,0.308,trx,165,vihtavuori_n160,143,57.1,2661,24.5,10,3.34,no
300_win_mag,0.308,trx,165,vihtavuori_n165,153,68.7,2808,24.5,10,3.34,no
300_win_mag,0.308,trx,165,vihtavuori_n560,147,66.8,2802,24.5,10,3.34,no
300_win_mag,0.308,trx,165,vihtavuori_n565,156,69.4,2792,24.5,10,3.34,no
300_win_mag,0.308,trx,165,vihtavuori_n170,157,75.8,2789,24.5,10,3.34,no
300_win_mag,0.308,trx,165,vihtavuori_n570,170,74.1,2854,24.5,10,3.34,no
300_win_mag,0.308,solid_brass_tactic,165,vihtavuori_n550,129,60.2,2848,24.5,10,3.339,no
300_win_mag,0.308,solid_brass_tactic,165,vihtavuori_n555,144,64.8,2844,24.5,10,3.339,no
300_win_mag,0.308,solid_brass_tactic,165,vihtavuori_n165,153,73.3,2930,24.5,10,3.339,no
300_win_mag,0.308,solid_brass_tactic,165,vihtavuori_n560,147,71.8,2904,24.5,10,3.339,no
300_win_mag,0.308,solid_brass_tactic,165,vihtavuori_n565,156,73.5,2884,24.5,10,3.339,no
300_win_mag,0.308,sbt,165,vihtavuori_n550,129,60.6,2818,24.5,10,3.338,no
300_win_mag,0.308,sbt,165,vihtavuori_n555,144,62.3,2808,24.5,10,3.338,no
300_win_mag,0.308,sbt,165,vihtavuori_n160,143,54.9,2644,24.5,10,3.338,no
300_win_mag,0.308,sbt,165,vihtavuori_n165,153,67.1,2789,24.5,10,3.338,no
300_win_mag,0.308,sbt,165,vihtavuori_n560,147,68.5,2854,24.5,10,3.338,no
300_win_mag,0.308,sbt,165,vihtavuori_n565,156,71,2848,24.5,10,3.338,no
300_win_mag,0.308,sbt,165,vihtavuori_n170,157,77.2,2828,24.5,10,3.338,no
300_win_mag,0.308,exhbt,166,vihtavuori_n540,117,49.4,2569,24.5,10,3.307,no
300_win_mag,0.308,exhbt,166,vihtavuori_n150,124,47.5,2497,24.5,10,3.307,no
300_win_mag,0.308,exhbt,166,vihtavuori_n550,129,52.5,2598,24.5,10,3.307,no
300_win_mag,0.308,exhbt,166,vihtavuori_n555,144,58.3,2677,24.5,10,3.307,no
300_win_mag,0.308,exhbt,166,vihtavuori_n160,143,55.1,2562,24.5,10,3.307,no
300_win_mag,0.308,exhbt,166,vihtavuori_n165,153,59.6,2635,24.5,10,3.307,no
300_win_mag,0.308,exhbt,166,vihtavuori_n170,157,63.3,2608,24.5,10,3.307,no
300_win_mag,0.308,scenar,167,vihtavuori_n160,143,63.7,2766,24.5,10,3.338,no
300_win_mag,0.308,scenar,167,vihtavuori_n165,153,70.7,2858,24.5,10,3.338,no
300_win_mag,0.308,scenar,167,vihtavuori_n560,147,70.1,2861,24.5,10,3.338,no
300_win_mag,0.308,scenar,167,vihtavuori_n565,156,72.1,2851,24.5,10,3.338,no
300_win_mag,0.308,scenar,167,vihtavuori_n170,157,75.8,2808,24.5,10,3.338,no
300_win_mag,0.308,a_max,168,vihtavuori_n550,129,59.6,2812,24.5,10,3.338,no
300_win_mag,0.308,a_max,168,vihtavuori_n555,144,64.8,2848,24.5,10,3.338,no
300_win_mag,0.308,a_max,168,vihtavuori_n160,143,63.3,2746,24.5,10,3.338,no
300_win_mag,0.308,a_max,168,vihtavuori_n165,153,71,2861,24.5,10,3.338,no
300_win_mag,0.308,a_max,168,vihtavuori_n560,147,69,2841,24.5,10,3.338,no
300_win_mag,0.308,a_max,168,vihtavuori_n565,156,71.8,2851,24.5,10,3.338,no
300_win_mag,0.308,hpbt,168,vihtavuori_n550,129,58.6,2743,24.5,10,3.339,no
300_win_mag,0.308,hpbt,168,vihtavuori_n555,144,63.9,2815,24.5,10,3.339,no
300_win_mag,0.308,hpbt,168,vihtavuori_n160,143,62.2,2736,24.5,10,3.339,no
300_win_mag,0.308,hpbt,168,vihtavuori_n165,153,69.9,2822,24.5,10,3.339,no
300_win_mag,0.308,hpbt,168,vihtavuori_n560,147,67.9,2805,24.5,10,3.339,no
300_win_mag,0.308,hpbt,168,vihtavuori_n565,156,71.8,2815,24.5,10,3.339,no
300_win_mag,0.308,hpbt,168,vihtavuori_n570,170,74.8,2818,24.5,10,3.339,no
300_win_mag,0.308,lockbase_b476,170,vihtavuori_n550,129,59.3,2779,24.5,10,3.338,no
300_win_mag,0.308,lockbase_b476,170,vihtavuori_n555,144,61.7,2776,24.5,10,3.338,no
300_win_mag,0.308,lockbase_b476,170,vihtavuori_n160,143,61.6,2697,24.5,10,3.338,no
300_win_mag,0.308,lockbase_b476,170,vihtavuori_n165,153,69.4,2759,24.5,10,3.338,no
300_win_mag,0.308,lockbase_b476,170,vihtavuori_n560,147,67.9,2818,24.5,10,3.338,no
300_win_mag,0.308,lockbase_b476,170,vihtavuori_n565,156,70.2,2825,24.5,10,3.338,no
300_win_mag,0.308,lockbase_b476,170,vihtavuori_n170,157,74.1,2746,24.5,10,3.338,no
300_win_mag,0.308,lockbase_b476,170,vihtavuori_n568,168,77.2,2776,24.5,10,3.338,no
300_win_mag,0.308,naturalis_n558,170,vihtavuori_n550,129,57.1,2671,24.5,10,3.307,no
300_win_mag,0.308,naturalis_n558,170,vihtavuori_n555,144,60.2,2703,24.5,10,3.307,no
300_win_mag,0.308,naturalis_n558,170,vihtavuori_n160,143,52.5,2490,24.5,10,3.307,no
300_win_mag,0.308,naturalis_n558,170,vihtavuori_n165,153,58.6,2579,24.5,10,3.307,no
300_win_mag,0.308,naturalis_n558,170,vihtavuori_n560,147,65.6,2740,24.5,10,3.307,no
300_win_mag,0.308,naturalis_n558,170,vihtavuori_n565,156,67.9,2766,24.5,10,3.307,no
300_win_mag,0.308,hpbt,174,vihtavuori_n550,129,58.2,2733,24.5,10,3.339,no
300_win_mag,0.308,hpbt,174,vihtavuori_n555,144,62.8,2749,24.5,10,3.339,no
300_win_mag,0.308,hpbt,174,vihtavuori_n160,143,62.5,2690,24.5,10,3.339,no
300_win_mag,0.308,hpbt,174,vihtavuori_n165,153,69.8,2785,24.5,10,3.339,no
300_win_mag,0.308,hpbt,174,vihtavuori_n560,147,68.7,2799,24.5,10,3.339,no
300_win_mag,0.308,hpbt,174,vihtavuori_n565,156,71,2759,24.5,10,3.339,no
300_win_mag,0.308,hpbt,174,vihtavuori_n170,157,74.8,2733,24.5,10,3.339,no
300_win_mag,0.308,hpbt,174,vihtavuori_n570,170,77.2,2851,24.5,10,3.339,no
300_win_mag,0.308,otm_tactical,175,vihtavuori_n550,129,59.7,2736,24.5,10,3.338,no
300_win_mag,0.308,otm_tactical,175,vihtavuori_n555,144,64,2762,24.5,10,3.338,no
300_win_mag,0.308,otm_tactical,175,vihtavuori_n160,143,60.2,2664,24.5,10,3.338,no
300_win_mag,0.308,otm_tactical,175,vihtavuori_n165,153,71.6,2795,24.5,10,3.338,no
300_win_mag,0.308,otm_tactical,175,vihtavuori_n560,147,69.6,2802,24.5,10,3.338,no
300_win_mag,0.308,otm_tactical,175,vihtavuori_n565,156,71.9,2815,24.5,10,3.338,no
300_win_mag,0.308,maxrange_target_gb581,175,vihtavuori_n550,129,61,2776,24.5,10,3.34,no
300_win_mag,0.308,maxrange_target_gb581,175,vihtavuori_n555,144,64.8,2799,24.5,10,3.34,no
300_win_mag,0.308,maxrange_target_gb581,175,vihtavuori_n160,143,62.5,2694,24.5,10,3.34,no
300_win_mag,0.308,maxrange_target_gb581,175,vihtavuori_n165,153,71,2789,24.5,10,3.34,no
300_win_mag,0.308,maxrange_target_gb581,175,vihtavuori_n560,147,68.7,2795,24.5,10,3.34,no
300_win_mag,0.308,maxrange_target_gb581,175,vihtavuori_n565,156,71.8,2795,24.5,10,3.34,no
300_win_mag,0.308,maxrange_target_gb581,175,vihtavuori_n170,157,76.1,2756,24.5,10,3.34,no
300_win_mag,0.308,maxrange_target_gb581,175,vihtavuori_n570,170,77.9,2851,24.5,10,3.34,no
300_win_mag,0.308,otm_scenar-l,175,vihtavuori_n160,143,61.7,2733,24.5,10,3.338,no
300_win_mag,0.308,otm_scenar-l,175,vihtavuori_n165,153,69.8,2782,24.5,10,3.338,no
300_win_mag,0.308,otm_scenar-l,175,vihtavuori_n560,147,69.6,2808,24.5,10,3.338,no
300_win_mag,0.308,otm_scenar-l,175,vihtavuori_n565,156,71,2805,24.5,10,3.338,no
300_win_mag,0.308,otm_scenar-l,175,vihtavuori_n170,157,75.2,2749,24.5,10,3.338,no
300_win_mag,0.308,rdf,175,vihtavuori_n550,129,60.6,2759,24.5,10,3.34,no
300_win_mag,0.308,rdf,175,vihtavuori_n555,144,66.4,2805,24.5,10,3.34,no
300_win_mag,0.308,rdf,175,vihtavuori_n160,143,66.4,2746,24.5,10,3.34,no
300_win_mag,0.308,rdf,175,vihtavuori_n165,153,73.6,2828,24.5,10,3.34,no
300_win_mag,0.308,rdf,175,vihtavuori_n560,147,71,2848,24.5,10,3.34,no
300_win_mag,0.308,rdf,175,vihtavuori_n565,156,74.1,2838,24.5,10,3.34,no
300_win_mag,0.308,blade_659a,175,vihtavuori_n550,129,56.3,2618,24.5,10,3.34,no
300_win_mag,0.308,blade_659a,175,vihtavuori_n555,144,53.2,2552,24.5,10,3.34,no
300_win_mag,0.308,blade_659a,175,vihtavuori_n160,143,53.7,2477,24.5,10,3.34,no
300_win_mag,0.308,blade_659a,175,vihtavuori_n560,147,67.1,2720,24.5,10,3.34,no
300_win_mag,0.308,blade_659a,175,vihtavuori_n565,156,67.1,2710,24.5,10,3.34,no
300_win_mag,0.308,eld_x,178,vihtavuori_n160,143,54,2605,24.5,10,3.338,no
300_win_mag,0.308,eld_x,178,vihtavuori_n165,153,57.1,2549,24.5,10,3.338,no
300_win_mag,0.308,eld_x,178,vihtavuori_n560,147,65.6,2723,24.5,10,3.338,no
300_win_mag,0.308,classic_hunter,180,vihtavuori_n165,153,58.8,2562,24.5,10,3.338,no
300_win_mag,0.308,classic_hunter,180,vihtavuori_n560,147,64,2671,24.5,10,3.338,no
300_win_mag,0.308,classic_hunter,180,vihtavuori_n565,156,66.4,2680,24.5,10,3.338,no
300_win_mag,0.308,gmx,180,vihtavuori_n555,144,54.5,2513,24.5,10,3.338,no
300_win_mag,0.308,gmx,180,vihtavuori_n160,143,54,2507,24.5,10,3.338,no
300_win_mag,0.308,gmx,180,vihtavuori_n165,153,56.8,2461,24.5,10,3.338,no
300_win_mag,0.308,gmx,180,vihtavuori_n560,147,59.4,2562,24.5,10,3.338,no
300_win_mag,0.308,gmx,180,vihtavuori_n565,156,60.6,2582,24.5,10,3.338,no
300_win_mag,0.308,bt_hunting,180,vihtavuori_n165,153,70.4,2710,24.5,10,3.338,no
300_win_mag,0.308,bt_hunting,180,vihtavuori_n560,147,68.4,2720,24.5,10,3.338,no
300_win_mag,0.308,bt_hunting,180,vihtavuori_n565,156,70.8,2746,24.5,10,3.338,no
300_win_mag,0.308,bt_hunting,180,vihtavuori_n170,157,75,2690,24.5,10,3.338,no
300_win_mag,0.308,exhbt,184,vihtavuori_n555,144,52.5,2425,24.5,10,3.248,no
300_win_mag,0.308,exhbt,184,vihtavuori_n160,143,52.5,2451,24.5,10,3.248,no
300_win_mag,0.308,exhbt,184,vihtavuori_n165,153,54.3,2379,24.5,10,3.248,no
300_win_mag,0.308,exhbt,184,vihtavuori_n560,147,58.3,2523,24.5,10,3.248,no
300_win_mag,0.308,exhbt,184,vihtavuori_n565,156,60.2,2520,24.5,10,3.248,no
300_win_mag,0.308,exhbt,184,vihtavuori_n170,157,64.8,2487,24.5,10,3.248,no
300_win_mag,0.308,d46,185,vihtavuori_n150,124,50.9,2556,24.5,10,3.34,no
300_win_mag,0.308,d46,185,vihtavuori_n550,129,58.6,2664,24.5,10,3.34,no
300_win_mag,0.308,d46,185,vihtavuori_n555,144,62.5,2680,24.5,10,3.34,no
300_win_mag,0.308,d46,185,vihtavuori_n160,143,63.3,2641,24.5,10,3.34,no
300_win_mag,0.308,d46,185,vihtavuori_n165,153,69.4,2710,24.5,10,3.34,no
300_win_mag,0.308,d46,185,vihtavuori_n560,147,68.7,2743,24.5,10,3.34,no
300_win_mag,0.308,d46,185,vihtavuori_n565,156,70.2,2723,24.5,10,3.34,no
300_win_mag,0.308,mega_e415,185,vihtavuori_n550,129,59.4,2667,24.5,10,3.248,no
300_win_mag,0.308,mega_e415,185,vihtavuori_n555,144,62.2,2661,24.5,10,3.248,no
300_win_mag,0.308,mega_e415,185,vihtavuori_n160,143,59.7,2513,24.5,10,3.248,no
300_win_mag,0.308,mega_e415,185,vihtavuori_n165,153,64.2,2566,24.5,10,3.248,no
300_win_mag,0.308,mega_e415,185,vihtavuori_n560,147,66.8,2680,24.5,10,3.248,no
300_win_mag,0.308,mega_e415,185,vihtavuori_n565,156,68.8,2687,24.5,10,3.248,no
300_win_mag,0.308,mega_e415,185,vihtavuori_n170,157,73.3,2638,24.5,10,3.248,no
300_win_mag,0.308,mega_e415,185,vihtavuori_n568,168,77.2,2726,24.5,10,3.248,no
300_win_mag,0.308,scenar,185,vihtavuori_n160,143,60.2,2595,24.5,10,3.338,no
300_win_mag,0.308,scenar,185,vihtavuori_n165,153,66.7,2667,24.5,10,3.338,no
300_win_mag,0.308,scenar,185,vihtavuori_n560,147,67.7,2717,24.5,10,3.338,no
300_win_mag,0.308,scenar,185,vihtavuori_n565,156,69.3,2723,24.5,10,3.338,no
300_win_mag,0.308,scenar,185,vihtavuori_n170,157,73.5,2677,24.5,10,3.338,no
300_win_mag,0.308,cx,190,vihtavuori_n550,129,56.3,2595,24.5,10,3.34,no
300_win_mag,0.308,cx,190,vihtavuori_n555,144,58.6,2569,24.5,10,3.34,no
300_win_mag,0.308,cx,190,vihtavuori_n160,143,52.5,2379,24.5,10,3.34,no
300_win_mag,0.308,cx,190,vihtavuori_n165,153,64.8,2644,24.5,10,3.34,no
300_win_mag,0.308,cx,190,vihtavuori_n560,147,69.4,2694,24.5,10,3.34,no
300_win_mag,0.308,cx,190,vihtavuori_n565,156,69.4,2625,24.5,10,3.34,no
300_win_mag,0.308,hpbt,190,vihtavuori_n160,143,59,2549,24.5,10,3.339,no
300_win_mag,0.308,hpbt,190,vihtavuori_n165,153,65.4,2621,24.5,10,3.339,no
300_win_mag,0.308,hpbt,190,vihtavuori_n560,147,65.6,2661,24.5,10,3.339,no
300_win_mag,0.308,hpbt,190,vihtavuori_n565,156,67.9,2674,24.5,10,3.339,no
300_win_mag,0.308,hpbt,190,vihtavuori_n170,157,72.5,2628,24.5,10,3.339,no
300_win_mag,0.308,hpbt,190,vihtavuori_n570,170,73.3,2756,24.5,10,3.339,no
300_win_mag,0.308,mega_e401,200,vihtavuori_n165,153,59.4,2474,24.5,10,3.338,no
300_win_mag,0.308,mega_e401,200,vihtavuori_n565,156,65.1,2566,24.5,10,3.338,no
300_win_mag,0.308,mega_e401,200,vihtavuori_n170,157,68.4,2513,24.5,10,3.338,no
300_win_mag,0.308,mega_e401,200,vihtavuori_n568,168,69.6,2575,24.5,10,3.338,no
300_win_mag,0.308,mega_e401,200,vihtavuori_n570,170,67.6,2598,24.5,10,3.338,no
300_win_mag,0.308,partition,200,vihtavuori_n165,153,60.2,2497,24.5,10,3.338,no
300_win_mag,0.308,partition,200,vihtavuori_n565,156,68.7,2608,24.5,10,3.338,no
300_win_mag,0.308,partition,200,vihtavuori_n170,157,71,2543,24.5,10,3.338,no
300_win_mag,0.308,partition,200,vihtavuori_n570,170,68.2,2612,24.5,10,3.338,no
300_win_mag,0.308,elite_hunter,205,vihtavuori_n550,129,57.1,2556,24.5,10,3.338,no
300_win_mag,0.308,elite_hunter,205,vihtavuori_n555,144,61.7,2562,24.5,10,3.338,no
300_win_mag,0.308,elite_hunter,205,vihtavuori_n160,143,62.5,2526,24.5,10,3.338,no
300_win_mag,0.308,elite_hunter,205,vihtavuori_n165,153,71,2635,24.5,10,3.338,no
300_win_mag,0.308,elite_hunter,205,vihtavuori_n560,147,66.7,2625,24.5,10,3.338,no
300_win_mag,0.308,elite_hunter,205,vihtavuori_n565,156,69.1,2631,24.5,10,3.338,no
300_win_mag,0.308,elite_hunter,205,vihtavuori_n170,157,72.5,2572,24.5,10,3.338,no
300_win_mag,0.308,elite_hunter,205,vihtavuori_n568,168,77.5,2661,24.5,10,3.338,no
300_win_mag,0.308,long_range_hybrid_target,208,vihtavuori_n550,129,57.1,2552,24.5,10,3.338,no
300_win_mag,0.308,long_range_hybrid_target,208,vihtavuori_n555,144,61.4,2543,24.5,10,3.338,no
300_win_mag,0.308,long_range_hybrid_target,208,vihtavuori_n160,143,61.7,2507,24.5,10,3.338,no
300_win_mag,0.308,long_range_hybrid_target,208,vihtavuori_n165,153,69.8,2608,24.5,10,3.338,no
300_win_mag,0.308,long_range_hybrid_target,208,vihtavuori_n560,147,66.4,2598,24.5,10,3.338,no
300_win_mag,0.308,long_range_hybrid_target,208,vihtavuori_n565,156,69.4,2628,24.5,10,3.338,no
300_win_mag,0.308,long_range_hybrid_target,208,vihtavuori_n170,157,72.5,2575,24.5,10,3.338,no
300_win_mag,0.308,long_range_hybrid_target,220,vihtavuori_n550,129,55.6,2461,24.5,10,3.465,no
300_win_mag,0.308,long_range_hybrid_target,220,vihtavuori_n555,144,58.6,2438,24.5,10,3.465,no
300_win_mag,0.308,long_range_hybrid_target,220,vihtavuori_n160,143,56.5,2369,24.5,10,3.465,no
300_win_mag,0.308,long_range_hybrid_target,220,vihtavuori_n165,153,63,2448,24.5,10,3.465,no
300_win_mag,0.308,long_range_hybrid_target,220,vihtavuori_n560,147,63.3,2513,24.5,10,3.465,no
300_win_mag,0.308,long_range_hybrid_target,220,vihtavuori_n565,156,65.6,2513,24.5,10,3.465,no
300_win_mag,0.308,long_range_hybrid_target,220,vihtavuori_n170,157,69.8,2487,24.5,10,3.465,no
300_win_mag,0.308,long_range_hybrid_target,220,vihtavuori_n568,168,75.5,2579,24.5,10,3.465,no
300_win_mag,0.308,otm_scenar_l,220,vihtavuori_n165,153,61.1,2365,24.5,10,3.338,no
300_win_mag,0.308,otm_scenar_l,220,vihtavuori_n560,147,62.2,2428,24.5,10,3.338,no
300_win_mag,0.308,otm_scenar_l,220,vihtavuori_n565,156,68.1,2530,24.5,10,3.338,no
300_win_mag,0.308,otm_scenar_l,220,vihtavuori_n170,157,71.9,2507,24.5,10,3.338,no
300_win_mag,0.308,otm_scenar_l,220,vihtavuori_n568,168,76.5,2579,24.5,10,3.338,no
300_win_mag,0.308,otm_scenar_l,220,vihtavuori_n570,170,77.2,2657,24.5,10,3.338,no
300_win_mag,0.308,eld_m,225,vihtavuori_n555,144,58.6,2411,24.5,10,3.386,no
300_win_mag,0.308,eld_m,225,vihtavuori_n160,143,57.1,2356,24.5,10,3.386,no
300_win_mag,0.308,eld_m,225,vihtavuori_n165,153,61.7,2352,24.5,10,3.386,no
300_win_mag,0.308,eld_m,225,vihtavuori_n560,147,61.7,2405,24.5,10,3.386,no
300_win_mag,0.308,eld_m,225,vihtavuori_n565,156,64,2425,24.5,10,3.386,no
300_win_mag,0.308,eld_m,225,vihtavuori_n568,168,74.1,2536,24.5,10,3.386,no
300_win_mag,0.308,hybrid_target,230,vihtavuori_n165,153,62,2365,24.5,10,3.406,no
300_win_mag,0.308,hybrid_target,230,vihtavuori_n565,156,65.3,2444,24.5,10,3.406,no
300_win_mag,0.308,hybrid_target,230,vihtavuori_n170,157,67.7,2379,24.5,10,3.406,no
300_win_mag,0.308,hybrid_target,230,vihtavuori_n568,168,72.5,2480,24.5,10,3.406,no
300_win_mag,0.308,hybrid_target,230,vihtavuori_n570,170,69,2487,24.5,10,3.406,no
300_win_mag,0.308,fmj,123,vihtavuori_n540,117,69.6,3478,24.5,10,3.224,no
300_win_mag,0.308,fmj,123,vihtavuori_n150,124,67.4,3376,24.5,10,3.224,no
300_win_mag,0.308,fmj,123,vihtavuori_n550,129,72.1,3488,24.5,10,3.224,no
300_win_mag,0.308,fmj,123,vihtavuori_n160,143,78.2,3461,24.5,10,3.224,no
300_win_mag,0.308,ttsx_bt,130,vihtavuori_n150,124,65.7,3330,24.5,10,3.34,no
300_win_mag,0.308,tug_nature,147,vihtavuori_n550,129,67,3176,24.5,10,3.34,no
300_win_mag,0.308,tug_nature,147,vihtavuori_n555,144,71.9,3192,24.5,10,3.34,no
300_win_mag,0.308,tug_nature,147,vihtavuori_n160,143,73.1,3150,24.5,10,3.34,no
300_win_mag,0.308,tug_nature,147,vihtavuori_n165,153,79.8,3238,24.5,10,3.34,no
300_win_mag,0.308,tug_nature,147,vihtavuori_n560,147,77.9,3232,24.5,10,3.34,no
300_win_mag,0.308,mega_e469,150,vihtavuori_n550,129,66.2,3146,24.5,10,3.13,no
300_win_mag,0.308,mega_e469,150,vihtavuori_n555,144,71,3163,24.5,10,3.13,no
300_win_mag,0.308,mega_e469,150,vihtavuori_n160,143,65.7,3048,24.5,10,3.13,no
300_win_mag,0.308,mega_e469,150,vihtavuori_n165,153,79,3192,24.5,10,3.13,no
300_win_mag,0.308,mega_e469,150,vihtavuori_n560,147,74.7,3176,24.5,10,3.13,no
300_win_mag,0.308,mega_e469,150,vihtavuori_n565,156,79.5,3202,24.5,10,3.13,no
300_win_mag,0.308,mega_e469,150,vihtavuori_n170,157,81,3045,24.5,10,3.13,no
300_win_mag,0.308,trx,150,vihtavuori_n550,129,66.8,3163,24.5,10,3.34,no
300_win_mag,0.308,trx,150,vihtavuori_n555,144,72.4,3192,24.5,10,3.34,no
300_win_mag,0.308,trx,150,vihtavuori_n160,143,72.4,3136,24.5,10,3.34,no
300_win_mag,0.308,trx,150,vihtavuori_n165,153,80.4,3238,24.5,10,3.34,no
300_win_mag,0.308,trx,150,vihtavuori_n560,147,76.1,3205,24.5,10,3.34,no
300_win_mag,0.308,sbt,150,vihtavuori_n140,112,61.3,3064,24.5,10,3.34,no
300_win_mag,0.308,sbt,150,vihtavuori_n540,117,65.6,3182,24.5,10,3.34,no
300_win_mag,0.308,sbt,150,vihtavuori_n150,124,63.3,3064,24.5,10,3.34,no
300_win_mag,0.308,sbt,150,vihtavuori_n550,129,69.8,3222,24.5,10,3.34,no
300_win_mag,0.308,sbt,150,vihtavuori_n555,144,75.6,3251,24.5,10,3.34,no
300_win_mag,0.308,sbt,150,vihtavuori_n160,143,77.3,3202,24.5,10,3.34,no
300_win_mag,0.308,tag,155,vihtavuori_n550,129,68.5,3196,24.5,10,3.287,no
300_win_mag,0.308,tag,155,vihtavuori_n555,144,75.5,3241,24.5,10,3.287,no
300_win_mag,0.308,tag,155,vihtavuori_n160,143,76.9,3209,24.5,10,3.287,no
300_win_mag,0.308,tag,155,vihtavuori_n560,147,79.6,3245,24.5,10,3.287,no
300_win_mag,0.308,otm_scenar_l,155,vihtavuori_n150,124,62,3041,24.5,10,3.307,no
300_win_mag,0.308,otm_scenar_l,155,vihtavuori_n550,129,66.8,3159,24.5,10,3.307,no
300_win_mag,0.308,otm_scenar_l,155,vihtavuori_n555,144,73,3205,24.5,10,3.307,no
300_win_mag,0.308,otm_scenar_l,155,vihtavuori_n160,143,73.8,3133,24.5,10,3.307,no
300_win_mag,0.308,otm_scenar_l,155,vihtavuori_n560,147,76.7,3202,24.5,10,3.307,no
300_win_mag,0.308,otm_scenar_l,155,vihtavuori_n565,156,79.9,3196,24.5,10,3.307,no
300_win_mag,0.308,hpbt,155,vihtavuori_n150,124,59.9,3028,24.5,10,3.339,no
300_win_mag,0.308,hpbt,155,vihtavuori_n550,129,67.3,3169,24.5,10,3.339,no
300_win_mag,0.308,hpbt,155,vihtavuori_n555,144,73.8,3212,24.5,10,3.339,no
300_win_mag,0.308,ttsx_bt,165,vihtavuori_n165,153,60.6,2818,24.5,10,3.339,no
300_win_mag,0.308,sst,165,vihtavuori_n550,129,65.7,3081,24.5,10,3.338,no
300_win_mag,0.308,sst,165,vihtavuori_n555,144,71.3,3110,24.5,10,3.338,no
300_win_mag,0.308,sst,165,vihtavuori_n160,143,72.7,3071,24.5,10,3.338,no
300_win_mag,0.308,sst,165,vihtavuori_n165,153,77.3,3120,24.5,10,3.338,no
300_win_mag,0.308,sst,165,vihtavuori_n560,147,75.3,3127,24.5,10,3.338,no
300_win_mag,0.308,sst,165,vihtavuori_n565,156,79,3107,24.5,10,3.338,no
300_win_mag,0.308,trx,165,vihtavuori_n550,129,64.4,2995,24.5,10,3.34,no
300_win_mag,0.308,trx,165,vihtavuori_n555,144,69.8,3025,24.5,10,3.34,no
300_win_mag,0.308,trx,165,vihtavuori_n160,143,64.8,2890,24.5,10,3.34,no
300_win_mag,0.308,trx,165,vihtavuori_n165,153,77.3,3091,24.5,10,3.34,no
300_win_mag,0.308,trx,165,vihtavuori_n560,147,73.6,3061,24.5,10,3.34,no
300_win_mag,0.308,trx,165,vihtavuori_n565,156,76.4,3038,24.5,10,3.34,no
300_win_mag,0.308,solid_brass_tactic,165,vihtavuori_n550,129,65.6,3081,24.5,10,3.339,no
300_win_mag,0.308,solid_brass_tactic,165,vihtavuori_n560,147,77.9,3163,24.5,10,3.339,no
300_win_mag,0.308,sbt,165,vihtavuori_n550,129,66.4,3054,24.5,10,3.338,no
300_win_mag,0.308,sbt,165,vihtavuori_n555,144,71.6,3084,24.5,10,3.338,no
300_win_mag,0.308,sbt,165,vihtavuori_n160,143,65.9,2953,24.5,10,3.338,no
300_win_mag,0.308,sbt,165,vihtavuori_n165,153,79.3,3107,24.5,10,3.338,no
300_win_mag,0.308,sbt,165,vihtavuori_n560,147,74.8,3107,24.5,10,3.338,no
300_win_mag,0.308,sbt,165,vihtavuori_n565,156,79.3,3123,24.5,10,3.338,no
300_win_mag,0.308,sbt,165,vihtavuori_n170,157,83,3064,24.5,10,3.338,no
300_win_mag,0.308,exhbt,166,vihtavuori_n540,117,57.4,2877,24.5,10,3.307,no
300_win_mag,0.308,exhbt,166,vihtavuori_n150,124,54.5,2769,24.5,10,3.307,no
300_win_mag,0.308,exhbt,166,vihtavuori_n550,129,60,2897,24.5,10,3.307,no
300_win_mag,0.308,exhbt,166,vihtavuori_n555,144,65.7,2946,24.5,10,3.307,no
300_win_mag,0.308,exhbt,166,vihtavuori_n160,143,62,2841,24.5,10,3.307,no
300_win_mag,0.308,exhbt,166,vihtavuori_n165,153,68.7,2949,24.5,10,3.307,no
300_win_mag,0.308,exhbt,166,vihtavuori_n170,157,71,2897,24.5,10,3.307,no
300_win_mag,0.308,scenar,167,vihtavuori_n160,143,70.7,3012,24.5,10,3.338,no
300_win_mag,0.308,scenar,167,vihtavuori_n165,153,77,3094,24.5,10,3.338,no
300_win_mag,0.308,scenar,167,vihtavuori_n560,147,75.5,3114,24.5,10,3.338,no
300_win_mag,0.308,scenar,167,vihtavuori_n565,156,77.6,3087,24.5,10,3.338,no
300_win_mag,0.308,a_max,168,vihtavuori_n550,129,65.3,3048,24.5,10,3.338,no
300_win_mag,0.308,a_max,168,vihtavuori_n555,144,71,3074,24.5,10,3.338,no
300_win_mag,0.308,a_max,168,vihtavuori_n160,143,70.4,2999,24.5,10,3.338,no
300_win_mag,0.308,a_max,168,vihtavuori_n165,153,77.2,3097,24.5,10,3.338,no
300_win_mag,0.308,a_max,168,vihtavuori_n560,147,74.5,3091,24.5,10,3.338,no
300_win_mag,0.308,a_max,168,vihtavuori_n565,156,78.6,3091,24.5,10,3.338,no
300_win_mag,0.308,hpbt,168,vihtavuori_n550,129,65.1,3015,24.5,10,3.339,no
300_win_mag,0.308,hpbt,168,vihtavuori_n555,144,70.5,3054,24.5,10,3.339,no
300_win_mag,0.308,hpbt,168,vihtavuori_n160,143,69.8,2999,24.5,10,3.339,no
300_win_mag,0.308,hpbt,168,vihtavuori_n560,147,74.1,3077,24.5,10,3.339,no
300_win_mag,0.308,lockbase_b476,170,vihtavuori_n550,129,65.6,3018,24.5,10,3.338,no
300_win_mag,0.308,lockbase_b476,170,vihtavuori_n555,144,70.1,3045,24.5,10,3.338,no
300_win_mag,0.308,lockbase_b476,170,vihtavuori_n160,143,69.9,2963,24.5,10,3.338,no
300_win_mag,0.308,lockbase_b476,170,vihtavuori_n165,153,77.8,3061,24.5,10,3.338,no
300_win_mag,0.308,lockbase_b476,170,vihtavuori_n560,147,73.3,3054,24.5,10,3.338,no
300_win_mag,0.308,lockbase_b476,170,vihtavuori_n565,156,77.9,3077,24.5,10,3.338,no
300_win_mag,0.308,naturalis_n558,170,vihtavuori_n550,129,63,2927,24.5,10,3.307,no
300_win_mag,0.308,naturalis_n558,170,vihtavuori_n555,144,67,2946,24.5,10,3.307,no
300_win_mag,0.308,naturalis_n558,170,vihtavuori_n160,143,63.1,2835,24.5,10,3.307,no
300_win_mag,0.308,naturalis_n558,170,vihtavuori_n165,153,75.6,2989,24.5,10,3.307,no
300_win_mag,0.308,naturalis_n558,170,vihtavuori_n560,147,70.7,2986,24.5,10,3.307,no
300_win_mag,0.308,hpbt,174,vihtavuori_n550,129,63.9,2949,24.5,10,3.339,no
300_win_mag,0.308,hpbt,174,vihtavuori_n555,144,69.3,2982,24.5,10,3.339,no
300_win_mag,0.308,hpbt,174,vihtavuori_n160,143,69.4,2940,24.5,10,3.339,no
300_win_mag,0.308,hpbt,174,vihtavuori_n165,153,76.9,3035,24.5,10,3.339,no
300_win_mag,0.308,hpbt,174,vihtavuori_n560,147,74.1,3025,24.5,10,3.339,no
300_win_mag,0.308,otm_tactical,175,vihtavuori_n550,129,64.7,2956,24.5,10,3.338,no
300_win_mag,0.308,otm_tactical,175,vihtavuori_n555,144,70.2,2976,24.5,10,3.338,no
300_win_mag,0.308,otm_tactical,175,vihtavuori_n160,143,70.8,2946,24.5,10,3.338,no
300_win_mag,0.308,otm_tactical,175,vihtavuori_n165,153,77.5,3035,24.5,10,3.338,no
300_win_mag,0.308,otm_tactical,175,vihtavuori_n560,147,74.2,3028,24.5,10,3.338,no
300_win_mag,0.308,otm_tactical,175,vihtavuori_n565,156,77.2,3028,24.5,10,3.338,no
300_win_mag,0.308,maxrange_target_gb581,175,vihtavuori_n550,129,65.7,2989,24.5,10,3.34,no
300_win_mag,0.308,maxrange_target_gb581,175,vihtavuori_n555,144,70.2,3015,24.5,10,3.34,no
300_win_mag,0.308,maxrange_target_gb581,175,vihtavuori_n160,143,71.5,2969,24.5,10,3.34,no
300_win_mag,0.308,maxrange_target_gb581,175,vihtavuori_n560,147,73.9,3025,24.5,10,3.34,no
300_win_mag,0.308,maxrange_target_gb581,175,vihtavuori_n565,156,77.8,3048,24.5,10,3.34,no
300_win_mag,0.308,otm_scenar-l,175,vihtavuori_n160,143,69.8,2943,24.5,10,3.338,no
300_win_mag,0.308,otm_scenar-l,175,vihtavuori_n165,153,76.1,3022,24.5,10,3.338,no
300_win_mag,0.308,otm_scenar-l,175,vihtavuori_n560,147,74.8,3038,24.5,10,3.338,no
300_win_mag,0.308,otm_scenar-l,175,vihtavuori_n565,156,76.7,3028,24.5,10,3.338,no
300_win_mag,0.308,rdf,175,vihtavuori_n550,129,65.6,2979,24.5,10,3.34,no
300_win_mag,0.308,rdf,175,vihtavuori_n160,143,72.5,2976,24.5,10,3.34,no
300_win_mag,0.308,blade_659a,175,vihtavuori_n550,129,62.5,2871,24.5,10,3.34,no
300_win_mag,0.308,blade_659a,175,vihtavuori_n555,144,60.5,2792,24.5,10,3.34,no
300_win_mag,0.308,blade_659a,175,vihtavuori_n160,143,59.7,2740,24.5,10,3.34,no
300_win_mag,0.308,eld_x,178,vihtavuori_n160,143,58.2,2730,24.5,10,3.338,no
300_win_mag,0.308,eld_x,178,vihtavuori_n560,147,72.1,2976,24.5,10,3.338,no
300_win_mag,0.308,classic_hunter,180,vihtavuori_n165,153,66.5,2831,24.5,10,3.338,no
300_win_mag,0.308,classic_hunter,180,vihtavuori_n560,147,70.5,2917,24.5,10,3.338,no
300_win_mag,0.308,gmx,180,vihtavuori_n555,144,61,2746,24.5,10,3.338,no
300_win_mag,0.308,gmx,180,vihtavuori_n160,143,58.5,2667,24.5,10,3.338,no
300_win_mag,0.308,gmx,180,vihtavuori_n165,153,63.7,2730,24.5,10,3.338,no
300_win_mag,0.308,gmx,180,vihtavuori_n560,147,66.5,2838,24.5,10,3.338,no
300_win_mag,0.308,gmx,180,vihtavuori_n565,156,69.8,2848,24.5,10,3.338,no
300_win_mag,0.308,bt_hunting,180,vihtavuori_n560,147,73.5,2953,24.5,10,3.338,no
300_win_mag,0.308,exhbt,184,vihtavuori_n555,144,59.9,2680,24.5,10,3.248,no
300_win_mag,0.308,exhbt,184,vihtavuori_n160,143,57.7,2618,24.5,10,3.248,no
300_win_mag,0.308,exhbt,184,vihtavuori_n165,153,61.7,2654,24.5,10,3.248,no
300_win_mag,0.308,exhbt,184,vihtavuori_n560,147,65.1,2779,24.5,10,3.248,no
300_win_mag,0.308,exhbt,184,vihtavuori_n565,156,66.4,2749,24.5,10,3.248,no
300_win_mag,0.308,exhbt,184,vihtavuori_n170,157,70.4,2720,24.5,10,3.248,no
300_win_mag,0.308,d46,185,vihtavuori_n150,124,56.3,2746,24.5,10,3.34,no
300_win_mag,0.308,d46,185,vihtavuori_n550,129,65.6,2917,24.5,10,3.34,no
300_win_mag,0.308,d46,185,vihtavuori_n555,144,69.4,2920,24.5,10,3.34,no
300_win_mag,0.308,d46,185,vihtavuori_n160,143,69.8,2884,24.5,10,3.34,no
300_win_mag,0.308,d46,185,vihtavuori_n560,147,73.3,2972,24.5,10,3.34,no
300_win_mag,0.308,mega_e415,185,vihtavuori_n550,129,64.4,2874,24.5,10,3.248,no
300_win_mag,0.308,mega_e415,185,vihtavuori_n555,144,69,2890,24.5,10,3.248,no
300_win_mag,0.308,mega_e415,185,vihtavuori_n160,143,68.1,2818,24.5,10,3.248,no
300_win_mag,0.308,mega_e415,185,vihtavuori_n165,153,74.4,2890,24.5,10,3.248,no
300_win_mag,0.308,mega_e415,185,vihtavuori_n560,147,72.8,2920,24.5,10,3.248,no
300_win_mag,0.308,mega_e415,185,vihtavuori_n565,156,76.5,2943,24.5,10,3.248,no
300_win_mag,0.308,scenar,185,vihtavuori_n160,143,67,2812,24.5,10,3.338,no
300_win_mag,0.308,scenar,185,vihtavuori_n165,153,74.7,2917,24.5,10,3.338,no
300_win_mag,0.308,scenar,185,vihtavuori_n560,147,73,2949,24.5,10,3.338,no
300_win_mag,0.308,scenar,185,vihtavuori_n565,156,75.2,2949,24.5,10,3.338,no
300_win_mag,0.308,scenar,185,vihtavuori_n170,157,79.5,2913,24.5,10,3.338,no
300_win_mag,0.308,cx,190,vihtavuori_n550,129,63.1,2805,24.5,10,3.34,no
300_win_mag,0.308,cx,190,vihtavuori_n160,143,60,2648,24.5,10,3.34,no
300_win_mag,0.308,hpbt,190,vihtavuori_n160,143,66.7,2799,24.5,10,3.339,no
300_win_mag,0.308,hpbt,190,vihtavuori_n560,147,71.8,2900,24.5,10,3.339,no
300_win_mag,0.308,mega_e401,200,vihtavuori_n165,153,67.6,2710,24.5,10,3.338,no
300_win_mag,0.308,mega_e401,200,vihtavuori_n565,156,71.8,2795,24.5,10,3.338,no
300_win_mag,0.308,mega_e401,200,vihtavuori_n170,157,75.9,2759,24.5,10,3.338,no
300_win_mag,0.308,mega_e401,200,vihtavuori_n568,168,77.5,2812,24.5,10,3.338,no
300_win_mag,0.308,mega_e401,200,vihtavuori_n570,170,74.1,2841,24.5,10,3.338,no
300_win_mag,0.308,partition,200,vihtavuori_n165,153,71.5,2740,24.5,10,3.338,no
300_win_mag,0.308,partition,200,vihtavuori_n565,156,74.8,2825,24.5,10,3.338,no
300_win_mag,0.308,partition,200,vihtavuori_n570,170,73.3,2828,24.5,10,3.338,no
300_win_mag,0.308,elite_hunter,205,vihtavuori_n550,129,62.2,2759,24.5,10,3.338,no
300_win_mag,0.308,elite_hunter,205,vihtavuori_n555,144,68.2,2789,24.5,10,3.338,no
300_win_mag,0.308,elite_hunter,205,vihtavuori_n160,143,69.9,2789,24.5,10,3.338,no
300_win_mag,0.308,elite_hunter,205,vihtavuori_n165,153,75.9,2864,24.5,10,3.338,no
300_win_mag,0.308,elite_hunter,205,vihtavuori_n560,147,72.1,2841,24.5,10,3.338,no
300_win_mag,0.308,elite_hunter,205,vihtavuori_n565,156,74.7,2848,24.5,10,3.338,no
300_win_mag,0.308,long_range_hybrid_target,208,vihtavuori_n550,129,62.5,2746,24.5,10,3.338,no
300_win_mag,0.308,long_range_hybrid_target,208,vihtavuori_n555,144,67.6,2762,24.5,10,3.338,no
300_win_mag,0.308,long_range_hybrid_target,208,vihtavuori_n160,143,68.7,2740,24.5,10,3.338,no
300_win_mag,0.308,long_range_hybrid_target,208,vihtavuori_n165,153,75.2,2818,24.5,10,3.338,no
300_win_mag,0.308,long_range_hybrid_target,208,vihtavuori_n560,147,71.6,2825,24.5,10,3.338,no
300_win_mag,0.308,long_range_hybrid_target,208,vihtavuori_n565,156,74.8,2831,24.5,10,3.338,no
300_win_mag,0.308,long_range_hybrid_target,220,vihtavuori_n550,129,59.9,2628,24.5,10,3.465,no
300_win_mag,0.308,long_range_hybrid_target,220,vihtavuori_n555,144,65.1,2648,24.5,10,3.465,no
300_win_mag,0.308,long_range_hybrid_target,220,vihtavuori_n160,143,65.1,2618,24.5,10,3.465,no
300_win_mag,0.308,long_range_hybrid_target,220,vihtavuori_n165,153,71.6,2697,24.5,10,3.465,no
300_win_mag,0.308,long_range_hybrid_target,220,vihtavuori_n560,147,69.4,2730,24.5,10,3.465,no
300_win_mag,0.308,long_range_hybrid_target,220,vihtavuori_n565,156,72.2,2740,24.5,10,3.465,no
300_win_mag,0.308,otm_scenar_l,220,vihtavuori_n165,153,69,2595,24.5,10,3.338,no
300_win_mag,0.308,otm_scenar_l,220,vihtavuori_n560,147,68.5,2677,24.5,10,3.338,no
300_win_mag,0.308,eld_m,225,vihtavuori_n555,144,64.7,2615,24.5,10,3.386,no
300_win_mag,0.308,eld_m,225,vihtavuori_n160,143,64,2569,24.5,10,3.386,no
300_win_mag,0.308,eld_m,225,vihtavuori_n560,147,68.7,2661,24.5,10,3.386,no
300_win_mag,0.308,hybrid_target,230,vihtavuori_n165,153,68.7,2579,24.5,10,3.406,no
300_win_mag,0.308,hybrid_target,230,vihtavuori_n565,156,71.9,2667,24.5,10,3.406,no
300_win_mag,0.308,hybrid_target,230,vihtavuori_n170,157,74.2,2612,24.5,10,3.406,no
300_win_mag,0.308,hybrid_target,230,vihtavuori_n570,170,75.3,2707,24.5,10,3.406,no
308_win,0.308,trx,150,vihtavuori_n135,102,40.3,2697,24,12,2.776,v
308_win,0.308,g589_ot,100,vihtavuori_n135,102,47.8,3360,24,12,2.638,yes
308_win,0.308,g589_ot,100,vihtavuori_n540,117,50.9,3337,24,12,2.638,yes
308_win,0.308,hpce_otce,100,vihtavuori_n133,89,45.5,3356,24,12,2.638,yes
308_win,0.308,classic_hunter,110,vihtavuori_n140,112,48.6,3196,24,12,2.697,yes
308_win,0.308,cx,110,vihtavuori_n133,89,45.5,3196,24,12,2.795,yes
308_win,0.308,cx,110,vihtavuori_n135,102,48.1,3248,24,12,2.795,yes
308_win,0.308,cx,110,vihtavuori_n540,117,51.7,3287,24,12,2.795,yes
308_win,0.308,gmx,110,vihtavuori_n133,89,44.6,3169,24,12,2.795,yes
308_win,0.308,gmx,110,vihtavuori_n135,102,46.3,3189,24,12,2.795,yes
308_win,0.308,gmx,110,vihtavuori_n540,117,48.9,3130,24,12,2.795,yes
308_win,0.308,v_max,110,vihtavuori_n140,112,49.4,3199,24,12,2.697,yes
308_win,0.308,varmageddon,110,vihtavuori_n133,89,46.3,3248,24,12,2.598,yes
308_win,0.308,hp_varminter,110,vihtavuori_n133,89,46.3,3228,24,12,2.6,yes
308_win,0.308,hp_varminter,110,vihtavuori_n135,102,48.6,3281,24,12,2.6,yes
308_win,0.308,hp_varminter,110,vihtavuori_n140,112,49.4,3136,24,12,2.6,yes
308_win,0.308,controlled_chaos_copper,115,vihtavuori_n133,89,45.2,3150,24,12,2.756,yes
308_win,0.308,controlled_chaos_copper,115,vihtavuori_n135,102,48.6,3189,24,12,2.756,yes
308_win,0.308,controlled_chaos_copper,115,vihtavuori_n140,112,50.2,3133,24,12,2.756,yes
308_win,0.308,hp_varminter,115,vihtavuori_n140,112,49.4,3123,24,12,2.736,yes
308_win,0.308,blade_633a,120,vihtavuori_n135,102,45.8,3045,24,12,2.795,yes
308_win,0.308,blade_633a,120,vihtavuori_n140,112,48,3028,24,12,2.795,yes
308_win,0.308,blade_633a,120,vihtavuori_n540,117,49.8,3110,24,12,2.795,yes
308_win,0.308,blade_633a,120,vihtavuori_n150,124,47.8,2956,24,12,2.795,yes
308_win,0.308,fmj,123,vihtavuori_n135,102,47.2,3022,24,12,2.634,yes
308_win,0.308,ecx,125,vihtavuori_n540,117,48.3,3048,24,12,2.728,yes
308_win,0.308,ecx,125,vihtavuori_n150,124,47.1,2986,24,12,2.728,yes
308_win,0.308,controlled_chaos,125,vihtavuori_n150,124,46.5,2966,24,12,2.756,yes
308_win,0.308,accubond,125,vihtavuori_n135,102,46.8,3071,24,12,2.748,yes
308_win,0.308,accubond,125,vihtavuori_n140,112,49.5,3071,24,12,2.748,yes
308_win,0.308,accubond,125,vihtavuori_n540,117,50.2,3130,24,12,2.748,yes
308_win,0.308,ballistic_tip,125,vihtavuori_n140,112,49.8,3071,24,12,2.756,yes
308_win,0.308,tnt_hp,125,vihtavuori_n135,102,46.1,3091,24,12,2.638,yes
308_win,0.308,tnt_hp,125,vihtavuori_n140,112,48.6,3054,24,12,2.638,yes
308_win,0.308,tnt_hp,125,vihtavuori_n540,117,49.4,3094,24,12,2.638,yes
308_win,0.308,tnt_hp,125,vihtavuori_n150,124,47.8,3022,24,12,2.638,yes
308_win,0.308,target_line,130,vihtavuori_n135,102,44.8,3009,24,12,2.799,yes
308_win,0.308,target_line,130,vihtavuori_n140,112,48.6,3051,24,12,2.799,yes
308_win,0.308,target_line,130,vihtavuori_n540,117,48.6,3077,24,12,2.799,yes
308_win,0.308,blade_636a,130,vihtavuori_n133,89,42,2877,24,12,2.8,yes
308_win,0.308,blade_636a,130,vihtavuori_n135,102,43.8,2910,24,12,2.8,yes
308_win,0.308,blade_636a,130,vihtavuori_n140,112,49.2,3002,24,12,2.8,yes
308_win,0.308,hp_varminter,135,vihtavuori_n140,112,48.8,2995,24,12,2.65,yes
308_win,0.308,basic_nature,139,vihtavuori_n135,102,42.7,2723,24,12,2.626,yes
308_win,0.308,basic_nature,139,vihtavuori_n140,112,46.5,2769,24,12,2.626,yes
308_win,0.308,basic_nature,139,vihtavuori_n540,117,45.8,2831,24,12,2.626,yes
308_win,0.308,basic_nature,139,vihtavuori_n150,124,45.8,2762,24,12,2.626,yes
308_win,0.308,basic_nature,139,vihtavuori_n550,129,50.5,2844,24,12,2.626,yes
308_win,0.308,target_line,140,vihtavuori_n135,102,43.2,2877,24,12,2.799,yes
308_win,0.308,target_line,140,vihtavuori_n140,112,46.9,2930,24,12,2.799,yes
308_win,0.308,target_line,140,vihtavuori_n540,117,46.6,2953,24,12,2.799,yes
308_win,0.308,hunting_expandable,140,vihtavuori_n550,129,49.1,2848,24,12,2.697,yes
308_win,0.308,tug_nature,147,vihtavuori_n140,112,43.7,2694,24,12,2.618,yes
308_win,0.308,tug_nature,147,vihtavuori_n540,117,45.1,2766,24,12,2.618,yes
308_win,0.308,tug_nature,147,vihtavuori_n150,124,45.1,2713,24,12,2.618,yes
308_win,0.308,tug_nature,147,vihtavuori_n550,129,48.9,2782,24,12,2.618,yes
308_win,0.308,spitzer_bt_fmj,147,vihtavuori_n135,102,43.7,2799,24,12,2.783,yes
308_win,0.308,spitzer_bt_fmj,147,vihtavuori_n140,112,46.6,2835,24,12,2.783,yes
308_win,0.308,spitzer_bt_fmj,147,vihtavuori_n540,117,47.7,2887,24,12,2.783,yes
308_win,0.308,mpg_fb,150,vihtavuori_n150,124,46.1,2779,24,12,2.795,yes
308_win,0.308,mpg_fb,150,vihtavuori_n550,129,49.4,2815,24,12,2.795,yes
308_win,0.308,ttsx_bt,150,vihtavuori_n540,117,43.5,2756,24,12,2.795,yes
308_win,0.308,ttsx_bt,150,vihtavuori_n150,124,43.5,2720,24,12,2.795,yes
308_win,0.308,ttsx_bt,150,vihtavuori_n550,129,47.8,2776,24,12,2.795,yes
308_win,0.308,classic_hunter,150,vihtavuori_n540,117,46,2815,24,12,2.638,yes
308_win,0.308,classic_hunter,150,vihtavuori_n150,124,44.9,2756,24,12,2.638,yes
308_win,0.308,classic_hunter,150,vihtavuori_n550,129,47.8,2726,24,12,2.638,yes
308_win,0.308,target,150,vihtavuori_n140,112,46.1,2795,24,12,2.697,yes
308_win,0.308,target,150,vihtavuori_n150,124,46.9,2818,24,12,2.697,yes
308_win,0.308,cx,150,vihtavuori_n140,112,43.8,2697,24,12,2.799,yes
308_win,0.308,cx,150,vihtavuori_n540,117,43.7,2743,24,12,2.799,yes
308_win,0.308,cx,150,vihtavuori_n150,124,43.2,2684,24,12,2.799,yes
308_win,0.308,cx,150,vihtavuori_n550,129,47.5,2772,24,12,2.799,yes
308_win,0.308,fmj_bt,150,vihtavuori_n140,112,47.4,2835,24,12,2.795,yes
308_win,0.308,fmj_bt,150,vihtavuori_n540,117,48.1,2887,24,12,2.795,yes
308_win,0.308,fmj_bt,150,vihtavuori_n150,124,48,2848,24,12,2.795,yes
308_win,0.308,fmj_bt,150,vihtavuori_n550,129,50.2,2799,24,12,2.795,yes
308_win,0.308,interlock_btsp,150,vihtavuori_n140,112,45.8,2815,24,12,2.74,yes
308_win,0.308,interlock_btsp,150,vihtavuori_n540,117,47.4,2874,24,12,2.74,yes
308_win,0.308,interlock_btsp,150,vihtavuori_n150,124,46.6,2818,24,12,2.74,yes
308_win,0.308,interlock_btsp,150,vihtavuori_n550,129,50.9,2894,24,12,2.74,yes
308_win,0.308,sst,150,vihtavuori_n150,124,44.9,2753,24,12,2.732,yes
308_win,0.308,lockbase,150,vihtavuori_n140,112,44.7,2799,24,12,2.756,yes
308_win,0.308,lockbase,150,vihtavuori_n150,124,45.2,2740,24,12,2.756,yes
308_win,0.308,trx,150,vihtavuori_n140,112,46,2802,24,12,2.776,yes
308_win,0.308,trx,150,vihtavuori_n540,117,44.6,2808,24,12,2.776,yes
308_win,0.308,trx,150,vihtavuori_n150,124,45.7,2795,24,12,2.776,yes
308_win,0.308,trx,150,vihtavuori_n550,129,49.1,2838,24,12,2.776,yes
308_win,0.308,accubond,150,vihtavuori_n540,117,47.2,2858,24,12,2.795,yes
308_win,0.308,accubond,150,vihtavuori_n150,124,46,2812,24,12,2.795,yes
308_win,0.308,accubond,150,vihtavuori_n550,129,50.5,2877,24,12,2.795,yes
308_win,0.308,tarvas,150,vihtavuori_n540,117,46.6,2881,24,12,2.724,yes
308_win,0.308,tarvas,150,vihtavuori_n150,124,46.1,2825,24,12,2.724,yes
308_win,0.308,tarvas,150,vihtavuori_n550,129,47.8,2792,24,12,2.724,yes
308_win,0.308,blade_645a,150,vihtavuori_n550,129,47.8,2779,24,12,2.795,yes
308_win,0.308,hpbt,150,vihtavuori_n150,124,48.4,2869,24,12,2.795,yes
308_win,0.308,hpbt,150,vihtavuori_n550,129,50.3,2855,24,12,2.795,yes
308_win,0.308,vld_hunting,155,vihtavuori_n140,112,44.9,2746,24,12,2.8,yes
308_win,0.308,vld_hunting,155,vihtavuori_n150,124,45.5,2769,24,12,2.8,yes
308_win,0.308,vld_hunting,155,vihtavuori_n550,129,49.7,2835,24,12,2.8,yes
308_win,0.308,bthp,155,vihtavuori_n140,112,46,2785,24,12,2.795,yes
308_win,0.308,bthp,155,vihtavuori_n150,124,46.1,2805,24,12,2.795,yes
308_win,0.308,bthp,155,vihtavuori_n550,129,50,2831,24,12,2.795,yes
308_win,0.308,eld_match,155,vihtavuori_n150,124,44.8,2769,24,12,2.799,yes
308_win,0.308,eld_match,155,vihtavuori_n550,129,48,2812,24,12,2.799,yes
308_win,0.308,scenar_l,155,vihtavuori_n550,129,50.2,2956,24,12,2.795,yes
308_win,0.308,custom_competition,155,vihtavuori_n140,112,45.2,2772,24,12,2.795,yes
308_win,0.308,custom_competition,155,vihtavuori_n150,124,45.2,2785,24,12,2.795,yes
308_win,0.308,hpbt,155,vihtavuori_n550,129,49.7,2888,24,12,2.795,yes
308_win,0.308,fullbore_target,155.5,vihtavuori_n140,112,45.7,2769,24,12,2.8,yes
308_win,0.308,fullbore_target,155.5,vihtavuori_n540,117,46.6,2835,24,12,2.8,yes
308_win,0.308,fullbore_target,155.5,vihtavuori_n150,124,46.3,2782,24,12,2.8,yes
308_win,0.308,fullbore_target,155.5,vihtavuori_n550,129,50.6,2861,24,12,2.8,yes
308_win,0.308,blade_656a,162,vihtavuori_n140,112,40.4,2520,24,12,2.795,yes
308_win,0.308,blade_656a,162,vihtavuori_n550,129,46.9,2667,24,12,2.795,yes
308_win,0.308,ttsx_bt,165,vihtavuori_n140,112,43.8,2618,24,12,2.799,yes
308_win,0.308,ttsx_bt,165,vihtavuori_n540,117,44.1,2687,24,12,2.799,yes
308_win,0.308,ttsx_bt,165,vihtavuori_n150,124,43.8,2608,24,12,2.799,yes
308_win,0.308,ttsx_bt,165,vihtavuori_n550,129,48.8,2720,24,12,2.799,yes
308_win,0.308,mth,165,vihtavuori_n150,124,42.6,2592,24,12,2.795,yes
308_win,0.308,target,165,vihtavuori_n140,112,43.1,2608,24,12,2.697,yes
308_win,0.308,target,165,vihtavuori_n540,117,45.2,2690,24,12,2.697,yes
308_win,0.308,target,165,vihtavuori_n150,124,44.9,2651,24,12,2.697,yes
308_win,0.308,cx,165,vihtavuori_n140,112,42.9,2562,24,12,2.799,yes
308_win,0.308,cx,165,vihtavuori_n540,117,42.9,2612,24,12,2.799,yes
308_win,0.308,cx,165,vihtavuori_n150,124,42.3,2552,24,12,2.799,yes
308_win,0.308,cx,165,vihtavuori_n550,129,48,2671,24,12,2.799,yes
308_win,0.308,ecx,165,vihtavuori_n550,129,46.5,2625,24,12,2.795,yes
308_win,0.308,interlock_btsp,165,vihtavuori_n540,117,44.9,2726,24,12,2.74,yes
308_win,0.308,interlock_btsp,165,vihtavuori_n150,124,44.9,2694,24,12,2.74,yes
308_win,0.308,interlock_btsp,165,vihtavuori_n550,129,49.1,2769,24,12,2.74,yes
308_win,0.308,trx,165,vihtavuori_n135,102,40.3,2582,24,12,2.799,yes
308_win,0.308,trx,165,vihtavuori_n140,112,44.3,2661,24,12,2.799,yes
308_win,0.308,trx,165,vihtavuori_n540,117,43.7,2690,24,12,2.799,yes
308_win,0.308,trx,165,vihtavuori_n150,124,44,2667,24,12,2.799,yes
308_win,0.308,trx,165,vihtavuori_n550,129,48.1,2707,24,12,2.799,yes
308_win,0.308,solid_brass_tactic,165,vihtavuori_n135,102,42.7,2677,24,12,2.795,yes
308_win,0.308,solid_brass_tactic,165,vihtavuori_n140,112,45.2,2717,24,12,2.795,yes
308_win,0.308,solid_brass_tactic,165,vihtavuori_n540,117,46.8,2795,24,12,2.795,yes
308_win,0.308,solid_brass_tactic,165,vihtavuori_n150,124,45.5,2713,24,12,2.795,yes
308_win,0.308,tarvas,165,vihtavuori_n550,129,47.7,2743,24,12,2.724,yes
308_win,0.308,sbt,165,vihtavuori_n550,129,47.1,2726,24,12,2.752,yes
308_win,0.308,exhbt,166,vihtavuori_n550,129,46.5,2628,24,12,2.657,yes
308_win,0.308,scenar,167,vihtavuori_n550,129,48.9,2743,24,12,2.795,yes
308_win,0.308,ttsx_bt,168,vihtavuori_n135,102,41.5,2549,24,12,2.736,yes
308_win,0.308,ttsx_bt,168,vihtavuori_n140,112,44.3,2592,24,12,2.736,yes
308_win,0.308,ttsx_bt,168,vihtavuori_n540,117,45.7,2644,24,12,2.736,yes
308_win,0.308,ttsx_bt,168,vihtavuori_n150,124,44.8,2598,24,12,2.736,yes
308_win,0.308,ttsx_bt,168,vihtavuori_n550,129,48.9,2687,24,12,2.736,yes
308_win,0.308,classic_hunter,168,vihtavuori_n550,129,46.8,2694,24,12,2.795,yes
308_win,0.308,vld_hunting,168,vihtavuori_n140,112,44.1,2641,24,12,2.8,yes
308_win,0.308,vld_hunting,168,vihtavuori_n540,117,44.9,2700,24,12,2.8,yes
308_win,0.308,vld_hunting,168,vihtavuori_n150,124,44.4,2648,24,12,2.8,yes
308_win,0.308,vld_hunting,168,vihtavuori_n550,129,48.6,2723,24,12,2.8,yes
308_win,0.308,a_max,168,vihtavuori_n150,124,42.7,2579,24,12,2.795,yes
308_win,0.308,a_max,168,vihtavuori_n550,129,45.5,2651,24,12,2.795,yes
308_win,0.308,eld_match,168,vihtavuori_n550,129,45.7,2703,24,12,2.795,yes
308_win,0.308,custom_competition,168,vihtavuori_n140,112,43.5,2625,24,12,2.799,yes
308_win,0.308,custom_competition,168,vihtavuori_n550,129,46.6,2700,24,12,2.799,yes
308_win,0.308,expansion_tip,168,vihtavuori_n135,102,40.9,2539,24,12,2.748,yes
308_win,0.308,expansion_tip,168,vihtavuori_n140,112,43.5,2582,24,12,2.748,yes
308_win,0.308,expansion_tip,168,vihtavuori_n540,117,45.7,2651,24,12,2.748,yes
308_win,0.308,expansion_tip,168,vihtavuori_n150,124,44.3,2602,24,12,2.748,yes
308_win,0.308,expansion_tip,168,vihtavuori_n550,129,48.5,2684,24,12,2.748,yes
308_win,0.308,target_match,168,vihtavuori_n550,129,47.2,2717,24,12,2.795,yes
308_win,0.308,naturalis_lr,170,vihtavuori_n550,129,48.3,2733,24,12,2.795,yes
308_win,0.308,eld_vt,174,vihtavuori_n133,89,38.7,2490,24,12,2.8,yes
308_win,0.308,eld_vt,174,vihtavuori_n135,102,40.3,2533,24,12,2.8,yes
308_win,0.308,eld_vt,174,vihtavuori_n140,112,43.4,2589,24,12,2.8,yes
308_win,0.308,eld_vt,174,vihtavuori_n540,117,43.2,2648,24,12,2.8,yes
308_win,0.308,eld_vt,174,vihtavuori_n150,124,43.5,2579,24,12,2.8,yes
308_win,0.308,eld_vt,174,vihtavuori_n550,129,47.7,2687,24,12,2.8,yes
308_win,0.308,lrx_bt,175,vihtavuori_n135,102,40.1,2474,24,12,2.795,yes
308_win,0.308,lrx_bt,175,vihtavuori_n140,112,43.2,2526,24,12,2.795,yes
308_win,0.308,lrx_bt,175,vihtavuori_n540,117,45.2,2605,24,12,2.795,yes
308_win,0.308,lrx_bt,175,vihtavuori_n150,124,43.7,2539,24,12,2.795,yes
308_win,0.308,lrx_bt,175,vihtavuori_n550,129,47.7,2631,24,12,2.795,yes
308_win,0.308,long_range_bt_target,175,vihtavuori_n550,129,48.3,2667,24,12,2.8,yes
308_win,0.308,vld_hunting,175,vihtavuori_n150,124,44.1,2582,24,12,2.8,yes
308_win,0.308,vld_hunting,175,vihtavuori_n550,129,48.5,2671,24,12,2.8,yes
308_win,0.308,maxrange_target_gb581,175,vihtavuori_n140,112,42.9,2598,24,12,2.795,yes
308_win,0.308,maxrange_target_gb581,175,vihtavuori_n150,124,42.9,2598,24,12,2.795,yes
308_win,0.308,maxrange_target_gb581,175,vihtavuori_n550,129,46.5,2674,24,12,2.795,yes
308_win,0.308,a_tip_match,176,vihtavuori_n140,112,43.2,2566,24,12,2.795,yes
308_win,0.308,a_tip_match,176,vihtavuori_n150,124,43.5,2598,24,12,2.795,yes
308_win,0.308,a_tip_match,176,vihtavuori_n550,129,47.2,2651,24,12,2.795,yes
308_win,0.308,eld_match,178,vihtavuori_n550,129,47.1,2641,24,12,2.795,yes
308_win,0.308,interlock_btsp,180,vihtavuori_n140,112,42.9,2539,24,12,2.74,yes
308_win,0.308,interlock_btsp,180,vihtavuori_n540,117,43.5,2585,24,12,2.74,yes
308_win,0.308,interlock_btsp,180,vihtavuori_n150,124,43.2,2552,24,12,2.74,yes
308_win,0.308,interlock_btsp,180,vihtavuori_n550,129,47.5,2641,24,12,2.74,yes
308_win,0.308,hmk,180,vihtavuori_n550,129,46.9,2585,24,12,2.661,yes
308_win,0.308,uni_classic,180,vihtavuori_n550,129,46,2552,24,12,2.646,yes
308_win,0.308,d46,185,vihtavuori_n550,129,46.8,2697,24,12,2.795,yes
308_win,0.308,eld_match,195,vihtavuori_n150,124,42,2431,24,12,2.8,yes
308_win,0.308,eld_match,195,vihtavuori_n550,129,46.8,2552,24,12,2.8,yes
308_win,0.308,elite_hunter,205,vihtavuori_n140,112,39.4,2316,24,12,2.795,yes
308_win,0.308,elite_hunter,205,vihtavuori_n150,124,40.4,2323,24,12,2.795,yes
308_win,0.308,elite_hunter,205,vihtavuori_n550,129,44.4,2457,24,12,2.795,yes
308_win,0.308,a_max,208,vihtavuori_n140,112,38.4,2267,24,12,2.795,yes
308_win,0.308,a_max,208,vihtavuori_n540,117,41.2,2395,24,12,2.795,yes
308_win,0.308,a_max,208,vihtavuori_n150,124,40.1,2293,24,12,2.795,yes
308_win,0.308,a_max,208,vihtavuori_n550,129,43.8,2418,24,12,2.795,yes
308_win,0.308,als,57,vihtavuori_n110,64,27.5,3481,24,12,2.638,no
308_win,0.308,g589_ot,100,vihtavuori_n120,81,33.6,2890,24,12,2.638,no
308_win,0.308,g589_ot,100,vihtavuori_n130,84,37.8,2986,24,12,2.638,no
308_win,0.308,g589_ot,100,vihtavuori_n133,89,41.7,3097,24,12,2.638,no
308_win,0.308,g589_ot,100,vihtavuori_n135,102,43.2,3123,24,12,2.638,no
308_win,0.308,g589_ot,100,vihtavuori_n540,117,47.4,3114,24,12,2.638,no
308_win,0.308,hpce_otce,100,vihtavuori_n110,64,20.4,2333,24,12,2.638,no
308_win,0.308,hpce_otce,100,vihtavuori_n120,81,30.6,2663,24,12,2.638,no
308_win,0.308,hpce_otce,100,vihtavuori_n130,84,33.7,2794,24,12,2.638,no
308_win,0.308,hpce_otce,100,vihtavuori_n133,89,40.6,3012,24,12,2.638,no
308_win,0.308,hpce_otce,100,vihtavuori_n530,100,41.4,3002,24,12,2.638,no
308_win,0.308,hpce_otce,100,vihtavuori_n135,102,38.1,2837,24,12,2.638,no
308_win,0.308,tsx_fb,110,vihtavuori_n130,84,38,2887,24,12,2.697,no
308_win,0.308,tsx_fb,110,vihtavuori_n133,89,41.7,2986,24,12,2.697,no
308_win,0.308,tsx_fb,110,vihtavuori_n530,100,43.5,2995,24,12,2.697,no
308_win,0.308,tsx_fb,110,vihtavuori_n135,102,43.2,2999,24,12,2.697,no
308_win,0.308,classic_hunter,110,vihtavuori_n133,89,37,2838,24,12,2.697,no
308_win,0.308,classic_hunter,110,vihtavuori_n135,102,39.7,2897,24,12,2.697,no
308_win,0.308,classic_hunter,110,vihtavuori_n140,112,46.3,3035,24,12,2.697,no
308_win,0.308,cx,110,vihtavuori_n130,84,38.3,2864,24,12,2.795,no
308_win,0.308,cx,110,vihtavuori_n133,89,42.4,2969,24,12,2.795,no
308_win,0.308,cx,110,vihtavuori_n135,102,44,3002,24,12,2.795,no
308_win,0.308,cx,110,vihtavuori_n540,117,47.1,2999,24,12,2.795,no
308_win,0.308,gmx,110,vihtavuori_n130,84,37,2848,24,12,2.795,no
308_win,0.308,gmx,110,vihtavuori_n133,89,40.6,2897,24,12,2.795,no
308_win,0.308,gmx,110,vihtavuori_n530,100,41.1,2890,24,12,2.795,no
308_win,0.308,gmx,110,vihtavuori_n135,102,42.3,2930,24,12,2.795,no
308_win,0.308,gmx,110,vihtavuori_n540,117,45.8,2930,24,12,2.795,no
308_win,0.308,v_max,110,vihtavuori_n130,84,37.2,2871,24,12,2.697,no
308_win,0.308,v_max,110,vihtavuori_n133,89,40.6,2943,24,12,2.697,no
308_win,0.308,v_max,110,vihtavuori_n530,100,42.1,2969,24,12,2.697,no
308_win,0.308,v_max,110,vihtavuori_n135,102,42.6,3002,24,12,2.697,no
308_win,0.308,v_max,110,vihtavuori_n140,112,46,2992,24,12,2.697,no
308_win,0.308,varmageddon,110,vihtavuori_n120,81,34.9,2848,24,12,2.598,no
308_win,0.308,varmageddon,110,vihtavuori_n130,84,38.6,2920,24,12,2.598,no
308_win,0.308,varmageddon,110,vihtavuori_n133,89,42.4,2995,24,12,2.598,no
308_win,0.308,hp_varminter,110,vihtavuori_n130,84,39.4,2930,24,12,2.6,no
308_win,0.308,hp_varminter,110,vihtavuori_n133,89,42.4,3002,24,12,2.6,no
308_win,0.308,hp_varminter,110,vihtavuori_n135,102,44,3018,24,12,2.6,no
308_win,0.308,hp_varminter,110,vihtavuori_n140,112,46.3,2946,24,12,2.6,no
308_win,0.308,controlled_chaos_copper,115,vihtavuori_n130,84,38.6,2854,24,12,2.756,no
308_win,0.308,controlled_chaos_copper,115,vihtavuori_n133,89,41.7,2920,24,12,2.756,no
308_win,0.308,controlled_chaos_copper,115,vihtavuori_n135,102,44,2959,24,12,2.756,no
308_win,0.308,controlled_chaos_copper,115,vihtavuori_n140,112,46.9,2946,24,12,2.756,no
308_win,0.308,hp_varminter,115,vihtavuori_n130,84,38.6,2861,24,12,2.736,no
308_win,0.308,hp_varminter,115,vihtavuori_n133,89,41.7,2904,24,12,2.736,no
308_win,0.308,hp_varminter,115,vihtavuori_n135,102,43.2,2953,24,12,2.736,no
308_win,0.308,hp_varminter,115,vihtavuori_n140,112,46.3,2953,24,12,2.736,no
308_win,0.308,blade_633a,120,vihtavuori_n133,89,39.5,2720,24,12,2.795,no
308_win,0.308,blade_633a,120,vihtavuori_n530,100,40.9,2762,24,12,2.795,no
308_win,0.308,blade_633a,120,vihtavuori_n135,102,41.7,2769,24,12,2.795,no
308_win,0.308,blade_633a,120,vihtavuori_n140,112,44.8,2792,24,12,2.795,no
308_win,0.308,blade_633a,120,vihtavuori_n540,117,45.5,2825,24,12,2.795,no
308_win,0.308,blade_633a,120,vihtavuori_n150,124,44.8,2785,24,12,2.795,no
308_win,0.308,fmj,123,vihtavuori_n120,81,32.1,2664,24,12,2.634,no
308_win,0.308,fmj,123,vihtavuori_n130,84,34.9,2566,24,12,2.634,no
308_win,0.308,fmj,123,vihtavuori_n133,89,40.4,2815,24,12,2.634,no
308_win,0.308,fmj,123,vihtavuori_n530,100,40,2789,24,12,2.634,no
308_win,0.308,fmj,123,vihtavuori_n135,102,42,2723,24,12,2.634,no
308_win,0.308,ecx,125,vihtavuori_n133,89,33.2,2579,24,12,2.728,no
308_win,0.308,ecx,125,vihtavuori_n135,102,34.7,2582,24,12,2.728,no
308_win,0.308,ecx,125,vihtavuori_n140,112,42.4,2740,24,12,2.728,no
308_win,0.308,ecx,125,vihtavuori_n540,117,43.2,2759,24,12,2.728,no
308_win,0.308,ecx,125,vihtavuori_n150,124,42.7,2753,24,12,2.728,no
308_win,0.308,sst,125,vihtavuori_n130,84,37,2720,24,12,2.728,no
308_win,0.308,sst,125,vihtavuori_n133,89,40.1,2789,24,12,2.728,no
308_win,0.308,sst,125,vihtavuori_n135,102,42.4,2812,24,12,2.728,no
308_win,0.308,sst,125,vihtavuori_n140,112,45.5,2828,24,12,2.728,no
308_win,0.308,sst,125,vihtavuori_n540,117,45.5,2795,24,12,2.728,no
308_win,0.308,controlled_chaos,125,vihtavuori_n133,89,33.5,2507,24,12,2.756,no
308_win,0.308,controlled_chaos,125,vihtavuori_n135,102,36,2592,24,12,2.756,no
308_win,0.308,controlled_chaos,125,vihtavuori_n140,112,39.2,2612,24,12,2.756,no
308_win,0.308,controlled_chaos,125,vihtavuori_n540,117,42.4,2726,24,12,2.756,no
308_win,0.308,controlled_chaos,125,vihtavuori_n150,124,39.4,2651,24,12,2.756,no
308_win,0.308,accubond,125,vihtavuori_n130,84,36.7,2717,24,12,2.748,no
308_win,0.308,accubond,125,vihtavuori_n133,89,40.4,2812,24,12,2.748,no
308_win,0.308,accubond,125,vihtavuori_n135,102,42.4,2835,24,12,2.748,no
308_win,0.308,accubond,125,vihtavuori_n140,112,44.8,2825,24,12,2.748,no
308_win,0.308,accubond,125,vihtavuori_n540,117,45.8,2858,24,12,2.748,no
308_win,0.308,ballistic_tip,125,vihtavuori_n130,84,37,2684,24,12,2.756,no
308_win,0.308,ballistic_tip,125,vihtavuori_n133,89,40.1,2721,24,12,2.756,no
308_win,0.308,ballistic_tip,125,vihtavuori_n135,102,41.6,2732,24,12,2.756,no
308_win,0.308,ballistic_tip,125,vihtavuori_n140,112,44.1,2739,24,12,2.756,no
308_win,0.308,tmk,125,vihtavuori_n130,84,35.2,2664,24,12,2.795,no
308_win,0.308,tmk,125,vihtavuori_n133,89,39.7,2756,24,12,2.795,no
308_win,0.308,tmk,125,vihtavuori_n530,100,38.7,2733,24,12,2.795,no
308_win,0.308,tmk,125,vihtavuori_n135,102,40.4,2759,24,12,2.795,no
308_win,0.308,tmk,125,vihtavuori_n140,112,43.2,2743,24,12,2.795,no
308_win,0.308,tnt_hp,125,vihtavuori_n133,89,41.2,2851,24,12,2.638,no
308_win,0.308,tnt_hp,125,vihtavuori_n135,102,42.9,2884,24,12,2.638,no
308_win,0.308,tnt_hp,125,vihtavuori_n140,112,44,2871,24,12,2.638,no
308_win,0.308,tnt_hp,125,vihtavuori_n540,117,45.8,2867,24,12,2.638,no
308_win,0.308,tnt_hp,125,vihtavuori_n150,124,46.3,2917,24,12,2.638,no
308_win,0.308,target_line,130,vihtavuori_n135,102,40.1,2759,24,12,2.799,no
308_win,0.308,target_line,130,vihtavuori_n140,112,43.8,2795,24,12,2.799,no
308_win,0.308,target_line,130,vihtavuori_n540,117,44,2815,24,12,2.799,no
308_win,0.308,blade_636a,130,vihtavuori_n133,89,38.9,2680,24,12,2.8,no
308_win,0.308,blade_636a,130,vihtavuori_n135,102,40.6,2717,24,12,2.8,no
308_win,0.308,blade_636a,130,vihtavuori_n140,112,43.8,2733,24,12,2.8,no
308_win,0.308,tsx_bt,130,vihtavuori_n130,84,35.3,2615,24,12,2.783,no
308_win,0.308,tsx_bt,130,vihtavuori_n133,89,38.6,2697,24,12,2.783,no
308_win,0.308,tsx_bt,130,vihtavuori_n530,100,40.4,2723,24,12,2.783,no
308_win,0.308,tsx_bt,130,vihtavuori_n135,102,40.1,2720,24,12,2.783,no
308_win,0.308,tsx_bt,130,vihtavuori_n140,112,43.4,2740,24,12,2.783,no
308_win,0.308,hp_varminter,135,vihtavuori_n130,84,34.7,2572,24,12,2.65,no
308_win,0.308,hp_varminter,135,vihtavuori_n133,89,40.4,2717,24,12,2.65,no
308_win,0.308,hp_varminter,135,vihtavuori_n135,102,42,2746,24,12,2.65,no
308_win,0.308,hp_varminter,135,vihtavuori_n140,112,44.8,2772,24,12,2.65,no
308_win,0.308,basic_nature,139,vihtavuori_n130,84,34,2356,24,12,2.626,no
308_win,0.308,basic_nature,139,vihtavuori_n133,89,36,2405,24,12,2.626,no
308_win,0.308,basic_nature,139,vihtavuori_n135,102,38.6,2490,24,12,2.626,no
308_win,0.308,basic_nature,139,vihtavuori_n140,112,42.4,2536,24,12,2.626,no
308_win,0.308,basic_nature,139,vihtavuori_n540,117,41.7,2592,24,12,2.626,no
308_win,0.308,basic_nature,139,vihtavuori_n150,124,42.4,2556,24,12,2.626,no
308_win,0.308,basic_nature,139,vihtavuori_n550,129,45.8,2589,24,12,2.626,no
308_win,0.308,target_line,140,vihtavuori_n135,102,38.6,2618,24,12,2.799,no
308_win,0.308,target_line,140,vihtavuori_n140,112,43.2,2703,24,12,2.799,no
308_win,0.308,target_line,140,vihtavuori_n540,117,43.2,2733,24,12,2.799,no
308_win,0.308,hunting_tactic,140,vihtavuori_n135,102,39.4,2664,24,12,2.776,no
308_win,0.308,hunting_tactic,140,vihtavuori_n140,112,41.7,2654,24,12,2.776,no
308_win,0.308,hunting_tactic,140,vihtavuori_n540,117,42,2677,24,12,2.776,no
308_win,0.308,hunting_expandable,140,vihtavuori_n135,102,35.5,2428,24,12,2.697,no
308_win,0.308,hunting_expandable,140,vihtavuori_n140,112,38.7,2457,24,12,2.697,no
308_win,0.308,hunting_expandable,140,vihtavuori_n540,117,41.4,2572,24,12,2.697,no
308_win,0.308,hunting_expandable,140,vihtavuori_n150,124,39.4,2480,24,12,2.697,no
308_win,0.308,hunting_expandable,140,vihtavuori_n550,129,44,2556,24,12,2.697,no
308_win,0.308,tug_nature,147,vihtavuori_n133,89,34.7,2388,24,12,2.618,no
308_win,0.308,tug_nature,147,vihtavuori_n135,102,35.8,2388,24,12,2.618,no
308_win,0.308,tug_nature,147,vihtavuori_n140,112,39,2425,24,12,2.618,no
308_win,0.308,tug_nature,147,vihtavuori_n540,117,40.4,2477,24,12,2.618,no
308_win,0.308,tug_nature,147,vihtavuori_n150,124,40.1,2457,24,12,2.618,no
308_win,0.308,tug_nature,147,vihtavuori_n550,129,43.2,2474,24,12,2.618,no
308_win,0.308,spitzer_bt_fmj,147,vihtavuori_n130,84,34.3,2484,24,12,2.783,no
308_win,0.308,spitzer_bt_fmj,147,vihtavuori_n133,89,37.8,2536,24,12,2.783,no
308_win,0.308,spitzer_bt_fmj,147,vihtavuori_n135,102,39.8,2575,24,12,2.783,no
308_win,0.308,spitzer_bt_fmj,147,vihtavuori_n140,112,42.4,2618,24,12,2.783,no
308_win,0.308,spitzer_bt_fmj,147,vihtavuori_n540,117,43.5,2661,24,12,2.783,no
308_win,0.308,mpg_fb,150,vihtavuori_n130,84,35.5,2398,24,12,2.795,no
308_win,0.308,mpg_fb,150,vihtavuori_n133,89,35,2398,24,12,2.795,no
308_win,0.308,mpg_fb,150,vihtavuori_n135,102,37,2448,24,12,2.795,no
308_win,0.308,mpg_fb,150,vihtavuori_n140,112,40.9,2503,24,12,2.795,no
308_win,0.308,mpg_fb,150,vihtavuori_n540,117,41.2,2533,24,12,2.795,no
308_win,0.308,mpg_fb,150,vihtavuori_n150,124,41.7,2552,24,12,2.795,no
308_win,0.308,mpg_fb,150,vihtavuori_n550,129,43.2,2480,24,12,2.795,no
308_win,0.308,ttsx_bt,150,vihtavuori_n135,102,35.2,2379,24,12,2.795,no
308_win,0.308,ttsx_bt,150,vihtavuori_n140,112,39.2,2474,24,12,2.795,no
308_win,0.308,ttsx_bt,150,vihtavuori_n540,117,39.7,2497,24,12,2.795,no
308_win,0.308,ttsx_bt,150,vihtavuori_n150,124,40.1,2507,24,12,2.795,no
308_win,0.308,ttsx_bt,150,vihtavuori_n550,129,42.9,2484,24,12,2.795,no
308_win,0.308,classic_hunter,150,vihtavuori_n530,100,35.5,2454,24,12,2.638,no
308_win,0.308,classic_hunter,150,vihtavuori_n135,102,34,2398,24,12,2.638,no
308_win,0.308,classic_hunter,150,vihtavuori_n140,112,39.8,2480,24,12,2.638,no
308_win,0.308,classic_hunter,150,vihtavuori_n540,117,41.7,2552,24,12,2.638,no
308_win,0.308,classic_hunter,150,vihtavuori_n150,124,40.1,2513,24,12,2.638,no
308_win,0.308,classic_hunter,150,vihtavuori_n550,129,44,2539,24,12,2.638,no
308_win,0.308,target,150,vihtavuori_n130,84,34,2408,24,12,2.697,no
308_win,0.308,target,150,vihtavuori_n133,89,35.5,2431,24,12,2.697,no
308_win,0.308,target,150,vihtavuori_n135,102,37,2484,24,12,2.697,no
308_win,0.308,target,150,vihtavuori_n140,112,41.7,2556,24,12,2.697,no
308_win,0.308,target,150,vihtavuori_n150,124,42.6,2592,24,12,2.697,no
308_win,0.308,cx,150,vihtavuori_n135,102,34.1,2320,24,12,2.799,no
308_win,0.308,cx,150,vihtavuori_n140,112,39.5,2451,24,12,2.799,no
308_win,0.308,cx,150,vihtavuori_n540,117,39.4,2480,24,12,2.799,no
308_win,0.308,cx,150,vihtavuori_n150,124,38.6,2454,24,12,2.799,no
308_win,0.308,cx,150,vihtavuori_n550,129,42.4,2503,24,12,2.799,no
308_win,0.308,fmj_bt,150,vihtavuori_n130,84,36.3,2523,24,12,2.795,no
308_win,0.308,fmj_bt,150,vihtavuori_n133,89,40.1,2612,24,12,2.795,no
308_win,0.308,fmj_bt,150,vihtavuori_n135,102,41.7,2621,24,12,2.795,no
308_win,0.308,fmj_bt,150,vihtavuori_n140,112,44,2648,24,12,2.795,no
308_win,0.308,fmj_bt,150,vihtavuori_n540,117,44,2641,24,12,2.795,no
308_win,0.308,fmj_bt,150,vihtavuori_n150,124,44.8,2651,24,12,2.795,no
308_win,0.308,fmj_bt,150,vihtavuori_n550,129,47.8,2674,24,12,2.795,no
308_win,0.308,gmx,150,vihtavuori_n135,102,36.3,2359,24,12,2.795,no
308_win,0.308,gmx,150,vihtavuori_n140,112,39,2411,24,12,2.795,no
308_win,0.308,gmx,150,vihtavuori_n540,117,40.1,2441,24,12,2.795,no
308_win,0.308,gmx,150,vihtavuori_n150,124,39.4,2415,24,12,2.795,no
308_win,0.308,interlock_btsp,150,vihtavuori_n130,84,35.5,2513,24,12,2.74,no
308_win,0.308,interlock_btsp,150,vihtavuori_n133,89,38.7,2566,24,12,2.74,no
308_win,0.308,interlock_btsp,150,vihtavuori_n135,102,39.4,2552,24,12,2.74,no
308_win,0.308,interlock_btsp,150,vihtavuori_n140,112,41.7,2575,24,12,2.74,no
308_win,0.308,interlock_btsp,150,vihtavuori_n540,117,43.5,2641,24,12,2.74,no
308_win,0.308,interlock_btsp,150,vihtavuori_n150,124,43.2,2628,24,12,2.74,no
308_win,0.308,interlock_btsp,150,vihtavuori_n550,129,47.1,2667,24,12,2.74,no
308_win,0.308,sst,150,vihtavuori_n133,89,37,2500,24,12,2.732,no
308_win,0.308,sst,150,vihtavuori_n530,100,38,2533,24,12,2.732,no
308_win,0.308,sst,150,vihtavuori_n135,102,39,2539,24,12,2.732,no
308_win,0.308,sst,150,vihtavuori_n140,112,40.9,2516,24,12,2.732,no
308_win,0.308,sst,150,vihtavuori_n540,117,41.8,2585,24,12,2.732,no
308_win,0.308,sst,150,vihtavuori_n150,124,41.7,2552,24,12,2.732,no
308_win,0.308,lockbase,150,vihtavuori_n530,100,37.8,2605,24,12,2.756,no
308_win,0.308,lockbase,150,vihtavuori_n135,102,39.5,2657,24,12,2.756,no
308_win,0.308,lockbase,150,vihtavuori_n140,112,42.4,2625,24,12,2.756,no
308_win,0.308,lockbase,150,vihtavuori_n540,117,42.9,2648,24,12,2.756,no
308_win,0.308,lockbase,150,vihtavuori_n150,124,43.2,2635,24,12,2.756,no
308_win,0.308,mega_e469,150,vihtavuori_n135,102,36.3,2451,24,12,2.567,no
308_win,0.308,mega_e469,150,vihtavuori_n140,112,36.3,2346,24,12,2.567,no
308_win,0.308,mega_e469,150,vihtavuori_n540,117,40.7,2382,24,12,2.567,no
308_win,0.308,trx,150,vihtavuori_n133,89,34.7,2425,24,12,2.776,no
308_win,0.308,trx,150,vihtavuori_n135,102,36.1,2474,24,12,2.776,no
308_win,0.308,trx,150,vihtavuori_n140,112,42.4,2589,24,12,2.776,no
308_win,0.308,trx,150,vihtavuori_n540,117,41.7,2602,24,12,2.776,no
308_win,0.308,trx,150,vihtavuori_n150,124,41.7,2585,24,12,2.776,no
308_win,0.308,trx,150,vihtavuori_n550,129,44.8,2595,24,12,2.776,no
308_win,0.308,tactic,150,vihtavuori_n530,100,36.7,2536,24,12,2.78,no
308_win,0.308,tactic,150,vihtavuori_n135,102,38,2566,24,12,2.78,no
308_win,0.308,tactic,150,vihtavuori_n140,112,40.7,2559,24,12,2.78,no
308_win,0.308,tactic,150,vihtavuori_n540,117,41.2,2589,24,12,2.78,no
308_win,0.308,fmj,150,vihtavuori_n130,84,31.2,2362,24,12,2.693,no
308_win,0.308,fmj,150,vihtavuori_n133,89,35.8,2484,24,12,2.693,no
308_win,0.308,fmj,150,vihtavuori_n530,100,37,2503,24,12,2.693,no
308_win,0.308,fmj,150,vihtavuori_n135,102,37.8,2539,24,12,2.693,no
308_win,0.308,fmj,150,vihtavuori_n140,112,40.6,2562,24,12,2.693,no
308_win,0.308,accubond,150,vihtavuori_n133,89,36.7,2503,24,12,2.795,no
308_win,0.308,accubond,150,vihtavuori_n135,102,39,2520,24,12,2.795,no
308_win,0.308,accubond,150,vihtavuori_n140,112,42.3,2569,24,12,2.795,no
308_win,0.308,accubond,150,vihtavuori_n540,117,43.2,2618,24,12,2.795,no
308_win,0.308,accubond,150,vihtavuori_n150,124,42.6,2618,24,12,2.795,no
308_win,0.308,accubond,150,vihtavuori_n550,129,45.8,2631,24,12,2.795,no
308_win,0.308,tarvas,150,vihtavuori_n135,102,38.6,2595,24,12,2.724,no
308_win,0.308,tarvas,150,vihtavuori_n140,112,40.9,2582,24,12,2.724,no
308_win,0.308,tarvas,150,vihtavuori_n540,117,42.7,2651,24,12,2.724,no
308_win,0.308,tarvas,150,vihtavuori_n150,124,42.4,2635,24,12,2.724,no
308_win,0.308,tarvas,150,vihtavuori_n550,129,45.5,2654,24,12,2.724,no
308_win,0.308,blade_645a,150,vihtavuori_n133,89,34,2297,24,12,2.795,no
308_win,0.308,blade_645a,150,vihtavuori_n135,102,36.6,2402,24,12,2.795,no
308_win,0.308,blade_645a,150,vihtavuori_n140,112,40.1,2480,24,12,2.795,no
308_win,0.308,blade_645a,150,vihtavuori_n540,117,40.9,2520,24,12,2.795,no
308_win,0.308,blade_645a,150,vihtavuori_n150,124,40.1,2470,24,12,2.795,no
308_win,0.308,blade_645a,150,vihtavuori_n550,129,43.2,2516,24,12,2.795,no
308_win,0.308,hpbt,150,vihtavuori_n130,84,36,2510,24,12,2.795,no
308_win,0.308,hpbt,150,vihtavuori_n133,89,38.9,2566,24,12,2.795,no
308_win,0.308,hpbt,150,vihtavuori_n135,102,40.9,2602,24,12,2.795,no
308_win,0.308,hpbt,150,vihtavuori_n140,112,40.4,2467,24,12,2.795,no
308_win,0.308,hpbt,150,vihtavuori_n540,117,41.8,2487,24,12,2.795,no
308_win,0.308,hpbt,150,vihtavuori_n150,124,42.2,2545,24,12,2.795,no
308_win,0.308,hpbt,150,vihtavuori_n550,129,44.5,2534,24,12,2.795,no
308_win,0.308,spbt,150,vihtavuori_n133,89,35,2391,24,12,2.756,no
308_win,0.308,spbt,150,vihtavuori_n135,102,39.5,2505,24,12,2.756,no
308_win,0.308,spbt,150,vihtavuori_n140,112,41.8,2516,24,12,2.756,no
308_win,0.308,spbt,150,vihtavuori_n150,124,43.6,2545,24,12,2.756,no
308_win,0.308,scirocco_ii,150,vihtavuori_n135,102,35.2,2448,24,12,2.795,no
308_win,0.308,scirocco_ii,150,vihtavuori_n140,112,38.6,2484,24,12,2.795,no
308_win,0.308,scirocco_ii,150,vihtavuori_n540,117,39.4,2533,24,12,2.795,no
308_win,0.308,scirocco_ii,150,vihtavuori_n150,124,39.4,2526,24,12,2.795,no
308_win,0.308,scirocco_ii,150,vihtavuori_n550,129,42.4,2503,24,12,2.795,no
308_win,0.308,weldcore_pp,150,vihtavuori_n135,102,37.3,2464,24,12,2.795,no
308_win,0.308,weldcore_pp,150,vihtavuori_n140,112,39,2444,24,12,2.795,no
308_win,0.308,weldcore_pp,150,vihtavuori_n540,117,40.6,2520,24,12,2.795,no
308_win,0.308,hybrid_target,155,vihtavuori_n135,102,37.2,2461,24,12,2.795,no
308_win,0.308,hybrid_target,155,vihtavuori_n140,112,39.8,2474,24,12,2.795,no
308_win,0.308,hybrid_target,155,vihtavuori_n540,117,40.7,2520,24,12,2.795,no
308_win,0.308,hybrid_target,155,vihtavuori_n150,124,40.3,2497,24,12,2.795,no
308_win,0.308,hybrid_target,155,vihtavuori_n550,129,42.6,2490,24,12,2.795,no
308_win,0.308,vld_hunting,155,vihtavuori_n130,84,34.3,2425,24,12,2.8,no
308_win,0.308,vld_hunting,155,vihtavuori_n133,89,37.3,2477,24,12,2.8,no
308_win,0.308,vld_hunting,155,vihtavuori_n135,102,38.6,2500,24,12,2.8,no
308_win,0.308,vld_hunting,155,vihtavuori_n140,112,40.9,2516,24,12,2.8,no
308_win,0.308,vld_hunting,155,vihtavuori_n540,117,41.7,2562,24,12,2.8,no
308_win,0.308,vld_hunting,155,vihtavuori_n150,124,42.3,2569,24,12,2.8,no
308_win,0.308,vld_hunting,155,vihtavuori_n550,129,44.9,2572,24,12,2.8,no
308_win,0.308,tag,155,vihtavuori_n140,112,41.1,2510,24,12,2.74,no
308_win,0.308,tag,155,vihtavuori_n540,117,41.5,2546,24,12,2.74,no
308_win,0.308,tag,155,vihtavuori_n150,124,42.3,2533,24,12,2.74,no
308_win,0.308,bthp,155,vihtavuori_n130,84,35.5,2470,24,12,2.795,no
308_win,0.308,bthp,155,vihtavuori_n133,89,38.6,2536,24,12,2.795,no
308_win,0.308,bthp,155,vihtavuori_n135,102,39.4,2530,24,12,2.795,no
308_win,0.308,bthp,155,vihtavuori_n140,112,42,2556,24,12,2.795,no
308_win,0.308,bthp,155,vihtavuori_n540,117,42.7,2592,24,12,2.795,no
308_win,0.308,bthp,155,vihtavuori_n150,124,42.9,2602,24,12,2.795,no
308_win,0.308,bthp,155,vihtavuori_n550,129,46.3,2595,24,12,2.795,no
308_win,0.308,eld_match,155,vihtavuori_n133,89,37,2507,24,12,2.799,no
308_win,0.308,eld_match,155,vihtavuori_n135,102,38.4,2526,24,12,2.799,no
308_win,0.308,eld_match,155,vihtavuori_n140,112,40.3,2543,24,12,2.799,no
308_win,0.308,eld_match,155,vihtavuori_n540,117,40.9,2566,24,12,2.799,no
308_win,0.308,eld_match,155,vihtavuori_n150,124,41.7,2595,24,12,2.799,no
308_win,0.308,eld_match,155,vihtavuori_n550,129,44,2585,24,12,2.799,no
308_win,0.308,scenar_l,155,vihtavuori_n530,100,34.6,2385,24,12,2.795,no
308_win,0.308,scenar_l,155,vihtavuori_n135,102,34.4,2254,24,12,2.795,no
308_win,0.308,scenar_l,155,vihtavuori_n140,112,36.7,2251,24,12,2.795,no
308_win,0.308,scenar_l,155,vihtavuori_n540,117,40.6,2562,24,12,2.795,no
308_win,0.308,scenar_l,155,vihtavuori_n150,124,39,2359,24,12,2.795,no
308_win,0.308,scenar_l,155,vihtavuori_n550,129,44.4,2605,24,12,2.795,no
308_win,0.308,hunting,155,vihtavuori_n140,112,40.4,2513,24,12,2.752,no
308_win,0.308,hunting,155,vihtavuori_n540,117,41.1,2556,24,12,2.752,no
308_win,0.308,hunting,155,vihtavuori_n150,124,41.4,2546,24,12,2.752,no
308_win,0.308,custom_competition,155,vihtavuori_n133,89,37.3,2503,24,12,2.795,no
308_win,0.308,custom_competition,155,vihtavuori_n135,102,38.9,2546,24,12,2.795,no
308_win,0.308,custom_competition,155,vihtavuori_n140,112,41.7,2575,24,12,2.795,no
308_win,0.308,custom_competition,155,vihtavuori_n540,117,42.1,2598,24,12,2.795,no
308_win,0.308,custom_competition,155,vihtavuori_n150,124,41.7,2559,24,12,2.795,no
308_win,0.308,hpbt,155,vihtavuori_n135,102,35.1,2337,24,12,2.795,no
308_win,0.308,hpbt,155,vihtavuori_n140,112,37,2354,24,12,2.795,no
308_win,0.308,hpbt,155,vihtavuori_n540,117,37.9,2337,24,12,2.795,no
308_win,0.308,hpbt,155,vihtavuori_n150,124,40.6,2466,24,12,2.795,no
308_win,0.308,hpbt,155,vihtavuori_n550,129,42.5,2479,24,12,2.795,no
308_win,0.308,tmk,155,vihtavuori_n135,102,37.3,2470,24,12,2.795,no
308_win,0.308,tmk,155,vihtavuori_n140,112,39.8,2464,24,12,2.795,no
308_win,0.308,tmk,155,vihtavuori_n540,117,40.4,2513,24,12,2.795,no
308_win,0.308,tmk,155,vihtavuori_n150,124,40.6,2497,24,12,2.795,no
308_win,0.308,tmk,155,vihtavuori_n550,129,42.9,2510,24,12,2.795,no
308_win,0.308,fullbore_target,155.5,vihtavuori_n130,84,34.9,2441,24,12,2.8,no
308_win,0.308,fullbore_target,155.5,vihtavuori_n133,89,38.1,2507,24,12,2.8,no
308_win,0.308,fullbore_target,155.5,vihtavuori_n135,102,39.7,2526,24,12,2.8,no
308_win,0.308,fullbore_target,155.5,vihtavuori_n140,112,42,2569,24,12,2.8,no
308_win,0.308,fullbore_target,155.5,vihtavuori_n540,117,42.7,2615,24,12,2.8,no
308_win,0.308,fullbore_target,155.5,vihtavuori_n150,124,43.2,2605,24,12,2.8,no
308_win,0.308,fullbore_target,155.5,vihtavuori_n550,129,46.3,2618,24,12,2.8,no
308_win,0.308,blade_656a,162,vihtavuori_n140,112,36.3,2297,24,12,2.795,no
308_win,0.308,blade_656a,162,vihtavuori_n540,117,37.8,2352,24,12,2.795,no
308_win,0.308,blade_656a,162,vihtavuori_n150,124,37,2277,24,12,2.795,no
308_win,0.308,blade_656a,162,vihtavuori_n550,129,41.7,2392,24,12,2.795,no
308_win,0.308,tsx,165,vihtavuori_n140,112,37.8,2303,24,12,2.795,no
308_win,0.308,tsx,165,vihtavuori_n150,124,38.9,2346,24,12,2.795,no
308_win,0.308,tsx,165,vihtavuori_n550,129,41.8,2382,24,12,2.795,no
308_win,0.308,ttsx_bt,165,vihtavuori_n135,102,34.4,2254,24,12,2.799,no
308_win,0.308,ttsx_bt,165,vihtavuori_n140,112,40.1,2382,24,12,2.799,no
308_win,0.308,ttsx_bt,165,vihtavuori_n540,117,40.1,2431,24,12,2.799,no
308_win,0.308,ttsx_bt,165,vihtavuori_n150,124,40.1,2411,24,12,2.799,no
308_win,0.308,ttsx_bt,165,vihtavuori_n550,129,44,2470,24,12,2.799,no
308_win,0.308,tog,165,vihtavuori_n135,102,31,2011,24,12,2.697,no
308_win,0.308,tog,165,vihtavuori_n140,112,38.4,2392,24,12,2.697,no
308_win,0.308,tog,165,vihtavuori_n540,117,39,2415,24,12,2.697,no
308_win,0.308,tog,165,vihtavuori_n150,124,38.7,2359,24,12,2.697,no
308_win,0.308,mth,165,vihtavuori_n140,112,38.3,2352,24,12,2.795,no
308_win,0.308,mth,165,vihtavuori_n540,117,39.5,2421,24,12,2.795,no
308_win,0.308,mth,165,vihtavuori_n150,124,38.9,2372,24,12,2.795,no
308_win,0.308,mth,165,vihtavuori_n550,129,42.1,2431,24,12,2.795,no
308_win,0.308,target,165,vihtavuori_n140,112,40.1,2398,24,12,2.697,no
308_win,0.308,target,165,vihtavuori_n540,117,41.7,2487,24,12,2.697,no
308_win,0.308,target,165,vihtavuori_n150,124,40.6,2421,24,12,2.697,no
308_win,0.308,cx,165,vihtavuori_n135,102,33.2,2205,24,12,2.799,no
308_win,0.308,cx,165,vihtavuori_n140,112,38.6,2306,24,12,2.799,no
308_win,0.308,cx,165,vihtavuori_n540,117,38.6,2329,24,12,2.799,no
308_win,0.308,cx,165,vihtavuori_n150,124,37.8,2313,24,12,2.799,no
308_win,0.308,cx,165,vihtavuori_n550,129,42.4,2392,24,12,2.799,no
308_win,0.308,ecx,165,vihtavuori_n135,102,33,2136,24,12,2.795,no
308_win,0.308,ecx,165,vihtavuori_n140,112,37,2251,24,12,2.795,no
308_win,0.308,ecx,165,vihtavuori_n540,117,39.4,2346,24,12,2.795,no
308_win,0.308,ecx,165,vihtavuori_n150,124,37,2267,24,12,2.795,no
308_win,0.308,ecx,165,vihtavuori_n550,129,42.1,2375,24,12,2.795,no
308_win,0.308,gmx,165,vihtavuori_n140,112,38,2238,24,12,2.795,no
308_win,0.308,gmx,165,vihtavuori_n540,117,37.2,2247,24,12,2.795,no
308_win,0.308,gmx,165,vihtavuori_n150,124,37.3,2234,24,12,2.795,no
308_win,0.308,gmx,165,vihtavuori_n550,129,40.3,2293,24,12,2.795,no
308_win,0.308,interlock_btsp,165,vihtavuori_n130,84,34,2349,24,12,2.74,no
308_win,0.308,interlock_btsp,165,vihtavuori_n133,89,36.3,2385,24,12,2.74,no
308_win,0.308,interlock_btsp,165,vihtavuori_n135,102,37.8,2428,24,12,2.74,no
308_win,0.308,interlock_btsp,165,vihtavuori_n140,112,40.9,2470,24,12,2.74,no
308_win,0.308,interlock_btsp,165,vihtavuori_n540,117,40.9,2490,24,12,2.74,no
308_win,0.308,interlock_btsp,165,vihtavuori_n150,124,41.4,2493,24,12,2.74,no
308_win,0.308,interlock_btsp,165,vihtavuori_n550,129,45.1,2552,24,12,2.74,no
308_win,0.308,sst,165,vihtavuori_n130,84,32.4,2293,24,12,2.776,no
308_win,0.308,sst,165,vihtavuori_n133,89,34.3,2300,24,12,2.776,no
308_win,0.308,sst,165,vihtavuori_n135,102,36,2343,24,12,2.776,no
308_win,0.308,sst,165,vihtavuori_n140,112,38.9,2398,24,12,2.776,no
308_win,0.308,sst,165,vihtavuori_n540,117,40.1,2467,24,12,2.776,no
308_win,0.308,sst,165,vihtavuori_n150,124,39.2,2421,24,12,2.776,no
308_win,0.308,sst,165,vihtavuori_n550,129,42,2451,24,12,2.776,no
308_win,0.308,trx,165,vihtavuori_n135,102,36.6,2382,24,12,2.799,no
308_win,0.308,trx,165,vihtavuori_n140,112,40.1,2434,24,12,2.799,no
308_win,0.308,trx,165,vihtavuori_n540,117,40.1,2448,24,12,2.799,no
308_win,0.308,trx,165,vihtavuori_n150,124,40.1,2454,24,12,2.799,no
308_win,0.308,trx,165,vihtavuori_n550,129,44,2480,24,12,2.799,no
308_win,0.308,solid_brass_tactic,165,vihtavuori_n130,84,33.2,2375,24,12,2.795,no
308_win,0.308,solid_brass_tactic,165,vihtavuori_n133,89,36.3,2434,24,12,2.795,no
308_win,0.308,solid_brass_tactic,165,vihtavuori_n135,102,38.6,2467,24,12,2.795,no
308_win,0.308,solid_brass_tactic,165,vihtavuori_n140,112,41.1,2493,24,12,2.795,no
308_win,0.308,solid_brass_tactic,165,vihtavuori_n540,117,42.4,2556,24,12,2.795,no
308_win,0.308,solid_brass_tactic,165,vihtavuori_n150,124,42.1,2539,24,12,2.795,no
308_win,0.308,tarvas,165,vihtavuori_n140,112,40.1,2490,24,12,2.724,no
308_win,0.308,tarvas,165,vihtavuori_n540,117,40.9,2484,24,12,2.724,no
308_win,0.308,tarvas,165,vihtavuori_n150,124,40.9,2477,24,12,2.724,no
308_win,0.308,tarvas,165,vihtavuori_n550,129,43.7,2516,24,12,2.724,no
308_win,0.308,solid_shank,165,vihtavuori_n140,112,39.5,2415,24,12,2.657,no
308_win,0.308,solid_shank,165,vihtavuori_n540,117,40.1,2425,24,12,2.657,no
308_win,0.308,solid_shank,165,vihtavuori_n150,124,41.5,2487,24,12,2.657,no
308_win,0.308,solid_shank,165,vihtavuori_n550,129,44.1,2444,24,12,2.657,no
308_win,0.308,sbt,165,vihtavuori_n135,102,36.7,2382,24,12,2.752,no
308_win,0.308,sbt,165,vihtavuori_n140,112,39.4,2434,24,12,2.752,no
308_win,0.308,sbt,165,vihtavuori_n540,117,40.6,2474,24,12,2.752,no
308_win,0.308,sbt,165,vihtavuori_n150,124,40.4,2438,24,12,2.752,no
308_win,0.308,sbt,165,vihtavuori_n550,129,43.2,2497,24,12,2.752,no
308_win,0.308,spbt,165,vihtavuori_n133,89,36.8,2345,24,12,2.795,no
308_win,0.308,spbt,165,vihtavuori_n135,102,38.3,2376,24,12,2.795,no
308_win,0.308,spbt,165,vihtavuori_n140,112,40.1,2390,24,12,2.795,no
308_win,0.308,spbt,165,vihtavuori_n150,124,41,2411,24,12,2.795,no
308_win,0.308,spbt,165,vihtavuori_n550,129,44.1,2495,24,12,2.795,no
308_win,0.308,scirocco_ii,165,vihtavuori_n140,112,36.9,2346,24,12,2.795,no
308_win,0.308,scirocco_ii,165,vihtavuori_n540,117,37.7,2349,24,12,2.795,no
308_win,0.308,scirocco_ii,165,vihtavuori_n150,124,38.1,2372,24,12,2.795,no
308_win,0.308,scirocco_ii,165,vihtavuori_n550,129,41.4,2375,24,12,2.795,no
308_win,0.308,exhbt,166,vihtavuori_n135,102,34,2228,24,12,2.657,no
308_win,0.308,exhbt,166,vihtavuori_n140,112,37,2247,24,12,2.657,no
308_win,0.308,exhbt,166,vihtavuori_n540,117,38.6,2320,24,12,2.657,no
308_win,0.308,exhbt,166,vihtavuori_n150,124,37,2267,24,12,2.657,no
308_win,0.308,exhbt,166,vihtavuori_n550,129,41.1,2339,24,12,2.657,no
308_win,0.308,scenar,167,vihtavuori_n135,102,36.7,2425,24,12,2.795,no
308_win,0.308,scenar,167,vihtavuori_n140,112,40,2356,24,12,2.795,no
308_win,0.308,scenar,167,vihtavuori_n540,117,39.8,2405,24,12,2.795,no
308_win,0.308,scenar,167,vihtavuori_n150,124,41.8,2451,24,12,2.795,no
308_win,0.308,scenar,167,vihtavuori_n550,129,44.4,2503,24,12,2.795,no
308_win,0.308,tsx,168,vihtavuori_n140,112,40,2425,24,12,2.795,no
308_win,0.308,tsx,168,vihtavuori_n540,117,41.4,2448,24,12,2.795,no
308_win,0.308,tsx,168,vihtavuori_n150,124,40.6,2428,24,12,2.795,no
308_win,0.308,ttsx_bt,168,vihtavuori_n133,89,35.2,2264,24,12,2.736,no
308_win,0.308,ttsx_bt,168,vihtavuori_n135,102,37.3,2320,24,12,2.736,no
308_win,0.308,ttsx_bt,168,vihtavuori_n140,112,40,2356,24,12,2.736,no
308_win,0.308,ttsx_bt,168,vihtavuori_n540,117,41.7,2411,24,12,2.736,no
308_win,0.308,ttsx_bt,168,vihtavuori_n150,124,40.9,2392,24,12,2.736,no
308_win,0.308,ttsx_bt,168,vihtavuori_n550,129,44,2428,24,12,2.736,no
308_win,0.308,classic_hunter,168,vihtavuori_n133,89,36.3,2385,24,12,2.795,no
308_win,0.308,classic_hunter,168,vihtavuori_n135,102,38.1,2385,24,12,2.795,no
308_win,0.308,classic_hunter,168,vihtavuori_n140,112,40.6,2441,24,12,2.795,no
308_win,0.308,classic_hunter,168,vihtavuori_n540,117,40.9,2470,24,12,2.795,no
308_win,0.308,classic_hunter,168,vihtavuori_n150,124,40.3,2448,24,12,2.795,no
308_win,0.308,classic_hunter,168,vihtavuori_n550,129,42.9,2474,24,12,2.795,no
308_win,0.308,hybrid_target,168,vihtavuori_n140,112,38.6,2346,24,12,2.795,no
308_win,0.308,hybrid_target,168,vihtavuori_n540,117,39.8,2415,24,12,2.795,no
308_win,0.308,hybrid_target,168,vihtavuori_n150,124,39.5,2398,24,12,2.795,no
308_win,0.308,hybrid_target,168,vihtavuori_n550,129,42.1,2425,24,12,2.795,no
308_win,0.308,vld_hunting,168,vihtavuori_n130,84,33.2,2293,24,12,2.8,no
308_win,0.308,vld_hunting,168,vihtavuori_n133,89,36.3,2365,24,12,2.8,no
308_win,0.308,vld_hunting,168,vihtavuori_n135,102,37.8,2385,24,12,2.8,no
308_win,0.308,vld_hunting,168,vihtavuori_n140,112,40.3,2425,24,12,2.8,no
308_win,0.308,vld_hunting,168,vihtavuori_n540,117,40.9,2470,24,12,2.8,no
308_win,0.308,vld_hunting,168,vihtavuori_n150,124,40.9,2444,24,12,2.8,no
308_win,0.308,vld_hunting,168,vihtavuori_n550,129,44,2477,24,12,2.8,no
308_win,0.308,mtac,168,vihtavuori_n135,102,35.5,2326,24,12,2.795,no
308_win,0.308,mtac,168,vihtavuori_n140,112,37.8,2346,24,12,2.795,no
308_win,0.308,mtac,168,vihtavuori_n540,117,39,2392,24,12,2.795,no
308_win,0.308,mtac,168,vihtavuori_n150,124,38.1,2346,24,12,2.795,no
308_win,0.308,mtac,168,vihtavuori_n550,129,41.8,2408,24,12,2.795,no
308_win,0.308,a_max,168,vihtavuori_n133,89,34.7,2297,24,12,2.795,no
308_win,0.308,a_max,168,vihtavuori_n135,102,37,2343,24,12,2.795,no
308_win,0.308,a_max,168,vihtavuori_n140,112,39.4,2372,24,12,2.795,no
308_win,0.308,a_max,168,vihtavuori_n540,117,40.3,2415,24,12,2.795,no
308_win,0.308,a_max,168,vihtavuori_n150,124,39.4,2372,24,12,2.795,no
308_win,0.308,a_max,168,vihtavuori_n550,129,42.4,2418,24,12,2.795,no
308_win,0.308,eld_match,168,vihtavuori_n135,102,36.4,2395,24,12,2.795,no
308_win,0.308,eld_match,168,vihtavuori_n140,112,38.9,2431,24,12,2.795,no
308_win,0.308,eld_match,168,vihtavuori_n540,117,39.4,2444,24,12,2.795,no
308_win,0.308,eld_match,168,vihtavuori_n150,124,39.4,2441,24,12,2.795,no
308_win,0.308,eld_match,168,vihtavuori_n550,129,42,2477,24,12,2.795,no
308_win,0.308,custom_competition,168,vihtavuori_n133,89,35.8,2382,24,12,2.799,no
308_win,0.308,custom_competition,168,vihtavuori_n135,102,37.7,2411,24,12,2.799,no
308_win,0.308,custom_competition,168,vihtavuori_n140,112,40,2428,24,12,2.799,no
308_win,0.308,custom_competition,168,vihtavuori_n540,117,40.3,2467,24,12,2.799,no
308_win,0.308,custom_competition,168,vihtavuori_n150,124,40.3,2464,24,12,2.799,no
308_win,0.308,custom_competition,168,vihtavuori_n550,129,42.7,2470,24,12,2.799,no
308_win,0.308,expansion_tip,168,vihtavuori_n135,102,36.4,2316,24,12,2.748,no
308_win,0.308,expansion_tip,168,vihtavuori_n140,112,39.2,2356,24,12,2.748,no
308_win,0.308,expansion_tip,168,vihtavuori_n540,117,41.4,2408,24,12,2.748,no
308_win,0.308,expansion_tip,168,vihtavuori_n150,124,39.7,2388,24,12,2.748,no
308_win,0.308,expansion_tip,168,vihtavuori_n550,129,44,2451,24,12,2.748,no
308_win,0.308,hpbt,168,vihtavuori_n135,102,37,2388,24,12,2.795,no
308_win,0.308,hpbt,168,vihtavuori_n140,112,39.7,2428,24,12,2.795,no
308_win,0.308,hpbt,168,vihtavuori_n540,117,40.4,2464,24,12,2.795,no
308_win,0.308,hpbt,168,vihtavuori_n150,124,40.1,2441,24,12,2.795,no
308_win,0.308,hpbt,168,vihtavuori_n550,129,42.7,2477,24,12,2.795,no
308_win,0.308,target_match,168,vihtavuori_n133,89,36.1,2382,24,12,2.795,no
308_win,0.308,target_match,168,vihtavuori_n135,102,37.8,2421,24,12,2.795,no
308_win,0.308,target_match,168,vihtavuori_n140,112,40.1,2448,24,12,2.795,no
308_win,0.308,target_match,168,vihtavuori_n540,117,40.1,2454,24,12,2.795,no
308_win,0.308,target_match,168,vihtavuori_n150,124,40.1,2454,24,12,2.795,no
308_win,0.308,target_match,168,vihtavuori_n550,129,43.2,2487,24,12,2.795,no
308_win,0.308,lockbase_b476,170,vihtavuori_n135,102,37.4,2328,24,12,2.795,no
308_win,0.308,lockbase_b476,170,vihtavuori_n140,112,39.5,2345,24,12,2.795,no
308_win,0.308,lockbase_b476,170,vihtavuori_n540,117,40.1,2308,24,12,2.795,no
308_win,0.308,lockbase_b476,170,vihtavuori_n150,124,40.2,2361,24,12,2.795,no
308_win,0.308,lockbase_b476,170,vihtavuori_n550,129,42.8,2360,24,12,2.795,no
308_win,0.308,naturalis_lr,170,vihtavuori_n140,112,39.2,2441,24,12,2.795,no
308_win,0.308,naturalis_lr,170,vihtavuori_n150,124,41.2,2493,24,12,2.795,no
308_win,0.308,naturalis_lr,170,vihtavuori_n550,129,42.9,2418,24,12,2.795,no
308_win,0.308,naturalis_n558,170,vihtavuori_n140,112,38,2372,24,12,2.795,no
308_win,0.308,naturalis_n558,170,vihtavuori_n540,117,39.7,2467,24,12,2.795,no
308_win,0.308,naturalis_n558,170,vihtavuori_n150,124,39.5,2395,24,12,2.795,no
308_win,0.308,naturalis_n558,170,vihtavuori_n550,129,42,2415,24,12,2.795,no
308_win,0.308,eld_vt,174,vihtavuori_n130,84,32.4,2254,24,12,2.8,no
308_win,0.308,eld_vt,174,vihtavuori_n133,89,36,2323,24,12,2.8,no
308_win,0.308,eld_vt,174,vihtavuori_n135,102,37.5,2346,24,12,2.8,no
308_win,0.308,eld_vt,174,vihtavuori_n140,112,40.1,2392,24,12,2.8,no
308_win,0.308,eld_vt,174,vihtavuori_n540,117,40.1,2438,24,12,2.8,no
308_win,0.308,eld_vt,174,vihtavuori_n150,124,40.1,2385,24,12,2.8,no
308_win,0.308,eld_vt,174,vihtavuori_n550,129,43.2,2441,24,12,2.8,no
308_win,0.308,hpbt,174,vihtavuori_n133,89,34.3,2293,24,12,2.795,no
308_win,0.308,hpbt,174,vihtavuori_n135,102,36.1,2336,24,12,2.795,no
308_win,0.308,hpbt,174,vihtavuori_n140,112,38.6,2375,24,12,2.795,no
308_win,0.308,hpbt,174,vihtavuori_n540,117,38.9,2395,24,12,2.795,no
308_win,0.308,hpbt,174,vihtavuori_n150,124,38.6,2388,24,12,2.795,no
308_win,0.308,hpbt,174,vihtavuori_n550,129,41.8,2425,24,12,2.795,no
308_win,0.308,lrx_bt,175,vihtavuori_n133,89,34,2208,24,12,2.795,no
308_win,0.308,lrx_bt,175,vihtavuori_n135,102,36.1,2247,24,12,2.795,no
308_win,0.308,lrx_bt,175,vihtavuori_n140,112,38.7,2300,24,12,2.795,no
308_win,0.308,lrx_bt,175,vihtavuori_n540,117,40.1,2336,24,12,2.795,no
308_win,0.308,lrx_bt,175,vihtavuori_n150,124,39.7,2329,24,12,2.795,no
308_win,0.308,lrx_bt,175,vihtavuori_n550,129,42.4,2392,24,12,2.795,no
308_win,0.308,long_range_bt_target,175,vihtavuori_n130,84,33.2,2254,24,12,2.8,no
308_win,0.308,long_range_bt_target,175,vihtavuori_n133,89,36.3,2329,24,12,2.8,no
308_win,0.308,long_range_bt_target,175,vihtavuori_n135,102,37,2316,24,12,2.8,no
308_win,0.308,long_range_bt_target,175,vihtavuori_n140,112,39.7,2372,24,12,2.8,no
308_win,0.308,long_range_bt_target,175,vihtavuori_n540,117,40.9,2418,24,12,2.8,no
308_win,0.308,long_range_bt_target,175,vihtavuori_n150,124,40.9,2418,24,12,2.8,no
308_win,0.308,long_range_bt_target,175,vihtavuori_n550,129,44.8,2457,24,12,2.8,no
308_win,0.308,otm_tactical,175,vihtavuori_n130,84,31.6,2244,24,12,2.795,no
308_win,0.308,otm_tactical,175,vihtavuori_n133,89,34.7,2287,24,12,2.795,no
308_win,0.308,otm_tactical,175,vihtavuori_n530,100,35.3,2339,24,12,2.795,no
308_win,0.308,otm_tactical,175,vihtavuori_n135,102,35.8,2313,24,12,2.795,no
308_win,0.308,otm_tactical,175,vihtavuori_n140,112,38.7,2365,24,12,2.795,no
308_win,0.308,otm_tactical,175,vihtavuori_n540,117,39.8,2418,24,12,2.795,no
308_win,0.308,otm_tactical,175,vihtavuori_n150,124,38.7,2388,24,12,2.795,no
308_win,0.308,otm_tactical,175,vihtavuori_n550,129,41.8,2421,24,12,2.795,no
308_win,0.308,vld_hunting,175,vihtavuori_n130,84,33.2,2241,24,12,2.8,no
308_win,0.308,vld_hunting,175,vihtavuori_n133,89,35.8,2287,24,12,2.8,no
308_win,0.308,vld_hunting,175,vihtavuori_n135,102,37,2306,24,12,2.8,no
308_win,0.308,vld_hunting,175,vihtavuori_n140,112,39.7,2356,24,12,2.8,no
308_win,0.308,vld_hunting,175,vihtavuori_n540,117,40.9,2408,24,12,2.8,no
308_win,0.308,vld_hunting,175,vihtavuori_n150,124,40.9,2408,24,12,2.8,no
308_win,0.308,vld_hunting,175,vihtavuori_n550,129,44.8,2467,24,12,2.8,no
308_win,0.308,maxrange_target_gb581,175,vihtavuori_n135,102,36.1,2346,24,12,2.795,no
308_win,0.308,maxrange_target_gb581,175,vihtavuori_n140,112,39.4,2388,24,12,2.795,no
308_win,0.308,maxrange_target_gb581,175,vihtavuori_n540,117,39.4,2418,24,12,2.795,no
308_win,0.308,maxrange_target_gb581,175,vihtavuori_n150,124,40.1,2428,24,12,2.795,no
308_win,0.308,maxrange_target_gb581,175,vihtavuori_n550,129,42.4,2441,24,12,2.795,no
308_win,0.308,otm_scenar_l,175,vihtavuori_n135,102,35.3,2362,24,12,2.795,no
308_win,0.308,otm_scenar_l,175,vihtavuori_n140,112,38,2411,24,12,2.795,no
308_win,0.308,otm_scenar_l,175,vihtavuori_n540,117,38.7,2448,24,12,2.795,no
308_win,0.308,otm_scenar_l,175,vihtavuori_n150,124,39.2,2431,24,12,2.795,no
308_win,0.308,a_tip_match,176,vihtavuori_n135,102,36.6,2310,24,12,2.795,no
308_win,0.308,a_tip_match,176,vihtavuori_n140,112,39.7,2359,24,12,2.795,no
308_win,0.308,a_tip_match,176,vihtavuori_n540,117,40.1,2425,24,12,2.795,no
308_win,0.308,a_tip_match,176,vihtavuori_n150,124,40.1,2411,24,12,2.795,no
308_win,0.308,a_tip_match,176,vihtavuori_n550,129,43.2,2448,24,12,2.795,no
308_win,0.308,eld_match,178,vihtavuori_n130,84,33.2,2257,24,12,2.795,no
308_win,0.308,eld_match,178,vihtavuori_n133,89,36,2303,24,12,2.795,no
308_win,0.308,eld_match,178,vihtavuori_n135,102,37,2316,24,12,2.795,no
308_win,0.308,eld_match,178,vihtavuori_n140,112,40.1,2385,24,12,2.795,no
308_win,0.308,eld_match,178,vihtavuori_n540,117,40.4,2395,24,12,2.795,no
308_win,0.308,eld_match,178,vihtavuori_n150,124,40.9,2405,24,12,2.795,no
308_win,0.308,eld_match,178,vihtavuori_n550,129,43.4,2418,24,12,2.795,no
308_win,0.308,ttsx_bt,180,vihtavuori_n135,102,32.1,2110,24,12,2.795,no
308_win,0.308,ttsx_bt,180,vihtavuori_n140,112,36.9,2185,24,12,2.795,no
308_win,0.308,ttsx_bt,180,vihtavuori_n540,117,36.9,2215,24,12,2.795,no
308_win,0.308,ttsx_bt,180,vihtavuori_n150,124,36.4,2198,24,12,2.795,no
308_win,0.308,ttsx_bt,180,vihtavuori_n550,129,39.7,2234,24,12,2.795,no
308_win,0.308,xfb,180,vihtavuori_n540,117,32.2,1938,24,12,2.795,no
308_win,0.308,xfb,180,vihtavuori_n550,129,35.5,2043,24,12,2.795,no
308_win,0.308,elite_hunter,180,vihtavuori_n135,102,36.4,2274,24,12,2.795,no
308_win,0.308,elite_hunter,180,vihtavuori_n140,112,37.8,2277,24,12,2.795,no
308_win,0.308,elite_hunter,180,vihtavuori_n540,117,39,2339,24,12,2.795,no
308_win,0.308,elite_hunter,180,vihtavuori_n150,124,38.3,2287,24,12,2.795,no
308_win,0.308,elite_hunter,180,vihtavuori_n550,129,41.2,2346,24,12,2.795,no
308_win,0.308,cx,180,vihtavuori_n135,102,30.1,1975,24,12,2.795,no
308_win,0.308,cx,180,vihtavuori_n140,112,34,2100,24,12,2.795,no
308_win,0.308,cx,180,vihtavuori_n540,117,36.6,2182,24,12,2.795,no
308_win,0.308,cx,180,vihtavuori_n150,124,34.7,2103,24,12,2.795,no
308_win,0.308,cx,180,vihtavuori_n550,129,39.2,2231,24,12,2.795,no
308_win,0.308,interlock_btsp,180,vihtavuori_n135,102,36.3,2264,24,12,2.74,no
308_win,0.308,interlock_btsp,180,vihtavuori_n140,112,39.4,2349,24,12,2.74,no
308_win,0.308,interlock_btsp,180,vihtavuori_n540,117,39.8,2362,24,12,2.74,no
308_win,0.308,interlock_btsp,180,vihtavuori_n150,124,39.4,2336,24,12,2.74,no
308_win,0.308,interlock_btsp,180,vihtavuori_n550,129,43.8,2415,24,12,2.74,no
308_win,0.308,oryx,180,vihtavuori_n530,100,34.6,2274,24,12,2.709,no
308_win,0.308,oryx,180,vihtavuori_n135,102,34.3,2231,24,12,2.709,no
308_win,0.308,oryx,180,vihtavuori_n140,112,37.3,2287,24,12,2.709,no
308_win,0.308,oryx,180,vihtavuori_n540,117,37.8,2323,24,12,2.709,no
308_win,0.308,oryx,180,vihtavuori_n150,124,37.5,2303,24,12,2.709,no
308_win,0.308,oryx,180,vihtavuori_n550,129,40,2336,24,12,2.709,no
308_win,0.308,hmk,180,vihtavuori_n140,112,38.1,2274,24,12,2.661,no
308_win,0.308,hmk,180,vihtavuori_n540,117,38.4,2300,24,12,2.661,no
308_win,0.308,hmk,180,vihtavuori_n150,124,38.3,2287,24,12,2.661,no
308_win,0.308,hmk,180,vihtavuori_n550,129,42.3,2336,24,12,2.661,no
308_win,0.308,uni_classic,180,vihtavuori_n140,112,37.5,2260,24,12,2.646,no
308_win,0.308,uni_classic,180,vihtavuori_n540,117,37.8,2264,24,12,2.646,no
308_win,0.308,uni_classic,180,vihtavuori_n150,124,38.6,2290,24,12,2.646,no
308_win,0.308,uni_classic,180,vihtavuori_n550,129,41.7,2310,24,12,2.646,no
308_win,0.308,tug,181,vihtavuori_n135,102,35.8,2228,24,12,2.701,no
308_win,0.308,tug,181,vihtavuori_n140,112,38.7,2287,24,12,2.701,no
308_win,0.308,tug,181,vihtavuori_n540,117,39.7,2343,24,12,2.701,no
308_win,0.308,tug,181,vihtavuori_n150,124,38.4,2297,24,12,2.701,no
308_win,0.308,tug,181,vihtavuori_n550,129,41.4,2329,24,12,2.701,no
308_win,0.308,hybrid_target,185,vihtavuori_n540,117,37.3,2244,24,12,2.795,no
308_win,0.308,hybrid_target,185,vihtavuori_n150,124,37.2,2205,24,12,2.795,no
308_win,0.308,juggernaut_target,185,vihtavuori_n140,112,37,2192,24,12,2.795,no
308_win,0.308,juggernaut_target,185,vihtavuori_n540,117,37.8,2254,24,12,2.795,no
308_win,0.308,juggernaut_target,185,vihtavuori_n150,124,37.5,2211,24,12,2.795,no
308_win,0.308,juggernaut_target,185,vihtavuori_n550,129,40.6,2293,24,12,2.795,no
308_win,0.308,d46,185,vihtavuori_n135,102,36,2188,24,12,2.795,no
308_win,0.308,d46,185,vihtavuori_n140,112,37.6,2215,24,12,2.795,no
308_win,0.308,d46,185,vihtavuori_n540,117,39.2,2335,24,12,2.795,no
308_win,0.308,d46,185,vihtavuori_n150,124,39.7,2388,24,12,2.795,no
308_win,0.308,d46,185,vihtavuori_n550,129,42.1,2398,24,12,2.795,no
308_win,0.308,mega_e415,185,vihtavuori_n135,102,36.9,2208,24,12,2.657,no
308_win,0.308,mega_e415,185,vihtavuori_n140,112,39,2215,24,12,2.657,no
308_win,0.308,mega_e415,185,vihtavuori_n540,117,40.6,2320,24,12,2.657,no
308_win,0.308,mega_e415,185,vihtavuori_n150,124,40.9,2257,24,12,2.657,no
308_win,0.308,mega_e415,185,vihtavuori_n550,129,42.6,2247,24,12,2.657,no
308_win,0.308,scenar,185,vihtavuori_n140,112,37.7,2316,24,12,2.795,no
308_win,0.308,scenar,185,vihtavuori_n540,117,36.7,2379,24,12,2.795,no
308_win,0.308,scenar,185,vihtavuori_n150,124,37.3,2179,24,12,2.795,no
308_win,0.308,scenar,185,vihtavuori_n550,129,40.5,2203,24,12,2.795,no
308_win,0.308,hpbt,190,vihtavuori_n135,102,34.4,2208,24,12,2.795,no
308_win,0.308,hpbt,190,vihtavuori_n140,112,37,2267,24,12,2.795,no
308_win,0.308,hpbt,190,vihtavuori_n540,117,38,2303,24,12,2.795,no
308_win,0.308,hpbt,190,vihtavuori_n150,124,37.3,2260,24,12,2.795,no
308_win,0.308,hpbt,190,vihtavuori_n550,129,40.4,2329,24,12,2.795,no
308_win,0.308,eld_match,195,vihtavuori_n140,112,38.6,2254,24,12,2.8,no
308_win,0.308,eld_match,195,vihtavuori_n540,117,39.4,2290,24,12,2.8,no
308_win,0.308,eld_match,195,vihtavuori_n150,124,38.6,2257,24,12,2.8,no
308_win,0.308,eld_match,195,vihtavuori_n550,129,42.1,2306,24,12,2.8,no
308_win,0.308,sp,200,vihtavuori_n140,112,35.2,1999,24,12,2.795,no
308_win,0.308,sp,200,vihtavuori_n150,124,34.5,1982,24,12,2.795,no
308_win,0.308,200_20x_hybrid_target,200.2,vihtavuori_n140,112,37.2,2201,24,12,2.795,no
308_win,0.308,200_20x_hybrid_target,200.2,vihtavuori_n540,117,38.3,2254,24,12,2.795,no
308_win,0.308,200_20x_hybrid_target,200.2,vihtavuori_n150,124,37.2,2221,24,12,2.795,no
308_win,0.308,200_20x_hybrid_target,200.2,vihtavuori_n550,129,40.4,2267,24,12,2.795,no
308_win,0.308,elite_hunter,205,vihtavuori_n140,112,36,2126,24,12,2.795,no
308_win,0.308,elite_hunter,205,vihtavuori_n540,117,37.8,2195,24,12,2.795,no
308_win,0.308,elite_hunter,205,vihtavuori_n150,124,36.9,2136,24,12,2.795,no
308_win,0.308,elite_hunter,205,vihtavuori_n550,129,40.4,2224,24,12,2.795,no
308_win,0.308,a_max,208,vihtavuori_n140,112,35.2,2080,24,12,2.795,no
308_win,0.308,a_max,208,vihtavuori_n540,117,37.8,2192,24,12,2.795,no
308_win,0.308,a_max,208,vihtavuori_n150,124,37,2123,24,12,2.795,no
308_win,0.308,a_max,208,vihtavuori_n550,129,40.1,2208,24,12,2.795,no
308_win,0.308,hammerhead,220,vihtavuori_n140,112,35.5,1998,24,12,2.776,no
308_win,0.308,hammerhead,220,vihtavuori_n540,117,35,1978,24,12,2.776,no
308_win,0.308,hammerhead,220,vihtavuori_n150,124,34.9,1946,24,12,2.776,no
308_win,0.308,hammerhead,220,vihtavuori_n550,129,40.1,2087,24,12,2.776,no
308_win,0.308,als,57,vihtavuori_n110,64,34.5,3993,24,12,2.638,no
308_win,0.308,g589_ot,100,vihtavuori_n120,81,37.5,3143,24,12,2.638,no
308_win,0.308,g589_ot,100,vihtavuori_n130,84,41.5,3251,24,12,2.638,no
308_win,0.308,g589_ot,100,vihtavuori_n133,89,44.6,3304,24,12,2.638,no
308_win,0.308,hpce_otce,100,vihtavuori_n110,64,27.8,2854,24,12,2.638,no
308_win,0.308,hpce_otce,100,vihtavuori_n120,81,36,3051,24,12,2.638,no
308_win,0.308,hpce_otce,100,vihtavuori_n130,84,40.1,3203,24,12,2.638,no
308_win,0.308,hpce_otce,100,vihtavuori_n530,100,46.5,3425,24,12,2.638,no
308_win,0.308,hpce_otce,100,vihtavuori_n135,102,46.1,3255,24,12,2.638,no
308_win,0.308,tsx_fb,110,vihtavuori_n130,84,41.7,3127,24,12,2.697,no
308_win,0.308,tsx_fb,110,vihtavuori_n133,89,45.4,3225,24,12,2.697,no
308_win,0.308,tsx_fb,110,vihtavuori_n530,100,47.1,3274,24,12,2.697,no
308_win,0.308,tsx_fb,110,vihtavuori_n135,102,46.3,3186,24,12,2.697,no
308_win,0.308,classic_hunter,110,vihtavuori_n133,89,41.7,3104,24,12,2.697,no
308_win,0.308,classic_hunter,110,vihtavuori_n135,102,45.2,3186,24,12,2.697,no
308_win,0.308,cx,110,vihtavuori_n130,84,41.8,3107,24,12,2.795,no
308_win,0.308,gmx,110,vihtavuori_n130,84,40.3,3077,24,12,2.795,no
308_win,0.308,gmx,110,vihtavuori_n530,100,45.5,3209,24,12,2.795,no
308_win,0.308,v_max,110,vihtavuori_n130,84,40.3,3081,24,12,2.697,no
308_win,0.308,v_max,110,vihtavuori_n133,89,43.8,3163,24,12,2.697,no
308_win,0.308,v_max,110,vihtavuori_n530,100,45.5,3189,24,12,2.697,no
308_win,0.308,v_max,110,vihtavuori_n135,102,46.5,3215,24,12,2.697,no
308_win,0.308,varmageddon,110,vihtavuori_n120,81,37.5,3054,24,12,2.598,no
308_win,0.308,varmageddon,110,vihtavuori_n130,84,41.5,3130,24,12,2.598,no
308_win,0.308,hp_varminter,110,vihtavuori_n130,84,43.2,3166,24,12,2.6,no
308_win,0.308,controlled_chaos_copper,115,vihtavuori_n130,84,41.4,3071,24,12,2.756,no
308_win,0.308,hp_varminter,115,vihtavuori_n130,84,42.3,3094,24,12,2.736,no
308_win,0.308,hp_varminter,115,vihtavuori_n133,89,45.2,3150,24,12,2.736,no
308_win,0.308,hp_varminter,115,vihtavuori_n135,102,47.2,3186,24,12,2.736,no
308_win,0.308,blade_633a,120,vihtavuori_n133,89,43.7,2992,24,12,2.795,no
308_win,0.308,blade_633a,120,vihtavuori_n530,100,44.6,3048,24,12,2.795,no
308_win,0.308,fmj,123,vihtavuori_n120,81,36.9,2940,24,12,2.634,no
308_win,0.308,fmj,123,vihtavuori_n130,84,42.9,3028,24,12,2.634,no
308_win,0.308,fmj,123,vihtavuori_n133,89,44.3,3084,24,12,2.634,no
308_win,0.308,fmj,123,vihtavuori_n530,100,44.4,3146,24,12,2.634,no
308_win,0.308,ecx,125,vihtavuori_n133,89,38.1,2822,24,12,2.728,no
308_win,0.308,ecx,125,vihtavuori_n135,102,40.3,2871,24,12,2.728,no
308_win,0.308,ecx,125,vihtavuori_n140,112,46.8,2992,24,12,2.728,no
308_win,0.308,sst,125,vihtavuori_n130,84,40,2936,24,12,2.728,no
308_win,0.308,sst,125,vihtavuori_n133,89,43.1,2999,24,12,2.728,no
308_win,0.308,sst,125,vihtavuori_n135,102,46.1,3041,24,12,2.728,no
308_win,0.308,sst,125,vihtavuori_n140,112,49.1,3054,24,12,2.728,no
308_win,0.308,sst,125,vihtavuori_n540,117,49.5,3074,24,12,2.728,no
308_win,0.308,controlled_chaos,125,vihtavuori_n133,89,38.6,2808,24,12,2.756,no
308_win,0.308,controlled_chaos,125,vihtavuori_n135,102,41.2,2881,24,12,2.756,no
308_win,0.308,controlled_chaos,125,vihtavuori_n140,112,46,2949,24,12,2.756,no
308_win,0.308,controlled_chaos,125,vihtavuori_n540,117,47.8,3022,24,12,2.756,no
308_win,0.308,accubond,125,vihtavuori_n130,84,40.3,2953,24,12,2.748,no
308_win,0.308,accubond,125,vihtavuori_n133,89,43.7,3025,24,12,2.748,no
308_win,0.308,ballistic_tip,125,vihtavuori_n130,84,43,3068,24,12,2.756,no
308_win,0.308,ballistic_tip,125,vihtavuori_n133,89,46.3,3120,24,12,2.756,no
308_win,0.308,ballistic_tip,125,vihtavuori_n135,102,48.9,3143,24,12,2.756,no
308_win,0.308,tmk,125,vihtavuori_n130,84,39.4,2900,24,12,2.795,no
308_win,0.308,tmk,125,vihtavuori_n133,89,42.4,2953,24,12,2.795,no
308_win,0.308,tmk,125,vihtavuori_n530,100,44,3048,24,12,2.795,no
308_win,0.308,tmk,125,vihtavuori_n135,102,43.4,2979,24,12,2.795,no
308_win,0.308,tmk,125,vihtavuori_n140,112,47.2,2986,24,12,2.795,no
308_win,0.308,tnt_hp,125,vihtavuori_n133,89,44.3,3058,24,12,2.638,no
308_win,0.308,tsx_bt,130,vihtavuori_n130,84,39,2848,24,12,2.783,no
308_win,0.308,tsx_bt,130,vihtavuori_n133,89,41.7,2904,24,12,2.783,no
308_win,0.308,tsx_bt,130,vihtavuori_n530,100,43.8,2953,24,12,2.783,no
308_win,0.308,tsx_bt,130,vihtavuori_n135,102,43.7,2946,24,12,2.783,no
308_win,0.308,tsx_bt,130,vihtavuori_n140,112,47.1,2976,24,12,2.783,no
308_win,0.308,hp_varminter,135,vihtavuori_n130,84,40.7,2867,24,12,2.65,no
308_win,0.308,hp_varminter,135,vihtavuori_n133,89,43.8,2917,24,12,2.65,no
308_win,0.308,hp_varminter,135,vihtavuori_n135,102,45.5,2956,24,12,2.65,no
308_win,0.308,basic_nature,139,vihtavuori_n130,84,37.8,2605,24,12,2.626,no
308_win,0.308,basic_nature,139,vihtavuori_n133,89,40.4,2657,24,12,2.626,no
308_win,0.308,hunting_tactic,140,vihtavuori_n135,102,42.9,2894,24,12,2.776,no
308_win,0.308,hunting_tactic,140,vihtavuori_n140,112,45.7,2894,24,12,2.776,no
308_win,0.308,hunting_tactic,140,vihtavuori_n540,117,45.8,2943,24,12,2.776,no
308_win,0.308,hunting_expandable,140,vihtavuori_n135,102,40.7,2697,24,12,2.697,no
308_win,0.308,hunting_expandable,140,vihtavuori_n140,112,44.1,2759,24,12,2.697,no
308_win,0.308,hunting_expandable,140,vihtavuori_n540,117,45.8,2844,24,12,2.697,no
308_win,0.308,hunting_expandable,140,vihtavuori_n150,124,45.1,2782,24,12,2.697,no
308_win,0.308,tug_nature,147,vihtavuori_n133,89,38.3,2602,24,12,2.618,no
308_win,0.308,tug_nature,147,vihtavuori_n135,102,40,2641,24,12,2.618,no
308_win,0.308,spitzer_bt_fmj,147,vihtavuori_n130,84,37.7,2684,24,12,2.783,no
308_win,0.308,spitzer_bt_fmj,147,vihtavuori_n133,89,41.4,2746,24,12,2.783,no
308_win,0.308,mpg_fb,150,vihtavuori_n130,84,37.2,2621,24,12,2.795,no
308_win,0.308,mpg_fb,150,vihtavuori_n133,89,38.7,2635,24,12,2.795,no
308_win,0.308,mpg_fb,150,vihtavuori_n135,102,41.2,2671,24,12,2.795,no
308_win,0.308,mpg_fb,150,vihtavuori_n140,112,44.8,2749,24,12,2.795,no
308_win,0.308,mpg_fb,150,vihtavuori_n540,117,45.5,2792,24,12,2.795,no
308_win,0.308,ttsx_bt,150,vihtavuori_n135,102,39.4,2625,24,12,2.795,no
308_win,0.308,ttsx_bt,150,vihtavuori_n140,112,42.7,2697,24,12,2.795,no
308_win,0.308,classic_hunter,150,vihtavuori_n530,100,39.7,2697,24,12,2.638,no
308_win,0.308,classic_hunter,150,vihtavuori_n135,102,37.3,2592,24,12,2.638,no
308_win,0.308,classic_hunter,150,vihtavuori_n140,112,43.5,2707,24,12,2.638,no
308_win,0.308,target,150,vihtavuori_n130,84,37.5,2631,24,12,2.697,no
308_win,0.308,target,150,vihtavuori_n133,89,39.7,2677,24,12,2.697,no
308_win,0.308,target,150,vihtavuori_n135,102,41.4,2713,24,12,2.697,no
308_win,0.308,cx,150,vihtavuori_n135,102,38.6,2575,24,12,2.799,no
308_win,0.308,fmj_bt,150,vihtavuori_n130,84,39.5,2720,24,12,2.795,no
308_win,0.308,fmj_bt,150,vihtavuori_n133,89,42.9,2785,24,12,2.795,no
308_win,0.308,fmj_bt,150,vihtavuori_n135,102,44.4,2799,24,12,2.795,no
308_win,0.308,gmx,150,vihtavuori_n135,102,39.7,2608,24,12,2.795,no
308_win,0.308,gmx,150,vihtavuori_n140,112,43.1,2657,24,12,2.795,no
308_win,0.308,gmx,150,vihtavuori_n540,117,43.7,2713,24,12,2.795,no
308_win,0.308,gmx,150,vihtavuori_n150,124,43.5,2661,24,12,2.795,no
308_win,0.308,interlock_btsp,150,vihtavuori_n130,84,38.7,2703,24,12,2.74,no
308_win,0.308,interlock_btsp,150,vihtavuori_n133,89,42,2762,24,12,2.74,no
308_win,0.308,interlock_btsp,150,vihtavuori_n135,102,43.2,2779,24,12,2.74,no
308_win,0.308,sst,150,vihtavuori_n133,89,39.8,2690,24,12,2.732,no
308_win,0.308,sst,150,vihtavuori_n530,100,40.7,2743,24,12,2.732,no
308_win,0.308,sst,150,vihtavuori_n135,102,41.2,2726,24,12,2.732,no
308_win,0.308,sst,150,vihtavuori_n140,112,44.1,2749,24,12,2.732,no
308_win,0.308,sst,150,vihtavuori_n540,117,45.1,2818,24,12,2.732,no
308_win,0.308,lockbase,150,vihtavuori_n530,100,42.6,2927,24,12,2.756,no
308_win,0.308,lockbase,150,vihtavuori_n135,102,43.7,2904,24,12,2.756,no
308_win,0.308,lockbase,150,vihtavuori_n540,117,46.3,2956,24,12,2.756,no
308_win,0.308,mega_e469,150,vihtavuori_n135,102,41.4,2762,24,12,2.567,no
308_win,0.308,mega_e469,150,vihtavuori_n140,112,45.5,2703,24,12,2.567,no
308_win,0.308,mega_e469,150,vihtavuori_n540,117,45.8,2733,24,12,2.567,no
308_win,0.308,trx,150,vihtavuori_n133,89,38.6,2677,24,12,2.776,no
308_win,0.308,tactic,150,vihtavuori_n530,100,40.7,2799,24,12,2.78,no
308_win,0.308,tactic,150,vihtavuori_n135,102,41.4,2766,24,12,2.78,no
308_win,0.308,tactic,150,vihtavuori_n140,112,45.5,2805,24,12,2.78,no
308_win,0.308,tactic,150,vihtavuori_n540,117,45.5,2864,24,12,2.78,no
308_win,0.308,fmj,150,vihtavuori_n130,84,36.4,2631,24,12,2.693,no
308_win,0.308,fmj,150,vihtavuori_n133,89,39,2697,24,12,2.693,no
308_win,0.308,fmj,150,vihtavuori_n530,100,39.8,2713,24,12,2.693,no
308_win,0.308,fmj,150,vihtavuori_n135,102,41.2,2736,24,12,2.693,no
308_win,0.308,fmj,150,vihtavuori_n140,112,44.1,2785,24,12,2.693,no
308_win,0.308,accubond,150,vihtavuori_n133,89,40.4,2710,24,12,2.795,no
308_win,0.308,accubond,150,vihtavuori_n135,102,42.7,2746,24,12,2.795,no
308_win,0.308,accubond,150,vihtavuori_n140,112,45.7,2782,24,12,2.795,no
308_win,0.308,tarvas,150,vihtavuori_n135,102,41.7,2795,24,12,2.724,no
308_win,0.308,tarvas,150,vihtavuori_n140,112,45.4,2838,24,12,2.724,no
308_win,0.308,blade_645a,150,vihtavuori_n133,89,38.6,2585,24,12,2.795,no
308_win,0.308,blade_645a,150,vihtavuori_n135,102,40.3,2628,24,12,2.795,no
308_win,0.308,blade_645a,150,vihtavuori_n140,112,43.8,2697,24,12,2.795,no
308_win,0.308,blade_645a,150,vihtavuori_n540,117,44.1,2736,24,12,2.795,no
308_win,0.308,blade_645a,150,vihtavuori_n150,124,44.8,2703,24,12,2.795,no
308_win,0.308,hpbt,150,vihtavuori_n130,84,39.4,2710,24,12,2.795,no
308_win,0.308,hpbt,150,vihtavuori_n133,89,42.1,2766,24,12,2.795,no
308_win,0.308,hpbt,150,vihtavuori_n135,102,44,2789,24,12,2.795,no
308_win,0.308,hpbt,150,vihtavuori_n140,112,47.3,2851,24,12,2.795,no
308_win,0.308,hpbt,150,vihtavuori_n540,117,48.3,2956,24,12,2.795,no
308_win,0.308,spbt,150,vihtavuori_n133,89,44.1,2831,24,12,2.756,no
308_win,0.308,spbt,150,vihtavuori_n135,102,45.7,2857,24,12,2.756,no
308_win,0.308,spbt,150,vihtavuori_n140,112,47.1,2815,24,12,2.756,no
308_win,0.308,spbt,150,vihtavuori_n150,124,49.9,2880,24,12,2.756,no
308_win,0.308,scirocco_ii,150,vihtavuori_n135,102,38.3,2621,24,12,2.795,no
308_win,0.308,scirocco_ii,150,vihtavuori_n140,112,42.4,2697,24,12,2.795,no
308_win,0.308,scirocco_ii,150,vihtavuori_n540,117,42.7,2733,24,12,2.795,no
308_win,0.308,scirocco_ii,150,vihtavuori_n150,124,42.9,2713,24,12,2.795,no
308_win,0.308,scirocco_ii,150,vihtavuori_n550,129,46,2726,24,12,2.795,no
308_win,0.308,weldcore_pp,150,vihtavuori_n135,102,41.4,2680,24,12,2.795,no
308_win,0.308,weldcore_pp,150,vihtavuori_n140,112,44.3,2697,24,12,2.795,no
308_win,0.308,weldcore_pp,150,vihtavuori_n540,117,45.2,2802,24,12,2.795,no
308_win,0.308,hybrid_target,155,vihtavuori_n135,102,40.3,2664,24,12,2.795,no
308_win,0.308,hybrid_target,155,vihtavuori_n140,112,43.2,2687,24,12,2.795,no
308_win,0.308,hybrid_target,155,vihtavuori_n540,117,44,2762,24,12,2.795,no
308_win,0.308,hybrid_target,155,vihtavuori_n150,124,43.8,2720,24,12,2.795,no
308_win,0.308,hybrid_target,155,vihtavuori_n550,129,46.5,2756,24,12,2.795,no
308_win,0.308,vld_hunting,155,vihtavuori_n130,84,37.7,2612,24,12,2.8,no
308_win,0.308,vld_hunting,155,vihtavuori_n133,89,40.3,2667,24,12,2.8,no
308_win,0.308,vld_hunting,155,vihtavuori_n135,102,41.8,2694,24,12,2.8,no
308_win,0.308,vld_hunting,155,vihtavuori_n540,117,45.7,2795,24,12,2.8,no
308_win,0.308,tag,155,vihtavuori_n140,112,45.4,2772,24,12,2.74,no
308_win,0.308,tag,155,vihtavuori_n540,117,46.1,2858,24,12,2.74,no
308_win,0.308,tag,155,vihtavuori_n150,124,46.3,2782,24,12,2.74,no
308_win,0.308,bthp,155,vihtavuori_n130,84,38.3,2648,24,12,2.795,no
308_win,0.308,bthp,155,vihtavuori_n133,89,41.4,2720,24,12,2.795,no
308_win,0.308,bthp,155,vihtavuori_n135,102,43.4,2749,24,12,2.795,no
308_win,0.308,bthp,155,vihtavuori_n540,117,46.6,2828,24,12,2.795,no
308_win,0.308,eld_match,155,vihtavuori_n133,89,39.7,2684,24,12,2.799,no
308_win,0.308,eld_match,155,vihtavuori_n135,102,41.4,2717,24,12,2.799,no
308_win,0.308,eld_match,155,vihtavuori_n140,112,44.1,2759,24,12,2.799,no
308_win,0.308,eld_match,155,vihtavuori_n540,117,44.4,2782,24,12,2.799,no
308_win,0.308,scenar_l,155,vihtavuori_n530,100,41,2769,24,12,2.795,no
308_win,0.308,scenar_l,155,vihtavuori_n135,102,40.7,2638,24,12,2.795,no
308_win,0.308,scenar_l,155,vihtavuori_n140,112,43.4,2648,24,12,2.795,no
308_win,0.308,scenar_l,155,vihtavuori_n540,117,44.9,2900,24,12,2.795,no
308_win,0.308,scenar_l,155,vihtavuori_n150,124,46.8,2683,24,12,2.795,no
308_win,0.308,hunting,155,vihtavuori_n140,112,44.4,2743,24,12,2.752,no
308_win,0.308,hunting,155,vihtavuori_n540,117,44.8,2805,24,12,2.752,no
308_win,0.308,hunting,155,vihtavuori_n150,124,45.4,2776,24,12,2.752,no
308_win,0.308,custom_competition,155,vihtavuori_n133,89,40.3,2700,24,12,2.795,no
308_win,0.308,custom_competition,155,vihtavuori_n135,102,42.3,2733,24,12,2.795,no
308_win,0.308,custom_competition,155,vihtavuori_n540,117,45.5,2828,24,12,2.795,no
308_win,0.308,hpbt,155,vihtavuori_n135,102,41.3,2674,24,12,2.795,no
308_win,0.308,hpbt,155,vihtavuori_n140,112,44.2,2712,24,12,2.795,no
308_win,0.308,hpbt,155,vihtavuori_n540,117,45.1,2750,24,12,2.795,no
308_win,0.308,hpbt,155,vihtavuori_n150,124,46.5,2790,24,12,2.795,no
308_win,0.308,tmk,155,vihtavuori_n135,102,40.1,2654,24,12,2.795,no
308_win,0.308,tmk,155,vihtavuori_n140,112,43.1,2677,24,12,2.795,no
308_win,0.308,tmk,155,vihtavuori_n540,117,43.7,2753,24,12,2.795,no
308_win,0.308,tmk,155,vihtavuori_n150,124,44,2710,24,12,2.795,no
308_win,0.308,tmk,155,vihtavuori_n550,129,46.5,2759,24,12,2.795,no
308_win,0.308,fullbore_target,155.5,vihtavuori_n130,84,38,2635,24,12,2.8,no
308_win,0.308,fullbore_target,155.5,vihtavuori_n133,89,41.1,2690,24,12,2.8,no
308_win,0.308,fullbore_target,155.5,vihtavuori_n135,102,42.6,2733,24,12,2.8,no
308_win,0.308,blade_656a,162,vihtavuori_n540,117,42.6,2615,24,12,2.795,no
308_win,0.308,blade_656a,162,vihtavuori_n150,124,41.2,2503,24,12,2.795,no
308_win,0.308,tsx,165,vihtavuori_n140,112,43.1,2674,24,12,2.795,no
308_win,0.308,tsx,165,vihtavuori_n150,124,44.6,2703,24,12,2.795,no
308_win,0.308,tsx,165,vihtavuori_n550,129,47.1,2733,24,12,2.795,no
308_win,0.308,ttsx_bt,165,vihtavuori_n135,102,39.4,2507,24,12,2.799,no
308_win,0.308,tog,165,vihtavuori_n135,102,34.7,2221,24,12,2.697,no
308_win,0.308,tog,165,vihtavuori_n140,112,42.1,2585,24,12,2.697,no
308_win,0.308,tog,165,vihtavuori_n540,117,43.5,2690,24,12,2.697,no
308_win,0.308,tog,165,vihtavuori_n150,124,43.4,2605,24,12,2.697,no
308_win,0.308,mth,165,vihtavuori_n140,112,42.1,2566,24,12,2.795,no
308_win,0.308,mth,165,vihtavuori_n540,117,42.9,2644,24,12,2.795,no
308_win,0.308,mth,165,vihtavuori_n550,129,46.1,2661,24,12,2.795,no
308_win,0.308,cx,165,vihtavuori_n135,102,38.1,2438,24,12,2.799,no
308_win,0.308,ecx,165,vihtavuori_n135,102,37.5,2395,24,12,2.795,no
308_win,0.308,ecx,165,vihtavuori_n140,112,42.1,2510,24,12,2.795,no
308_win,0.308,ecx,165,vihtavuori_n540,117,43.4,2595,24,12,2.795,no
308_win,0.308,ecx,165,vihtavuori_n150,124,42.3,2530,24,12,2.795,no
308_win,0.308,gmx,165,vihtavuori_n140,112,41.2,2480,24,12,2.795,no
308_win,0.308,gmx,165,vihtavuori_n540,117,41.7,2549,24,12,2.795,no
308_win,0.308,gmx,165,vihtavuori_n150,124,41.7,2497,24,12,2.795,no
308_win,0.308,gmx,165,vihtavuori_n550,129,45.2,2592,24,12,2.795,no
308_win,0.308,interlock_btsp,165,vihtavuori_n130,84,36.6,2520,24,12,2.74,no
308_win,0.308,interlock_btsp,165,vihtavuori_n133,89,39.7,2582,24,12,2.74,no
308_win,0.308,interlock_btsp,165,vihtavuori_n135,102,41.1,2615,24,12,2.74,no
308_win,0.308,interlock_btsp,165,vihtavuori_n140,112,44.4,2687,24,12,2.74,no
308_win,0.308,sst,165,vihtavuori_n130,84,34.7,2444,24,12,2.776,no
308_win,0.308,sst,165,vihtavuori_n133,89,37.2,2497,24,12,2.776,no
308_win,0.308,sst,165,vihtavuori_n135,102,38.7,2533,24,12,2.776,no
308_win,0.308,sst,165,vihtavuori_n140,112,42.4,2595,24,12,2.776,no
308_win,0.308,sst,165,vihtavuori_n540,117,43.5,2680,24,12,2.776,no
308_win,0.308,sst,165,vihtavuori_n150,124,42.7,2631,24,12,2.776,no
308_win,0.308,sst,165,vihtavuori_n550,129,46,2687,24,12,2.776,no
308_win,0.308,solid_brass_tactic,165,vihtavuori_n130,84,36.7,2579,24,12,2.795,no
308_win,0.308,solid_brass_tactic,165,vihtavuori_n133,89,39.8,2628,24,12,2.795,no
308_win,0.308,tarvas,165,vihtavuori_n140,112,43.5,2687,24,12,2.724,no
308_win,0.308,tarvas,165,vihtavuori_n540,117,45.1,2736,24,12,2.724,no
308_win,0.308,tarvas,165,vihtavuori_n150,124,44.6,2684,24,12,2.724,no
308_win,0.308,solid_shank,165,vihtavuori_n140,112,42.9,2612,24,12,2.657,no
308_win,0.308,solid_shank,165,vihtavuori_n540,117,44,2651,24,12,2.657,no
308_win,0.308,solid_shank,165,vihtavuori_n150,124,44,2651,24,12,2.657,no
308_win,0.308,solid_shank,165,vihtavuori_n550,129,47.4,2667,24,12,2.657,no
308_win,0.308,sbt,165,vihtavuori_n135,102,40,2579,24,12,2.752,no
308_win,0.308,sbt,165,vihtavuori_n140,112,43.4,2651,24,12,2.752,no
308_win,0.308,sbt,165,vihtavuori_n540,117,44.4,2713,24,12,2.752,no
308_win,0.308,sbt,165,vihtavuori_n150,124,44,2648,24,12,2.752,no
308_win,0.308,spbt,165,vihtavuori_n133,89,41.9,2653,24,12,2.795,no
308_win,0.308,spbt,165,vihtavuori_n135,102,44.1,2703,24,12,2.795,no
308_win,0.308,spbt,165,vihtavuori_n140,112,46.3,2750,24,12,2.795,no
308_win,0.308,spbt,165,vihtavuori_n150,124,47.9,2761,24,12,2.795,no
308_win,0.308,spbt,165,vihtavuori_n550,129,49.3,2789,24,12,2.795,no
308_win,0.308,scirocco_ii,165,vihtavuori_n140,112,40.6,2549,24,12,2.795,no
308_win,0.308,scirocco_ii,165,vihtavuori_n540,117,41.5,2579,24,12,2.795,no
308_win,0.308,scirocco_ii,165,vihtavuori_n150,124,41.7,2566,24,12,2.795,no
308_win,0.308,scirocco_ii,165,vihtavuori_n550,129,45.2,2615,24,12,2.795,no
308_win,0.308,exhbt,166,vihtavuori_n135,102,35.5,2329,24,12,2.657,no
308_win,0.308,exhbt,166,vihtavuori_n140,112,42,2510,24,12,2.657,no
308_win,0.308,exhbt,166,vihtavuori_n540,117,42.7,2572,24,12,2.657,no
308_win,0.308,exhbt,166,vihtavuori_n150,124,41.7,2500,24,12,2.657,no
308_win,0.308,scenar,167,vihtavuori_n135,102,40,2667,24,12,2.795,no
308_win,0.308,scenar,167,vihtavuori_n140,112,44,2628,24,12,2.795,no
308_win,0.308,scenar,167,vihtavuori_n540,117,44,2661,24,12,2.795,no
308_win,0.308,scenar,167,vihtavuori_n150,124,44.8,2744,24,12,2.795,no
308_win,0.308,tsx,168,vihtavuori_n140,112,44.1,2664,24,12,2.795,no
308_win,0.308,tsx,168,vihtavuori_n540,117,45.4,2749,24,12,2.795,no
308_win,0.308,tsx,168,vihtavuori_n150,124,44.9,2671,24,12,2.795,no
308_win,0.308,ttsx_bt,168,vihtavuori_n133,89,38.4,2467,24,12,2.736,no
308_win,0.308,classic_hunter,168,vihtavuori_n133,89,39,2552,24,12,2.795,no
308_win,0.308,classic_hunter,168,vihtavuori_n135,102,40.6,2582,24,12,2.795,no
308_win,0.308,classic_hunter,168,vihtavuori_n140,112,43.5,2628,24,12,2.795,no
308_win,0.308,classic_hunter,168,vihtavuori_n540,117,44.1,2687,24,12,2.795,no
308_win,0.308,classic_hunter,168,vihtavuori_n150,124,43.5,2638,24,12,2.795,no
308_win,0.308,hybrid_target,168,vihtavuori_n140,112,41.8,2556,24,12,2.795,no
308_win,0.308,hybrid_target,168,vihtavuori_n540,117,42.9,2654,24,12,2.795,no
308_win,0.308,hybrid_target,168,vihtavuori_n150,124,42.8,2602,24,12,2.795,no
308_win,0.308,hybrid_target,168,vihtavuori_n550,129,45,2661,24,12,2.795,no
308_win,0.308,vld_hunting,168,vihtavuori_n130,84,36.9,2497,24,12,2.8,no
308_win,0.308,vld_hunting,168,vihtavuori_n133,89,39.4,2543,24,12,2.8,no
308_win,0.308,vld_hunting,168,vihtavuori_n135,102,41.1,2579,24,12,2.8,no
308_win,0.308,mtac,168,vihtavuori_n135,102,38.6,2490,24,12,2.795,no
308_win,0.308,mtac,168,vihtavuori_n140,112,41.8,2562,24,12,2.795,no
308_win,0.308,mtac,168,vihtavuori_n540,117,42.6,2621,24,12,2.795,no
308_win,0.308,mtac,168,vihtavuori_n150,124,42,2559,24,12,2.795,no
308_win,0.308,mtac,168,vihtavuori_n550,129,45.8,2641,24,12,2.795,no
308_win,0.308,a_max,168,vihtavuori_n133,89,38.3,2503,24,12,2.795,no
308_win,0.308,a_max,168,vihtavuori_n135,102,39.8,2533,24,12,2.795,no
308_win,0.308,a_max,168,vihtavuori_n140,112,42.1,2569,24,12,2.795,no
308_win,0.308,a_max,168,vihtavuori_n540,117,43.5,2651,24,12,2.795,no
308_win,0.308,eld_match,168,vihtavuori_n135,102,39.4,2575,24,12,2.795,no
308_win,0.308,eld_match,168,vihtavuori_n140,112,42.4,2648,24,12,2.795,no
308_win,0.308,eld_match,168,vihtavuori_n540,117,42.7,2671,24,12,2.795,no
308_win,0.308,eld_match,168,vihtavuori_n150,124,42.9,2644,24,12,2.795,no
308_win,0.308,custom_competition,168,vihtavuori_n133,89,38.9,2569,24,12,2.799,no
308_win,0.308,custom_competition,168,vihtavuori_n135,102,40.6,2592,24,12,2.799,no
308_win,0.308,custom_competition,168,vihtavuori_n540,117,43.7,2680,24,12,2.799,no
308_win,0.308,custom_competition,168,vihtavuori_n150,124,43.1,2638,24,12,2.799,no
308_win,0.308,hpbt,168,vihtavuori_n135,102,40.1,2569,24,12,2.795,no
308_win,0.308,hpbt,168,vihtavuori_n140,112,42.9,2631,24,12,2.795,no
308_win,0.308,hpbt,168,vihtavuori_n540,117,43.7,2671,24,12,2.795,no
308_win,0.308,hpbt,168,vihtavuori_n150,124,43.5,2635,24,12,2.795,no
308_win,0.308,hpbt,168,vihtavuori_n550,129,46.5,2703,24,12,2.795,no
308_win,0.308,target_match,168,vihtavuori_n133,89,39,2566,24,12,2.795,no
308_win,0.308,target_match,168,vihtavuori_n135,102,40.7,2595,24,12,2.795,no
308_win,0.308,target_match,168,vihtavuori_n140,112,43.7,2651,24,12,2.795,no
308_win,0.308,target_match,168,vihtavuori_n540,117,43.8,2680,24,12,2.795,no
308_win,0.308,target_match,168,vihtavuori_n150,124,43.8,2651,24,12,2.795,no
308_win,0.308,lockbase_b476,170,vihtavuori_n135,102,42.9,2645,24,12,2.795,no
308_win,0.308,lockbase_b476,170,vihtavuori_n140,112,45.5,2696,24,12,2.795,no
308_win,0.308,lockbase_b476,170,vihtavuori_n540,117,46.3,2762,24,12,2.795,no
308_win,0.308,lockbase_b476,170,vihtavuori_n150,124,45.5,2734,24,12,2.795,no
308_win,0.308,lockbase_b476,170,vihtavuori_n550,129,48.5,2772,24,12,2.795,no
308_win,0.308,naturalis_lr,170,vihtavuori_n140,112,43.8,2707,24,12,2.795,no
308_win,0.308,naturalis_lr,170,vihtavuori_n150,124,44.6,2674,24,12,2.795,no
308_win,0.308,naturalis_n558,170,vihtavuori_n140,112,42,2615,24,12,2.795,no
308_win,0.308,naturalis_n558,170,vihtavuori_n540,117,44.1,2703,24,12,2.795,no
308_win,0.308,naturalis_n558,170,vihtavuori_n150,124,42.7,2635,24,12,2.795,no
308_win,0.308,naturalis_n558,170,vihtavuori_n550,129,45.8,2621,24,12,2.795,no
308_win,0.308,eld_vt,174,vihtavuori_n130,84,36,2441,24,12,2.8,no
308_win,0.308,hpbt,174,vihtavuori_n133,89,37.5,2480,24,12,2.795,no
308_win,0.308,hpbt,174,vihtavuori_n135,102,38.9,2510,24,12,2.795,no
308_win,0.308,hpbt,174,vihtavuori_n140,112,41.7,2569,24,12,2.795,no
308_win,0.308,hpbt,174,vihtavuori_n540,117,42.1,2608,24,12,2.795,no
308_win,0.308,hpbt,174,vihtavuori_n150,124,42.3,2592,24,12,2.795,no
308_win,0.308,hpbt,174,vihtavuori_n550,129,45.2,2648,24,12,2.795,no
308_win,0.308,lrx_bt,175,vihtavuori_n133,89,37.7,2415,24,12,2.795,no
308_win,0.308,long_range_bt_target,175,vihtavuori_n130,84,36,2428,24,12,2.8,no
308_win,0.308,long_range_bt_target,175,vihtavuori_n133,89,38.9,2477,24,12,2.8,no
308_win,0.308,long_range_bt_target,175,vihtavuori_n135,102,40.6,2516,24,12,2.8,no
308_win,0.308,long_range_bt_target,175,vihtavuori_n140,112,43.5,2579,24,12,2.8,no
308_win,0.308,long_range_bt_target,175,vihtavuori_n540,117,44.3,2638,24,12,2.8,no
308_win,0.308,long_range_bt_target,175,vihtavuori_n150,124,44.1,2585,24,12,2.8,no
308_win,0.308,otm_tactical,175,vihtavuori_n130,84,34.9,2431,24,12,2.795,no
308_win,0.308,otm_tactical,175,vihtavuori_n133,89,37.3,2477,24,12,2.795,no
308_win,0.308,otm_tactical,175,vihtavuori_n530,100,38.6,2533,24,12,2.795,no
308_win,0.308,otm_tactical,175,vihtavuori_n135,102,39,2510,24,12,2.795,no
308_win,0.308,otm_tactical,175,vihtavuori_n140,112,41.8,2559,24,12,2.795,no
308_win,0.308,otm_tactical,175,vihtavuori_n540,117,42.9,2628,24,12,2.795,no
308_win,0.308,otm_tactical,175,vihtavuori_n150,124,42.3,2582,24,12,2.795,no
308_win,0.308,otm_tactical,175,vihtavuori_n550,129,45.4,2641,24,12,2.795,no
308_win,0.308,vld_hunting,175,vihtavuori_n130,84,36.1,2411,24,12,2.8,no
308_win,0.308,vld_hunting,175,vihtavuori_n133,89,38.9,2470,24,12,2.8,no
308_win,0.308,vld_hunting,175,vihtavuori_n135,102,40.3,2497,24,12,2.8,no
308_win,0.308,vld_hunting,175,vihtavuori_n140,112,43.4,2566,24,12,2.8,no
308_win,0.308,vld_hunting,175,vihtavuori_n540,117,44.1,2625,24,12,2.8,no
308_win,0.308,maxrange_target_gb581,175,vihtavuori_n135,102,39.5,2533,24,12,2.795,no
308_win,0.308,maxrange_target_gb581,175,vihtavuori_n540,117,42.7,2631,24,12,2.795,no
308_win,0.308,otm_scenar_l,175,vihtavuori_n135,102,38.6,2579,24,12,2.795,no
308_win,0.308,otm_scenar_l,175,vihtavuori_n140,112,41.4,2635,24,12,2.795,no
308_win,0.308,otm_scenar_l,175,vihtavuori_n540,117,42.4,2697,24,12,2.795,no
308_win,0.308,otm_scenar_l,175,vihtavuori_n150,124,42.1,2638,24,12,2.795,no
308_win,0.308,a_tip_match,176,vihtavuori_n135,102,39.8,2507,24,12,2.795,no
308_win,0.308,a_tip_match,176,vihtavuori_n540,117,44.1,2631,24,12,2.795,no
308_win,0.308,eld_match,178,vihtavuori_n130,84,36.1,2441,24,12,2.795,no
308_win,0.308,eld_match,178,vihtavuori_n133,89,38.7,2484,24,12,2.795,no
308_win,0.308,eld_match,178,vihtavuori_n135,102,40.1,2510,24,12,2.795,no
308_win,0.308,eld_match,178,vihtavuori_n140,112,43.2,2566,24,12,2.795,no
308_win,0.308,eld_match,178,vihtavuori_n540,117,43.7,2602,24,12,2.795,no
308_win,0.308,eld_match,178,vihtavuori_n150,124,44.1,2592,24,12,2.795,no
308_win,0.308,ttsx_bt,180,vihtavuori_n135,102,36.7,2333,24,12,2.795,no
308_win,0.308,ttsx_bt,180,vihtavuori_n140,112,40.7,2415,24,12,2.795,no
308_win,0.308,ttsx_bt,180,vihtavuori_n540,117,40.7,2454,24,12,2.795,no
308_win,0.308,ttsx_bt,180,vihtavuori_n150,124,40.6,2421,24,12,2.795,no
308_win,0.308,ttsx_bt,180,vihtavuori_n550,129,43.4,2464,24,12,2.795,no
308_win,0.308,xfb,180,vihtavuori_n540,117,39.3,2346,24,12,2.795,no
308_win,0.308,xfb,180,vihtavuori_n550,129,42.4,2408,24,12,2.795,no
308_win,0.308,elite_hunter,180,vihtavuori_n135,102,39,2448,24,12,2.795,no
308_win,0.308,elite_hunter,180,vihtavuori_n140,112,41.1,2487,24,12,2.795,no
308_win,0.308,elite_hunter,180,vihtavuori_n540,117,42.1,2549,24,12,2.795,no
308_win,0.308,elite_hunter,180,vihtavuori_n150,124,41.7,2493,24,12,2.795,no
308_win,0.308,elite_hunter,180,vihtavuori_n550,129,44.8,2575,24,12,2.795,no
308_win,0.308,cx,180,vihtavuori_n135,102,33,2165,24,12,2.795,no
308_win,0.308,cx,180,vihtavuori_n140,112,38.7,2329,24,12,2.795,no
308_win,0.308,cx,180,vihtavuori_n540,117,40.1,2421,24,12,2.795,no
308_win,0.308,cx,180,vihtavuori_n150,124,39.2,2346,24,12,2.795,no
308_win,0.308,cx,180,vihtavuori_n550,129,43.5,2480,24,12,2.795,no
308_win,0.308,interlock_btsp,180,vihtavuori_n135,102,39.8,2467,24,12,2.74,no
308_win,0.308,oryx,180,vihtavuori_n530,100,36.7,2441,24,12,2.709,no
308_win,0.308,oryx,180,vihtavuori_n135,102,37,2418,24,12,2.709,no
308_win,0.308,oryx,180,vihtavuori_n140,112,41.1,2493,24,12,2.709,no
308_win,0.308,oryx,180,vihtavuori_n540,117,41.1,2526,24,12,2.709,no
308_win,0.308,oryx,180,vihtavuori_n150,124,41.4,2507,24,12,2.709,no
308_win,0.308,oryx,180,vihtavuori_n550,129,43.4,2539,24,12,2.709,no
308_win,0.308,hmk,180,vihtavuori_n140,112,41.4,2474,24,12,2.661,no
308_win,0.308,hmk,180,vihtavuori_n540,117,42.4,2533,24,12,2.661,no
308_win,0.308,hmk,180,vihtavuori_n150,124,42.1,2493,24,12,2.661,no
308_win,0.308,uni_classic,180,vihtavuori_n140,112,41.5,2470,24,12,2.646,no
308_win,0.308,uni_classic,180,vihtavuori_n540,117,41.7,2497,24,12,2.646,no
308_win,0.308,uni_classic,180,vihtavuori_n150,124,42.1,2487,24,12,2.646,no
308_win,0.308,tug,181,vihtavuori_n135,102,38.4,2402,24,12,2.701,no
308_win,0.308,tug,181,vihtavuori_n140,112,42.4,2477,24,12,2.701,no
308_win,0.308,tug,181,vihtavuori_n540,117,42.9,2549,24,12,2.701,no
308_win,0.308,tug,181,vihtavuori_n150,124,42.3,2500,24,12,2.701,no
308_win,0.308,tug,181,vihtavuori_n550,129,46.3,2582,24,12,2.701,no
308_win,0.308,hybrid_target,185,vihtavuori_n540,117,40.4,2484,24,12,2.795,no
308_win,0.308,hybrid_target,185,vihtavuori_n150,124,40.6,2421,24,12,2.795,no
308_win,0.308,juggernaut_target,185,vihtavuori_n140,112,40.3,2395,24,12,2.795,no
308_win,0.308,juggernaut_target,185,vihtavuori_n540,117,41.1,2487,24,12,2.795,no
308_win,0.308,juggernaut_target,185,vihtavuori_n150,124,40.6,2408,24,12,2.795,no
308_win,0.308,juggernaut_target,185,vihtavuori_n550,129,43.4,2507,24,12,2.795,no
308_win,0.308,d46,185,vihtavuori_n135,102,41,2495,24,12,2.795,no
308_win,0.308,d46,185,vihtavuori_n140,112,43.7,2551,24,12,2.795,no
308_win,0.308,d46,185,vihtavuori_n540,117,43.8,2595,24,12,2.795,no
308_win,0.308,d46,185,vihtavuori_n150,124,43.8,2641,24,12,2.795,no
308_win,0.308,mega_e415,185,vihtavuori_n135,102,39.7,2398,24,12,2.657,no
308_win,0.308,mega_e415,185,vihtavuori_n140,112,43.5,2480,24,12,2.657,no
308_win,0.308,mega_e415,185,vihtavuori_n540,117,45.1,2628,24,12,2.657,no
308_win,0.308,mega_e415,185,vihtavuori_n150,124,45.2,2480,24,12,2.657,no
308_win,0.308,mega_e415,185,vihtavuori_n550,129,47.4,2520,24,12,2.657,no
308_win,0.308,scenar,185,vihtavuori_n140,112,41.5,2552,24,12,2.795,no
308_win,0.308,scenar,185,vihtavuori_n540,117,42.6,2628,24,12,2.795,no
308_win,0.308,scenar,185,vihtavuori_n150,124,42,2575,24,12,2.795,no
308_win,0.308,scenar,185,vihtavuori_n550,129,46.9,2608,24,12,2.795,no
308_win,0.308,hpbt,190,vihtavuori_n135,102,37.7,2382,24,12,2.795,no
308_win,0.308,hpbt,190,vihtavuori_n140,112,40,2448,24,12,2.795,no
308_win,0.308,hpbt,190,vihtavuori_n540,117,41.4,2507,24,12,2.795,no
308_win,0.308,hpbt,190,vihtavuori_n150,124,41.1,2467,24,12,2.795,no
308_win,0.308,hpbt,190,vihtavuori_n550,129,44.3,2546,24,12,2.795,no
308_win,0.308,eld_match,195,vihtavuori_n140,112,41.5,2431,24,12,2.8,no
308_win,0.308,eld_match,195,vihtavuori_n540,117,42.4,2493,24,12,2.8,no
308_win,0.308,sp,200,vihtavuori_n140,112,41.2,2335,24,12,2.795,no
308_win,0.308,sp,200,vihtavuori_n150,124,42.2,2344,24,12,2.795,no
308_win,0.308,200_20x_hybrid_target,200.2,vihtavuori_n140,112,40.4,2372,24,12,2.795,no
308_win,0.308,200_20x_hybrid_target,200.2,vihtavuori_n540,117,41.5,2454,24,12,2.795,no
308_win,0.308,200_20x_hybrid_target,200.2,vihtavuori_n150,124,40.3,2388,24,12,2.795,no
308_win,0.308,200_20x_hybrid_target,200.2,vihtavuori_n550,129,44.8,2497,24,12,2.795,no
308_win,0.308,elite_hunter,205,vihtavuori_n540,117,41.5,2415,24,12,2.795,no
308_win,0.308,hammerhead,220,vihtavuori_n140,112,39.2,2192,24,12,2.776,no
308_win,0.308,hammerhead,220,vihtavuori_n540,117,38.4,2182,24,12,2.776,no
308_win,0.308,hammerhead,220,vihtavuori_n150,124,38.9,2152,24,12,2.776,no
308_win,0.308,hammerhead,220,vihtavuori_n550,129,43.1,2270,24,12,2.776,no
6_5_creedmoor,0.264,ttsx_bt,100,vihtavuori_n550,129,44.8,3153,25.5,8,2.795,yes
6_5_creedmoor,0.264,ttsx_bt,100,vihtavuori_n160,143,47.8,3022,25.5,8,2.795,yes
6_5_creedmoor,0.264,classic_hunter,100,vihtavuori_n160,143,48.1,3153,25.5,8,2.717,yes
6_5_creedmoor,0.264,eld_match,100,vihtavuori_n160,143,47.8,3136,25.5,8,2.598,yes
6_5_creedmoor,0.264,eld_vt,100,vihtavuori_n550,129,42.9,3186,25.5,8,2.752,yes
6_5_creedmoor,0.264,eld_vt,100,vihtavuori_n555,144,44.8,3041,25.5,8,2.752,yes
6_5_creedmoor,0.264,eld_vt,100,vihtavuori_n160,143,47.8,3159,25.5,8,2.752,yes
6_5_creedmoor,0.264,fmj,100,vihtavuori_n555,144,46.3,3087,25.5,8,2.535,yes
6_5_creedmoor,0.264,bt_target,120,vihtavuori_n555,144,45.2,2897,25.5,8,2.795,yes
6_5_creedmoor,0.264,bt_target,120,vihtavuori_n160,143,46.5,2910,25.5,8,2.795,yes
6_5_creedmoor,0.264,cx,120,vihtavuori_n555,144,46.3,2877,25.5,8,2.657,yes
6_5_creedmoor,0.264,cx,120,vihtavuori_n160,143,45.8,2818,25.5,8,2.657,yes
6_5_creedmoor,0.264,cx,120,vihtavuori_n560,147,48.9,2907,25.5,8,2.657,yes
6_5_creedmoor,0.264,eld_match,120,vihtavuori_n555,144,44.8,2936,25.5,8,2.736,yes
6_5_creedmoor,0.264,eld_match,120,vihtavuori_n160,143,44,2851,25.5,8,2.736,yes
6_5_creedmoor,0.264,eld_match,120,vihtavuori_n560,147,46.6,2923,25.5,8,2.736,yes
6_5_creedmoor,0.264,scenar_l,120,vihtavuori_n555,144,45.4,2992,25.5,8,2.677,yes
6_5_creedmoor,0.264,trx,120,vihtavuori_n555,144,44,2897,25.5,8,2.795,yes
6_5_creedmoor,0.264,trx,120,vihtavuori_n160,143,43.8,2835,25.5,8,2.795,yes
6_5_creedmoor,0.264,trx,120,vihtavuori_n165,153,47.1,2874,25.5,8,2.795,yes
6_5_creedmoor,0.264,trx,120,vihtavuori_n560,147,46,2894,25.5,8,2.795,yes
6_5_creedmoor,0.264,trx,120,vihtavuori_n565,156,46.3,2756,25.5,8,2.795,yes
6_5_creedmoor,0.264,blade_657h,120,vihtavuori_n555,144,45.5,2828,25.5,8,2.795,yes
6_5_creedmoor,0.264,hpbt,120,vihtavuori_n555,144,45.4,2976,25.5,8,2.677,yes
6_5_creedmoor,0.264,hpbt,120,vihtavuori_n160,143,44.9,2900,25.5,8,2.677,yes
6_5_creedmoor,0.264,hpbt,120,vihtavuori_n560,147,46.8,2949,25.5,8,2.677,yes
6_5_creedmoor,0.264,hpbt,120,vihtavuori_n565,156,46.3,2726,25.5,8,2.677,yes
6_5_creedmoor,0.264,target,123,vihtavuori_n555,144,44.3,2881,25.5,8,2.618,yes
6_5_creedmoor,0.264,eld_match,123,vihtavuori_n555,144,44.4,2930,25.5,8,2.764,yes
6_5_creedmoor,0.264,eld_match,123,vihtavuori_n560,147,46,2907,25.5,8,2.764,yes
6_5_creedmoor,0.264,eld_match,123,vihtavuori_n565,156,46.3,2759,25.5,8,2.764,yes
6_5_creedmoor,0.264,scenar,123,vihtavuori_n555,144,45.2,2963,25.5,8,2.677,yes
6_5_creedmoor,0.264,hpbt_matchking,123,vihtavuori_n555,144,45.7,2976,25.5,8,2.736,yes
6_5_creedmoor,0.264,hpbt_matchking,123,vihtavuori_n160,143,45.7,2920,25.5,8,2.736,yes
6_5_creedmoor,0.264,hpbt_matchking,123,vihtavuori_n560,147,47.2,2949,25.5,8,2.736,yes
6_5_creedmoor,0.264,lrx_bt,127,vihtavuori_n555,144,45.8,2831,25.5,8,2.748,yes
6_5_creedmoor,0.264,interlock_sp,129,vihtavuori_n555,144,44.9,2854,25.5,8,2.697,yes
6_5_creedmoor,0.264,sst,129,vihtavuori_n555,144,44.4,2825,25.5,8,2.67,yes
6_5_creedmoor,0.264,sst,129,vihtavuori_n160,143,44.3,2759,25.5,8,2.67,yes
6_5_creedmoor,0.264,sst,129,vihtavuori_n560,147,46.6,2831,25.5,8,2.67,yes
6_5_creedmoor,0.264,cx,130,vihtavuori_n555,144,42.3,2769,25.5,8,2.799,yes
6_5_creedmoor,0.264,cx,130,vihtavuori_n160,143,42.3,2710,25.5,8,2.799,yes
6_5_creedmoor,0.264,cx,130,vihtavuori_n560,147,45.1,2782,25.5,8,2.799,yes
6_5_creedmoor,0.264,eld_match,130,vihtavuori_n555,144,43.7,2841,25.5,8,2.799,yes
6_5_creedmoor,0.264,eld_match,130,vihtavuori_n160,143,43.4,2782,25.5,8,2.799,yes
6_5_creedmoor,0.264,eld_match,130,vihtavuori_n560,147,45.4,2835,25.5,8,2.799,yes
6_5_creedmoor,0.264,eld_match,130,vihtavuori_n565,156,46.3,2713,25.5,8,2.799,yes
6_5_creedmoor,0.264,tgk,130,vihtavuori_n555,144,43.1,2818,25.5,8,2.807,yes
6_5_creedmoor,0.264,tgk,130,vihtavuori_n560,147,44.8,2808,25.5,8,2.807,yes
6_5_creedmoor,0.264,tmk,130,vihtavuori_n555,144,44.1,2854,25.5,8,2.807,yes
6_5_creedmoor,0.264,tmk,130,vihtavuori_n160,143,43.8,2785,25.5,8,2.807,yes
6_5_creedmoor,0.264,tmk,130,vihtavuori_n560,147,45.7,2831,25.5,8,2.807,yes
6_5_creedmoor,0.264,scirocco_ii,130,vihtavuori_n165,153,44.8,2651,25.5,8,2.65,yes
6_5_creedmoor,0.264,a_tip,135,vihtavuori_n165,153,47.8,2828,25.5,8,2.795,yes
6_5_creedmoor,0.264,a_tip,135,vihtavuori_n565,156,47.8,2762,25.5,8,2.795,yes
6_5_creedmoor,0.264,scenar_l,136,vihtavuori_n555,144,44.1,2822,25.5,8,2.677,yes
6_5_creedmoor,0.264,scenar_l,136,vihtavuori_n160,143,46,2854,25.5,8,2.677,yes
6_5_creedmoor,0.264,tog,139,vihtavuori_n555,144,42.4,2687,25.5,8,2.622,yes
6_5_creedmoor,0.264,tog,139,vihtavuori_n560,147,44.6,2707,25.5,8,2.622,yes
6_5_creedmoor,0.264,tog,139,vihtavuori_n565,156,46.3,2625,25.5,8,2.622,yes
6_5_creedmoor,0.264,hybrid_target,140,vihtavuori_n565,156,47.1,2733,25.5,8,2.717,yes
6_5_creedmoor,0.264,eld_match,140,vihtavuori_n555,144,42,2700,25.5,8,2.799,yes
6_5_creedmoor,0.264,eld_match,140,vihtavuori_n160,143,40.9,2618,25.5,8,2.799,yes
6_5_creedmoor,0.264,eld_match,140,vihtavuori_n560,147,44,2713,25.5,8,2.799,yes
6_5_creedmoor,0.264,eld_match,140,vihtavuori_n565,156,45.8,2671,25.5,8,2.799,yes
6_5_creedmoor,0.264,long_range_hybrid_target,144,vihtavuori_n565,156,47.1,2746,25.5,8,2.795,yes
6_5_creedmoor,0.264,maxrange_target_gb582,144,vihtavuori_n555,144,40.1,2608,25.5,8,2.815,yes
6_5_creedmoor,0.264,maxrange_target_gb582,144,vihtavuori_n165,153,42.7,2608,25.5,8,2.815,yes
6_5_creedmoor,0.264,maxrange_target_gb582,144,vihtavuori_n560,147,42.4,2641,25.5,8,2.815,yes
6_5_creedmoor,0.264,maxrange_target_gb582,144,vihtavuori_n565,156,44.4,2638,25.5,8,2.815,yes
6_5_creedmoor,0.264,eld_match,147,vihtavuori_n555,144,42.6,2667,25.5,8,2.787,yes
6_5_creedmoor,0.264,eld_match,147,vihtavuori_n165,153,46.6,2700,25.5,8,2.787,yes
6_5_creedmoor,0.264,eld_match,147,vihtavuori_n565,156,46,2654,25.5,8,2.787,yes
6_5_creedmoor,0.264,a_tip,153,vihtavuori_n565,156,45.7,2615,25.5,8,2.783,yes
6_5_creedmoor,0.264,long_range_hybrid_target,153.5,vihtavuori_n165,153,46.9,2680,25.5,8,2.795,yes
6_5_creedmoor,0.264,long_range_hybrid_target,153.5,vihtavuori_n565,156,46.8,2648,25.5,8,2.795,yes
6_5_creedmoor,0.264,elite_hunter,156,vihtavuori_n550,129,38.7,2526,25.5,8,2.795,yes
6_5_creedmoor,0.264,elite_hunter,156,vihtavuori_n555,144,43.5,2592,25.5,8,2.795,yes
6_5_creedmoor,0.264,elite_hunter,156,vihtavuori_n160,143,42.3,2493,25.5,8,2.795,yes
6_5_creedmoor,0.264,elite_hunter,156,vihtavuori_n165,153,47.1,2595,25.5,8,2.795,yes
6_5_creedmoor,0.264,elite_hunter,156,vihtavuori_n560,147,45.1,2625,25.5,8,2.795,yes
6_5_creedmoor,0.264,elite_hunter,156,vihtavuori_n565,156,46.3,2572,25.5,8,2.795,yes
6_5_creedmoor,0.264,oryx,156,vihtavuori_n565,156,41.8,2470,25.5,8,2.736,yes
6_5_creedmoor,0.264,interlock,160,vihtavuori_n560,147,43.5,2543,25.5,8,2.74,yes
6_5_creedmoor,0.264,interlock,160,vihtavuori_n565,156,45.8,2546,25.5,8,2.74,yes
6_5_creedmoor,0.264,terminal_ascent,130,accurate_4350,135,39.5,2614,,,,no
6_5_creedmoor,0.264,terminal_ascent,130,accurate_4350,135,39.5,2628,,,,no
6_5_creedmoor,0.264,terminal_ascent,130,accurate_4350,135,39.5,2662,,,,no
6_5_creedmoor,0.264,terminal_ascent,130,accurate_4350,135,40,2691,,,,no
6_5_creedmoor,0.264,terminal_ascent,130,accurate_4350,135,40,2690,,,,no
6_5_creedmoor,0.264,terminal_ascent,130,accurate_4350,135,40,2684,,,,no
6_5_creedmoor,0.264,terminal_ascent,130,accurate_4350,135,40.5,2737,,,,no
6_5_creedmoor,0.264,terminal_ascent,130,accurate_4350,135,40.5,2732,,,,no
6_5_creedmoor,0.264,terminal_ascent,130,accurate_4350,135,40.5,2718,,,,no
6_5_creedmoor,0.264,terminal_ascent,130,accurate_4350,135,41,2786,,,,no
6_5_creedmoor,0.264,terminal_ascent,130,accurate_4350,135,41,2770,,,,no
6_5_creedmoor,0.264,terminal_ascent,130,accurate_4350,135,41,2768,,,,no
6_5_creedmoor,0.264,v_max,95,vihtavuori_n140,112,38.6,2972,25.5,8,2.677,no
6_5_creedmoor,0.264,v_max,95,vihtavuori_n540,117,39.4,3041,25.5,8,2.677,no
6_5_creedmoor,0.264,v_max,95,vihtavuori_n150,124,38.6,3005,25.5,8,2.677,no
6_5_creedmoor,0.264,v_max,95,vihtavuori_n550,129,42.6,3061,25.5,8,2.677,no
6_5_creedmoor,0.264,ttsx_bt,100,vihtavuori_n140,112,34,2631,25.5,8,2.795,no
6_5_creedmoor,0.264,ttsx_bt,100,vihtavuori_n540,117,37,2789,25.5,8,2.795,no
6_5_creedmoor,0.264,ttsx_bt,100,vihtavuori_n150,124,33.2,2661,25.5,8,2.795,no
6_5_creedmoor,0.264,ttsx_bt,100,vihtavuori_n550,129,40.4,2844,25.5,8,2.795,no
6_5_creedmoor,0.264,ttsx_bt,100,vihtavuori_n160,143,41.7,2854,25.5,8,2.795,no
6_5_creedmoor,0.264,classic_hunter,100,vihtavuori_n140,112,34,2680,25.5,8,2.717,no
6_5_creedmoor,0.264,classic_hunter,100,vihtavuori_n540,117,37.8,2900,25.5,8,2.717,no
6_5_creedmoor,0.264,classic_hunter,100,vihtavuori_n150,124,34.9,2746,25.5,8,2.717,no
6_5_creedmoor,0.264,classic_hunter,100,vihtavuori_n550,129,39.8,2907,25.5,8,2.717,no
6_5_creedmoor,0.264,classic_hunter,100,vihtavuori_n160,143,44.4,2900,25.5,8,2.717,no
6_5_creedmoor,0.264,eld_match,100,vihtavuori_n135,102,34.3,2805,25.5,8,2.598,no
6_5_creedmoor,0.264,eld_match,100,vihtavuori_n140,112,36.7,2854,25.5,8,2.598,no
6_5_creedmoor,0.264,eld_match,100,vihtavuori_n540,117,37.8,2923,25.5,8,2.598,no
6_5_creedmoor,0.264,eld_match,100,vihtavuori_n150,124,37.3,2881,25.5,8,2.598,no
6_5_creedmoor,0.264,eld_match,100,vihtavuori_n550,129,40.3,2943,25.5,8,2.598,no
6_5_creedmoor,0.264,eld_match,100,vihtavuori_n160,143,46,2989,25.5,8,2.598,no
6_5_creedmoor,0.264,eld_vt,100,vihtavuori_n140,112,35.5,2802,25.5,8,2.752,no
6_5_creedmoor,0.264,eld_vt,100,vihtavuori_n540,117,37,2904,25.5,8,2.752,no
6_5_creedmoor,0.264,eld_vt,100,vihtavuori_n150,124,36.3,2818,25.5,8,2.752,no
6_5_creedmoor,0.264,eld_vt,100,vihtavuori_n550,129,39.7,2927,25.5,8,2.752,no
6_5_creedmoor,0.264,eld_vt,100,vihtavuori_n555,144,43.7,2963,25.5,8,2.752,no
6_5_creedmoor,0.264,eld_vt,100,vihtavuori_n160,143,44.8,2946,25.5,8,2.752,no
6_5_creedmoor,0.264,fmj,100,vihtavuori_n140,112,36.1,2756,25.5,8,2.535,no
6_5_creedmoor,0.264,fmj,100,vihtavuori_n540,117,37.7,2831,25.5,8,2.535,no
6_5_creedmoor,0.264,fmj,100,vihtavuori_n150,124,35.3,2671,25.5,8,2.535,no
6_5_creedmoor,0.264,fmj,100,vihtavuori_n550,129,41.4,2900,25.5,8,2.535,no
6_5_creedmoor,0.264,fmj,100,vihtavuori_n555,144,44.8,2972,25.5,8,2.535,no
6_5_creedmoor,0.264,scenar,100,vihtavuori_n140,112,37.2,2851,25.5,8,2.677,no
6_5_creedmoor,0.264,scenar,100,vihtavuori_n540,117,37.3,2890,25.5,8,2.677,no
6_5_creedmoor,0.264,scenar,100,vihtavuori_n150,124,36.9,2828,25.5,8,2.677,no
6_5_creedmoor,0.264,scenar,108,vihtavuori_n540,117,35.6,2766,25.5,8,2.677,no
6_5_creedmoor,0.264,scenar,108,vihtavuori_n150,124,33.6,2677,25.5,8,2.677,no
6_5_creedmoor,0.264,scenar,108,vihtavuori_n550,129,38.3,2772,25.5,8,2.677,no
6_5_creedmoor,0.264,ttsx_bt,120,vihtavuori_n140,112,30.9,2415,25.5,8,2.787,no
6_5_creedmoor,0.264,ttsx_bt,120,vihtavuori_n150,124,27.8,2224,25.5,8,2.787,no
6_5_creedmoor,0.264,ttsx_bt,120,vihtavuori_n550,129,34.6,2464,25.5,8,2.787,no
6_5_creedmoor,0.264,ttsx_bt,120,vihtavuori_n555,144,40.3,2635,25.5,8,2.787,no
6_5_creedmoor,0.264,ttsx_bt,120,vihtavuori_n160,143,36.3,2500,25.5,8,2.787,no
6_5_creedmoor,0.264,bt_target,120,vihtavuori_n140,112,33.5,2487,25.5,8,2.795,no
6_5_creedmoor,0.264,bt_target,120,vihtavuori_n540,117,35.5,2635,25.5,8,2.795,no
6_5_creedmoor,0.264,bt_target,120,vihtavuori_n150,124,33.6,2516,25.5,8,2.795,no
6_5_creedmoor,0.264,bt_target,120,vihtavuori_n550,129,37.7,2657,25.5,8,2.795,no
6_5_creedmoor,0.264,bt_target,120,vihtavuori_n555,144,42.7,2766,25.5,8,2.795,no
6_5_creedmoor,0.264,bt_target,120,vihtavuori_n160,143,42,2654,25.5,8,2.795,no
6_5_creedmoor,0.264,cx,120,vihtavuori_n540,117,35.5,2552,25.5,8,2.657,no
6_5_creedmoor,0.264,cx,120,vihtavuori_n150,124,31.6,2306,25.5,8,2.657,no
6_5_creedmoor,0.264,cx,120,vihtavuori_n550,129,37.3,2559,25.5,8,2.657,no
6_5_creedmoor,0.264,cx,120,vihtavuori_n555,144,41.7,2648,25.5,8,2.657,no
6_5_creedmoor,0.264,cx,120,vihtavuori_n160,143,38.6,2503,25.5,8,2.657,no
6_5_creedmoor,0.264,cx,120,vihtavuori_n560,147,44.8,2631,25.5,8,2.657,no
6_5_creedmoor,0.264,eld_match,120,vihtavuori_n140,112,31.6,2457,25.5,8,2.736,no
6_5_creedmoor,0.264,eld_match,120,vihtavuori_n540,117,33.2,2552,25.5,8,2.736,no
6_5_creedmoor,0.264,eld_match,120,vihtavuori_n150,124,30.9,2434,25.5,8,2.736,no
6_5_creedmoor,0.264,eld_match,120,vihtavuori_n550,129,36.3,2605,25.5,8,2.736,no
6_5_creedmoor,0.264,eld_match,120,vihtavuori_n555,144,40.1,2677,25.5,8,2.736,no
6_5_creedmoor,0.264,eld_match,120,vihtavuori_n160,143,34.9,2474,25.5,8,2.736,no
6_5_creedmoor,0.264,eld_match,120,vihtavuori_n560,147,42.4,2661,25.5,8,2.736,no
6_5_creedmoor,0.264,gmx,120,vihtavuori_n140,112,30.9,2343,25.5,8,2.776,no
6_5_creedmoor,0.264,gmx,120,vihtavuori_n540,117,33.6,2477,25.5,8,2.776,no
6_5_creedmoor,0.264,gmx,120,vihtavuori_n150,124,29.3,2320,25.5,8,2.776,no
6_5_creedmoor,0.264,gmx,120,vihtavuori_n550,129,36.3,2546,25.5,8,2.776,no
6_5_creedmoor,0.264,scenar_l,120,vihtavuori_n540,117,33.6,2592,25.5,8,2.677,no
6_5_creedmoor,0.264,scenar_l,120,vihtavuori_n150,124,31.3,2480,25.5,8,2.677,no
6_5_creedmoor,0.264,scenar_l,120,vihtavuori_n550,129,36.7,2638,25.5,8,2.677,no
6_5_creedmoor,0.264,scenar_l,120,vihtavuori_n555,144,41.2,2749,25.5,8,2.677,no
6_5_creedmoor,0.264,trx,120,vihtavuori_n540,117,34,2589,25.5,8,2.795,no
6_5_creedmoor,0.264,trx,120,vihtavuori_n550,129,37,2618,25.5,8,2.795,no
6_5_creedmoor,0.264,trx,120,vihtavuori_n555,144,40.4,2694,25.5,8,2.795,no
6_5_creedmoor,0.264,trx,120,vihtavuori_n160,143,37.8,2520,25.5,8,2.795,no
6_5_creedmoor,0.264,trx,120,vihtavuori_n165,153,44.4,2720,25.5,8,2.795,no
6_5_creedmoor,0.264,trx,120,vihtavuori_n560,147,42,2628,25.5,8,2.795,no
6_5_creedmoor,0.264,trx,120,vihtavuori_n565,156,44,2621,25.5,8,2.795,no
6_5_creedmoor,0.264,ballistic_tip,120,vihtavuori_n540,117,34.6,2579,25.5,8,2.736,no
6_5_creedmoor,0.264,ballistic_tip,120,vihtavuori_n150,124,31.6,2421,25.5,8,2.736,no
6_5_creedmoor,0.264,ballistic_tip,120,vihtavuori_n550,129,36.4,2595,25.5,8,2.736,no
6_5_creedmoor,0.264,ballistic_tip,120,vihtavuori_n555,144,41.4,2710,25.5,8,2.736,no
6_5_creedmoor,0.264,ballistic_tip,120,vihtavuori_n160,143,39.4,2552,25.5,8,2.736,no
6_5_creedmoor,0.264,blade_657h,120,vihtavuori_n140,112,33.2,2343,25.5,8,2.795,no
6_5_creedmoor,0.264,blade_657h,120,vihtavuori_n540,117,36.1,2526,25.5,8,2.795,no
6_5_creedmoor,0.264,blade_657h,120,vihtavuori_n150,124,31.2,2251,25.5,8,2.795,no
6_5_creedmoor,0.264,blade_657h,120,vihtavuori_n550,129,38.6,2566,25.5,8,2.795,no
6_5_creedmoor,0.264,blade_657h,120,vihtavuori_n555,144,42.4,2638,25.5,8,2.795,no
6_5_creedmoor,0.264,hpbt,120,vihtavuori_n140,112,33.2,2543,25.5,8,2.677,no
6_5_creedmoor,0.264,hpbt,120,vihtavuori_n540,117,34.7,2621,25.5,8,2.677,no
6_5_creedmoor,0.264,hpbt,120,vihtavuori_n150,124,32.4,2510,25.5,8,2.677,no
6_5_creedmoor,0.264,hpbt,120,vihtavuori_n550,129,37.8,2671,25.5,8,2.677,no
6_5_creedmoor,0.264,hpbt,120,vihtavuori_n555,144,41.7,2756,25.5,8,2.677,no
6_5_creedmoor,0.264,hpbt,120,vihtavuori_n160,143,40.1,2641,25.5,8,2.677,no
6_5_creedmoor,0.264,hpbt,120,vihtavuori_n560,147,43.2,2684,25.5,8,2.677,no
6_5_creedmoor,0.264,hpbt,120,vihtavuori_n565,156,45.1,2644,25.5,8,2.677,no
6_5_creedmoor,0.264,classic_hunter,123,vihtavuori_n140,112,31,2283,25.5,8,2.736,no
6_5_creedmoor,0.264,classic_hunter,123,vihtavuori_n540,117,33.2,2467,25.5,8,2.736,no
6_5_creedmoor,0.264,classic_hunter,123,vihtavuori_n150,124,30.4,2297,25.5,8,2.736,no
6_5_creedmoor,0.264,classic_hunter,123,vihtavuori_n550,129,34.7,2484,25.5,8,2.736,no
6_5_creedmoor,0.264,classic_hunter,123,vihtavuori_n555,144,39,2585,25.5,8,2.736,no
6_5_creedmoor,0.264,classic_hunter,123,vihtavuori_n160,143,37.8,2457,25.5,8,2.736,no
6_5_creedmoor,0.264,classic_hunter,123,vihtavuori_n560,147,40.1,2513,25.5,8,2.736,no
6_5_creedmoor,0.264,target,123,vihtavuori_n140,112,30.9,2372,25.5,8,2.618,no
6_5_creedmoor,0.264,target,123,vihtavuori_n540,117,33.2,2526,25.5,8,2.618,no
6_5_creedmoor,0.264,target,123,vihtavuori_n150,124,30.9,2369,25.5,8,2.618,no
6_5_creedmoor,0.264,target,123,vihtavuori_n550,129,34.7,2526,25.5,8,2.618,no
6_5_creedmoor,0.264,target,123,vihtavuori_n555,144,39.4,2638,25.5,8,2.618,no
6_5_creedmoor,0.264,target,123,vihtavuori_n160,143,37,2474,25.5,8,2.618,no
6_5_creedmoor,0.264,eld_match,123,vihtavuori_n140,112,31.6,2461,25.5,8,2.764,no
6_5_creedmoor,0.264,eld_match,123,vihtavuori_n540,117,34,2579,25.5,8,2.764,no
6_5_creedmoor,0.264,eld_match,123,vihtavuori_n150,124,31.6,2457,25.5,8,2.764,no
6_5_creedmoor,0.264,eld_match,123,vihtavuori_n550,129,36.3,2582,25.5,8,2.764,no
6_5_creedmoor,0.264,eld_match,123,vihtavuori_n555,144,40.9,2694,25.5,8,2.764,no
6_5_creedmoor,0.264,eld_match,123,vihtavuori_n160,143,39.4,2608,25.5,8,2.764,no
6_5_creedmoor,0.264,eld_match,123,vihtavuori_n560,147,42.4,2644,25.5,8,2.764,no
6_5_creedmoor,0.264,eld_match,123,vihtavuori_n565,156,44.4,2631,25.5,8,2.764,no
6_5_creedmoor,0.264,scenar,123,vihtavuori_n540,117,35.6,2621,25.5,8,2.677,no
6_5_creedmoor,0.264,scenar,123,vihtavuori_n150,124,34.3,2523,25.5,8,2.677,no
6_5_creedmoor,0.264,scenar,123,vihtavuori_n550,129,38,2631,25.5,8,2.677,no
6_5_creedmoor,0.264,scenar,123,vihtavuori_n555,144,41.2,2736,25.5,8,2.677,no
6_5_creedmoor,0.264,hpbt_matchking,123,vihtavuori_n140,112,32.4,2503,25.5,8,2.736,no
6_5_creedmoor,0.264,hpbt_matchking,123,vihtavuori_n540,117,35.5,2641,25.5,8,2.736,no
6_5_creedmoor,0.264,hpbt_matchking,123,vihtavuori_n150,124,33.2,2533,25.5,8,2.736,no
6_5_creedmoor,0.264,hpbt_matchking,123,vihtavuori_n550,129,38,2671,25.5,8,2.736,no
6_5_creedmoor,0.264,hpbt_matchking,123,vihtavuori_n555,144,41.7,2720,25.5,8,2.736,no
6_5_creedmoor,0.264,hpbt_matchking,123,vihtavuori_n160,143,41.7,2661,25.5,8,2.736,no
6_5_creedmoor,0.264,hpbt_matchking,123,vihtavuori_n560,147,43.5,2687,25.5,8,2.736,no
6_5_creedmoor,0.264,lrx_bt,127,vihtavuori_n140,112,31.6,2306,25.5,8,2.748,no
6_5_creedmoor,0.264,lrx_bt,127,vihtavuori_n540,117,34,2428,25.5,8,2.748,no
6_5_creedmoor,0.264,lrx_bt,127,vihtavuori_n150,124,31.6,2260,25.5,8,2.748,no
6_5_creedmoor,0.264,lrx_bt,127,vihtavuori_n550,129,36.3,2484,25.5,8,2.748,no
6_5_creedmoor,0.264,lrx_bt,127,vihtavuori_n555,144,40.1,2543,25.5,8,2.748,no
6_5_creedmoor,0.264,lrx_bt,127,vihtavuori_n160,143,38.6,2421,25.5,8,2.748,no
6_5_creedmoor,0.264,lrx_bt,127,vihtavuori_n560,147,41.7,2510,25.5,8,2.748,no
6_5_creedmoor,0.264,interlock_sp,129,vihtavuori_n140,112,31.9,2329,25.5,8,2.697,no
6_5_creedmoor,0.264,interlock_sp,129,vihtavuori_n540,117,34,2480,25.5,8,2.697,no
6_5_creedmoor,0.264,interlock_sp,129,vihtavuori_n150,124,32.4,2333,25.5,8,2.697,no
6_5_creedmoor,0.264,interlock_sp,129,vihtavuori_n550,129,37,2546,25.5,8,2.697,no
6_5_creedmoor,0.264,interlock_sp,129,vihtavuori_n555,144,40.9,2608,25.5,8,2.697,no
6_5_creedmoor,0.264,interlock_sp,129,vihtavuori_n160,143,39.7,2480,25.5,8,2.697,no
6_5_creedmoor,0.264,interlock_sp,129,vihtavuori_n560,147,42,2566,25.5,8,2.697,no
6_5_creedmoor,0.264,v_max,95,vihtavuori_n140,112,42.1,3219,25.5,8,2.677,no
6_5_creedmoor,0.264,v_max,95,vihtavuori_n540,117,43.1,3323,25.5,8,2.677,no
6_5_creedmoor,0.264,v_max,95,vihtavuori_n150,124,42.1,3219,25.5,8,2.677,no
6_5_creedmoor,0.264,v_max,95,vihtavuori_n550,129,45.5,3340,25.5,8,2.677,no
6_5_creedmoor,0.264,ttsx_bt,100,vihtavuori_n140,112,39.7,2956,25.5,8,2.795,no
6_5_creedmoor,0.264,ttsx_bt,100,vihtavuori_n540,117,41.7,3097,25.5,8,2.795,no
6_5_creedmoor,0.264,ttsx_bt,100,vihtavuori_n150,124,35.5,2799,25.5,8,2.795,no
6_5_creedmoor,0.264,classic_hunter,100,vihtavuori_n140,112,39.2,3018,25.5,8,2.717,no
6_5_creedmoor,0.264,classic_hunter,100,vihtavuori_n540,117,41.5,3179,25.5,8,2.717,no
6_5_creedmoor,0.264,classic_hunter,100,vihtavuori_n150,124,39.2,3031,25.5,8,2.717,no
6_5_creedmoor,0.264,classic_hunter,100,vihtavuori_n550,129,44.1,3219,25.5,8,2.717,no
6_5_creedmoor,0.264,eld_match,100,vihtavuori_n135,102,37.3,3041,25.5,8,2.598,no
6_5_creedmoor,0.264,eld_match,100,vihtavuori_n140,112,40.1,3130,25.5,8,2.598,no
6_5_creedmoor,0.264,eld_match,100,vihtavuori_n540,117,41.1,3199,25.5,8,2.598,no
6_5_creedmoor,0.264,eld_match,100,vihtavuori_n150,124,40.9,3130,25.5,8,2.598,no
6_5_creedmoor,0.264,eld_match,100,vihtavuori_n550,129,43.7,3219,25.5,8,2.598,no
6_5_creedmoor,0.264,eld_vt,100,vihtavuori_n140,112,39.2,3051,25.5,8,2.752,no
6_5_creedmoor,0.264,eld_vt,100,vihtavuori_n540,117,39.7,3143,25.5,8,2.752,no
6_5_creedmoor,0.264,eld_vt,100,vihtavuori_n150,124,39.5,3035,25.5,8,2.752,no
6_5_creedmoor,0.264,fmj,100,vihtavuori_n140,112,40.3,3015,25.5,8,2.535,no
6_5_creedmoor,0.264,fmj,100,vihtavuori_n540,117,41.5,3123,25.5,8,2.535,no
6_5_creedmoor,0.264,fmj,100,vihtavuori_n150,124,39.5,2995,25.5,8,2.535,no
6_5_creedmoor,0.264,fmj,100,vihtavuori_n550,129,44.6,3169,25.5,8,2.535,no
6_5_creedmoor,0.264,scenar,100,vihtavuori_n140,112,42.3,3212,25.5,8,2.677,no
6_5_creedmoor,0.264,scenar,100,vihtavuori_n540,117,42.3,3284,25.5,8,2.677,no
6_5_creedmoor,0.264,scenar,100,vihtavuori_n150,124,42.1,3205,25.5,8,2.677,no
6_5_creedmoor,0.264,scenar,108,vihtavuori_n540,117,40.7,3182,25.5,8,2.677,no
6_5_creedmoor,0.264,scenar,108,vihtavuori_n150,124,40.6,3071,25.5,8,2.677,no
6_5_creedmoor,0.264,scenar,108,vihtavuori_n550,129,43.7,3189,25.5,8,2.677,no
6_5_creedmoor,0.264,ttsx_bt,120,vihtavuori_n140,112,34.1,2526,25.5,8,2.787,no
6_5_creedmoor,0.264,ttsx_bt,120,vihtavuori_n150,124,32.1,2454,25.5,8,2.787,no
6_5_creedmoor,0.264,ttsx_bt,120,vihtavuori_n550,129,40.9,2822,25.5,8,2.787,no
6_5_creedmoor,0.264,ttsx_bt,120,vihtavuori_n555,144,44.6,2877,25.5,8,2.787,no
6_5_creedmoor,0.264,ttsx_bt,120,vihtavuori_n160,143,37,2546,25.5,8,2.787,no
6_5_creedmoor,0.264,bt_target,120,vihtavuori_n140,112,37.3,2723,25.5,8,2.795,no
6_5_creedmoor,0.264,bt_target,120,vihtavuori_n540,117,39.4,2890,25.5,8,2.795,no
6_5_creedmoor,0.264,bt_target,120,vihtavuori_n150,124,37.8,2759,25.5,8,2.795,no
6_5_creedmoor,0.264,bt_target,120,vihtavuori_n550,129,42,2933,25.5,8,2.795,no
6_5_creedmoor,0.264,cx,120,vihtavuori_n540,117,38.6,2782,25.5,8,2.657,no
6_5_creedmoor,0.264,cx,120,vihtavuori_n150,124,36,2589,25.5,8,2.657,no
6_5_creedmoor,0.264,cx,120,vihtavuori_n550,129,40.9,2818,25.5,8,2.657,no
6_5_creedmoor,0.264,eld_match,120,vihtavuori_n140,112,35.6,2707,25.5,8,2.736,no
6_5_creedmoor,0.264,eld_match,120,vihtavuori_n540,117,37.8,2828,25.5,8,2.736,no
6_5_creedmoor,0.264,eld_match,120,vihtavuori_n150,124,35.5,2707,25.5,8,2.736,no
6_5_creedmoor,0.264,eld_match,120,vihtavuori_n550,129,40,2867,25.5,8,2.736,no
6_5_creedmoor,0.264,gmx,120,vihtavuori_n140,112,35.2,2625,25.5,8,2.776,no
6_5_creedmoor,0.264,gmx,120,vihtavuori_n540,117,37.7,2802,25.5,8,2.776,no
6_5_creedmoor,0.264,gmx,120,vihtavuori_n150,124,35,2625,25.5,8,2.776,no
6_5_creedmoor,0.264,gmx,120,vihtavuori_n550,129,40.6,2851,25.5,8,2.776,no
6_5_creedmoor,0.264,scenar_l,120,vihtavuori_n540,117,38.9,2936,25.5,8,2.677,no
6_5_creedmoor,0.264,scenar_l,120,vihtavuori_n150,124,38.1,2854,25.5,8,2.677,no
6_5_creedmoor,0.264,scenar_l,120,vihtavuori_n550,129,42.1,2995,25.5,8,2.677,no
6_5_creedmoor,0.264,trx,120,vihtavuori_n540,117,37.3,2815,25.5,8,2.795,no
6_5_creedmoor,0.264,trx,120,vihtavuori_n550,129,40.1,2858,25.5,8,2.795,no
6_5_creedmoor,0.264,ballistic_tip,120,vihtavuori_n540,117,38.7,2844,25.5,8,2.736,no
6_5_creedmoor,0.264,ballistic_tip,120,vihtavuori_n150,124,36.4,2694,25.5,8,2.736,no
6_5_creedmoor,0.264,ballistic_tip,120,vihtavuori_n550,129,40.7,2867,25.5,8,2.736,no
6_5_creedmoor,0.264,ballistic_tip,120,vihtavuori_n555,144,45.7,2953,25.5,8,2.736,no
6_5_creedmoor,0.264,ballistic_tip,120,vihtavuori_n160,143,44.6,2858,25.5,8,2.736,no
6_5_creedmoor,0.264,blade_657h,120,vihtavuori_n140,112,37.5,2615,25.5,8,2.795,no
6_5_creedmoor,0.264,blade_657h,120,vihtavuori_n540,117,39.8,2812,25.5,8,2.795,no
6_5_creedmoor,0.264,blade_657h,120,vihtavuori_n150,124,35.8,2562,25.5,8,2.795,no
6_5_creedmoor,0.264,blade_657h,120,vihtavuori_n550,129,42,2848,25.5,8,2.795,no
6_5_creedmoor,0.264,hpbt,120,vihtavuori_n140,112,36.7,2759,25.5,8,2.677,no
6_5_creedmoor,0.264,hpbt,120,vihtavuori_n540,117,38.4,2871,25.5,8,2.677,no
6_5_creedmoor,0.264,hpbt,120,vihtavuori_n150,124,36.7,2756,25.5,8,2.677,no
6_5_creedmoor,0.264,hpbt,120,vihtavuori_n550,129,40.7,2904,25.5,8,2.677,no
6_5_creedmoor,0.264,classic_hunter,123,vihtavuori_n140,112,35.3,2592,25.5,8,2.736,no
6_5_creedmoor,0.264,classic_hunter,123,vihtavuori_n540,117,36.7,2746,25.5,8,2.736,no
6_5_creedmoor,0.264,classic_hunter,123,vihtavuori_n150,124,34.7,2595,25.5,8,2.736,no
6_5_creedmoor,0.264,classic_hunter,123,vihtavuori_n550,129,39,2779,25.5,8,2.736,no
6_5_creedmoor,0.264,classic_hunter,123,vihtavuori_n555,144,43.7,2851,25.5,8,2.736,no
6_5_creedmoor,0.264,classic_hunter,123,vihtavuori_n160,143,43.1,2772,25.5,8,2.736,no
6_5_creedmoor,0.264,classic_hunter,123,vihtavuori_n560,147,44.3,2799,25.5,8,2.736,no
6_5_creedmoor,0.264,target,123,vihtavuori_n140,112,34.9,2641,25.5,8,2.618,no
6_5_creedmoor,0.264,target,123,vihtavuori_n540,117,36.9,2772,25.5,8,2.618,no
6_5_creedmoor,0.264,target,123,vihtavuori_n150,124,34.4,2618,25.5,8,2.618,no
6_5_creedmoor,0.264,target,123,vihtavuori_n550,129,38.9,2799,25.5,8,2.618,no
6_5_creedmoor,0.264,target,123,vihtavuori_n160,143,41.8,2776,25.5,8,2.618,no
6_5_creedmoor,0.264,eld_match,123,vihtavuori_n140,112,35.8,2710,25.5,8,2.764,no
6_5_creedmoor,0.264,eld_match,123,vihtavuori_n540,117,37.8,2825,25.5,8,2.764,no
6_5_creedmoor,0.264,eld_match,123,vihtavuori_n150,124,36,2710,25.5,8,2.764,no
6_5_creedmoor,0.264,eld_match,123,vihtavuori_n550,129,40.1,2861,25.5,8,2.764,no
6_5_creedmoor,0.264,eld_match,123,vihtavuori_n160,143,44,2854,25.5,8,2.764,no
6_5_creedmoor,0.264,scenar,123,vihtavuori_n540,117,40.4,2963,25.5,8,2.677,no
6_5_creedmoor,0.264,scenar,123,vihtavuori_n150,124,39.8,2874,25.5,8,2.677,no
6_5_creedmoor,0.264,scenar,123,vihtavuori_n550,129,42.9,2989,25.5,8,2.677,no
6_5_creedmoor,0.264,hpbt_matchking,123,vihtavuori_n140,112,36.9,2769,25.5,8,2.736,no
6_5_creedmoor,0.264,hpbt_matchking,123,vihtavuori_n540,117,38.4,2867,25.5,8,2.736,no
6_5_creedmoor,0.264,hpbt_matchking,123,vihtavuori_n150,124,37.7,2782,25.5,8,2.736,no
6_5_creedmoor,0.264,hpbt_matchking,123,vihtavuori_n550,129,40.9,2907,25.5,8,2.736,no
6_5_creedmoor,0.264,lrx_bt,127,vihtavuori_n140,112,35.6,2530,25.5,8,2.748,no
6_5_creedmoor,0.264,lrx_bt,127,vihtavuori_n540,117,37.7,2697,25.5,8,2.748,no
6_5_creedmoor,0.264,lrx_bt,127,vihtavuori_n150,124,36,2533,25.5,8,2.748,no
6_5_creedmoor,0.264,lrx_bt,127,vihtavuori_n550,129,39.8,2743,25.5,8,2.748,no
6_5_creedmoor,0.264,lrx_bt,127,vihtavuori_n160,143,43.8,2723,25.5,8,2.748,no
6_5_creedmoor,0.264,lrx_bt,127,vihtavuori_n560,147,46.5,2805,25.5,8,2.748,no
6_5_creedmoor,0.264,interlock_sp,129,vihtavuori_n140,112,36,2575,25.5,8,2.697,no
6_5_creedmoor,0.264,interlock_sp,129,vihtavuori_n540,117,38.3,2740,25.5,8,2.697,no
6_5_creedmoor,0.264,interlock_sp,129,vihtavuori_n150,124,36.3,2569,25.5,8,2.697,no
6_5_creedmoor,0.264,interlock_sp,129,vihtavuori_n550,129,40.6,2782,25.5,8,2.697,no
6_5_creedmoor,0.264,interlock_sp,129,vihtavuori_n160,143,44.1,2726,25.5,8,2.697,no
6_5_creedmoor,0.264,interlock_sp,129,vihtavuori_n560,147,46.6,2825,25.5,8,2.697,no
6_5_creedmoor,0.264,sst,129,vihtavuori_n140,112,32.4,2375,25.5,8,2.67,no
6_5_creedmoor,0.264,sst,129,vihtavuori_n540,117,34,2500,25.5,8,2.67,no
6_5_creedmoor,0.264,sst,129,vihtavuori_n150,124,31.6,2375,25.5,8,2.67,no
6_5_creedmoor,0.264,sst,129,vihtavuori_n550,129,36.3,2520,25.5,8,2.67,no
6_5_creedmoor,0.264,sst,129,vihtavuori_n555,144,40.1,2569,25.5,8,2.67,no
6_5_creedmoor,0.264,sst,129,vihtavuori_n160,143,39.4,2500,25.5,8,2.67,no
6_5_creedmoor,0.264,sst,129,vihtavuori_n560,147,42.4,2572,25.5,8,2.67,no
6_5_creedmoor,0.264,tsx,130,vihtavuori_n540,117,29.9,2228,25.5,8,2.717,no
6_5_creedmoor,0.264,tsx,130,vihtavuori_n150,124,26.2,2021,25.5,8,2.717,no
6_5_creedmoor,0.264,tsx,130,vihtavuori_n550,129,31.3,2280,25.5,8,2.717,no
6_5_creedmoor,0.264,ar_hybrid_otm_tactical,130,vihtavuori_n150,124,32.4,2441,25.5,8,2.677,no
6_5_creedmoor,0.264,ar_hybrid_otm_tactical,130,vihtavuori_n550,129,37.5,2556,25.5,8,2.677,no
6_5_creedmoor,0.264,ar_hybrid_otm_tactical,130,vihtavuori_n555,144,40.1,2605,25.5,8,2.677,no
6_5_creedmoor,0.264,ar_hybrid_otm_tactical,130,vihtavuori_n160,143,40.3,2572,25.5,8,2.677,no
6_5_creedmoor,0.264,ar_hybrid_otm_tactical,130,vihtavuori_n560,147,43.1,2585,25.5,8,2.677,no
6_5_creedmoor,0.264,vld_target,130,vihtavuori_n540,117,34.1,2510,25.5,8,2.795,no
6_5_creedmoor,0.264,vld_target,130,vihtavuori_n150,124,32.4,2421,25.5,8,2.795,no
6_5_creedmoor,0.264,vld_target,130,vihtavuori_n550,129,36.6,2556,25.5,8,2.795,no
6_5_creedmoor,0.264,vld_target,130,vihtavuori_n555,144,40.9,2644,25.5,8,2.795,no
6_5_creedmoor,0.264,vld_target,130,vihtavuori_n160,143,40.3,2572,25.5,8,2.795,no
6_5_creedmoor,0.264,vld_target,130,vihtavuori_n560,147,42.9,2592,25.5,8,2.795,no
6_5_creedmoor,0.264,vld_target,130,vihtavuori_n565,156,44.4,2608,25.5,8,2.795,no
6_5_creedmoor,0.264,cx,130,vihtavuori_n140,112,28.5,2169,25.5,8,2.799,no
6_5_creedmoor,0.264,cx,130,vihtavuori_n540,117,31.6,2392,25.5,8,2.799,no
6_5_creedmoor,0.264,cx,130,vihtavuori_n150,124,30.1,2264,25.5,8,2.799,no
6_5_creedmoor,0.264,cx,130,vihtavuori_n550,129,34.7,2428,25.5,8,2.799,no
6_5_creedmoor,0.264,cx,130,vihtavuori_n555,144,37.8,2500,25.5,8,2.799,no
6_5_creedmoor,0.264,cx,130,vihtavuori_n160,143,37,2405,25.5,8,2.799,no
6_5_creedmoor,0.264,cx,130,vihtavuori_n560,147,40.6,2487,25.5,8,2.799,no
6_5_creedmoor,0.264,eld_match,130,vihtavuori_n140,112,31.6,2431,25.5,8,2.799,no
6_5_creedmoor,0.264,eld_match,130,vihtavuori_n540,117,33.2,2484,25.5,8,2.799,no
6_5_creedmoor,0.264,eld_match,130,vihtavuori_n150,124,31.6,2421,25.5,8,2.799,no
6_5_creedmoor,0.264,eld_match,130,vihtavuori_n550,129,36.3,2552,25.5,8,2.799,no
6_5_creedmoor,0.264,eld_match,130,vihtavuori_n555,144,39.4,2572,25.5,8,2.799,no
6_5_creedmoor,0.264,eld_match,130,vihtavuori_n160,143,38.6,2513,25.5,8,2.799,no
6_5_creedmoor,0.264,eld_match,130,vihtavuori_n560,147,41.7,2572,25.5,8,2.799,no
6_5_creedmoor,0.264,eld_match,130,vihtavuori_n565,156,43.5,2562,25.5,8,2.799,no
6_5_creedmoor,0.264,hpbt,130,vihtavuori_n140,112,30.9,2415,25.5,8,2.669,no
6_5_creedmoor,0.264,hpbt,130,vihtavuori_n540,117,31.6,2474,25.5,8,2.669,no
6_5_creedmoor,0.264,hpbt,130,vihtavuori_n150,124,30.1,2379,25.5,8,2.669,no
6_5_creedmoor,0.264,hpbt,130,vihtavuori_n550,129,34.7,2536,25.5,8,2.669,no
6_5_creedmoor,0.264,hpbt,130,vihtavuori_n555,144,37.8,2582,25.5,8,2.669,no
6_5_creedmoor,0.264,hpbt,130,vihtavuori_n160,143,37,2516,25.5,8,2.669,no
6_5_creedmoor,0.264,hpbt,130,vihtavuori_n560,147,40.1,2552,25.5,8,2.669,no
6_5_creedmoor,0.264,tgk,130,vihtavuori_n140,112,29.6,2310,25.5,8,2.807,no
6_5_creedmoor,0.264,tgk,130,vihtavuori_n540,117,31.6,2418,25.5,8,2.807,no
6_5_creedmoor,0.264,tgk,130,vihtavuori_n150,124,30.1,2362,25.5,8,2.807,no
6_5_creedmoor,0.264,tgk,130,vihtavuori_n550,129,34.4,2470,25.5,8,2.807,no
6_5_creedmoor,0.264,tgk,130,vihtavuori_n555,144,37.8,2556,25.5,8,2.807,no
6_5_creedmoor,0.264,tgk,130,vihtavuori_n160,143,31.6,2398,25.5,8,2.807,no
6_5_creedmoor,0.264,tgk,130,vihtavuori_n560,147,40.1,2533,25.5,8,2.807,no
6_5_creedmoor,0.264,tmk,130,vihtavuori_n140,112,31.6,2411,25.5,8,2.807,no
6_5_creedmoor,0.264,tmk,130,vihtavuori_n540,117,33.2,2480,25.5,8,2.807,no
6_5_creedmoor,0.264,tmk,130,vihtavuori_n150,124,31.6,2402,25.5,8,2.807,no
6_5_creedmoor,0.264,tmk,130,vihtavuori_n550,129,36.3,2546,25.5,8,2.807,no
6_5_creedmoor,0.264,tmk,130,vihtavuori_n555,144,40.1,2618,25.5,8,2.807,no
6_5_creedmoor,0.264,tmk,130,vihtavuori_n160,143,38.6,2507,25.5,8,2.807,no
6_5_creedmoor,0.264,tmk,130,vihtavuori_n560,147,41.7,2575,25.5,8,2.807,no
6_5_creedmoor,0.264,scirocco_ii,130,vihtavuori_n150,124,31.3,2388,25.5,8,2.65,no
6_5_creedmoor,0.264,scirocco_ii,130,vihtavuori_n550,129,35.8,2470,25.5,8,2.65,no
6_5_creedmoor,0.264,scirocco_ii,130,vihtavuori_n555,144,39.4,2566,25.5,8,2.65,no
6_5_creedmoor,0.264,scirocco_ii,130,vihtavuori_n160,143,38.6,2592,25.5,8,2.65,no
6_5_creedmoor,0.264,scirocco_ii,130,vihtavuori_n165,153,44,2608,25.5,8,2.65,no
6_5_creedmoor,0.264,scirocco_ii,130,vihtavuori_n560,147,41.2,2510,25.5,8,2.65,no
6_5_creedmoor,0.264,a_tip,135,vihtavuori_n150,124,31.6,2356,25.5,8,2.795,no
6_5_creedmoor,0.264,a_tip,135,vihtavuori_n555,144,39.5,2579,25.5,8,2.795,no
6_5_creedmoor,0.264,a_tip,135,vihtavuori_n160,143,38.6,2493,25.5,8,2.795,no
6_5_creedmoor,0.264,a_tip,135,vihtavuori_n165,153,43.2,2592,25.5,8,2.795,no
6_5_creedmoor,0.264,a_tip,135,vihtavuori_n560,147,41.7,2549,25.5,8,2.795,no
6_5_creedmoor,0.264,a_tip,135,vihtavuori_n565,156,43.2,2536,25.5,8,2.795,no
6_5_creedmoor,0.264,scenar_l,136,vihtavuori_n540,117,32.4,2425,25.5,8,2.677,no
6_5_creedmoor,0.264,scenar_l,136,vihtavuori_n150,124,32.1,2375,25.5,8,2.677,no
6_5_creedmoor,0.264,scenar_l,136,vihtavuori_n550,129,35.8,2480,25.5,8,2.677,no
6_5_creedmoor,0.264,scenar_l,136,vihtavuori_n555,144,40.1,2595,25.5,8,2.677,no
6_5_creedmoor,0.264,scenar_l,136,vihtavuori_n160,143,40,2526,25.5,8,2.677,no
6_5_creedmoor,0.264,tog,139,vihtavuori_n140,112,29.8,2198,25.5,8,2.622,no
6_5_creedmoor,0.264,tog,139,vihtavuori_n540,117,31.9,2310,25.5,8,2.622,no
6_5_creedmoor,0.264,tog,139,vihtavuori_n150,124,28.5,2175,25.5,8,2.622,no
6_5_creedmoor,0.264,tog,139,vihtavuori_n550,129,33.2,2333,25.5,8,2.622,no
6_5_creedmoor,0.264,tog,139,vihtavuori_n555,144,36.3,2411,25.5,8,2.622,no
6_5_creedmoor,0.264,tog,139,vihtavuori_n160,143,35.5,2316,25.5,8,2.622,no
6_5_creedmoor,0.264,tog,139,vihtavuori_n560,147,38.6,2369,25.5,8,2.622,no
6_5_creedmoor,0.264,tog,139,vihtavuori_n565,156,41.2,2402,25.5,8,2.622,no
6_5_creedmoor,0.264,classic_hunter,139,vihtavuori_n140,112,27.8,2011,25.5,8,2.736,no
6_5_creedmoor,0.264,classic_hunter,139,vihtavuori_n540,117,30.9,2221,25.5,8,2.736,no
6_5_creedmoor,0.264,classic_hunter,139,vihtavuori_n150,124,28.1,2051,25.5,8,2.736,no
6_5_creedmoor,0.264,classic_hunter,139,vihtavuori_n550,129,32.1,2254,25.5,8,2.736,no
6_5_creedmoor,0.264,classic_hunter,139,vihtavuori_n555,144,36,2365,25.5,8,2.736,no
6_5_creedmoor,0.264,classic_hunter,139,vihtavuori_n160,143,35.3,2241,25.5,8,2.736,no
6_5_creedmoor,0.264,classic_hunter,139,vihtavuori_n560,147,36.7,2290,25.5,8,2.736,no
6_5_creedmoor,0.264,scenar,139,vihtavuori_n540,117,30.9,2339,25.5,8,2.717,no
6_5_creedmoor,0.264,scenar,139,vihtavuori_n150,124,29.3,2264,25.5,8,2.717,no
6_5_creedmoor,0.264,scenar,139,vihtavuori_n550,129,34,2411,25.5,8,2.717,no
6_5_creedmoor,0.264,scenar,139,vihtavuori_n555,144,37.8,2500,25.5,8,2.717,no
6_5_creedmoor,0.264,scenar,139,vihtavuori_n160,143,33,2297,25.5,8,2.717,no
6_5_creedmoor,0.264,scenar,139,vihtavuori_n560,147,40.4,2474,25.5,8,2.717,no
6_5_creedmoor,0.264,hybrid_target,140,vihtavuori_n150,124,31.3,2329,25.5,8,2.717,no
6_5_creedmoor,0.264,hybrid_target,140,vihtavuori_n550,129,35.3,2444,25.5,8,2.717,no
6_5_creedmoor,0.264,hybrid_target,140,vihtavuori_n555,144,40.1,2556,25.5,8,2.717,no
6_5_creedmoor,0.264,hybrid_target,140,vihtavuori_n160,143,37.2,2441,25.5,8,2.717,no
6_5_creedmoor,0.264,hybrid_target,140,vihtavuori_n560,147,41.1,2487,25.5,8,2.717,no
6_5_creedmoor,0.264,hybrid_target,140,vihtavuori_n565,156,42.7,2516,25.5,8,2.717,no
6_5_creedmoor,0.264,eld_match,140,vihtavuori_n140,112,31.3,2274,25.5,8,2.799,no
6_5_creedmoor,0.264,eld_match,140,vihtavuori_n540,117,31.8,2359,25.5,8,2.799,no
6_5_creedmoor,0.264,eld_match,140,vihtavuori_n150,124,29.9,2238,25.5,8,2.799,no
6_5_creedmoor,0.264,eld_match,140,vihtavuori_n550,129,34.7,2421,25.5,8,2.799,no
6_5_creedmoor,0.264,eld_match,140,vihtavuori_n555,144,37.8,2461,25.5,8,2.799,no
6_5_creedmoor,0.264,eld_match,140,vihtavuori_n160,143,35,2336,25.5,8,2.799,no
6_5_creedmoor,0.264,eld_match,140,vihtavuori_n560,147,40.1,2467,25.5,8,2.799,no
6_5_creedmoor,0.264,eld_match,140,vihtavuori_n565,156,41.7,2434,25.5,8,2.799,no
6_5_creedmoor,0.264,InterLock SP,140,vihtavuori_n140,112,30.9,2287,25.5,8,2.677,no
6_5_creedmoor,0.264,InterLock SP,140,vihtavuori_n540,117,30.9,2323,25.5,8,2.677,no
6_5_creedmoor,0.264,InterLock SP,140,vihtavuori_n150,124,29.3,2234,25.5,8,2.677,no
6_5_creedmoor,0.264,InterLock SP,140,vihtavuori_n550,129,34,2375,25.5,8,2.677,no
6_5_creedmoor,0.264,InterLock SP,140,vihtavuori_n555,144,37,2438,25.5,8,2.677,no
6_5_creedmoor,0.264,InterLock SP,140,vihtavuori_n160,143,35.5,2333,25.5,8,2.677,no
6_5_creedmoor,0.264,InterLock SP,140,vihtavuori_n560,147,39.4,2438,25.5,8,2.677,no
6_5_creedmoor,0.264,naturalis_n563,140,vihtavuori_n540,117,29,2201,25.5,8,2.724,no
6_5_creedmoor,0.264,naturalis_n563,140,vihtavuori_n150,124,25.8,1985,25.5,8,2.724,no
6_5_creedmoor,0.264,naturalis_n563,140,vihtavuori_n550,129,30.6,2224,25.5,8,2.724,no
6_5_creedmoor,0.264,accubond,140,vihtavuori_n540,117,30.2,2247,25.5,8,2.795,no
6_5_creedmoor,0.264,accubond,140,vihtavuori_n150,124,28.9,2178,25.5,8,2.795,no
6_5_creedmoor,0.264,accubond,140,vihtavuori_n550,129,32.1,2287,25.5,8,2.795,no
6_5_creedmoor,0.264,ballistic_tip,140,vihtavuori_n540,117,32.3,2316,25.5,8,2.709,no
6_5_creedmoor,0.264,ballistic_tip,140,vihtavuori_n150,124,29.9,2165,25.5,8,2.709,no
6_5_creedmoor,0.264,ballistic_tip,140,vihtavuori_n550,129,34.4,2352,25.5,8,2.709,no
6_5_creedmoor,0.264,ballistic_tip,140,vihtavuori_n555,144,37.3,2415,25.5,8,2.709,no
6_5_creedmoor,0.264,ballistic_tip,140,vihtavuori_n160,143,36.6,2300,25.5,8,2.709,no
6_5_creedmoor,0.264,ballistic_tip,140,vihtavuori_n560,147,39.7,2431,25.5,8,2.709,no
6_5_creedmoor,0.264,hpbt,140,vihtavuori_n140,112,29.8,2277,25.5,8,2.776,no
6_5_creedmoor,0.264,hpbt,140,vihtavuori_n540,117,30.1,2326,25.5,8,2.776,no
6_5_creedmoor,0.264,hpbt,140,vihtavuori_n150,124,28.9,2244,25.5,8,2.776,no
6_5_creedmoor,0.264,hpbt,140,vihtavuori_n550,129,33.2,2398,25.5,8,2.776,no
6_5_creedmoor,0.264,hpbt,140,vihtavuori_n555,144,35.5,2434,25.5,8,2.776,no
6_5_creedmoor,0.264,hpbt,140,vihtavuori_n160,143,34,2333,25.5,8,2.776,no
6_5_creedmoor,0.264,hpbt,140,vihtavuori_n560,147,38.6,2454,25.5,8,2.776,no
6_5_creedmoor,0.264,hpbt,142,vihtavuori_n150,124,30.4,2244,25.5,8,2.697,no
6_5_creedmoor,0.264,hpbt,142,vihtavuori_n550,129,35.5,2418,25.5,8,2.697,no
6_5_creedmoor,0.264,hpbt,142,vihtavuori_n555,144,38.6,2454,25.5,8,2.697,no
6_5_creedmoor,0.264,hpbt,142,vihtavuori_n160,143,36.7,2356,25.5,8,2.697,no
6_5_creedmoor,0.264,hpbt,142,vihtavuori_n560,147,40.6,2467,25.5,8,2.697,no
6_5_creedmoor,0.264,hpbt,142,vihtavuori_n565,156,42.4,2464,25.5,8,2.697,no
6_5_creedmoor,0.264,eld_x,143,vihtavuori_n150,124,30.6,2280,25.5,8,2.709,no
6_5_creedmoor,0.264,eld_x,143,vihtavuori_n550,129,34.6,2431,25.5,8,2.709,no
6_5_creedmoor,0.264,eld_x,143,vihtavuori_n555,144,37.8,2434,25.5,8,2.709,no
6_5_creedmoor,0.264,eld_x,143,vihtavuori_n160,143,36.4,2392,25.5,8,2.709,no
6_5_creedmoor,0.264,eld_x,143,vihtavuori_n560,147,40.6,2457,25.5,8,2.709,no
6_5_creedmoor,0.264,eld_x,143,vihtavuori_n565,156,42.3,2493,25.5,8,2.709,no
6_5_creedmoor,0.264,long_range_hybrid_target,144,vihtavuori_n150,124,30.9,2234,25.5,8,2.795,no
6_5_creedmoor,0.264,long_range_hybrid_target,144,vihtavuori_n550,129,35.5,2425,25.5,8,2.795,no
6_5_creedmoor,0.264,long_range_hybrid_target,144,vihtavuori_n555,144,39.7,2552,25.5,8,2.795,no
6_5_creedmoor,0.264,long_range_hybrid_target,144,vihtavuori_n160,143,38.6,2369,25.5,8,2.795,no
6_5_creedmoor,0.264,long_range_hybrid_target,144,vihtavuori_n560,147,41.7,2516,25.5,8,2.795,no
6_5_creedmoor,0.264,long_range_hybrid_target,144,vihtavuori_n565,156,43.2,2543,25.5,8,2.795,no
6_5_creedmoor,0.264,fmjbt,144,vihtavuori_n540,117,28.5,2211,25.5,8,2.717,no
6_5_creedmoor,0.264,fmjbt,144,vihtavuori_n150,124,27.6,2172,25.5,8,2.717,no
6_5_creedmoor,0.264,fmjbt,144,vihtavuori_n550,129,31.3,2280,25.5,8,2.717,no
6_5_creedmoor,0.264,fmjbt,144,vihtavuori_n555,144,37,2402,25.5,8,2.717,no
6_5_creedmoor,0.264,fmjbt,144,vihtavuori_n160,143,33.5,2241,25.5,8,2.717,no
6_5_creedmoor,0.264,fmjbt,144,vihtavuori_n560,147,39.7,2418,25.5,8,2.717,no
6_5_creedmoor,0.264,fmjbt,144,vihtavuori_n565,156,41.5,2457,25.5,8,2.717,no
6_5_creedmoor,0.264,maxrange_target_gb582,144,vihtavuori_n540,117,29.3,2238,25.5,8,2.815,no
6_5_creedmoor,0.264,maxrange_target_gb582,144,vihtavuori_n150,124,27.8,2126,25.5,8,2.815,no
6_5_creedmoor,0.264,maxrange_target_gb582,144,vihtavuori_n550,129,32.7,2313,25.5,8,2.815,no
6_5_creedmoor,0.264,maxrange_target_gb582,144,vihtavuori_n555,144,34.7,2346,25.5,8,2.815,no
6_5_creedmoor,0.264,maxrange_target_gb582,144,vihtavuori_n160,143,31.6,2218,25.5,8,2.815,no
6_5_creedmoor,0.264,maxrange_target_gb582,144,vihtavuori_n165,153,35.5,2310,25.5,8,2.815,no
6_5_creedmoor,0.264,maxrange_target_gb582,144,vihtavuori_n560,147,37,2339,25.5,8,2.815,no
6_5_creedmoor,0.264,maxrange_target_gb582,144,vihtavuori_n565,156,39.4,2365,25.5,8,2.815,no
6_5_creedmoor,0.264,eld_match,147,vihtavuori_n550,129,33.2,2300,25.5,8,2.787,no
6_5_creedmoor,0.264,eld_match,147,vihtavuori_n555,144,38.6,2434,25.5,8,2.787,no
6_5_creedmoor,0.264,eld_match,147,vihtavuori_n160,143,37.2,2346,25.5,8,2.787,no
6_5_creedmoor,0.264,eld_match,147,vihtavuori_n165,153,42.3,2467,25.5,8,2.787,no
6_5_creedmoor,0.264,eld_match,147,vihtavuori_n560,147,39.4,2388,25.5,8,2.787,no
6_5_creedmoor,0.264,eld_match,147,vihtavuori_n565,156,41.7,2405,25.5,8,2.787,no
6_5_creedmoor,0.264,a_tip,153,vihtavuori_n160,143,34.7,2247,25.5,8,2.783,no
6_5_creedmoor,0.264,a_tip,153,vihtavuori_n165,153,37,2244,25.5,8,2.783,no
6_5_creedmoor,0.264,a_tip,153,vihtavuori_n560,147,37.8,2310,25.5,8,2.783,no
6_5_creedmoor,0.264,a_tip,153,vihtavuori_n565,156,40.9,2382,25.5,8,2.783,no
6_5_creedmoor,0.264,long_range_hybrid_target,153.5,vihtavuori_n540,117,32.1,2300,25.5,8,2.795,no
6_5_creedmoor,0.264,long_range_hybrid_target,153.5,vihtavuori_n150,124,30.4,2201,25.5,8,2.795,no
6_5_creedmoor,0.264,long_range_hybrid_target,153.5,vihtavuori_n550,129,34.9,2326,25.5,8,2.795,no
6_5_creedmoor,0.264,long_range_hybrid_target,153.5,vihtavuori_n555,144,37.8,2392,25.5,8,2.795,no
6_5_creedmoor,0.264,long_range_hybrid_target,153.5,vihtavuori_n160,143,37.3,2343,25.5,8,2.795,no
6_5_creedmoor,0.264,long_range_hybrid_target,153.5,vihtavuori_n165,153,42,2448,25.5,8,2.795,no
6_5_creedmoor,0.264,long_range_hybrid_target,153.5,vihtavuori_n560,147,40.1,2372,25.5,8,2.795,no
6_5_creedmoor,0.264,long_range_hybrid_target,153.5,vihtavuori_n565,156,41.7,2418,25.5,8,2.795,no
6_5_creedmoor,0.264,elite_hunter,156,vihtavuori_n550,129,34.7,2270,25.5,8,2.795,no
6_5_creedmoor,0.264,elite_hunter,156,vihtavuori_n555,144,40.1,2425,25.5,8,2.795,no
6_5_creedmoor,0.264,elite_hunter,156,vihtavuori_n160,143,38.6,2316,25.5,8,2.795,no
6_5_creedmoor,0.264,elite_hunter,156,vihtavuori_n165,153,42.4,2336,25.5,8,2.795,no
6_5_creedmoor,0.264,elite_hunter,156,vihtavuori_n560,147,41.2,2365,25.5,8,2.795,no
6_5_creedmoor,0.264,elite_hunter,156,vihtavuori_n565,156,43.2,2395,25.5,8,2.795,no
6_5_creedmoor,0.264,mega,156,vihtavuori_n540,117,28.2,2083,25.5,8,2.697,no
6_5_creedmoor,0.264,mega,156,vihtavuori_n150,124,26.4,1978,25.5,8,2.697,no
6_5_creedmoor,0.264,mega,156,vihtavuori_n550,129,30.7,2152,25.5,8,2.697,no
6_5_creedmoor,0.264,mega,156,vihtavuori_n160,143,29.8,2051,25.5,8,2.697,no
6_5_creedmoor,0.264,oryx,156,vihtavuori_n550,129,30.1,2136,25.5,8,2.736,no
6_5_creedmoor,0.264,oryx,156,vihtavuori_n555,144,33.2,2201,25.5,8,2.736,no
6_5_creedmoor,0.264,oryx,156,vihtavuori_n160,143,31.6,2119,25.5,8,2.736,no
6_5_creedmoor,0.264,oryx,156,vihtavuori_n560,147,35.5,2238,25.5,8,2.736,no
6_5_creedmoor,0.264,oryx,156,vihtavuori_n565,156,37.8,2247,25.5,8,2.736,no
6_5_creedmoor,0.264,vulkan,156,vihtavuori_n140,112,28.1,2064,25.5,8,2.717,no
6_5_creedmoor,0.264,vulkan,156,vihtavuori_n540,117,28.1,2073,25.5,8,2.717,no
6_5_creedmoor,0.264,vulkan,156,vihtavuori_n150,124,27.2,2028,25.5,8,2.717,no
6_5_creedmoor,0.264,vulkan,156,vihtavuori_n550,129,30.6,2152,25.5,8,2.717,no
6_5_creedmoor,0.264,vulkan,156,vihtavuori_n160,143,34.4,2218,25.5,8,2.717,no
6_5_creedmoor,0.264,vulkan,156,vihtavuori_n560,147,37,2260,25.5,8,2.717,no
6_5_creedmoor,0.264,vulkan,156,vihtavuori_n565,156,38.9,2306,25.5,8,2.717,no
6_5_creedmoor,0.264,interlock,160,vihtavuori_n140,112,30.1,2051,25.5,8,2.74,no
6_5_creedmoor,0.264,interlock,160,vihtavuori_n540,117,31.2,2185,25.5,8,2.74,no
6_5_creedmoor,0.264,interlock,160,vihtavuori_n150,124,30.1,2077,25.5,8,2.74,no
6_5_creedmoor,0.264,interlock,160,vihtavuori_n550,129,34.7,2247,25.5,8,2.74,no
6_5_creedmoor,0.264,interlock,160,vihtavuori_n555,144,37.8,2290,25.5,8,2.74,no
6_5_creedmoor,0.264,interlock,160,vihtavuori_n160,143,34,2119,25.5,8,2.74,no
6_5_creedmoor,0.264,interlock,160,vihtavuori_n560,147,39.4,2270,25.5,8,2.74,no
6_5_creedmoor,0.264,interlock,160,vihtavuori_n565,156,41.7,2303,25.5,8,2.74,no
6_5_creedmoor,0.264,sst,129,vihtavuori_n140,112,36.4,2608,25.5,8,2.67,no
6_5_creedmoor,0.264,sst,129,vihtavuori_n540,117,37,2717,25.5,8,2.67,no
6_5_creedmoor,0.264,sst,129,vihtavuori_n150,124,35.8,2598,25.5,8,2.67,no
6_5_creedmoor,0.264,sst,129,vihtavuori_n550,129,40.3,2782,25.5,8,2.67,no
6_5_creedmoor,0.264,tsx,130,vihtavuori_n540,117,36,2638,25.5,8,2.717,no
6_5_creedmoor,0.264,tsx,130,vihtavuori_n150,124,34.3,2523,25.5,8,2.717,no
6_5_creedmoor,0.264,tsx,130,vihtavuori_n550,129,38.6,2687,25.5,8,2.717,no
6_5_creedmoor,0.264,ar_hybrid_otm_tactical,130,vihtavuori_n150,124,36.6,2677,25.5,8,2.677,no
6_5_creedmoor,0.264,ar_hybrid_otm_tactical,130,vihtavuori_n550,129,40.6,2808,25.5,8,2.677,no
6_5_creedmoor,0.264,ar_hybrid_otm_tactical,130,vihtavuori_n555,144,44.1,2851,25.5,8,2.677,no
6_5_creedmoor,0.264,ar_hybrid_otm_tactical,130,vihtavuori_n160,143,44.1,2815,25.5,8,2.677,no
6_5_creedmoor,0.264,ar_hybrid_otm_tactical,130,vihtavuori_n560,147,47.2,2874,25.5,8,2.677,no
6_5_creedmoor,0.264,vld_target,130,vihtavuori_n540,117,37.8,2779,25.5,8,2.795,no
6_5_creedmoor,0.264,vld_target,130,vihtavuori_n150,124,36.1,2654,25.5,8,2.795,no
6_5_creedmoor,0.264,vld_target,130,vihtavuori_n550,129,40.4,2812,25.5,8,2.795,no
6_5_creedmoor,0.264,vld_target,130,vihtavuori_n555,144,44.1,2851,25.5,8,2.795,no
6_5_creedmoor,0.264,vld_target,130,vihtavuori_n160,143,44,2812,25.5,8,2.795,no
6_5_creedmoor,0.264,vld_target,130,vihtavuori_n560,147,46.8,2871,25.5,8,2.795,no
6_5_creedmoor,0.264,vld_target,130,vihtavuori_n565,156,48.8,2867,25.5,8,2.795,no
6_5_creedmoor,0.264,cx,130,vihtavuori_n140,112,33.2,2454,25.5,8,2.799,no
6_5_creedmoor,0.264,cx,130,vihtavuori_n540,117,36.1,2690,25.5,8,2.799,no
6_5_creedmoor,0.264,cx,130,vihtavuori_n150,124,34.4,2543,25.5,8,2.799,no
6_5_creedmoor,0.264,cx,130,vihtavuori_n550,129,38.7,2720,25.5,8,2.799,no
6_5_creedmoor,0.264,eld_match,130,vihtavuori_n140,112,35.3,2638,25.5,8,2.799,no
6_5_creedmoor,0.264,eld_match,130,vihtavuori_n540,117,37.2,2746,25.5,8,2.799,no
6_5_creedmoor,0.264,eld_match,130,vihtavuori_n150,124,35.6,2638,25.5,8,2.799,no
6_5_creedmoor,0.264,eld_match,130,vihtavuori_n550,129,39.5,2782,25.5,8,2.799,no
6_5_creedmoor,0.264,hpbt,130,vihtavuori_n140,112,34.1,2612,25.5,8,2.669,no
6_5_creedmoor,0.264,hpbt,130,vihtavuori_n540,117,35.3,2697,25.5,8,2.669,no
6_5_creedmoor,0.264,hpbt,130,vihtavuori_n150,124,34.1,2602,25.5,8,2.669,no
6_5_creedmoor,0.264,hpbt,130,vihtavuori_n550,129,38.1,2749,25.5,8,2.669,no
6_5_creedmoor,0.264,hpbt,130,vihtavuori_n555,144,42,2805,25.5,8,2.669,no
6_5_creedmoor,0.264,hpbt,130,vihtavuori_n160,143,40.9,2730,25.5,8,2.669,no
6_5_creedmoor,0.264,hpbt,130,vihtavuori_n560,147,44.1,2802,25.5,8,2.669,no
6_5_creedmoor,0.264,tgk,130,vihtavuori_n140,112,34,2562,25.5,8,2.807,no
6_5_creedmoor,0.264,tgk,130,vihtavuori_n540,117,36.1,2687,25.5,8,2.807,no
6_5_creedmoor,0.264,tgk,130,vihtavuori_n150,124,33.8,2556,25.5,8,2.807,no
6_5_creedmoor,0.264,tgk,130,vihtavuori_n550,129,38.7,2740,25.5,8,2.807,no
6_5_creedmoor,0.264,tgk,130,vihtavuori_n160,143,36.7,2598,25.5,8,2.807,no
6_5_creedmoor,0.264,tmk,130,vihtavuori_n140,112,35.3,2628,25.5,8,2.807,no
6_5_creedmoor,0.264,tmk,130,vihtavuori_n540,117,37.5,2756,25.5,8,2.807,no
6_5_creedmoor,0.264,tmk,130,vihtavuori_n150,124,35.5,2635,25.5,8,2.807,no
6_5_creedmoor,0.264,tmk,130,vihtavuori_n550,129,39.7,2789,25.5,8,2.807,no
6_5_creedmoor,0.264,scirocco_ii,130,vihtavuori_n150,124,35.3,2631,25.5,8,2.65,no
6_5_creedmoor,0.264,scirocco_ii,130,vihtavuori_n550,129,39.4,2723,25.5,8,2.65,no
6_5_creedmoor,0.264,scirocco_ii,130,vihtavuori_n555,144,43.8,2792,25.5,8,2.65,no
6_5_creedmoor,0.264,scirocco_ii,130,vihtavuori_n160,143,41.8,2697,25.5,8,2.65,no
6_5_creedmoor,0.264,scirocco_ii,130,vihtavuori_n560,147,46.9,2812,25.5,8,2.65,no
6_5_creedmoor,0.264,a_tip,135,vihtavuori_n150,124,35.8,2572,25.5,8,2.795,no
6_5_creedmoor,0.264,a_tip,135,vihtavuori_n555,144,43.2,2795,25.5,8,2.795,no
6_5_creedmoor,0.264,a_tip,135,vihtavuori_n160,143,42.3,2694,25.5,8,2.795,no
6_5_creedmoor,0.264,a_tip,135,vihtavuori_n560,147,45.8,2822,25.5,8,2.795,no
6_5_creedmoor,0.264,scenar_l,136,vihtavuori_n540,117,37.7,2756,25.5,8,2.677,no
6_5_creedmoor,0.264,scenar_l,136,vihtavuori_n150,124,38.3,2733,25.5,8,2.677,no
6_5_creedmoor,0.264,scenar_l,136,vihtavuori_n550,129,41.1,2838,25.5,8,2.677,no
6_5_creedmoor,0.264,tog,139,vihtavuori_n140,112,33.8,2434,25.5,8,2.622,no
6_5_creedmoor,0.264,tog,139,vihtavuori_n540,117,35.8,2559,25.5,8,2.622,no
6_5_creedmoor,0.264,tog,139,vihtavuori_n150,124,32.7,2405,25.5,8,2.622,no
6_5_creedmoor,0.264,tog,139,vihtavuori_n550,129,38.1,2615,25.5,8,2.622,no
6_5_creedmoor,0.264,tog,139,vihtavuori_n160,143,39.5,2562,25.5,8,2.622,no
6_5_creedmoor,0.264,classic_hunter,139,vihtavuori_n140,112,32.1,2303,25.5,8,2.736,no
6_5_creedmoor,0.264,classic_hunter,139,vihtavuori_n540,117,34,2484,25.5,8,2.736,no
6_5_creedmoor,0.264,classic_hunter,139,vihtavuori_n150,124,31.9,2326,25.5,8,2.736,no
6_5_creedmoor,0.264,classic_hunter,139,vihtavuori_n550,129,36.1,2546,25.5,8,2.736,no
6_5_creedmoor,0.264,classic_hunter,139,vihtavuori_n555,144,40.4,2621,25.5,8,2.736,no
6_5_creedmoor,0.264,classic_hunter,139,vihtavuori_n160,143,39.8,2533,25.5,8,2.736,no
6_5_creedmoor,0.264,classic_hunter,139,vihtavuori_n560,147,41.1,2585,25.5,8,2.736,no
6_5_creedmoor,0.264,scenar,139,vihtavuori_n540,117,36.7,2680,25.5,8,2.717,no
6_5_creedmoor,0.264,scenar,139,vihtavuori_n150,124,35.5,2602,25.5,8,2.717,no
6_5_creedmoor,0.264,scenar,139,vihtavuori_n550,129,39.7,2759,25.5,8,2.717,no
6_5_creedmoor,0.264,scenar,139,vihtavuori_n555,144,42.6,2749,25.5,8,2.717,no
6_5_creedmoor,0.264,scenar,139,vihtavuori_n160,143,42.1,2733,25.5,8,2.717,no
6_5_creedmoor,0.264,scenar,139,vihtavuori_n560,147,44.4,2730,25.5,8,2.717,no
6_5_creedmoor,0.264,hybrid_target,140,vihtavuori_n150,124,35.3,2552,25.5,8,2.717,no
6_5_creedmoor,0.264,hybrid_target,140,vihtavuori_n550,129,39,2677,25.5,8,2.717,no
6_5_creedmoor,0.264,hybrid_target,140,vihtavuori_n555,144,43.4,2740,25.5,8,2.717,no
6_5_creedmoor,0.264,hybrid_target,140,vihtavuori_n160,143,41.8,2667,25.5,8,2.717,no
6_5_creedmoor,0.264,hybrid_target,140,vihtavuori_n560,147,45.4,2746,25.5,8,2.717,no
6_5_creedmoor,0.264,eld_match,140,vihtavuori_n140,112,35,2500,25.5,8,2.799,no
6_5_creedmoor,0.264,eld_match,140,vihtavuori_n540,117,35.8,2595,25.5,8,2.799,no
6_5_creedmoor,0.264,eld_match,140,vihtavuori_n150,124,34.1,2467,25.5,8,2.799,no
6_5_creedmoor,0.264,eld_match,140,vihtavuori_n550,129,38.1,2641,25.5,8,2.799,no
6_5_creedmoor,0.264,InterLock SP,140,vihtavuori_n140,112,34.6,2497,25.5,8,2.677,no
6_5_creedmoor,0.264,InterLock SP,140,vihtavuori_n540,117,34.9,2569,25.5,8,2.677,no
6_5_creedmoor,0.264,InterLock SP,140,vihtavuori_n150,124,33,2438,25.5,8,2.677,no
6_5_creedmoor,0.264,InterLock SP,140,vihtavuori_n550,129,37.8,2618,25.5,8,2.677,no
6_5_creedmoor,0.264,InterLock SP,140,vihtavuori_n555,144,40.9,2654,25.5,8,2.677,no
6_5_creedmoor,0.264,InterLock SP,140,vihtavuori_n160,143,39.8,2566,25.5,8,2.677,no
6_5_creedmoor,0.264,InterLock SP,140,vihtavuori_n560,147,43.5,2687,25.5,8,2.677,no
6_5_creedmoor,0.264,naturalis_n563,140,vihtavuori_n540,117,34,2523,25.5,8,2.724,no
6_5_creedmoor,0.264,naturalis_n563,140,vihtavuori_n150,124,31.6,2339,25.5,8,2.724,no
6_5_creedmoor,0.264,naturalis_n563,140,vihtavuori_n550,129,36,2546,25.5,8,2.724,no
6_5_creedmoor,0.264,accubond,140,vihtavuori_n540,117,35.5,2592,25.5,8,2.795,no
6_5_creedmoor,0.264,accubond,140,vihtavuori_n150,124,35,2526,25.5,8,2.795,no
6_5_creedmoor,0.264,accubond,140,vihtavuori_n550,129,38.3,2651,25.5,8,2.795,no
6_5_creedmoor,0.264,ballistic_tip,140,vihtavuori_n540,117,36,2549,25.5,8,2.709,no
6_5_creedmoor,0.264,ballistic_tip,140,vihtavuori_n150,124,33.8,2402,25.5,8,2.709,no
6_5_creedmoor,0.264,ballistic_tip,140,vihtavuori_n550,129,37.8,2582,25.5,8,2.709,no
6_5_creedmoor,0.264,ballistic_tip,140,vihtavuori_n555,144,42,2651,25.5,8,2.709,no
6_5_creedmoor,0.264,ballistic_tip,140,vihtavuori_n160,143,41.2,2559,25.5,8,2.709,no
6_5_creedmoor,0.264,ballistic_tip,140,vihtavuori_n560,147,44.3,2684,25.5,8,2.709,no
6_5_creedmoor,0.264,hpbt,140,vihtavuori_n140,112,33.8,2507,25.5,8,2.776,no
6_5_creedmoor,0.264,hpbt,140,vihtavuori_n540,117,34.3,2582,25.5,8,2.776,no
6_5_creedmoor,0.264,hpbt,140,vihtavuori_n150,124,32.7,2464,25.5,8,2.776,no
6_5_creedmoor,0.264,hpbt,140,vihtavuori_n550,129,37.3,2641,25.5,8,2.776,no
6_5_creedmoor,0.264,hpbt,140,vihtavuori_n555,144,40.6,2677,25.5,8,2.776,no
6_5_creedmoor,0.264,hpbt,140,vihtavuori_n160,143,38.6,2575,25.5,8,2.776,no
6_5_creedmoor,0.264,hpbt,140,vihtavuori_n560,147,42.9,2703,25.5,8,2.776,no
6_5_creedmoor,0.264,hpbt,142,vihtavuori_n150,124,34.3,2467,25.5,8,2.697,no
6_5_creedmoor,0.264,hpbt,142,vihtavuori_n550,129,39,2664,25.5,8,2.697,no
6_5_creedmoor,0.264,hpbt,142,vihtavuori_n555,144,42,2684,25.5,8,2.697,no
6_5_creedmoor,0.264,hpbt,142,vihtavuori_n160,143,41.4,2628,25.5,8,2.697,no
6_5_creedmoor,0.264,hpbt,142,vihtavuori_n560,147,44.1,2717,25.5,8,2.697,no
6_5_creedmoor,0.264,hpbt,142,vihtavuori_n565,156,46.9,2720,25.5,8,2.697,no
6_5_creedmoor,0.264,eld_x,143,vihtavuori_n150,124,34.4,2503,25.5,8,2.709,no
6_5_creedmoor,0.264,eld_x,143,vihtavuori_n550,129,37.7,2628,25.5,8,2.709,no
6_5_creedmoor,0.264,eld_x,143,vihtavuori_n555,144,41.7,2664,25.5,8,2.709,no
6_5_creedmoor,0.264,eld_x,143,vihtavuori_n160,143,41.4,2628,25.5,8,2.709,no
6_5_creedmoor,0.264,eld_x,143,vihtavuori_n560,147,44.9,2733,25.5,8,2.709,no
6_5_creedmoor,0.264,eld_x,143,vihtavuori_n565,156,47.1,2703,25.5,8,2.709,no
6_5_creedmoor,0.264,long_range_hybrid_target,144,vihtavuori_n150,124,35.3,2461,25.5,8,2.795,no
6_5_creedmoor,0.264,long_range_hybrid_target,144,vihtavuori_n550,129,39,2651,25.5,8,2.795,no
6_5_creedmoor,0.264,long_range_hybrid_target,144,vihtavuori_n555,144,43.2,2746,25.5,8,2.795,no
6_5_creedmoor,0.264,long_range_hybrid_target,144,vihtavuori_n160,143,43.1,2638,25.5,8,2.795,no
6_5_creedmoor,0.264,long_range_hybrid_target,144,vihtavuori_n560,147,44.6,2740,25.5,8,2.795,no
6_5_creedmoor,0.264,fmjbt,144,vihtavuori_n540,117,34.9,2585,25.5,8,2.717,no
6_5_creedmoor,0.264,fmjbt,144,vihtavuori_n150,124,35.3,2562,25.5,8,2.717,no
6_5_creedmoor,0.264,fmjbt,144,vihtavuori_n550,129,37.7,2664,25.5,8,2.717,no
6_5_creedmoor,0.264,fmjbt,144,vihtavuori_n555,144,41.2,2631,25.5,8,2.717,no
6_5_creedmoor,0.264,fmjbt,144,vihtavuori_n160,143,40.3,2566,25.5,8,2.717,no
6_5_creedmoor,0.264,fmjbt,144,vihtavuori_n560,147,44.1,2700,25.5,8,2.717,no
6_5_creedmoor,0.264,fmjbt,144,vihtavuori_n565,156,45.7,2694,25.5,8,2.717,no
6_5_creedmoor,0.264,maxrange_target_gb582,144,vihtavuori_n540,117,33.5,2493,25.5,8,2.815,no
6_5_creedmoor,0.264,maxrange_target_gb582,144,vihtavuori_n150,124,32.3,2388,25.5,8,2.815,no
6_5_creedmoor,0.264,maxrange_target_gb582,144,vihtavuori_n550,129,36.9,2569,25.5,8,2.815,no
6_5_creedmoor,0.264,maxrange_target_gb582,144,vihtavuori_n160,143,37.2,2480,25.5,8,2.815,no
6_5_creedmoor,0.264,eld_match,147,vihtavuori_n550,129,37.2,2549,25.5,8,2.787,no
6_5_creedmoor,0.264,eld_match,147,vihtavuori_n160,143,41.8,2598,25.5,8,2.787,no
6_5_creedmoor,0.264,eld_match,147,vihtavuori_n560,147,43.7,2657,25.5,8,2.787,no
6_5_creedmoor,0.264,a_tip,153,vihtavuori_n160,143,38.7,2434,25.5,8,2.783,no
6_5_creedmoor,0.264,a_tip,153,vihtavuori_n165,153,44.1,2575,25.5,8,2.783,no
6_5_creedmoor,0.264,a_tip,153,vihtavuori_n560,147,42.4,2582,25.5,8,2.783,no
6_5_creedmoor,0.264,long_range_hybrid_target,153.5,vihtavuori_n540,117,36,2526,25.5,8,2.795,no
6_5_creedmoor,0.264,long_range_hybrid_target,153.5,vihtavuori_n150,124,34.3,2425,25.5,8,2.795,no
6_5_creedmoor,0.264,long_range_hybrid_target,153.5,vihtavuori_n550,129,38.1,2546,25.5,8,2.795,no
6_5_creedmoor,0.264,long_range_hybrid_target,153.5,vihtavuori_n555,144,41.7,2618,25.5,8,2.795,no
6_5_creedmoor,0.264,long_range_hybrid_target,153.5,vihtavuori_n160,143,41.4,2569,25.5,8,2.795,no
6_5_creedmoor,0.264,long_range_hybrid_target,153.5,vihtavuori_n560,147,43.8,2625,25.5,8,2.795,no
6_5_creedmoor,0.264,mega,156,vihtavuori_n540,117,34,2425,25.5,8,2.697,no
6_5_creedmoor,0.264,mega,156,vihtavuori_n150,124,33.5,2385,25.5,8,2.697,no
6_5_creedmoor,0.264,mega,156,vihtavuori_n550,129,36.6,2503,25.5,8,2.697,no
6_5_creedmoor,0.264,mega,156,vihtavuori_n160,143,38.3,2474,25.5,8,2.697,no
6_5_creedmoor,0.264,oryx,156,vihtavuori_n550,129,34.4,2379,25.5,8,2.736,no
6_5_creedmoor,0.264,oryx,156,vihtavuori_n555,144,37.3,2428,25.5,8,2.736,no
6_5_creedmoor,0.264,oryx,156,vihtavuori_n160,143,36.4,2352,25.5,8,2.736,no
6_5_creedmoor,0.264,oryx,156,vihtavuori_n560,147,39.5,2464,25.5,8,2.736,no
6_5_creedmoor,0.264,vulkan,156,vihtavuori_n140,112,31.6,2264,25.5,8,2.717,no
6_5_creedmoor,0.264,vulkan,156,vihtavuori_n540,117,32.9,2343,25.5,8,2.717,no
6_5_creedmoor,0.264,vulkan,156,vihtavuori_n150,124,30.7,2231,25.5,8,2.717,no
6_5_creedmoor,0.264,vulkan,156,vihtavuori_n550,129,35.5,2425,25.5,8,2.717,no
6_5_creedmoor,0.264,vulkan,156,vihtavuori_n160,143,38.9,2457,25.5,8,2.717,no
6_5_creedmoor,0.264,vulkan,156,vihtavuori_n560,147,41.1,2507,25.5,8,2.717,no
6_5_creedmoor,0.264,vulkan,156,vihtavuori_n565,156,43.2,2526,25.5,8,2.717,no
6_5_creedmoor,0.264,interlock,160,vihtavuori_n140,112,34.3,2277,25.5,8,2.74,no
6_5_creedmoor,0.264,interlock,160,vihtavuori_n540,117,35.2,2402,25.5,8,2.74,no
6_5_creedmoor,0.264,interlock,160,vihtavuori_n150,124,33.8,2270,25.5,8,2.74,no
6_5_creedmoor,0.264,interlock,160,vihtavuori_n550,129,38.3,2467,25.5,8,2.74,no
6_5_creedmoor,0.264,interlock,160,vihtavuori_n555,144,41.5,2503,25.5,8,2.74,no
6_5_creedmoor,0.264,interlock,160,vihtavuori_n160,143,41.2,2428,25.5,8,2.74,no
6mm_arc,0.243,ballistic_tip_24055,55,vihtavuori_n133,89,29.5,3389,20,7,2.059,yes
6mm_arc,0.243,ballistic_tip_24055,55,vihtavuori_n135,102,30.9,3406,20,7,2.059,yes
6mm_arc,0.243,hp_fb,58,vihtavuori_n135,102,30.7,3199,20,7,2.008,yes
6mm_arc,0.243,hp_fb,58,vihtavuori_n540,117,32.4,3173,20,7,2.008,yes
6mm_arc,0.243,hp_fb_varmint_grenade,62,vihtavuori_n140,112,30.2,2986,20,7,2.11,yes
6mm_arc,0.243,hp_fb_varmint_grenade,62,vihtavuori_n540,117,28.9,2969,20,7,2.11,yes
6mm_arc,0.243,hp_fb_varmint_grenade,62,vihtavuori_n150,124,26.4,2841,20,7,2.11,yes
6mm_arc,0.243,hp_fb_varmint_grenade,62,vihtavuori_n550,129,31.5,2995,20,7,2.11,yes
6mm_arc,0.243,ttsx_bt,80,vihtavuori_n140,112,29,2802,20,7,2.165,yes
6mm_arc,0.243,ttsx_bt,80,vihtavuori_n540,117,27.9,2844,20,7,2.165,yes
6mm_arc,0.243,eld_vt,80,vihtavuori_n135,102,27.2,2828,20,7,2.26,yes
6mm_arc,0.243,eld_vt,80,vihtavuori_n140,112,29.3,2802,20,7,2.26,yes
6mm_arc,0.243,eld_vt,80,vihtavuori_n540,117,29.2,2877,20,7,2.26,yes
6mm_arc,0.243,eld_vt,80,vihtavuori_n150,124,28.9,2815,20,7,2.26,yes
6mm_arc,0.243,sbt_blitz,80,vihtavuori_n140,112,29.3,2769,20,7,2.075,yes
6mm_arc,0.243,sbt_blitz,80,vihtavuori_n540,117,29.5,2861,20,7,2.075,yes
6mm_arc,0.243,sbt_blitz,80,vihtavuori_n150,124,29,2785,20,7,2.075,yes
6mm_arc,0.243,vld_hunting,87,vihtavuori_n140,112,28.7,2753,20,7,2.244,yes
6mm_arc,0.243,vld_hunting,87,vihtavuori_n540,117,28.4,2792,20,7,2.244,yes
6mm_arc,0.243,mth_gen2,88,vihtavuori_n140,112,27.9,2612,20,7,2.047,yes
6mm_arc,0.243,mth_gen2,88,vihtavuori_n150,124,26.9,2556,20,7,2.047,yes
6mm_arc,0.243,mth_gen2,88,vihtavuori_n550,129,30.4,2674,20,7,2.047,yes
6mm_arc,0.243,otm_scenar_l,90,vihtavuori_n140,112,28.2,2687,20,7,2.252,yes
6mm_arc,0.243,otm_scenar_l,90,vihtavuori_n550,129,29.6,2697,20,7,2.252,yes
6mm_arc,0.243,hybrid_target,105,vihtavuori_n140,112,26.9,2467,20,7,2.26,yes
6mm_arc,0.243,hybrid_target,105,vihtavuori_n540,117,26.9,2520,20,7,2.26,yes
6mm_arc,0.243,hybrid_target,105,vihtavuori_n150,124,25.6,2411,20,7,2.26,yes
6mm_arc,0.243,hybrid_target,105,vihtavuori_n550,129,29.2,2539,20,7,2.26,yes
6mm_arc,0.243,otm_scenar_l,105,vihtavuori_n140,112,25.6,2395,20,7,2.213,yes
6mm_arc,0.243,otm_scenar_l,105,vihtavuori_n540,117,26.2,2493,20,7,2.213,yes
6mm_arc,0.243,otm_scenar_l,105,vihtavuori_n150,124,25.2,2398,20,7,2.213,yes
6mm_arc,0.243,otm_scenar_l,105,vihtavuori_n550,129,28.4,2516,20,7,2.213,yes
6mm_arc,0.243,custom_comp,107,vihtavuori_n140,112,26.5,2438,20,7,2.26,yes
6mm_arc,0.243,custom_comp,107,vihtavuori_n540,117,26.5,2487,20,7,2.26,yes
6mm_arc,0.243,custom_comp,107,vihtavuori_n150,124,25.5,2388,20,7,2.26,yes
6mm_arc,0.243,custom_comp,107,vihtavuori_n550,129,28.9,2520,20,7,2.26,yes
6mm_arc,0.243,hpbt_matchking,107,vihtavuori_n135,102,24.8,2398,20,7,2.26,yes
6mm_arc,0.243,hpbt_matchking,107,vihtavuori_n140,112,27.6,2477,20,7,2.26,yes
6mm_arc,0.243,hpbt_matchking,107,vihtavuori_n540,117,27.2,2526,20,7,2.26,yes
6mm_arc,0.243,long_range_hybrid_target,109,vihtavuori_n540,117,26.7,2490,20,7,2.26,yes
6mm_arc,0.243,long_range_hybrid_target,109,vihtavuori_n150,124,25.8,2408,20,7,2.26,yes
6mm_arc,0.243,long_range_hybrid_target,109,vihtavuori_n550,129,29,2510,20,7,2.26,yes
6mm_arc,0.243,matchking,110,vihtavuori_n135,102,24.4,2352,20,7,2.26,yes
6mm_arc,0.243,matchking,110,vihtavuori_n140,112,27,2441,20,7,2.26,yes
6mm_arc,0.243,matchking,110,vihtavuori_n540,117,26.5,2457,20,7,2.26,yes
6mm_arc,0.243,matchking,110,vihtavuori_n150,124,25.8,2388,20,7,2.26,yes
6mm_arc,0.243,matchking,110,vihtavuori_n550,129,29.3,2520,20,7,2.26,yes
6mm_arc,0.243,ballistic_tip_24055,55,vihtavuori_n120,81,22.7,3107,20,7,2.059,no
6mm_arc,0.243,ballistic_tip_24055,55,vihtavuori_n130,84,26.2,3156,20,7,2.059,no
6mm_arc,0.243,ballistic_tip_24055,55,vihtavuori_n133,89,27.8,3199,20,7,2.059,no
6mm_arc,0.243,ballistic_tip_24055,55,vihtavuori_n135,102,29.3,3215,20,7,2.059,no
6mm_arc,0.243,hp_fb,58,vihtavuori_n133,89,27,2953,20,7,2.008,no
6mm_arc,0.243,hp_fb,58,vihtavuori_n135,102,29,3022,20,7,2.008,no
6mm_arc,0.243,hp_fb,58,vihtavuori_n540,117,30.9,3015,20,7,2.008,no
6mm_arc,0.243,hp_fb_varmint_grenade,62,vihtavuori_n133,89,20.8,2546,20,7,2.11,no
6mm_arc,0.243,hp_fb_varmint_grenade,62,vihtavuori_n135,102,22.8,2605,20,7,2.11,no
6mm_arc,0.243,hp_fb_varmint_grenade,62,vihtavuori_n140,112,26.1,2697,20,7,2.11,no
6mm_arc,0.243,hp_fb_varmint_grenade,62,vihtavuori_n540,117,25.8,2720,20,7,2.11,no
6mm_arc,0.243,hp_fb_varmint_grenade,62,vihtavuori_n150,124,23.9,2598,20,7,2.11,no
6mm_arc,0.243,hp_fb_varmint_grenade,62,vihtavuori_n550,129,28.5,2746,20,7,2.11,no
6mm_arc,0.243,ttsx_bt,80,vihtavuori_n133,89,21.6,2467,20,7,2.165,no
6mm_arc,0.243,ttsx_bt,80,vihtavuori_n135,102,23.1,2523,20,7,2.165,no
6mm_arc,0.243,ttsx_bt,80,vihtavuori_n140,112,26.2,2546,20,7,2.165,no
6mm_arc,0.243,ttsx_bt,80,vihtavuori_n540,117,26.2,2661,20,7,2.165,no
6mm_arc,0.243,eld_vt,80,vihtavuori_n133,89,23.1,2579,20,7,2.26,no
6mm_arc,0.243,eld_vt,80,vihtavuori_n135,102,25.2,2657,20,7,2.26,no
6mm_arc,0.243,eld_vt,80,vihtavuori_n140,112,27.8,2664,20,7,2.26,no
6mm_arc,0.243,eld_vt,80,vihtavuori_n540,117,27.8,2717,20,7,2.26,no
6mm_arc,0.243,eld_vt,80,vihtavuori_n150,124,27,2674,20,7,2.26,no
6mm_arc,0.243,sbt_blitz,80,vihtavuori_n133,89,21.5,2461,20,7,2.075,no
6mm_arc,0.243,sbt_blitz,80,vihtavuori_n135,102,23,2500,20,7,2.075,no
6mm_arc,0.243,sbt_blitz,80,vihtavuori_n140,112,27.8,2638,20,7,2.075,no
6mm_arc,0.243,sbt_blitz,80,vihtavuori_n540,117,27.8,2684,20,7,2.075,no
6mm_arc,0.243,sbt_blitz,80,vihtavuori_n150,124,26.2,2598,20,7,2.075,no
6mm_arc,0.243,vld_hunting,87,vihtavuori_n133,89,22.2,2474,20,7,2.244,no
6mm_arc,0.243,vld_hunting,87,vihtavuori_n135,102,23.5,2493,20,7,2.244,no
6mm_arc,0.243,vld_hunting,87,vihtavuori_n140,112,26.5,2572,20,7,2.244,no
6mm_arc,0.243,vld_hunting,87,vihtavuori_n540,117,26.4,2598,20,7,2.244,no
6mm_arc,0.243,mth_gen2,88,vihtavuori_n133,89,20.4,2215,20,7,2.047,no
6mm_arc,0.243,mth_gen2,88,vihtavuori_n135,102,21.3,2238,20,7,2.047,no
6mm_arc,0.243,mth_gen2,88,vihtavuori_n140,112,25.6,2421,20,7,2.047,no
6mm_arc,0.243,mth_gen2,88,vihtavuori_n540,117,25.3,2448,20,7,2.047,no
6mm_arc,0.243,mth_gen2,88,vihtavuori_n150,124,23.1,2293,20,7,2.047,no
6mm_arc,0.243,mth_gen2,88,vihtavuori_n550,129,27.8,2477,20,7,2.047,no
6mm_arc,0.243,otm_scenar_l,90,vihtavuori_n133,89,22.2,2428,20,7,2.252,no
6mm_arc,0.243,otm_scenar_l,90,vihtavuori_n135,102,23.5,2467,20,7,2.252,no
6mm_arc,0.243,otm_scenar_l,90,vihtavuori_n140,112,26.2,2523,20,7,2.252,no
6mm_arc,0.243,otm_scenar_l,90,vihtavuori_n540,117,25.8,2543,20,7,2.252,no
6mm_arc,0.243,otm_scenar_l,90,vihtavuori_n150,124,24.4,2464,20,7,2.252,no
6mm_arc,0.243,otm_scenar_l,90,vihtavuori_n550,129,27.8,2523,20,7,2.252,no
6mm_arc,0.243,lrx_bt,95,vihtavuori_n133,89,17.4,2014,20,7,2.26,no
6mm_arc,0.243,lrx_bt,95,vihtavuori_n135,102,19,2103,20,7,2.26,no
6mm_arc,0.243,lrx_bt,95,vihtavuori_n140,112,23.5,2293,20,7,2.26,no
6mm_arc,0.243,lrx_bt,95,vihtavuori_n540,117,23.1,2323,20,7,2.26,no
6mm_arc,0.243,lrx_bt,95,vihtavuori_n150,124,21.1,2205,20,7,2.26,no
6mm_arc,0.243,lrx_bt,95,vihtavuori_n550,129,25.5,2382,20,7,2.26,no
6mm_arc,0.243,classic_hunter,95,vihtavuori_n133,89,19.8,2185,20,7,2.169,no
6mm_arc,0.243,classic_hunter,95,vihtavuori_n135,102,21.3,2251,20,7,2.169,no
6mm_arc,0.243,classic_hunter,95,vihtavuori_n140,112,25.3,2402,20,7,2.169,no
6mm_arc,0.243,classic_hunter,95,vihtavuori_n540,117,25,2425,20,7,2.169,no
6mm_arc,0.243,classic_hunter,95,vihtavuori_n150,124,23.5,2316,20,7,2.169,no
6mm_arc,0.243,classic_hunter,95,vihtavuori_n550,129,27.5,2457,20,7,2.169,no
6mm_arc,0.243,oryx,100,vihtavuori_n133,89,18.5,2041,20,7,2.047,no
6mm_arc,0.243,oryx,100,vihtavuori_n135,102,19.4,2070,20,7,2.047,no
6mm_arc,0.243,oryx,100,vihtavuori_n140,112,22.7,2221,20,7,2.047,no
6mm_arc,0.243,oryx,100,vihtavuori_n540,117,23.6,2306,20,7,2.047,no
6mm_arc,0.243,oryx,100,vihtavuori_n150,124,20.8,2162,20,7,2.047,no
6mm_arc,0.243,oryx,100,vihtavuori_n550,129,25.5,2310,20,7,2.047,no
6mm_arc,0.243,hybrid_target,105,vihtavuori_n133,89,19.6,2126,20,7,2.26,no
6mm_arc,0.243,hybrid_target,105,vihtavuori_n135,102,20.2,2126,20,7,2.26,no
6mm_arc,0.243,hybrid_target,105,vihtavuori_n140,112,24.7,2290,20,7,2.26,no
6mm_arc,0.243,hybrid_target,105,vihtavuori_n540,117,24.7,2326,20,7,2.26,no
6mm_arc,0.243,hybrid_target,105,vihtavuori_n150,124,22.7,2234,20,7,2.26,no
6mm_arc,0.243,hybrid_target,105,vihtavuori_n550,129,27.5,2382,20,7,2.26,no
6mm_arc,0.243,otm_scenar_l,105,vihtavuori_n133,89,19.8,2129,20,7,2.213,no
6mm_arc,0.243,otm_scenar_l,105,vihtavuori_n135,102,20.8,2152,20,7,2.213,no
6mm_arc,0.243,otm_scenar_l,105,vihtavuori_n140,112,23.9,2257,20,7,2.213,no
6mm_arc,0.243,otm_scenar_l,105,vihtavuori_n540,117,24.4,2316,20,7,2.213,no
6mm_arc,0.243,otm_scenar_l,105,vihtavuori_n150,124,22.8,2228,20,7,2.213,no
6mm_arc,0.243,otm_scenar_l,105,vihtavuori_n550,129,26.9,2352,20,7,2.213,no
6mm_arc,0.243,custom_comp,107,vihtavuori_n133,89,20.1,2123,20,7,2.26,no
6mm_arc,0.243,custom_comp,107,vihtavuori_n135,102,21.6,2182,20,7,2.26,no
6mm_arc,0.243,custom_comp,107,vihtavuori_n140,112,24.7,2283,20,7,2.26,no
6mm_arc,0.243,custom_comp,107,vihtavuori_n540,117,24.7,2323,20,7,2.26,no
6mm_arc,0.243,custom_comp,107,vihtavuori_n150,124,23.6,2238,20,7,2.26,no
6mm_arc,0.243,custom_comp,107,vihtavuori_n550,129,27,2346,20,7,2.26,no
6mm_arc,0.243,hpbt_matchking,107,vihtavuori_n133,89,21.1,2198,20,7,2.26,no
6mm_arc,0.243,hpbt_matchking,107,vihtavuori_n135,102,22.8,2244,20,7,2.26,no
6mm_arc,0.243,hpbt_matchking,107,vihtavuori_n140,112,25.8,2320,20,7,2.26,no
6mm_arc,0.243,hpbt_matchking,107,vihtavuori_n540,117,25.8,2365,20,7,2.26,no
6mm_arc,0.243,long_range_hybrid_target,109,vihtavuori_n133,89,19.4,2083,20,7,2.26,no
6mm_arc,0.243,long_range_hybrid_target,109,vihtavuori_n135,102,20.4,2123,20,7,2.26,no
6mm_arc,0.243,long_range_hybrid_target,109,vihtavuori_n140,112,24.7,2287,20,7,2.26,no
6mm_arc,0.243,long_range_hybrid_target,109,vihtavuori_n540,117,24.7,2306,20,7,2.26,no
6mm_arc,0.243,long_range_hybrid_target,109,vihtavuori_n150,124,23.3,2234,20,7,2.26,no
6mm_arc,0.243,long_range_hybrid_target,109,vihtavuori_n550,129,27,2336,20,7,2.26,no
6mm_arc,0.243,matchking,110,vihtavuori_n133,89,19.3,2051,20,7,2.26,no
6mm_arc,0.243,matchking,110,vihtavuori_n135,102,21.1,2123,20,7,2.26,no
6mm_arc,0.243,matchking,110,vihtavuori_n140,112,25.2,2277,20,7,2.26,no
6mm_arc,0.243,matchking,110,vihtavuori_n540,117,25,2306,20,7,2.26,no
6mm_arc,0.243,matchking,110,vihtavuori_n150,124,23,2215,20,7,2.26,no
6mm_arc,0.243,matchking,110,vihtavuori_n550,129,27.8,2369,20,7,2.26,no
6mm_arc,0.243,ballistic_tip_24055,55,vihtavuori_n120,81,24.2,3219,20,7,2.059,no
6mm_arc,0.243,ballistic_tip_24055,55,vihtavuori_n130,84,27.9,3333,20,7,2.059,no
6mm_arc,0.243,hp_fb,58,vihtavuori_n133,89,29.2,3150,20,7,2.008,no
6mm_arc,0.243,hp_fb_varmint_grenade,62,vihtavuori_n133,89,23.8,2795,20,7,2.11,no
6mm_arc,0.243,hp_fb_varmint_grenade,62,vihtavuori_n135,102,25.5,2864,20,7,2.11,no
6mm_arc,0.243,ttsx_bt,80,vihtavuori_n133,89,23.6,2657,20,7,2.165,no
6mm_arc,0.243,ttsx_bt,80,vihtavuori_n135,102,25.2,2713,20,7,2.165,no
6mm_arc,0.243,eld_vt,80,vihtavuori_n133,89,25.5,2762,20,7,2.26,no
6mm_arc,0.243,sbt_blitz,80,vihtavuori_n133,89,23.8,2641,20,7,2.075,no
6mm_arc,0.243,sbt_blitz,80,vihtavuori_n135,102,26.5,2740,20,7,2.075,no
6mm_arc,0.243,vld_hunting,87,vihtavuori_n133,89,24.5,2638,20,7,2.244,no
6mm_arc,0.243,vld_hunting,87,vihtavuori_n135,102,25.6,2680,20,7,2.244,no
6mm_arc,0.243,mth_gen2,88,vihtavuori_n133,89,22.2,2418,20,7,2.047,no
6mm_arc,0.243,mth_gen2,88,vihtavuori_n135,102,24.4,2480,20,7,2.047,no
6mm_arc,0.243,mth_gen2,88,vihtavuori_n540,117,27.3,2661,20,7,2.047,no
6mm_arc,0.243,otm_scenar_l,90,vihtavuori_n133,89,24.1,2582,20,7,2.252,no
6mm_arc,0.243,otm_scenar_l,90,vihtavuori_n135,102,25.3,2625,20,7,2.252,no
6mm_arc,0.243,otm_scenar_l,90,vihtavuori_n540,117,27.5,2713,20,7,2.252,no
6mm_arc,0.243,otm_scenar_l,90,vihtavuori_n150,124,26.4,2625,20,7,2.252,no
6mm_arc,0.243,lrx_bt,95,vihtavuori_n133,89,19.8,2251,20,7,2.26,no
6mm_arc,0.243,lrx_bt,95,vihtavuori_n135,102,21.5,2323,20,7,2.26,no
6mm_arc,0.243,lrx_bt,95,vihtavuori_n140,112,26.4,2510,20,7,2.26,no
6mm_arc,0.243,lrx_bt,95,vihtavuori_n540,117,26.4,2592,20,7,2.26,no
6mm_arc,0.243,lrx_bt,95,vihtavuori_n150,124,23.1,2369,20,7,2.26,no
6mm_arc,0.243,lrx_bt,95,vihtavuori_n550,129,28.7,2618,20,7,2.26,no
6mm_arc,0.243,classic_hunter,95,vihtavuori_n133,89,22.1,2375,20,7,2.169,no
6mm_arc,0.243,classic_hunter,95,vihtavuori_n135,102,23.8,2441,20,7,2.169,no
6mm_arc,0.243,classic_hunter,95,vihtavuori_n140,112,27.2,2549,20,7,2.169,no
6mm_arc,0.243,classic_hunter,95,vihtavuori_n540,117,27,2612,20,7,2.169,no
6mm_arc,0.243,classic_hunter,95,vihtavuori_n150,124,25.9,2500,20,7,2.169,no
6mm_arc,0.243,classic_hunter,95,vihtavuori_n550,129,29.3,2615,20,7,2.169,no
6mm_arc,0.243,oryx,100,vihtavuori_n133,89,21,2241,20,7,2.047,no
6mm_arc,0.243,oryx,100,vihtavuori_n135,102,22.5,2303,20,7,2.047,no
6mm_arc,0.243,oryx,100,vihtavuori_n140,112,24.5,2388,20,7,2.047,no
6mm_arc,0.243,oryx,100,vihtavuori_n540,117,25.8,2500,20,7,2.047,no
6mm_arc,0.243,oryx,100,vihtavuori_n150,124,23.9,2369,20,7,2.047,no
6mm_arc,0.243,oryx,100,vihtavuori_n550,129,27.8,2520,20,7,2.047,no
6mm_arc,0.243,hybrid_target,105,vihtavuori_n133,89,20.7,2234,20,7,2.26,no
6mm_arc,0.243,hybrid_target,105,vihtavuori_n135,102,22.5,2303,20,7,2.26,no
6mm_arc,0.243,otm_scenar_l,105,vihtavuori_n133,89,21.8,2287,20,7,2.213,no
6mm_arc,0.243,otm_scenar_l,105,vihtavuori_n135,102,23,2320,20,7,2.213,no
6mm_arc,0.243,custom_comp,107,vihtavuori_n133,89,21.9,2270,20,7,2.26,no
6mm_arc,0.243,custom_comp,107,vihtavuori_n135,102,23.8,2352,20,7,2.26,no
6mm_arc,0.243,hpbt_matchking,107,vihtavuori_n133,89,23.8,2372,20,7,2.26,no
6mm_arc,0.243,long_range_hybrid_target,109,vihtavuori_n133,89,20.7,2211,20,7,2.26,no
6mm_arc,0.243,long_range_hybrid_target,109,vihtavuori_n135,102,22.5,2283,20,7,2.26,no
6mm_arc,0.243,long_range_hybrid_target,109,vihtavuori_n140,112,26.7,2438,20,7,2.26,no
6mm_arc,0.243,matchking,110,vihtavuori_n133,89,21,2195,20,7,2.26,no
7mm_rem_mag,0.284,hybrid_target,180,vihtavuori_n160,143,48.1,2398,24,9,3.287,no
7mm_rem_mag,0.284,hybrid_target,180,vihtavuori_n560,147,52.9,2507,24,9,3.287,no
7mm_rem_mag,0.284,hybrid_target,180,vihtavuori_n565,156,55.6,2582,24,9,3.287,no
7mm_rem_mag,0.284,elite_hunter,195,vihtavuori_n165,153,54.9,2415,24,9,3.287,no
7mm_rem_mag,0.284,elite_hunter,195,vihtavuori_n560,147,56.5,2477,24,9,3.287,no
7mm_rem_mag,0.284,elite_hunter,195,vihtavuori_n565,156,57.4,2487,24,9,3.287,no
7mm_rem_mag,0.284,elite_hunter,195,vihtavuori_n170,157,56.9,2415,24,9,3.287,no
7mm_rem_mag,0.284,hybrid_target,180,vihtavuori_n160,143,54.2,2615,24,9,3.287,no
7mm_rem_mag,0.284,hybrid_target,180,vihtavuori_n560,147,59.7,2766,24,9,3.287,no
7mm_rem_mag,0.284,hybrid_target,180,vihtavuori_n565,156,62.7,2799,24,9,3.287,no
7mm_rem_mag,0.284,elite_hunter,195,vihtavuori_n165,153,60.8,2625,24,9,3.287,no
7mm_rem_mag,0.284,elite_hunter,195,vihtavuori_n560,147,62.3,2713,24,9,3.287,no
7mm_rem_mag,0.284,elite_hunter,195,vihtavuori_n565,156,63.7,2720,24,9,3.287,no
7mm_rem_mag,0.284,elite_hunter,195,vihtavuori_n170,157,62.8,2638,24,9,3.287,no
7mm_rem_mag,0.284,scenar_l,150,vihtavuori_n160,143,50.5,2605,24,9,3.287,no
7mm_rem_mag,0.284,scenar_l,150,vihtavuori_n165,153,57.4,2690,24,9,3.287,no
7mm_rem_mag,0.284,scenar_l,150,vihtavuori_n560,147,59.6,2779,24,9,3.287,no
7mm_rem_mag,0.284,naturalis_n564,155,vihtavuori_n160,143,46.1,2349,24,9,3.268,no
7mm_rem_mag,0.284,naturalis_n564,155,vihtavuori_n165,153,50.9,2438,24,9,3.268,no
7mm_rem_mag,0.284,naturalis_n564,155,vihtavuori_n560,147,54,2536,24,9,3.268,no
7mm_rem_mag,0.284,naturalis,160,vihtavuori_n160,143,48.6,2470,24,9,3.22,no
7mm_rem_mag,0.284,naturalis,160,vihtavuori_n165,153,56.3,2579,24,9,3.22,no
7mm_rem_mag,0.284,naturalis,160,vihtavuori_n560,147,56.6,2766,24,9,3.22,no
7mm_rem_mag,0.284,scenar_l,180,vihtavuori_n160,143,42.9,2224,24,9,3.287,no
7mm_rem_mag,0.284,scenar_l,180,vihtavuori_n165,153,44.3,2228,24,9,3.287,no
7mm_rem_mag,0.284,scenar_l,180,vihtavuori_n560,147,47.8,2388,24,9,3.287,no
7mm_rem_mag,0.284,scenar_l,180,vihtavuori_n170,157,48.1,2224,24,9,3.287,no
7mm_rem_mag,0.284,scenar_l,150,vihtavuori_n160,143,59.7,2930,24,9,3.287,no
7mm_rem_mag,0.284,scenar_l,150,vihtavuori_n165,153,66.1,3035,24,9,3.287,no
7mm_rem_mag,0.284,scenar_l,150,vihtavuori_n560,147,66.7,3120,24,9,3.287,no
7mm_rem_mag,0.284,naturalis_n564,155,vihtavuori_n160,143,52.8,2644,24,9,3.268,no
7mm_rem_mag,0.284,naturalis_n564,155,vihtavuori_n165,153,60.6,2795,24,9,3.268,no
7mm_rem_mag,0.284,naturalis_n564,155,vihtavuori_n560,147,60.2,2884,24,9,3.268,no
7mm_rem_mag,0.284,naturalis,160,vihtavuori_n160,143,58,2818,24,9,3.22,no
7mm_rem_mag,0.284,naturalis,160,vihtavuori_n165,153,63,2848,24,9,3.22,no
7mm_rem_mag,0.284,naturalis,160,vihtavuori_n560,147,62.2,3094,24,9,3.22,no
7mm_rem_mag,0.284,scenar_l,180,vihtavuori_n160,143,50,2510,24,9,3.287,no
7mm_rem_mag,0.284,scenar_l,180,vihtavuori_n165,153,53.7,2569,24,9,3.287,no
7mm_rem_mag,0.284,scenar_l,180,vihtavuori_n560,147,53.2,2651,24,9,3.287,no
7mm_rem_mag,0.284,scenar_l,180,vihtavuori_n170,157,58.5,2644,24,9,3.287,no
7mm_rem_mag,0.284,partition,150,vihtavuori_n160,143,54.5,2703,24,9,3.287,no
7mm_rem_mag,0.284,partition,150,vihtavuori_n165,153,59,2779,24,9,3.287,no
7mm_rem_mag,0.284,partition,150,vihtavuori_n560,147,60,2792,24,9,3.287,no
7mm_rem_mag,0.284,partition,150,vihtavuori_n160,143,60.8,2992,24,9,3.287,no
7mm_rem_mag,0.284,partition,150,vihtavuori_n165,153,66.7,3054,24,9,3.287,no
7mm_rem_mag,0.284,partition,150,vihtavuori_n560,147,67.1,3110,24,9,3.287,no
7mm_rem_mag,0.284,hpbt,168,vihtavuori_n160,143,50.3,2516,24,9,3.287,no
7mm_rem_mag,0.284,hpbt,168,vihtavuori_n165,153,55.7,2585,24,9,3.287,no
7mm_rem_mag,0.284,hpbt,168,vihtavuori_n560,147,57.9,2661,24,9,3.287,no
7mm_rem_mag,0.284,hpbt,168,vihtavuori_n170,157,58.3,2552,24,9,3.287,no
7mm_rem_mag,0.284,sbt,175,vihtavuori_n160,143,47.7,2418,24,9,3.287,no
7mm_rem_mag,0.284,sbt,175,vihtavuori_n165,153,52.6,2448,24,9,3.287,no
7mm_rem_mag,0.284,sbt,175,vihtavuori_n560,147,56.5,2595,24,9,3.287,no
7mm_rem_mag,0.284,sbt,175,vihtavuori_n170,157,57.6,2497,24,9,3.287,no
7mm_rem_mag,0.284,hpbt,168,vihtavuori_n160,143,59.6,2828,24,9,3.287,no
7mm_rem_mag,0.284,hpbt,168,vihtavuori_n165,153,63.9,2799,24,9,3.287,no
7mm_rem_mag,0.284,hpbt,168,vihtavuori_n560,147,65.7,2963,24,9,3.287,no
7mm_rem_mag,0.284,hpbt,168,vihtavuori_n170,157,69.8,2910,24,9,3.287,no
7mm_rem_mag,0.284,sbt,175,vihtavuori_n160,143,56.2,2710,24,9,3.287,no
7mm_rem_mag,0.284,sbt,175,vihtavuori_n165,153,62.7,2802,24,9,3.287,no
7mm_rem_mag,0.284,sbt,175,vihtavuori_n560,147,64.5,2904,24,9,3.287,no
7mm_rem_mag,0.284,sbt,175,vihtavuori_n170,157,67.1,2828,24,9,3.287,no
7mm_rem_mag,0.284,grand_slam,160,vihtavuori_n160,143,51.1,2572,24,9,3.228,no
7mm_rem_mag,0.284,grand_slam,160,vihtavuori_n165,153,59.1,2664,24,9,3.228,no
7mm_rem_mag,0.284,grand_slam,160,vihtavuori_n560,147,60.3,2700,24,9,3.228,no
7mm_rem_mag,0.284,grand_slam,160,vihtavuori_n160,143,61.6,2887,24,9,3.228,no
7mm_rem_mag,0.284,grand_slam,160,vihtavuori_n165,153,68.1,2982,24,9,3.228,no
7mm_rem_mag,0.284,grand_slam,160,vihtavuori_n560,147,68.7,3035,24,9,3.228,no
7mm_rem_mag,0.284,a_frame,140,vihtavuori_n160,143,53.2,2717,24,9,3.268,no
7mm_rem_mag,0.284,a_frame,140,vihtavuori_n165,153,59.9,2831,24,9,3.268,no
7mm_rem_mag,0.284,a_frame,140,vihtavuori_n560,147,59.3,2795,24,9,3.268,no
7mm_rem_mag,0.284,a_frame,140,vihtavuori_n160,143,62.2,3068,24,9,3.268,no
7mm_rem_mag,0.284,a_frame,140,vihtavuori_n165,153,67.4,3133,24,9,3.268,no
7mm_rem_mag,0.284,a_frame,140,vihtavuori_n560,147,67.3,3169,24,9,3.268,no
